S_ID,Year,Completion
SX0001,2021-22,True
SX0002,2021-22,True
SX0003,2021-22,True
SX0004,2021-22,True
SX0005,2021-22,True
SX0006,2021-22,False
SX0007,2021-22,True
SX0008,2021-22,True
SX0009,2021-22,True
SX0010,2021-22,True
SX0011,2021-22,True
SX0012,2021-22,True
SX0013,2021-22,False
SX0014,2021-22,True
SX0015,2021-22,True
SX0016,2021-22,True
SX0017,2021-22,True
SX0018,2021-22,True
SX0019,2021-22,True
SX0020,2021-22,True
SX0021,2021-22,True
SX0022,2021-22,True
SX0023,2021-22,True
SX0024,2021-22,True
SX0025,2021-22,True
SX0026,2021-22,True
SX0027,2021-22,True
SX0028,2021-22,True
SX0029,2021-22,False
SX0030,2021-22,True
SX0031,2021-22,True
SX0032,2021-22,True
SX0033,2021-22,False
SX0034,2021-22,False
SX0035,2021-22,True
SX0036,2021-22,True
SX0037,2021-22,False
SX0038,2021-22,True
SX0039,2021-22,True
SX0040,2021-22,True
SX0041,2021-22,False
SX0042,2021-22,False
SX0043,2021-22,True
SX0044,2021-22,True
SX0045,2021-22,True
SX0046,2021-22,False
SX0047,2021-22,True
SX0048,2021-22,True
SX0049,2021-22,True
SX0050,2021-22,True
SX0051,2021-22,True
SX0052,2021-22,True
SX0053,2021-22,True
SX0054,2021-22,True
SX0055,2021-22,True
SX0056,2021-22,True
SX0057,2021-22,False
SX0058,2021-22,True
SX0059,2021-22,True
SX0060,2021-22,True
SX0061,2021-22,True
SX0062,2021-22,True
SX0063,2021-22,True
SX0064,2021-22,False
SX0065,2021-22,True
SX0066,2021-22,False
SX0067,2021-22,False
SX0068,2021-22,True
SX0069,2021-22,True
SX0070,2021-22,True
SX0071,2021-22,True
SX0072,2021-22,True
SX0073,2021-22,False
SX0074,2021-22,True
SX0075,2021-22,True
SX0076,2021-22,False
SX0077,2021-22,True
SX0078,2021-22,False
SX0079,2021-22,True
SX0080,2021-22,False
SX0081,2021-22,True
SX0082,2021-22,True
SX0083,2021-22,False
SX0084,2021-22,True
SX0085,2021-22,False
SX0086,2021-22,True
SX0087,2021-22,True
SX0088,2021-22,False
SX0089,2021-22,False
SX0090,2021-22,True
SX0091,2021-22,True
SX0092,2021-22,True
SX0093,2021-22,False
SX0094,2021-22,True
SX0095,2021-22,True
SX0096,2021-22,True
SX0097,2021-22,True
SX0098,2021-22,True
SX0099,2021-22,False
SX0100,2021-22,True
SX0101,2021-22,False
SX0102,2021-22,True
SX0103,2021-22,False
SX0104,2021-22,False
SX0105,2021-22,True
SX0106,2021-22,True
SX0107,2021-22,True
SX0108,2021-22,True
SX0109,2021-22,False
SX0110,2021-22,False
SX0111,2021-22,True
SX0112,2021-22,True
SX0113,2021-22,True
SX0114,2021-22,True
SX0115,2021-22,False
SX0116,2021-22,True
SX0117,2021-22,False
SX0118,2021-22,True
SX0119,2021-22,True
SX0120,2021-22,True
SX0121,2021-22,True
SX0122,2021-22,True
SX0123,2021-22,True
SX0124,2021-22,False
SX0125,2021-22,True
SX0126,2021-22,False
SX0127,2021-22,True
SX0128,2021-22,True
SX0129,2021-22,False
SX0130,2021-22,True
SX0131,2021-22,True
SX0132,2021-22,False
SX0133,2021-22,True
SX0134,2021-22,False
SX0135,2021-22,True
SX0136,2021-22,True
SX0137,2021-22,True
SX0138,2021-22,True
SX0139,2021-22,True
SX0140,2021-22,True
SX0141,2021-22,True
SX0142,2021-22,True
SX0143,2021-22,True
SX0144,2021-22,True
SX0145,2021-22,False
SX0146,2021-22,True
SX0147,2021-22,True
SX0148,2021-22,True
SX0149,2021-22,True
SX0150,2021-22,True
SX0151,2021-22,True
SX0152,2021-22,True
SX0153,2021-22,True
SX0154,2021-22,True
SX0155,2021-22,True
SX0156,2021-22,True
SX0157,2021-22,True
SX0158,2021-22,True
SX0159,2021-22,False
SX0160,2021-22,True
SX0161,2021-22,True
SX0162,2021-22,True
SX0163,2021-22,True
SX0164,2021-22,False
SX0165,2021-22,True
SX0166,2021-22,True
SX0167,2021-22,True
SX0168,2021-22,True
SX0169,2021-22,True
SX0170,2021-22,True
SX0171,2021-22,True
SX0172,2021-22,True
SX0173,2021-22,True
SX0174,2021-22,False
SX0175,2021-22,True
SX0176,2021-22,True
SX0177,2021-22,False
SX0178,2021-22,False
SX0179,2021-22,False
SX0180,2021-22,True
SX0181,2021-22,False
SX0182,2021-22,True
SX0183,2021-22,True
SX0184,2021-22,False
SX0185,2021-22,True
SX0186,2021-22,True
SX0187,2021-22,True
SX0188,2021-22,True
SX0189,2021-22,True
SX0190,2021-22,True
SX0191,2021-22,True
SX0192,2021-22,True
SX0193,2021-22,False
SX0194,2021-22,True
SX0195,2021-22,True
SX0196,2021-22,True
SX0197,2021-22,True
SX0198,2021-22,True
SX0199,2021-22,True
SX0200,2021-22,False
SX0201,2021-22,False
SX0202,2021-22,True
SX0203,2021-22,False
SX0204,2021-22,False
SX0205,2021-22,True
SX0206,2021-22,True
SX0207,2021-22,True
SX0208,2021-22,True
SX0209,2021-22,True
SX0210,2021-22,False
SX0211,2021-22,True
SX0212,2021-22,False
SX0213,2021-22,True
SX0214,2021-22,False
SX0215,2021-22,True
SX0216,2021-22,False
SX0217,2021-22,True
SX0218,2021-22,False
SX0219,2021-22,True
SX0220,2021-22,False
SX0221,2021-22,True
SX0222,2021-22,True
SX0223,2021-22,True
SX0224,2021-22,True
SX0225,2021-22,True
SX0226,2021-22,True
SX0227,2021-22,True
SX0228,2021-22,True
SX0229,2021-22,True
SX0230,2021-22,True
SX0231,2021-22,True
SX0232,2021-22,False
SX0233,2021-22,True
SX0234,2021-22,True
SX0235,2021-22,True
SX0236,2021-22,True
SX0237,2021-22,True
SX0238,2021-22,True
SX0239,2021-22,True
SX0240,2021-22,True
SX0241,2021-22,True
SX0242,2021-22,True
SX0243,2021-22,True
SX0244,2021-22,False
SX0245,2021-22,True
SX0246,2021-22,True
SX0247,2021-22,True
SX0248,2021-22,True
SX0249,2021-22,True
SX0250,2021-22,True
SX0251,2021-22,True
SX0252,2021-22,False
SX0253,2021-22,True
SX0254,2021-22,False
SX0255,2021-22,True
SX0256,2021-22,True
SX0257,2021-22,False
SX0258,2021-22,True
SX0259,2021-22,False
SX0260,2021-22,True
SX0261,2021-22,True
SX0262,2021-22,True
SX0263,2021-22,True
SX0264,2021-22,True
SX0265,2021-22,False
SX0266,2021-22,True
SX0267,2021-22,True
SX0268,2021-22,False
SX0269,2021-22,True
SX0270,2021-22,True
SX0271,2021-22,True
SX0272,2021-22,True
SX0273,2021-22,True
SX0274,2021-22,True
SX0275,2021-22,True
SX0276,2021-22,True
SX0277,2021-22,True
SX0278,2021-22,True
SX0279,2021-22,True
SX0280,2021-22,True
SX0281,2021-22,True
SX0282,2021-22,True
SX0283,2021-22,True
SX0284,2021-22,True
SX0285,2021-22,False
SX0286,2021-22,True
SX0287,2021-22,False
SX0288,2021-22,True
SX0289,2021-22,True
SX0290,2021-22,True
SX0291,2021-22,True
SX0292,2021-22,True
SX0293,2021-22,True
SX0294,2021-22,True
SX0295,2021-22,False
SX0296,2021-22,True
SX0297,2021-22,True
SX0298,2021-22,True
SX0299,2021-22,True
SX0300,2021-22,True
SX0301,2021-22,False
SX0302,2021-22,True
SX0303,2021-22,False
SX0304,2021-22,False
SX0305,2021-22,True
SX0306,2021-22,False
SX0307,2021-22,True
SX0308,2021-22,True
SX0309,2021-22,True
SX0310,2021-22,True
SX0311,2021-22,True
SX0312,2021-22,True
SX0313,2021-22,False
SX0314,2021-22,True
SX0315,2021-22,True
SX0316,2021-22,True
SX0317,2021-22,False
SX0318,2021-22,False
SX0319,2021-22,True
SX0320,2021-22,True
SX0321,2021-22,True
SX0322,2021-22,True
SX0323,2021-22,True
SX0324,2021-22,True
SX0325,2021-22,True
SX0326,2021-22,True
SX0327,2021-22,True
SX0328,2021-22,True
SX0329,2021-22,True
SX0330,2021-22,True
SX0331,2021-22,True
SX0332,2021-22,True
SX0333,2021-22,True
SX0334,2021-22,True
SX0335,2021-22,True
SX0336,2021-22,False
SX0337,2021-22,True
SX0338,2021-22,True
SX0339,2021-22,False
SX0340,2021-22,True
SX0341,2021-22,True
SX0342,2021-22,False
SX0343,2021-22,True
SX0344,2021-22,True
SX0345,2021-22,True
SX0346,2021-22,False
SX0347,2021-22,True
SX0348,2021-22,True
SX0349,2021-22,True
SX0350,2021-22,True
SX0351,2021-22,True
SX0352,2021-22,True
SX0353,2021-22,True
SX0354,2021-22,False
SX0355,2021-22,False
SX0356,2021-22,True
SX0357,2021-22,True
SX0358,2021-22,True
SX0359,2021-22,True
SX0360,2021-22,True
SX0361,2021-22,True
SX0362,2021-22,True
SX0363,2021-22,True
SX0364,2021-22,True
SX0365,2021-22,True
SX0366,2021-22,True
SX0367,2021-22,True
SX0368,2021-22,True
SX0369,2021-22,True
SX0370,2021-22,True
SX0371,2021-22,False
SX0372,2021-22,True
SX0373,2021-22,True
SX0374,2021-22,True
SX0375,2021-22,True
SX0376,2021-22,True
SX0377,2021-22,True
SX0378,2021-22,False
SX0379,2021-22,True
SX0380,2021-22,True
SX0381,2021-22,True
SX0382,2021-22,True
SX0383,2021-22,True
SX0384,2021-22,True
SX0385,2021-22,True
SX0386,2021-22,False
SX0387,2021-22,True
SX0388,2021-22,True
SX0389,2021-22,True
SX0390,2021-22,True
SX0391,2021-22,True
SX0392,2021-22,True
SX0393,2021-22,True
SX0394,2021-22,True
SX0395,2021-22,False
SX0396,2021-22,True
SX0397,2021-22,True
SX0398,2021-22,True
SX0399,2021-22,True
SX0400,2021-22,True
SX0401,2021-22,True
SX0402,2021-22,True
SX0403,2021-22,True
SX0404,2021-22,True
SX0405,2021-22,True
SX0406,2021-22,True
SX0407,2021-22,True
SX0408,2021-22,True
SX0409,2021-22,False
SX0410,2021-22,True
SX0411,2021-22,False
SX0412,2021-22,False
SX0413,2021-22,True
SX0414,2021-22,True
SX0415,2021-22,True
SX0416,2021-22,True
SX0417,2021-22,True
SX0418,2021-22,False
SX0419,2021-22,True
SX0420,2021-22,True
SX0421,2021-22,True
SX0422,2021-22,True
SX0423,2021-22,True
SX0424,2021-22,True
SX0425,2021-22,True
SX0426,2021-22,True
SX0427,2021-22,True
SX0428,2021-22,False
SX0429,2021-22,False
SX0430,2021-22,True
SX0431,2021-22,True
SX0432,2021-22,True
SX0433,2021-22,True
SX0434,2021-22,True
SX0435,2021-22,False
SX0436,2021-22,False
SX0437,2021-22,True
SX0438,2021-22,False
SX0439,2021-22,True
SX0440,2021-22,True
SX0441,2021-22,True
SX0442,2021-22,True
SX0443,2021-22,True
SX0444,2021-22,True
SX0445,2021-22,True
SX0446,2021-22,True
SX0447,2021-22,True
SX0448,2021-22,False
SX0449,2021-22,True
SX0450,2021-22,True
SX0451,2021-22,True
SX0452,2021-22,True
SX0453,2021-22,True
SX0454,2021-22,False
SX0455,2021-22,True
SX0456,2021-22,True
SX0457,2021-22,True
SX0458,2021-22,True
SX0459,2021-22,True
SX0460,2021-22,True
SX0461,2021-22,True
SX0462,2021-22,True
SX0463,2021-22,True
SX0464,2021-22,True
SX0465,2021-22,False
SX0466,2021-22,True
SX0467,2021-22,True
SX0468,2021-22,True
SX0469,2021-22,True
SX0470,2021-22,False
SX0471,2021-22,True
SX0472,2021-22,True
SX0473,2021-22,False
SX0474,2021-22,True
SX0475,2021-22,True
SX0476,2021-22,True
SX0477,2021-22,True
SX0478,2021-22,True
SX0479,2021-22,True
SX0480,2021-22,True
SX0481,2021-22,False
SX0482,2021-22,True
SX0483,2021-22,True
SX0484,2021-22,True
SX0485,2021-22,True
SX0486,2021-22,True
SX0487,2021-22,False
SX0488,2021-22,True
SX0489,2021-22,True
SX0490,2021-22,True
SX0491,2021-22,False
SX0492,2021-22,True
SX0493,2021-22,True
SX0494,2021-22,True
SX0495,2021-22,False
SX0496,2021-22,True
SX0497,2021-22,True
SX0498,2021-22,True
SX0499,2021-22,True
SX0500,2021-22,True
SX0501,2021-22,True
SX0502,2021-22,True
SX0503,2021-22,True
SX0504,2021-22,False
SX0505,2021-22,True
SX0506,2021-22,True
SX0507,2021-22,True
SX0508,2021-22,True
SX0509,2021-22,True
SX0510,2021-22,True
SX0511,2021-22,True
SX0512,2021-22,True
SX0513,2021-22,True
SX0514,2021-22,True
SX0515,2021-22,True
SX0516,2021-22,True
SX0517,2021-22,True
SX0518,2021-22,True
SX0519,2021-22,True
SX0520,2021-22,True
SX0521,2021-22,True
SX0522,2021-22,True
SX0523,2021-22,True
SX0524,2021-22,True
SX0525,2021-22,True
SX0526,2021-22,True
SX0527,2021-22,True
SX0528,2021-22,True
SX0529,2021-22,False
SX0530,2021-22,True
SX0531,2021-22,True
SX0532,2021-22,True
SX0533,2021-22,True
SX0534,2021-22,True
SX0535,2021-22,True
SX0536,2021-22,True
SX0537,2021-22,True
SX0538,2021-22,True
SX0539,2021-22,True
SX0540,2021-22,True
SX0541,2021-22,True
SX0542,2021-22,False
SX0543,2021-22,True
SX0544,2021-22,True
SX0545,2021-22,True
SX0546,2021-22,False
SX0547,2021-22,True
SX0548,2021-22,True
SX0549,2021-22,True
SX0550,2021-22,True
SX0551,2021-22,False
SX0552,2021-22,True
SX0553,2021-22,True
SX0554,2021-22,True
SX0555,2021-22,True
SX0556,2021-22,True
SX0557,2021-22,True
SX0558,2021-22,True
SX0559,2021-22,False
SX0560,2021-22,False
SX0561,2021-22,True
SX0562,2021-22,True
SX0563,2021-22,True
SX0564,2021-22,True
SX0565,2021-22,True
SX0566,2021-22,True
SX0567,2021-22,True
SX0568,2021-22,True
SX0569,2021-22,False
SX0570,2021-22,True
SX0571,2021-22,True
SX0572,2021-22,True
SX0573,2021-22,False
SX0574,2021-22,False
SX0575,2021-22,True
SX0576,2021-22,False
SX0577,2021-22,True
SX0578,2021-22,True
SX0579,2021-22,False
SX0580,2021-22,True
SX0581,2021-22,True
SX0582,2021-22,True
SX0583,2021-22,True
SX0584,2021-22,True
SX0585,2021-22,True
SX0586,2021-22,True
SX0587,2021-22,True
SX0588,2021-22,True
SX0589,2021-22,True
SX0590,2021-22,False
SX0591,2021-22,False
SX0592,2021-22,False
SX0593,2021-22,True
SX0594,2021-22,False
SX0595,2021-22,True
SX0596,2021-22,True
SX0597,2021-22,False
SX0598,2021-22,True
SX0599,2021-22,True
SX0600,2021-22,False
SX0601,2021-22,True
SX0602,2021-22,True
SX0603,2021-22,True
SX0604,2021-22,True
SX0605,2021-22,True
SX0606,2021-22,False
SX0607,2021-22,True
SX0608,2021-22,True
SX0609,2021-22,True
SX0610,2021-22,False
SX0611,2021-22,True
SX0612,2021-22,True
SX0613,2021-22,False
SX0614,2021-22,True
SX0615,2021-22,True
SX0616,2021-22,True
SX0617,2021-22,True
SX0618,2021-22,True
SX0619,2021-22,True
SX0620,2021-22,True
SX0621,2021-22,True
SX0622,2021-22,True
SX0623,2021-22,True
SX0624,2021-22,True
SX0625,2021-22,True
SX0626,2021-22,False
SX0627,2021-22,True
SX0628,2021-22,True
SX0629,2021-22,False
SX0630,2021-22,False
SX0631,2021-22,True
SX0632,2021-22,False
SX0633,2021-22,True
SX0634,2021-22,True
SX0635,2021-22,True
SX0636,2021-22,False
SX0637,2021-22,True
SX0638,2021-22,True
SX0639,2021-22,True
SX0640,2021-22,True
SX0641,2021-22,True
SX0642,2021-22,True
SX0643,2021-22,True
SX0644,2021-22,True
SX0645,2021-22,True
SX0646,2021-22,True
SX0647,2021-22,False
SX0648,2021-22,True
SX0649,2021-22,True
SX0650,2021-22,False
SX0651,2021-22,False
SX0652,2021-22,True
SX0653,2021-22,False
SX0654,2021-22,True
SX0655,2021-22,True
SX0656,2021-22,True
SX0657,2021-22,True
SX0658,2021-22,True
SX0659,2021-22,True
SX0660,2021-22,True
SX0661,2021-22,False
SX0662,2021-22,False
SX0663,2021-22,False
SX0664,2021-22,True
SX0665,2021-22,True
SX0666,2021-22,True
SX0667,2021-22,True
SX0668,2021-22,True
SX0669,2021-22,True
SX0670,2021-22,True
SX0671,2021-22,True
SX0672,2021-22,True
SX0673,2021-22,True
SX0674,2021-22,True
SX0675,2021-22,False
SX0676,2021-22,True
SX0677,2021-22,True
SX0678,2021-22,False
SX0679,2021-22,True
SX0680,2021-22,False
SX0681,2021-22,True
SX0682,2021-22,True
SX0683,2021-22,False
SX0684,2021-22,True
SX0685,2021-22,True
SX0686,2021-22,True
SX0687,2021-22,False
SX0688,2021-22,True
SX0689,2021-22,True
SX0690,2021-22,True
SX0691,2021-22,True
SX0692,2021-22,True
SX0693,2021-22,True
SX0694,2021-22,False
SX0695,2021-22,True
SX0696,2021-22,False
SX0697,2021-22,True
SX0698,2021-22,True
SX0699,2021-22,True
SX0700,2021-22,False
SX0701,2021-22,True
SX0702,2021-22,True
SX0703,2021-22,True
SX0704,2021-22,True
SX0705,2021-22,True
SX0706,2021-22,True
SX0707,2021-22,True
SX0708,2021-22,False
SX0709,2021-22,True
SX0710,2021-22,True
SX0711,2021-22,True
SX0712,2021-22,True
SX0713,2021-22,True
SX0714,2021-22,True
SX0715,2021-22,True
SX0716,2021-22,False
SX0717,2021-22,False
SX0718,2021-22,False
SX0719,2021-22,True
SX0720,2021-22,True
SX0721,2021-22,True
SX0722,2021-22,True
SX0723,2021-22,False
SX0724,2021-22,True
SX0725,2021-22,True
SX0726,2021-22,True
SX0727,2021-22,True
SX0728,2021-22,True
SX0729,2021-22,True
SX0730,2021-22,True
SX0731,2021-22,True
SX0732,2021-22,True
SX0733,2021-22,True
SX0734,2021-22,True
SX0735,2021-22,False
SX0736,2021-22,True
SX0737,2021-22,True
SX0738,2021-22,True
SX0739,2021-22,True
SX0740,2021-22,True
SX0741,2021-22,True
SX0742,2021-22,True
SX0743,2021-22,True
SX0744,2021-22,True
SX0745,2021-22,True
SX0746,2021-22,True
SX0747,2021-22,True
SX0748,2021-22,True
SX0749,2021-22,True
SX0750,2021-22,True
SX0751,2021-22,True
SX0752,2021-22,True
SX0753,2021-22,False
SX0754,2021-22,True
SX0755,2021-22,True
SX0756,2021-22,False
SX0757,2021-22,False
SX0758,2021-22,True
SX0759,2021-22,True
SX0760,2021-22,False
SX0761,2021-22,True
SX0762,2021-22,True
SX0763,2021-22,False
SX0764,2021-22,True
SX0765,2021-22,True
SX0766,2021-22,False
SX0767,2021-22,True
SX0768,2021-22,False
SX0769,2021-22,False
SX0770,2021-22,True
SX0771,2021-22,True
SX0772,2021-22,True
SX0773,2021-22,True
SX0774,2021-22,True
SX0775,2021-22,False
SX0776,2021-22,True
SX0777,2021-22,True
SX0778,2021-22,True
SX0779,2021-22,True
SX0780,2021-22,True
SX0781,2021-22,True
SX0782,2021-22,True
SX0783,2021-22,True
SX0784,2021-22,True
SX0785,2021-22,True
SX0786,2021-22,True
SX0787,2021-22,True
SX0788,2021-22,True
SX0789,2021-22,True
SX0790,2021-22,True
SX0791,2021-22,True
SX0792,2021-22,True
SX0793,2021-22,True
SX0794,2021-22,True
SX0795,2021-22,False
SX0796,2021-22,True
SX0797,2021-22,True
SX0798,2021-22,True
SX0799,2021-22,True
SX0800,2021-22,True
SX0801,2021-22,False
SX0802,2021-22,False
SX0803,2021-22,True
SX0804,2021-22,True
SX0805,2021-22,True
SX0806,2021-22,True
SX0807,2021-22,True
SX0808,2021-22,True
SX0809,2021-22,True
SX0810,2021-22,True
SX0811,2021-22,True
SX0812,2021-22,True
SX0813,2021-22,False
SX0814,2021-22,True
SX0815,2021-22,True
SX0816,2021-22,True
SX0817,2021-22,True
SX0818,2021-22,True
SX0819,2021-22,False
SX0820,2021-22,True
SX0821,2021-22,True
SX0822,2021-22,True
SX0823,2021-22,True
SX0824,2021-22,False
SX0825,2021-22,True
SX0826,2021-22,True
SX0827,2021-22,True
SX0828,2021-22,True
SX0829,2021-22,True
SX0830,2021-22,True
SX0831,2021-22,True
SX0832,2021-22,True
SX0833,2021-22,True
SX0834,2021-22,True
SX0835,2021-22,True
SX0836,2021-22,True
SX0837,2021-22,True
SX0838,2021-22,True
SX0839,2021-22,True
SX0840,2021-22,True
SX0841,2021-22,True
SX0842,2021-22,True
SX0843,2021-22,True
SX0844,2021-22,False
SX0845,2021-22,True
SX0846,2021-22,True
SX0847,2021-22,True
SX0848,2021-22,False
SX0849,2021-22,True
SX0850,2021-22,False
SX0851,2021-22,True
SX0852,2021-22,True
SX0853,2021-22,True
SX0854,2021-22,True
SX0855,2021-22,True
SX0856,2021-22,False
SX0857,2021-22,True
SX0858,2021-22,True
SX0859,2021-22,True
SX0860,2021-22,True
SX0861,2021-22,True
SX0862,2021-22,False
SX0863,2021-22,True
SX0864,2021-22,True
SX0865,2021-22,True
SX0866,2021-22,True
SX0867,2021-22,True
SX0868,2021-22,True
SX0869,2021-22,True
SX0870,2021-22,True
SX0871,2021-22,True
SX0872,2021-22,True
SX0873,2021-22,True
SX0874,2021-22,True
SX0875,2021-22,True
SX0876,2021-22,True
SX0877,2021-22,True
SX0878,2021-22,True
SX0879,2021-22,True
SX0880,2021-22,True
SX0881,2021-22,True
SX0882,2021-22,True
SX0883,2021-22,True
SX0884,2021-22,False
SX0885,2021-22,True
SX0886,2021-22,True
SX0887,2021-22,True
SX0888,2021-22,True
SX0889,2021-22,True
SX0890,2021-22,True
SX0891,2021-22,True
SX0892,2021-22,True
SX0893,2021-22,True
SX0894,2021-22,True
SX0895,2021-22,False
SX0896,2021-22,True
SX0897,2021-22,True
SX0898,2021-22,True
SX0899,2021-22,True
SX0900,2021-22,True
SX0901,2021-22,True
SX0902,2021-22,True
SX0903,2021-22,True
SX0904,2021-22,True
SX0905,2021-22,False
SX0906,2021-22,True
SX0907,2021-22,True
SX0908,2021-22,False
SX0909,2021-22,False
SX0910,2021-22,False
SX0911,2021-22,True
SX0912,2021-22,True
SX0913,2021-22,True
SX0914,2021-22,True
SX0915,2021-22,True
SX0916,2021-22,True
SX0917,2021-22,False
SX0918,2021-22,False
SX0919,2021-22,True
SX0920,2021-22,True
SX0921,2021-22,True
SX0922,2021-22,True
SX0923,2021-22,False
SX0924,2021-22,True
SX0925,2021-22,True
SX0926,2021-22,True
SX0927,2021-22,False
SX0928,2021-22,False
SX0929,2021-22,True
SX0930,2021-22,True
SX0931,2021-22,True
SX0932,2021-22,True
SX0933,2021-22,True
SX0934,2021-22,True
SX0935,2021-22,False
SX0936,2021-22,False
SX0937,2021-22,True
SX0938,2021-22,True
SX0939,2021-22,False
SX0940,2021-22,True
SX0941,2021-22,True
SX0942,2021-22,True
SX0943,2021-22,True
SX0944,2021-22,False
SX0945,2021-22,False
SX0946,2021-22,False
SX0947,2021-22,True
SX0948,2021-22,True
SX0949,2021-22,False
SX0950,2021-22,False
SX0951,2021-22,True
SX0952,2021-22,True
SX0953,2021-22,True
SX0954,2021-22,True
SX0955,2021-22,True
SX0956,2021-22,True
SX0957,2021-22,True
SX0958,2021-22,True
SX0959,2021-22,True
SX0960,2021-22,True
SX0961,2021-22,True
SX0962,2021-22,False
SX0963,2021-22,True
SX0964,2021-22,True
SX0965,2021-22,True
SX0966,2021-22,True
SX0967,2021-22,True
SX0968,2021-22,True
SX0969,2021-22,True
SX0970,2021-22,True
SX0971,2021-22,True
SX0972,2021-22,True
SX0973,2021-22,True
SX0974,2021-22,False
SX0975,2021-22,True
SX0976,2021-22,True
SX0977,2021-22,True
SX0978,2021-22,True
SX0979,2021-22,True
SX0980,2021-22,True
SX0981,2021-22,True
SX0982,2021-22,False
SX0983,2021-22,True
SX0984,2021-22,True
SX0985,2021-22,True
SX0986,2021-22,True
SX0987,2021-22,True
SX0988,2021-22,True
SX0989,2021-22,True
SX0990,2021-22,False
SX0331,2022-23,True
SX0332,2022-23,True
SX0333,2022-23,True
SX0334,2022-23,True
SX0335,2022-23,True
SX0336,2022-23,True
SX0337,2022-23,True
SX0338,2022-23,True
SX0339,2022-23,True
SX0340,2022-23,True
SX0341,2022-23,True
SX0342,2022-23,False
SX0343,2022-23,True
SX0344,2022-23,False
SX0345,2022-23,True
SX0346,2022-23,True
SX0347,2022-23,True
SX0348,2022-23,True
SX0349,2022-23,True
SX0350,2022-23,False
SX0351,2022-23,True
SX0352,2022-23,True
SX0353,2022-23,True
SX0354,2022-23,False
SX0355,2022-23,True
SX0356,2022-23,False
SX0357,2022-23,True
SX0358,2022-23,True
SX0359,2022-23,False
SX0360,2022-23,True
SX0361,2022-23,True
SX0362,2022-23,True
SX0363,2022-23,True
SX0364,2022-23,True
SX0365,2022-23,True
SX0366,2022-23,True
SX0367,2022-23,True
SX0368,2022-23,True
SX0369,2022-23,True
SX0370,2022-23,True
SX0371,2022-23,False
SX0372,2022-23,False
SX0373,2022-23,True
SX0374,2022-23,True
SX0375,2022-23,True
SX0376,2022-23,True
SX0377,2022-23,True
SX0378,2022-23,True
SX0379,2022-23,True
SX0380,2022-23,True
SX0381,2022-23,True
SX0382,2022-23,True
SX0383,2022-23,True
SX0384,2022-23,False
SX0385,2022-23,True
SX0386,2022-23,False
SX0387,2022-23,True
SX0388,2022-23,True
SX0389,2022-23,True
SX0390,2022-23,True
SX0391,2022-23,True
SX0392,2022-23,True
SX0393,2022-23,True
SX0394,2022-23,True
SX0395,2022-23,True
SX0396,2022-23,True
SX0397,2022-23,True
SX0398,2022-23,True
SX0399,2022-23,False
SX0400,2022-23,True
SX0401,2022-23,True
SX0402,2022-23,True
SX0403,2022-23,True
SX0404,2022-23,True
SX0405,2022-23,True
SX0406,2022-23,True
SX0407,2022-23,True
SX0408,2022-23,True
SX0409,2022-23,True
SX0410,2022-23,True
SX0411,2022-23,True
SX0412,2022-23,True
SX0413,2022-23,True
SX0414,2022-23,True
SX0415,2022-23,True
SX0416,2022-23,False
SX0417,2022-23,True
SX0418,2022-23,True
SX0419,2022-23,True
SX0420,2022-23,False
SX0421,2022-23,True
SX0422,2022-23,True
SX0423,2022-23,True
SX0424,2022-23,False
SX0425,2022-23,True
SX0426,2022-23,True
SX0427,2022-23,True
SX0428,2022-23,True
SX0429,2022-23,True
SX0430,2022-23,True
SX0431,2022-23,True
SX0432,2022-23,True
SX0433,2022-23,True
SX0434,2022-23,False
SX0435,2022-23,True
SX0436,2022-23,True
SX0437,2022-23,True
SX0438,2022-23,True
SX0439,2022-23,False
SX0440,2022-23,True
SX0441,2022-23,True
SX0442,2022-23,True
SX0443,2022-23,True
SX0444,2022-23,True
SX0445,2022-23,True
SX0446,2022-23,True
SX0447,2022-23,True
SX0448,2022-23,False
SX0449,2022-23,True
SX0450,2022-23,True
SX0451,2022-23,True
SX0452,2022-23,True
SX0453,2022-23,True
SX0454,2022-23,True
SX0455,2022-23,False
SX0456,2022-23,True
SX0457,2022-23,False
SX0458,2022-23,True
SX0459,2022-23,True
SX0460,2022-23,True
SX0461,2022-23,True
SX0462,2022-23,True
SX0463,2022-23,True
SX0464,2022-23,True
SX0465,2022-23,True
SX0466,2022-23,False
SX0467,2022-23,True
SX0468,2022-23,False
SX0469,2022-23,True
SX0470,2022-23,True
SX0471,2022-23,True
SX0472,2022-23,False
SX0473,2022-23,True
SX0474,2022-23,True
SX0475,2022-23,True
SX0476,2022-23,True
SX0477,2022-23,False
SX0478,2022-23,True
SX0479,2022-23,True
SX0480,2022-23,False
SX0481,2022-23,True
SX0482,2022-23,True
SX0483,2022-23,False
SX0484,2022-23,True
SX0485,2022-23,True
SX0486,2022-23,True
SX0487,2022-23,True
SX0488,2022-23,True
SX0489,2022-23,False
SX0490,2022-23,True
SX0491,2022-23,True
SX0492,2022-23,True
SX0493,2022-23,True
SX0494,2022-23,True
SX0495,2022-23,True
SX0496,2022-23,True
SX0497,2022-23,True
SX0498,2022-23,True
SX0499,2022-23,True
SX0500,2022-23,True
SX0501,2022-23,True
SX0502,2022-23,True
SX0503,2022-23,False
SX0504,2022-23,True
SX0505,2022-23,True
SX0506,2022-23,True
SX0507,2022-23,True
SX0508,2022-23,False
SX0509,2022-23,True
SX0510,2022-23,True
SX0511,2022-23,True
SX0512,2022-23,True
SX0513,2022-23,True
SX0514,2022-23,True
SX0515,2022-23,True
SX0516,2022-23,True
SX0517,2022-23,True
SX0518,2022-23,False
SX0519,2022-23,True
SX0520,2022-23,True
SX0521,2022-23,True
SX0522,2022-23,True
SX0523,2022-23,True
SX0524,2022-23,True
SX0525,2022-23,True
SX0526,2022-23,True
SX0527,2022-23,True
SX0528,2022-23,True
SX0529,2022-23,True
SX0530,2022-23,True
SX0531,2022-23,True
SX0532,2022-23,True
SX0533,2022-23,False
SX0534,2022-23,True
SX0535,2022-23,True
SX0536,2022-23,True
SX0537,2022-23,False
SX0538,2022-23,True
SX0539,2022-23,False
SX0540,2022-23,True
SX0541,2022-23,True
SX0542,2022-23,True
SX0543,2022-23,False
SX0544,2022-23,True
SX0545,2022-23,True
SX0546,2022-23,True
SX0547,2022-23,True
SX0548,2022-23,True
SX0549,2022-23,True
SX0550,2022-23,True
SX0551,2022-23,True
SX0552,2022-23,True
SX0553,2022-23,True
SX0554,2022-23,True
SX0555,2022-23,True
SX0556,2022-23,True
SX0557,2022-23,True
SX0558,2022-23,True
SX0559,2022-23,False
SX0560,2022-23,True
SX0561,2022-23,True
SX0562,2022-23,True
SX0563,2022-23,True
SX0564,2022-23,True
SX0565,2022-23,True
SX0566,2022-23,True
SX0567,2022-23,True
SX0568,2022-23,True
SX0569,2022-23,True
SX0570,2022-23,False
SX0571,2022-23,True
SX0572,2022-23,True
SX0573,2022-23,True
SX0574,2022-23,True
SX0575,2022-23,False
SX0576,2022-23,True
SX0577,2022-23,True
SX0578,2022-23,True
SX0579,2022-23,False
SX0580,2022-23,True
SX0581,2022-23,True
SX0582,2022-23,True
SX0583,2022-23,True
SX0584,2022-23,True
SX0585,2022-23,True
SX0586,2022-23,False
SX0587,2022-23,True
SX0588,2022-23,True
SX0589,2022-23,True
SX0590,2022-23,True
SX0591,2022-23,True
SX0592,2022-23,True
SX0593,2022-23,True
SX0594,2022-23,False
SX0595,2022-23,True
SX0596,2022-23,True
SX0597,2022-23,True
SX0598,2022-23,True
SX0599,2022-23,True
SX0600,2022-23,True
SX0601,2022-23,True
SX0602,2022-23,True
SX0603,2022-23,True
SX0604,2022-23,True
SX0605,2022-23,True
SX0606,2022-23,False
SX0607,2022-23,True
SX0608,2022-23,True
SX0609,2022-23,False
SX0610,2022-23,True
SX0611,2022-23,True
SX0612,2022-23,True
SX0613,2022-23,True
SX0614,2022-23,True
SX0615,2022-23,False
SX0616,2022-23,True
SX0617,2022-23,True
SX0618,2022-23,True
SX0619,2022-23,False
SX0620,2022-23,False
SX0621,2022-23,True
SX0622,2022-23,True
SX0623,2022-23,True
SX0624,2022-23,True
SX0625,2022-23,True
SX0626,2022-23,True
SX0627,2022-23,True
SX0628,2022-23,False
SX0629,2022-23,True
SX0630,2022-23,True
SX0631,2022-23,False
SX0632,2022-23,True
SX0633,2022-23,True
SX0634,2022-23,False
SX0635,2022-23,True
SX0636,2022-23,True
SX0637,2022-23,True
SX0638,2022-23,True
SX0639,2022-23,True
SX0640,2022-23,True
SX0641,2022-23,True
SX0642,2022-23,True
SX0643,2022-23,True
SX0644,2022-23,True
SX0645,2022-23,True
SX0646,2022-23,True
SX0647,2022-23,True
SX0648,2022-23,True
SX0649,2022-23,True
SX0650,2022-23,True
SX0651,2022-23,True
SX0652,2022-23,True
SX0653,2022-23,True
SX0654,2022-23,True
SX0655,2022-23,True
SX0656,2022-23,True
SX0657,2022-23,True
SX0658,2022-23,True
SX0659,2022-23,True
SX0660,2022-23,True
SX0661,2022-23,False
SX0662,2022-23,True
SX0663,2022-23,True
SX0664,2022-23,True
SX0665,2022-23,True
SX0666,2022-23,True
SX0667,2022-23,True
SX0668,2022-23,True
SX0669,2022-23,False
SX0670,2022-23,True
SX0671,2022-23,False
SX0672,2022-23,True
SX0673,2022-23,True
SX0674,2022-23,True
SX0675,2022-23,True
SX0676,2022-23,True
SX0677,2022-23,True
SX0678,2022-23,True
SX0679,2022-23,True
SX0680,2022-23,True
SX0681,2022-23,True
SX0682,2022-23,True
SX0683,2022-23,True
SX0684,2022-23,True
SX0685,2022-23,False
SX0686,2022-23,True
SX0687,2022-23,True
SX0688,2022-23,True
SX0689,2022-23,False
SX0690,2022-23,True
SX0691,2022-23,False
SX0692,2022-23,True
SX0693,2022-23,True
SX0694,2022-23,False
SX0695,2022-23,True
SX0696,2022-23,False
SX0697,2022-23,True
SX0698,2022-23,True
SX0699,2022-23,True
SX0700,2022-23,True
SX0701,2022-23,False
SX0702,2022-23,True
SX0703,2022-23,False
SX0704,2022-23,True
SX0705,2022-23,False
SX0706,2022-23,True
SX0707,2022-23,True
SX0708,2022-23,True
SX0709,2022-23,True
SX0710,2022-23,True
SX0711,2022-23,False
SX0712,2022-23,True
SX0713,2022-23,True
SX0714,2022-23,True
SX0715,2022-23,True
SX0716,2022-23,True
SX0717,2022-23,True
SX0718,2022-23,True
SX0719,2022-23,True
SX0720,2022-23,True
SX0721,2022-23,False
SX0722,2022-23,True
SX0723,2022-23,True
SX0724,2022-23,True
SX0725,2022-23,False
SX0726,2022-23,False
SX0727,2022-23,False
SX0728,2022-23,True
SX0729,2022-23,False
SX0730,2022-23,True
SX0731,2022-23,False
SX0732,2022-23,True
SX0733,2022-23,True
SX0734,2022-23,True
SX0735,2022-23,True
SX0736,2022-23,True
SX0737,2022-23,True
SX0738,2022-23,True
SX0739,2022-23,True
SX0740,2022-23,False
SX0741,2022-23,True
SX0742,2022-23,False
SX0743,2022-23,True
SX0744,2022-23,False
SX0745,2022-23,True
SX0746,2022-23,True
SX0747,2022-23,True
SX0748,2022-23,True
SX0749,2022-23,True
SX0750,2022-23,True
SX0751,2022-23,True
SX0752,2022-23,True
SX0753,2022-23,False
SX0754,2022-23,True
SX0755,2022-23,True
SX0756,2022-23,True
SX0757,2022-23,True
SX0758,2022-23,True
SX0759,2022-23,True
SX0760,2022-23,True
SX0761,2022-23,True
SX0762,2022-23,True
SX0763,2022-23,False
SX0764,2022-23,True
SX0765,2022-23,False
SX0766,2022-23,True
SX0767,2022-23,True
SX0768,2022-23,True
SX0769,2022-23,True
SX0770,2022-23,True
SX0771,2022-23,True
SX0772,2022-23,True
SX0773,2022-23,True
SX0774,2022-23,False
SX0775,2022-23,True
SX0776,2022-23,True
SX0777,2022-23,True
SX0778,2022-23,True
SX0779,2022-23,False
SX0780,2022-23,True
SX0781,2022-23,True
SX0782,2022-23,True
SX0783,2022-23,False
SX0784,2022-23,True
SX0785,2022-23,False
SX0786,2022-23,True
SX0787,2022-23,True
SX0788,2022-23,True
SX0789,2022-23,True
SX0790,2022-23,True
SX0791,2022-23,False
SX0792,2022-23,True
SX0793,2022-23,True
SX0794,2022-23,True
SX0795,2022-23,True
SX0796,2022-23,True
SX0797,2022-23,False
SX0798,2022-23,True
SX0799,2022-23,True
SX0800,2022-23,True
SX0801,2022-23,True
SX0802,2022-23,True
SX0803,2022-23,True
SX0804,2022-23,True
SX0805,2022-23,True
SX0806,2022-23,True
SX0807,2022-23,True
SX0808,2022-23,False
SX0809,2022-23,True
SX0810,2022-23,False
SX0811,2022-23,True
SX0812,2022-23,False
SX0813,2022-23,True
SX0814,2022-23,True
SX0815,2022-23,True
SX0816,2022-23,True
SX0817,2022-23,True
SX0818,2022-23,True
SX0819,2022-23,True
SX0820,2022-23,True
SX0821,2022-23,True
SX0822,2022-23,True
SX0823,2022-23,False
SX0824,2022-23,False
SX0825,2022-23,False
SX0826,2022-23,True
SX0827,2022-23,True
SX0828,2022-23,True
SX0829,2022-23,True
SX0830,2022-23,True
SX0831,2022-23,True
SX0832,2022-23,True
SX0833,2022-23,True
SX0834,2022-23,True
SX0835,2022-23,False
SX0836,2022-23,False
SX0837,2022-23,True
SX0838,2022-23,False
SX0839,2022-23,True
SX0840,2022-23,True
SX0841,2022-23,True
SX0842,2022-23,False
SX0843,2022-23,True
SX0844,2022-23,True
SX0845,2022-23,True
SX0846,2022-23,True
SX0847,2022-23,True
SX0848,2022-23,True
SX0849,2022-23,True
SX0850,2022-23,True
SX0851,2022-23,True
SX0852,2022-23,True
SX0853,2022-23,True
SX0854,2022-23,True
SX0855,2022-23,True
SX0856,2022-23,True
SX0857,2022-23,True
SX0858,2022-23,False
SX0859,2022-23,True
SX0860,2022-23,True
SX0861,2022-23,True
SX0862,2022-23,True
SX0863,2022-23,True
SX0864,2022-23,True
SX0865,2022-23,True
SX0866,2022-23,True
SX0867,2022-23,True
SX0868,2022-23,True
SX0869,2022-23,False
SX0870,2022-23,True
SX0871,2022-23,True
SX0872,2022-23,True
SX0873,2022-23,True
SX0874,2022-23,True
SX0875,2022-23,True
SX0876,2022-23,True
SX0877,2022-23,True
SX0878,2022-23,False
SX0879,2022-23,True
SX0880,2022-23,False
SX0881,2022-23,True
SX0882,2022-23,True
SX0883,2022-23,True
SX0884,2022-23,True
SX0885,2022-23,True
SX0886,2022-23,False
SX0887,2022-23,True
SX0888,2022-23,True
SX0889,2022-23,True
SX0890,2022-23,True
SX0891,2022-23,True
SX0892,2022-23,True
SX0893,2022-23,True
SX0894,2022-23,True
SX0895,2022-23,True
SX0896,2022-23,True
SX0897,2022-23,False
SX0898,2022-23,True
SX0899,2022-23,True
SX0900,2022-23,True
SX0901,2022-23,False
SX0902,2022-23,True
SX0903,2022-23,True
SX0904,2022-23,True
SX0905,2022-23,True
SX0906,2022-23,True
SX0907,2022-23,True
SX0908,2022-23,False
SX0909,2022-23,True
SX0910,2022-23,False
SX0911,2022-23,False
SX0912,2022-23,True
SX0913,2022-23,False
SX0914,2022-23,True
SX0915,2022-23,True
SX0916,2022-23,True
SX0917,2022-23,True
SX0918,2022-23,True
SX0919,2022-23,True
SX0920,2022-23,True
SX0921,2022-23,False
SX0922,2022-23,True
SX0923,2022-23,True
SX0924,2022-23,False
SX0925,2022-23,True
SX0926,2022-23,True
SX0927,2022-23,True
SX0928,2022-23,True
SX0929,2022-23,True
SX0930,2022-23,False
SX0931,2022-23,True
SX0932,2022-23,False
SX0933,2022-23,True
SX0934,2022-23,True
SX0935,2022-23,True
SX0936,2022-23,True
SX0937,2022-23,True
SX0938,2022-23,True
SX0939,2022-23,True
SX0940,2022-23,True
SX0941,2022-23,True
SX0942,2022-23,True
SX0943,2022-23,True
SX0944,2022-23,True
SX0945,2022-23,True
SX0946,2022-23,False
SX0947,2022-23,True
SX0948,2022-23,True
SX0949,2022-23,True
SX0950,2022-23,True
SX0951,2022-23,True
SX0952,2022-23,True
SX0953,2022-23,True
SX0954,2022-23,True
SX0955,2022-23,True
SX0956,2022-23,False
SX0957,2022-23,True
SX0958,2022-23,True
SX0959,2022-23,True
SX0960,2022-23,True
SX0961,2022-23,True
SX0962,2022-23,True
SX0963,2022-23,False
SX0964,2022-23,True
SX0965,2022-23,True
SX0966,2022-23,True
SX0967,2022-23,True
SX0968,2022-23,True
SX0969,2022-23,True
SX0970,2022-23,True
SX0971,2022-23,True
SX0972,2022-23,True
SX0973,2022-23,True
SX0974,2022-23,True
SX0975,2022-23,True
SX0976,2022-23,True
SX0977,2022-23,False
SX0978,2022-23,True
SX0979,2022-23,True
SX0980,2022-23,True
SX0981,2022-23,True
SX0982,2022-23,True
SX0983,2022-23,True
SX0984,2022-23,True
SX0985,2022-23,True
SX0986,2022-23,False
SX0987,2022-23,True
SX0988,2022-23,True
SX0989,2022-23,True
SX0990,2022-23,True
SX0991,2022-23,True
SX0992,2022-23,True
SX0993,2022-23,True
SX0994,2022-23,True
SX0995,2022-23,True
SX0996,2022-23,True
SX0997,2022-23,True
SX0998,2022-23,True
SX0999,2022-23,True
SX1000,2022-23,False
SX1001,2022-23,True
SX1002,2022-23,True
SX1003,2022-23,True
SX1004,2022-23,True
SX1005,2022-23,True
SX1006,2022-23,False
SX1007,2022-23,True
SX1008,2022-23,True
SX1009,2022-23,True
SX1010,2022-23,True
SX1011,2022-23,True
SX1012,2022-23,True
SX1013,2022-23,True
SX1014,2022-23,True
SX1015,2022-23,True
SX1016,2022-23,True
SX1017,2022-23,False
SX1018,2022-23,True
SX1019,2022-23,False
SX1020,2022-23,True
SX1021,2022-23,True
SX1022,2022-23,True
SX1023,2022-23,False
SX1024,2022-23,True
SX1025,2022-23,True
SX1026,2022-23,True
SX1027,2022-23,True
SX1028,2022-23,True
SX1029,2022-23,True
SX1030,2022-23,True
SX1031,2022-23,True
SX1032,2022-23,True
SX1033,2022-23,True
SX1034,2022-23,False
SX1035,2022-23,True
SX1036,2022-23,True
SX1037,2022-23,False
SX1038,2022-23,True
SX1039,2022-23,True
SX1040,2022-23,True
SX1041,2022-23,True
SX1042,2022-23,True
SX1043,2022-23,True
SX1044,2022-23,True
SX1045,2022-23,True
SX1046,2022-23,True
SX1047,2022-23,True
SX1048,2022-23,True
SX1049,2022-23,False
SX1050,2022-23,True
SX1051,2022-23,True
SX1052,2022-23,True
SX1053,2022-23,False
SX1054,2022-23,True
SX1055,2022-23,True
SX1056,2022-23,True
SX1057,2022-23,True
SX1058,2022-23,True
SX1059,2022-23,False
SX1060,2022-23,True
SX1061,2022-23,True
SX1062,2022-23,True
SX1063,2022-23,True
SX1064,2022-23,True
SX1065,2022-23,True
SX1066,2022-23,True
SX1067,2022-23,True
SX1068,2022-23,True
SX1069,2022-23,True
SX1070,2022-23,False
SX1071,2022-23,False
SX1072,2022-23,True
SX1073,2022-23,True
SX1074,2022-23,False
SX1075,2022-23,True
SX1076,2022-23,True
SX1077,2022-23,False
SX1078,2022-23,True
SX1079,2022-23,True
SX1080,2022-23,False
SX1081,2022-23,False
SX1082,2022-23,True
SX1083,2022-23,True
SX1084,2022-23,True
SX1085,2022-23,True
SX1086,2022-23,True
SX1087,2022-23,True
SX1088,2022-23,True
SX1089,2022-23,True
SX1090,2022-23,True
SX1091,2022-23,True
SX1092,2022-23,False
SX1093,2022-23,False
SX1094,2022-23,True
SX1095,2022-23,True
SX1096,2022-23,True
SX1097,2022-23,True
SX1098,2022-23,True
SX1099,2022-23,True
SX1100,2022-23,True
SX1101,2022-23,True
SX1102,2022-23,True
SX1103,2022-23,False
SX1104,2022-23,True
SX1105,2022-23,True
SX1106,2022-23,True
SX1107,2022-23,True
SX1108,2022-23,True
SX1109,2022-23,False
SX1110,2022-23,True
SX1111,2022-23,True
SX1112,2022-23,True
SX1113,2022-23,True
SX1114,2022-23,True
SX1115,2022-23,True
SX1116,2022-23,True
SX1117,2022-23,True
SX1118,2022-23,True
SX1119,2022-23,False
SX1120,2022-23,True
SX1121,2022-23,False
SX1122,2022-23,True
SX1123,2022-23,True
SX1124,2022-23,True
SX1125,2022-23,True
SX1126,2022-23,True
SX1127,2022-23,True
SX1128,2022-23,True
SX1129,2022-23,False
SX1130,2022-23,False
SX1131,2022-23,True
SX1132,2022-23,True
SX1133,2022-23,True
SX1134,2022-23,True
SX1135,2022-23,True
SX1136,2022-23,True
SX1137,2022-23,True
SX1138,2022-23,True
SX1139,2022-23,True
SX1140,2022-23,True
SX1141,2022-23,True
SX1142,2022-23,True
SX1143,2022-23,True
SX1144,2022-23,True
SX1145,2022-23,True
SX1146,2022-23,True
SX1147,2022-23,True
SX1148,2022-23,True
SX1149,2022-23,True
SX1150,2022-23,False
SX1151,2022-23,True
SX1152,2022-23,True
SX1153,2022-23,True
SX1154,2022-23,True
SX1155,2022-23,True
SX1156,2022-23,False
SX1157,2022-23,True
SX1158,2022-23,True
SX1159,2022-23,True
SX1160,2022-23,True
SX1161,2022-23,True
SX1162,2022-23,True
SX1163,2022-23,True
SX1164,2022-23,True
SX1165,2022-23,True
SX1166,2022-23,True
SX1167,2022-23,True
SX1168,2022-23,True
SX1169,2022-23,False
SX1170,2022-23,True
SX1171,2022-23,True
SX1172,2022-23,False
SX1173,2022-23,True
SX1174,2022-23,False
SX1175,2022-23,True
SX1176,2022-23,True
SX1177,2022-23,True
SX1178,2022-23,True
SX1179,2022-23,True
SX1180,2022-23,True
SX1181,2022-23,True
SX1182,2022-23,True
SX1183,2022-23,True
SX1184,2022-23,True
SX1185,2022-23,True
SX1186,2022-23,True
SX1187,2022-23,True
SX1188,2022-23,True
SX1189,2022-23,True
SX1190,2022-23,True
SX1191,2022-23,True
SX1192,2022-23,True
SX1193,2022-23,False
SX1194,2022-23,False
SX1195,2022-23,True
SX1196,2022-23,True
SX1197,2022-23,True
SX1198,2022-23,True
SX1199,2022-23,False
SX1200,2022-23,True
SX1201,2022-23,True
SX1202,2022-23,True
SX1203,2022-23,True
SX1204,2022-23,True
SX1205,2022-23,True
SX1206,2022-23,False
SX1207,2022-23,True
SX1208,2022-23,False
SX1209,2022-23,False
SX1210,2022-23,True
SX1211,2022-23,True
SX1212,2022-23,True
SX1213,2022-23,True
SX1214,2022-23,True
SX1215,2022-23,True
SX1216,2022-23,True
SX1217,2022-23,True
SX1218,2022-23,True
SX1219,2022-23,True
SX1220,2022-23,True
SX1221,2022-23,False
SX1222,2022-23,True
SX1223,2022-23,False
SX1224,2022-23,True
SX1225,2022-23,False
SX1226,2022-23,False
SX1227,2022-23,False
SX1228,2022-23,True
SX1229,2022-23,True
SX1230,2022-23,True
SX1231,2022-23,True
SX1232,2022-23,True
SX1233,2022-23,True
SX1234,2022-23,True
SX1235,2022-23,False
SX1236,2022-23,True
SX1237,2022-23,True
SX1238,2022-23,True
SX1239,2022-23,False
SX1240,2022-23,True
SX1241,2022-23,True
SX1242,2022-23,True
SX1243,2022-23,True
SX1244,2022-23,True
SX1245,2022-23,True
SX1246,2022-23,True
SX1247,2022-23,False
SX1248,2022-23,True
SX1249,2022-23,True
SX1250,2022-23,True
SX1251,2022-23,False
SX1252,2022-23,True
SX1253,2022-23,True
SX1254,2022-23,True
SX1255,2022-23,True
SX1256,2022-23,True
SX1257,2022-23,True
SX1258,2022-23,True
SX1259,2022-23,True
SX1260,2022-23,True
SX1261,2022-23,False
SX1262,2022-23,True
SX1263,2022-23,False
SX1264,2022-23,True
SX1265,2022-23,True
SX1266,2022-23,True
SX1267,2022-23,True
SX1268,2022-23,True
SX1269,2022-23,True
SX1270,2022-23,True
SX1271,2022-23,True
SX1272,2022-23,True
SX1273,2022-23,True
SX1274,2022-23,False
SX1275,2022-23,True
SX1276,2022-23,True
SX1277,2022-23,True
SX1278,2022-23,True
SX1279,2022-23,True
SX1280,2022-23,True
SX1281,2022-23,True
SX1282,2022-23,True
SX1283,2022-23,True
SX1284,2022-23,True
SX1285,2022-23,True
SX1286,2022-23,True
SX1287,2022-23,True
SX1288,2022-23,True
SX1289,2022-23,True
SX1290,2022-23,True
SX1291,2022-23,True
SX1292,2022-23,True
SX1293,2022-23,True
SX1294,2022-23,True
SX1295,2022-23,True
SX1296,2022-23,True
SX1297,2022-23,True
SX1298,2022-23,False
SX1299,2022-23,True
SX1300,2022-23,True
SX1301,2022-23,True
SX1302,2022-23,True
SX1303,2022-23,True
SX1304,2022-23,True
SX1305,2022-23,True
SX1306,2022-23,True
SX1307,2022-23,True
SX1308,2022-23,False
SX1309,2022-23,True
SX1310,2022-23,True
SX1311,2022-23,True
SX1312,2022-23,True
SX1313,2022-23,True
SX1314,2022-23,True
SX1315,2022-23,True
SX1316,2022-23,False
SX1317,2022-23,True
SX1318,2022-23,True
SX1319,2022-23,True
SX1320,2022-23,False
ST0003,2023-24,True
ST0006,2023-24,False
ST0008,2023-24,True
ST0009,2023-24,False
ST0011,2023-24,False
ST0012,2023-24,True
ST0014,2023-24,True
ST0015,2023-24,False
ST0019,2023-24,True
ST0022,2023-24,True
ST0023,2023-24,True
ST0026,2023-24,True
ST0030,2023-24,True
ST0031,2023-24,True
ST0036,2023-24,True
ST0037,2023-24,True
ST0046,2023-24,True
ST0049,2023-24,True
ST0051,2023-24,True
ST0053,2023-24,True
ST0055,2023-24,True
ST0060,2023-24,False
ST0063,2023-24,True
ST0065,2023-24,True
ST0067,2023-24,True
ST0069,2023-24,True
ST0071,2023-24,False
ST0072,2023-24,False
ST0073,2023-24,True
ST0074,2023-24,False
ST0075,2023-24,True
ST0082,2023-24,True
ST0083,2023-24,True
ST0085,2023-24,True
ST0096,2023-24,True
ST0099,2023-24,True
ST0101,2023-24,True
ST0105,2023-24,True
ST0111,2023-24,True
ST0117,2023-24,False
ST0121,2023-24,True
ST0131,2023-24,True
ST0132,2023-24,True
ST0134,2023-24,True
ST0135,2023-24,True
ST0136,2023-24,True
ST0138,2023-24,True
ST0140,2023-24,True
ST0143,2023-24,True
ST0145,2023-24,True
ST0146,2023-24,True
ST0148,2023-24,True
ST0151,2023-24,True
ST0153,2023-24,True
ST0157,2023-24,True
ST0161,2023-24,True
ST0166,2023-24,True
ST0167,2023-24,True
ST0171,2023-24,True
ST0174,2023-24,False
ST0176,2023-24,True
ST0178,2023-24,True
ST0180,2023-24,True
ST0181,2023-24,True
ST0182,2023-24,True
ST0189,2023-24,False
ST0192,2023-24,True
ST0194,2023-24,False
ST0196,2023-24,True
ST0199,2023-24,True
ST0201,2023-24,True
ST0202,2023-24,True
ST0203,2023-24,True
ST0207,2023-24,False
ST0209,2023-24,True
ST0210,2023-24,True
ST0216,2023-24,True
ST0218,2023-24,True
ST0229,2023-24,True
ST0233,2023-24,True
ST0236,2023-24,False
ST0242,2023-24,True
ST0245,2023-24,True
ST0249,2023-24,True
ST0252,2023-24,True
ST0253,2023-24,True
ST0256,2023-24,True
ST0259,2023-24,True
ST0260,2023-24,True
ST0261,2023-24,True
ST0262,2023-24,True
ST0265,2023-24,True
ST0266,2023-24,True
ST0267,2023-24,True
ST0270,2023-24,True
ST0272,2023-24,False
ST0275,2023-24,True
ST0276,2023-24,True
ST0280,2023-24,True
ST0284,2023-24,False
ST0286,2023-24,True
ST0287,2023-24,True
ST0289,2023-24,True
ST0293,2023-24,True
ST0294,2023-24,True
ST0297,2023-24,True
ST0301,2023-24,False
ST0307,2023-24,True
ST0310,2023-24,True
ST0311,2023-24,True
ST0318,2023-24,True
ST0323,2023-24,True
ST0329,2023-24,True
ST0333,2023-24,True
ST0334,2023-24,True
ST0341,2023-24,False
ST0345,2023-24,False
ST0346,2023-24,True
ST0348,2023-24,True
ST0353,2023-24,True
ST0354,2023-24,True
ST0355,2023-24,True
ST0357,2023-24,True
ST0359,2023-24,True
ST0361,2023-24,False
ST0363,2023-24,True
ST0369,2023-24,True
ST0371,2023-24,True
ST0379,2023-24,True
ST0383,2023-24,True
ST0392,2023-24,True
ST0398,2023-24,True
ST0400,2023-24,True
ST0404,2023-24,True
ST0405,2023-24,False
ST0406,2023-24,True
ST0414,2023-24,True
ST0416,2023-24,True
ST0423,2023-24,True
ST0425,2023-24,False
ST0426,2023-24,True
ST0427,2023-24,True
ST0435,2023-24,True
ST0436,2023-24,True
ST0439,2023-24,True
ST0445,2023-24,True
ST0446,2023-24,True
ST0448,2023-24,True
ST0457,2023-24,False
ST0459,2023-24,True
ST0461,2023-24,False
ST0463,2023-24,True
ST0466,2023-24,True
ST0467,2023-24,True
ST0473,2023-24,True
ST0474,2023-24,True
ST0475,2023-24,True
ST0477,2023-24,True
ST0479,2023-24,False
ST0484,2023-24,True
ST0490,2023-24,True
ST0493,2023-24,True
ST0498,2023-24,True
ST0507,2023-24,True
ST0511,2023-24,True
ST0520,2023-24,True
ST0521,2023-24,True
ST0526,2023-24,True
ST0528,2023-24,True
ST0530,2023-24,True
ST0532,2023-24,True
ST0533,2023-24,True
ST0547,2023-24,True
ST0548,2023-24,True
ST0550,2023-24,True
ST0561,2023-24,True
ST0562,2023-24,True
ST0563,2023-24,True
ST0564,2023-24,True
ST0565,2023-24,True
ST0566,2023-24,True
ST0567,2023-24,True
ST0568,2023-24,True
ST0569,2023-24,True
ST0571,2023-24,True
ST0573,2023-24,True
ST0574,2023-24,True
ST0577,2023-24,True
ST0579,2023-24,True
ST0580,2023-24,True
ST0582,2023-24,True
ST0583,2023-24,True
ST0588,2023-24,False
ST0590,2023-24,True
ST0600,2023-24,True
ST0602,2023-24,True
ST0604,2023-24,True
ST0605,2023-24,True
ST0607,2023-24,True
ST0608,2023-24,True
ST0609,2023-24,True
ST0611,2023-24,True
ST0619,2023-24,False
ST0628,2023-24,True
ST0632,2023-24,True
ST0635,2023-24,True
ST0636,2023-24,True
ST0640,2023-24,False
ST0641,2023-24,True
ST0642,2023-24,True
ST0649,2023-24,True
ST0651,2023-24,True
ST0652,2023-24,True
ST0654,2023-24,True
ST0655,2023-24,True
ST0657,2023-24,True
ST0658,2023-24,False
ST0660,2023-24,True
ST0661,2023-24,True
ST0665,2023-24,True
ST0666,2023-24,True
ST0667,2023-24,True
ST0669,2023-24,True
ST0671,2023-24,False
ST0672,2023-24,True
ST0673,2023-24,True
ST0674,2023-24,True
ST0676,2023-24,False
ST0680,2023-24,True
ST0681,2023-24,False
ST0682,2023-24,True
ST0683,2023-24,True
ST0684,2023-24,True
ST0688,2023-24,True
ST0696,2023-24,True
ST0698,2023-24,True
ST0700,2023-24,True
ST0704,2023-24,False
ST0706,2023-24,True
ST0709,2023-24,True
ST0720,2023-24,True
ST0724,2023-24,True
ST0725,2023-24,True
ST0726,2023-24,True
ST0731,2023-24,True
ST0734,2023-24,True
ST0737,2023-24,True
ST0738,2023-24,False
ST0739,2023-24,True
ST0743,2023-24,False
ST0744,2023-24,True
ST0746,2023-24,True
ST0748,2023-24,False
ST0751,2023-24,True
ST0754,2023-24,True
ST0761,2023-24,True
ST0762,2023-24,True
ST0763,2023-24,True
ST0765,2023-24,True
ST0768,2023-24,True
ST0773,2023-24,True
ST0795,2023-24,True
ST0799,2023-24,True
ST0800,2023-24,True
ST0801,2023-24,True
ST0802,2023-24,True
ST0803,2023-24,True
ST0808,2023-24,True
ST0809,2023-24,True
ST0810,2023-24,True
ST0814,2023-24,True
ST0815,2023-24,True
ST0816,2023-24,True
ST0817,2023-24,True
ST0820,2023-24,True
ST0822,2023-24,True
ST0823,2023-24,True
ST0828,2023-24,False
ST0830,2023-24,True
ST0834,2023-24,True
ST0836,2023-24,True
ST0840,2023-24,True
ST0843,2023-24,True
ST0854,2023-24,True
ST0856,2023-24,True
ST0857,2023-24,True
ST0858,2023-24,True
ST0861,2023-24,True
ST0862,2023-24,True
ST0865,2023-24,True
ST0866,2023-24,False
ST0867,2023-24,False
ST0870,2023-24,True
ST0871,2023-24,True
ST0873,2023-24,True
ST0874,2023-24,True
ST0875,2023-24,True
ST0877,2023-24,True
ST0878,2023-24,True
ST0879,2023-24,True
ST0883,2023-24,True
ST0885,2023-24,True
ST0889,2023-24,True
ST0891,2023-24,True
ST0895,2023-24,True
ST0896,2023-24,True
ST0897,2023-24,True
ST0907,2023-24,True
ST0912,2023-24,True
ST0913,2023-24,True
ST0914,2023-24,True
ST0918,2023-24,True
ST0921,2023-24,True
ST0922,2023-24,True
ST0923,2023-24,True
ST0927,2023-24,True
ST0929,2023-24,True
ST0930,2023-24,False
ST0934,2023-24,True
ST0936,2023-24,True
ST0937,2023-24,True
ST0938,2023-24,True
ST0943,2023-24,True
ST0944,2023-24,True
ST0951,2023-24,True
ST0958,2023-24,True
ST0962,2023-24,True
ST0965,2023-24,True
ST0966,2023-24,True
ST0968,2023-24,True
ST0969,2023-24,True
ST0973,2023-24,True
ST0974,2023-24,True
ST0975,2023-24,True
ST0979,2023-24,False
ST0983,2023-24,True
ST0988,2023-24,True
ST0994,2023-24,True
ST0999,2023-24,True
ST1000,2023-24,True
SX0661,2023-24,True
SX0662,2023-24,True
SX0663,2023-24,True
SX0664,2023-24,True
SX0665,2023-24,True
SX0666,2023-24,True
SX0667,2023-24,True
SX0668,2023-24,True
SX0669,2023-24,True
SX0670,2023-24,False
SX0671,2023-24,False
SX0672,2023-24,False
SX0673,2023-24,True
SX0674,2023-24,True
SX0675,2023-24,True
SX0676,2023-24,True
SX0677,2023-24,True
SX0678,2023-24,True
SX0679,2023-24,True
SX0680,2023-24,True
SX0681,2023-24,True
SX0682,2023-24,True
SX0683,2023-24,False
SX0684,2023-24,True
SX0685,2023-24,True
SX0686,2023-24,True
SX0687,2023-24,True
SX0688,2023-24,True
SX0689,2023-24,False
SX0690,2023-24,True
SX0691,2023-24,True
SX0692,2023-24,True
SX0693,2023-24,True
SX0694,2023-24,True
SX0695,2023-24,False
SX0696,2023-24,True
SX0697,2023-24,False
SX0698,2023-24,True
SX0699,2023-24,False
SX0700,2023-24,True
SX0701,2023-24,True
SX0702,2023-24,True
SX0703,2023-24,True
SX0704,2023-24,True
SX0705,2023-24,True
SX0706,2023-24,True
SX0707,2023-24,True
SX0708,2023-24,True
SX0709,2023-24,True
SX0710,2023-24,True
SX0711,2023-24,True
SX0712,2023-24,False
SX0713,2023-24,True
SX0714,2023-24,True
SX0715,2023-24,True
SX0716,2023-24,True
SX0717,2023-24,True
SX0718,2023-24,True
SX0719,2023-24,True
SX0720,2023-24,True
SX0721,2023-24,True
SX0722,2023-24,False
SX0723,2023-24,True
SX0724,2023-24,True
SX0725,2023-24,True
SX0726,2023-24,True
SX0727,2023-24,False
SX0728,2023-24,True
SX0729,2023-24,True
SX0730,2023-24,True
SX0731,2023-24,True
SX0732,2023-24,True
SX0733,2023-24,True
SX0734,2023-24,True
SX0735,2023-24,True
SX0736,2023-24,True
SX0737,2023-24,True
SX0738,2023-24,True
SX0739,2023-24,True
SX0740,2023-24,True
SX0741,2023-24,True
SX0742,2023-24,False
SX0743,2023-24,True
SX0744,2023-24,True
SX0745,2023-24,True
SX0746,2023-24,True
SX0747,2023-24,True
SX0748,2023-24,True
SX0749,2023-24,True
SX0750,2023-24,True
SX0751,2023-24,False
SX0752,2023-24,True
SX0753,2023-24,True
SX0754,2023-24,False
SX0755,2023-24,True
SX0756,2023-24,True
SX0757,2023-24,True
SX0758,2023-24,True
SX0759,2023-24,True
SX0760,2023-24,True
SX0761,2023-24,True
SX0762,2023-24,True
SX0763,2023-24,True
SX0764,2023-24,True
SX0765,2023-24,True
SX0766,2023-24,True
SX0767,2023-24,True
SX0768,2023-24,True
SX0769,2023-24,True
SX0770,2023-24,False
SX0771,2023-24,True
SX0772,2023-24,True
SX0773,2023-24,True
SX0774,2023-24,True
SX0775,2023-24,True
SX0776,2023-24,True
SX0777,2023-24,True
SX0778,2023-24,True
SX0779,2023-24,True
SX0780,2023-24,True
SX0781,2023-24,True
SX0782,2023-24,True
SX0783,2023-24,True
SX0784,2023-24,True
SX0785,2023-24,False
SX0786,2023-24,False
SX0787,2023-24,False
SX0788,2023-24,True
SX0789,2023-24,True
SX0790,2023-24,True
SX0791,2023-24,False
SX0792,2023-24,True
SX0793,2023-24,True
SX0794,2023-24,True
SX0795,2023-24,True
SX0796,2023-24,True
SX0797,2023-24,False
SX0798,2023-24,True
SX0799,2023-24,True
SX0800,2023-24,True
SX0801,2023-24,True
SX0802,2023-24,True
SX0803,2023-24,False
SX0804,2023-24,False
SX0805,2023-24,False
SX0806,2023-24,True
SX0807,2023-24,True
SX0808,2023-24,True
SX0809,2023-24,True
SX0810,2023-24,True
SX0811,2023-24,True
SX0812,2023-24,False
SX0813,2023-24,True
SX0814,2023-24,True
SX0815,2023-24,True
SX0816,2023-24,True
SX0817,2023-24,True
SX0818,2023-24,True
SX0819,2023-24,True
SX0820,2023-24,False
SX0821,2023-24,True
SX0822,2023-24,True
SX0823,2023-24,True
SX0824,2023-24,False
SX0825,2023-24,True
SX0826,2023-24,True
SX0827,2023-24,True
SX0828,2023-24,True
SX0829,2023-24,True
SX0830,2023-24,True
SX0831,2023-24,True
SX0832,2023-24,True
SX0833,2023-24,True
SX0834,2023-24,True
SX0835,2023-24,True
SX0836,2023-24,True
SX0837,2023-24,True
SX0838,2023-24,True
SX0839,2023-24,True
SX0840,2023-24,True
SX0841,2023-24,False
SX0842,2023-24,True
SX0843,2023-24,True
SX0844,2023-24,False
SX0845,2023-24,True
SX0846,2023-24,False
SX0847,2023-24,True
SX0848,2023-24,True
SX0849,2023-24,True
SX0850,2023-24,True
SX0851,2023-24,True
SX0852,2023-24,True
SX0853,2023-24,True
SX0854,2023-24,True
SX0855,2023-24,False
SX0856,2023-24,True
SX0857,2023-24,True
SX0858,2023-24,True
SX0859,2023-24,True
SX0860,2023-24,True
SX0861,2023-24,True
SX0862,2023-24,False
SX0863,2023-24,True
SX0864,2023-24,True
SX0865,2023-24,True
SX0866,2023-24,True
SX0867,2023-24,True
SX0868,2023-24,True
SX0869,2023-24,True
SX0870,2023-24,True
SX0871,2023-24,False
SX0872,2023-24,True
SX0873,2023-24,True
SX0874,2023-24,True
SX0875,2023-24,True
SX0876,2023-24,True
SX0877,2023-24,True
SX0878,2023-24,True
SX0879,2023-24,False
SX0880,2023-24,True
SX0881,2023-24,True
SX0882,2023-24,False
SX0883,2023-24,True
SX0884,2023-24,True
SX0885,2023-24,True
SX0886,2023-24,True
SX0887,2023-24,True
SX0888,2023-24,False
SX0889,2023-24,True
SX0890,2023-24,True
SX0891,2023-24,True
SX0892,2023-24,True
SX0893,2023-24,True
SX0894,2023-24,True
SX0895,2023-24,True
SX0896,2023-24,True
SX0897,2023-24,True
SX0898,2023-24,False
SX0899,2023-24,True
SX0900,2023-24,True
SX0901,2023-24,False
SX0902,2023-24,True
SX0903,2023-24,True
SX0904,2023-24,True
SX0905,2023-24,True
SX0906,2023-24,True
SX0907,2023-24,True
SX0908,2023-24,True
SX0909,2023-24,True
SX0910,2023-24,True
SX0911,2023-24,False
SX0912,2023-24,True
SX0913,2023-24,True
SX0914,2023-24,True
SX0915,2023-24,True
SX0916,2023-24,True
SX0917,2023-24,True
SX0918,2023-24,True
SX0919,2023-24,True
SX0920,2023-24,True
SX0921,2023-24,True
SX0922,2023-24,True
SX0923,2023-24,True
SX0924,2023-24,True
SX0925,2023-24,True
SX0926,2023-24,True
SX0927,2023-24,True
SX0928,2023-24,True
SX0929,2023-24,True
SX0930,2023-24,True
SX0931,2023-24,True
SX0932,2023-24,True
SX0933,2023-24,False
SX0934,2023-24,True
SX0935,2023-24,True
SX0936,2023-24,False
SX0937,2023-24,False
SX0938,2023-24,True
SX0939,2023-24,True
SX0940,2023-24,True
SX0941,2023-24,True
SX0942,2023-24,False
SX0943,2023-24,False
SX0944,2023-24,True
SX0945,2023-24,True
SX0946,2023-24,True
SX0947,2023-24,True
SX0948,2023-24,True
SX0949,2023-24,True
SX0950,2023-24,True
SX0951,2023-24,True
SX0952,2023-24,True
SX0953,2023-24,True
SX0954,2023-24,True
SX0955,2023-24,True
SX0956,2023-24,True
SX0957,2023-24,True
SX0958,2023-24,True
SX0959,2023-24,True
SX0960,2023-24,True
SX0961,2023-24,True
SX0962,2023-24,True
SX0963,2023-24,True
SX0964,2023-24,True
SX0965,2023-24,True
SX0966,2023-24,True
SX0967,2023-24,True
SX0968,2023-24,True
SX0969,2023-24,True
SX0970,2023-24,True
SX0971,2023-24,True
SX0972,2023-24,True
SX0973,2023-24,True
SX0974,2023-24,True
SX0975,2023-24,True
SX0976,2023-24,True
SX0977,2023-24,True
SX0978,2023-24,True
SX0979,2023-24,True
SX0980,2023-24,True
SX0981,2023-24,True
SX0982,2023-24,True
SX0983,2023-24,True
SX0984,2023-24,True
SX0985,2023-24,True
SX0986,2023-24,True
SX0987,2023-24,False
SX0988,2023-24,True
SX0989,2023-24,True
SX0990,2023-24,True
SX0991,2023-24,True
SX0992,2023-24,True
SX0993,2023-24,True
SX0994,2023-24,True
SX0995,2023-24,True
SX0996,2023-24,True
SX0997,2023-24,True
SX0998,2023-24,True
SX0999,2023-24,True
SX1000,2023-24,True
SX1001,2023-24,True
SX1002,2023-24,True
SX1003,2023-24,True
SX1004,2023-24,True
SX1005,2023-24,True
SX1006,2023-24,True
SX1007,2023-24,True
SX1008,2023-24,True
SX1009,2023-24,True
SX1010,2023-24,True
SX1011,2023-24,True
SX1012,2023-24,True
SX1013,2023-24,True
SX1014,2023-24,True
SX1015,2023-24,True
SX1016,2023-24,False
SX1017,2023-24,True
SX1018,2023-24,True
SX1019,2023-24,True
SX1020,2023-24,True
SX1021,2023-24,True
SX1022,2023-24,True
SX1023,2023-24,False
SX1024,2023-24,True
SX1025,2023-24,True
SX1026,2023-24,True
SX1027,2023-24,True
SX1028,2023-24,True
SX1029,2023-24,False
SX1030,2023-24,True
SX1031,2023-24,True
SX1032,2023-24,True
SX1033,2023-24,True
SX1034,2023-24,False
SX1035,2023-24,False
SX1036,2023-24,True
SX1037,2023-24,True
SX1038,2023-24,True
SX1039,2023-24,True
SX1040,2023-24,False
SX1041,2023-24,False
SX1042,2023-24,False
SX1043,2023-24,True
SX1044,2023-24,True
SX1045,2023-24,True
SX1046,2023-24,False
SX1047,2023-24,False
SX1048,2023-24,True
SX1049,2023-24,True
SX1050,2023-24,True
SX1051,2023-24,True
SX1052,2023-24,True
SX1053,2023-24,True
SX1054,2023-24,True
SX1055,2023-24,True
SX1056,2023-24,True
SX1057,2023-24,True
SX1058,2023-24,True
SX1059,2023-24,True
SX1060,2023-24,True
SX1061,2023-24,True
SX1062,2023-24,True
SX1063,2023-24,True
SX1064,2023-24,True
SX1065,2023-24,True
SX1066,2023-24,True
SX1067,2023-24,True
SX1068,2023-24,True
SX1069,2023-24,True
SX1070,2023-24,True
SX1071,2023-24,True
SX1072,2023-24,True
SX1073,2023-24,True
SX1074,2023-24,True
SX1075,2023-24,True
SX1076,2023-24,True
SX1077,2023-24,True
SX1078,2023-24,True
SX1079,2023-24,True
SX1080,2023-24,True
SX1081,2023-24,True
SX1082,2023-24,True
SX1083,2023-24,True
SX1084,2023-24,True
SX1085,2023-24,True
SX1086,2023-24,True
SX1087,2023-24,True
SX1088,2023-24,True
SX1089,2023-24,True
SX1090,2023-24,True
SX1091,2023-24,True
SX1092,2023-24,True
SX1093,2023-24,True
SX1094,2023-24,True
SX1095,2023-24,True
SX1096,2023-24,True
SX1097,2023-24,True
SX1098,2023-24,True
SX1099,2023-24,True
SX1100,2023-24,True
SX1101,2023-24,True
SX1102,2023-24,True
SX1103,2023-24,True
SX1104,2023-24,True
SX1105,2023-24,True
SX1106,2023-24,True
SX1107,2023-24,True
SX1108,2023-24,True
SX1109,2023-24,True
SX1110,2023-24,True
SX1111,2023-24,False
SX1112,2023-24,True
SX1113,2023-24,True
SX1114,2023-24,False
SX1115,2023-24,True
SX1116,2023-24,True
SX1117,2023-24,True
SX1118,2023-24,True
SX1119,2023-24,True
SX1120,2023-24,True
SX1121,2023-24,True
SX1122,2023-24,True
SX1123,2023-24,False
SX1124,2023-24,True
SX1125,2023-24,True
SX1126,2023-24,True
SX1127,2023-24,True
SX1128,2023-24,True
SX1129,2023-24,True
SX1130,2023-24,True
SX1131,2023-24,True
SX1132,2023-24,True
SX1133,2023-24,True
SX1134,2023-24,False
SX1135,2023-24,True
SX1136,2023-24,True
SX1137,2023-24,True
SX1138,2023-24,False
SX1139,2023-24,True
SX1140,2023-24,True
SX1141,2023-24,True
SX1142,2023-24,True
SX1143,2023-24,True
SX1144,2023-24,False
SX1145,2023-24,False
SX1146,2023-24,True
SX1147,2023-24,False
SX1148,2023-24,True
SX1149,2023-24,True
SX1150,2023-24,True
SX1151,2023-24,True
SX1152,2023-24,True
SX1153,2023-24,True
SX1154,2023-24,True
SX1155,2023-24,True
SX1156,2023-24,True
SX1157,2023-24,True
SX1158,2023-24,True
SX1159,2023-24,False
SX1160,2023-24,True
SX1161,2023-24,True
SX1162,2023-24,True
SX1163,2023-24,True
SX1164,2023-24,False
SX1165,2023-24,False
SX1166,2023-24,True
SX1167,2023-24,True
SX1168,2023-24,True
SX1169,2023-24,True
SX1170,2023-24,True
SX1171,2023-24,True
SX1172,2023-24,True
SX1173,2023-24,True
SX1174,2023-24,True
SX1175,2023-24,True
SX1176,2023-24,True
SX1177,2023-24,True
SX1178,2023-24,True
SX1179,2023-24,True
SX1180,2023-24,True
SX1181,2023-24,True
SX1182,2023-24,True
SX1183,2023-24,True
SX1184,2023-24,True
SX1185,2023-24,True
SX1186,2023-24,True
SX1187,2023-24,True
SX1188,2023-24,False
SX1189,2023-24,True
SX1190,2023-24,True
SX1191,2023-24,True
SX1192,2023-24,True
SX1193,2023-24,True
SX1194,2023-24,True
SX1195,2023-24,False
SX1196,2023-24,True
SX1197,2023-24,True
SX1198,2023-24,True
SX1199,2023-24,False
SX1200,2023-24,True
SX1201,2023-24,True
SX1202,2023-24,True
SX1203,2023-24,True
SX1204,2023-24,True
SX1205,2023-24,False
SX1206,2023-24,True
SX1207,2023-24,True
SX1208,2023-24,False
SX1209,2023-24,False
SX1210,2023-24,True
SX1211,2023-24,True
SX1212,2023-24,True
SX1213,2023-24,True
SX1214,2023-24,True
SX1215,2023-24,True
SX1216,2023-24,True
SX1217,2023-24,True
SX1218,2023-24,True
SX1219,2023-24,True
SX1220,2023-24,True
SX1221,2023-24,True
SX1222,2023-24,True
SX1223,2023-24,True
SX1224,2023-24,True
SX1225,2023-24,True
SX1226,2023-24,True
SX1227,2023-24,True
SX1228,2023-24,True
SX1229,2023-24,True
SX1230,2023-24,True
SX1231,2023-24,True
SX1232,2023-24,True
SX1233,2023-24,True
SX1234,2023-24,True
SX1235,2023-24,True
SX1236,2023-24,True
SX1237,2023-24,True
SX1238,2023-24,True
SX1239,2023-24,True
SX1240,2023-24,True
SX1241,2023-24,True
SX1242,2023-24,True
SX1243,2023-24,True
SX1244,2023-24,True
SX1245,2023-24,True
SX1246,2023-24,True
SX1247,2023-24,False
SX1248,2023-24,True
SX1249,2023-24,True
SX1250,2023-24,True
SX1251,2023-24,True
SX1252,2023-24,True
SX1253,2023-24,True
SX1254,2023-24,False
SX1255,2023-24,True
SX1256,2023-24,True
SX1257,2023-24,True
SX1258,2023-24,True
SX1259,2023-24,True
SX1260,2023-24,True
SX1261,2023-24,True
SX1262,2023-24,True
SX1263,2023-24,True
SX1264,2023-24,True
SX1265,2023-24,True
SX1266,2023-24,True
SX1267,2023-24,True
SX1268,2023-24,True
SX1269,2023-24,True
SX1270,2023-24,True
SX1271,2023-24,True
SX1272,2023-24,True
SX1273,2023-24,True
SX1274,2023-24,False
SX1275,2023-24,False
SX1276,2023-24,True
SX1277,2023-24,True
SX1278,2023-24,True
SX1279,2023-24,True
SX1280,2023-24,True
SX1281,2023-24,False
SX1282,2023-24,True
SX1283,2023-24,True
SX1284,2023-24,False
SX1285,2023-24,True
SX1286,2023-24,True
SX1287,2023-24,True
SX1288,2023-24,False
SX1289,2023-24,True
SX1290,2023-24,False
SX1291,2023-24,True
SX1292,2023-24,True
SX1293,2023-24,True
SX1294,2023-24,True
SX1295,2023-24,True
SX1296,2023-24,True
SX1297,2023-24,True
SX1298,2023-24,True
SX1299,2023-24,True
SX1300,2023-24,True
SX1301,2023-24,False
SX1302,2023-24,True
SX1303,2023-24,True
SX1304,2023-24,False
SX1305,2023-24,True
SX1306,2023-24,True
SX1307,2023-24,True
SX1308,2023-24,True
SX1309,2023-24,True
SX1310,2023-24,False
SX1311,2023-24,True
SX1312,2023-24,True
SX1313,2023-24,True
SX1314,2023-24,True
SX1315,2023-24,True
SX1316,2023-24,True
SX1317,2023-24,True
SX1318,2023-24,True
SX1319,2023-24,False
SX1320,2023-24,True
ST0002,2024-25,True
ST0003,2024-25,True
ST0004,2024-25,True
ST0006,2024-25,True
ST0007,2024-25,False
ST0008,2024-25,True
ST0009,2024-25,True
ST0010,2024-25,True
ST0011,2024-25,True
ST0012,2024-25,True
ST0013,2024-25,True
ST0014,2024-25,True
ST0015,2024-25,True
ST0017,2024-25,False
ST0019,2024-25,True
ST0022,2024-25,True
ST0023,2024-25,True
ST0025,2024-25,True
ST0026,2024-25,True
ST0028,2024-25,False
ST0030,2024-25,True
ST0031,2024-25,True
ST0032,2024-25,False
ST0035,2024-25,False
ST0036,2024-25,True
ST0037,2024-25,True
ST0038,2024-25,True
ST0040,2024-25,False
ST0044,2024-25,True
ST0046,2024-25,True
ST0047,2024-25,False
ST0048,2024-25,True
ST0049,2024-25,True
ST0050,2024-25,True
ST0051,2024-25,True
ST0052,2024-25,True
ST0053,2024-25,False
ST0054,2024-25,False
ST0055,2024-25,True
ST0060,2024-25,True
ST0061,2024-25,True
ST0062,2024-25,True
ST0063,2024-25,True
ST0064,2024-25,True
ST0065,2024-25,False
ST0066,2024-25,True
ST0067,2024-25,True
ST0069,2024-25,True
ST0071,2024-25,False
ST0072,2024-25,True
ST0073,2024-25,True
ST0074,2024-25,True
ST0075,2024-25,False
ST0076,2024-25,True
ST0077,2024-25,True
ST0079,2024-25,True
ST0082,2024-25,True
ST0083,2024-25,False
ST0084,2024-25,True
ST0085,2024-25,True
ST0086,2024-25,True
ST0091,2024-25,True
ST0092,2024-25,True
ST0096,2024-25,True
ST0098,2024-25,True
ST0099,2024-25,True
ST0101,2024-25,True
ST0102,2024-25,True
ST0103,2024-25,True
ST0105,2024-25,True
ST0106,2024-25,False
ST0108,2024-25,True
ST0110,2024-25,True
ST0111,2024-25,True
ST0112,2024-25,True
ST0113,2024-25,True
ST0117,2024-25,True
ST0118,2024-25,True
ST0119,2024-25,False
ST0120,2024-25,True
ST0121,2024-25,True
ST0122,2024-25,True
ST0123,2024-25,True
ST0125,2024-25,True
ST0126,2024-25,False
ST0127,2024-25,False
ST0128,2024-25,True
ST0130,2024-25,True
ST0131,2024-25,True
ST0132,2024-25,True
ST0133,2024-25,True
ST0134,2024-25,True
ST0135,2024-25,True
ST0136,2024-25,True
ST0138,2024-25,True
ST0140,2024-25,True
ST0141,2024-25,True
ST0143,2024-25,True
ST0145,2024-25,True
ST0146,2024-25,False
ST0148,2024-25,True
ST0149,2024-25,True
ST0150,2024-25,True
ST0151,2024-25,True
ST0152,2024-25,True
ST0153,2024-25,True
ST0154,2024-25,True
ST0155,2024-25,True
ST0157,2024-25,True
ST0158,2024-25,True
ST0159,2024-25,True
ST0161,2024-25,True
ST0162,2024-25,True
ST0163,2024-25,True
ST0165,2024-25,False
ST0166,2024-25,True
ST0167,2024-25,True
ST0168,2024-25,True
ST0169,2024-25,False
ST0170,2024-25,True
ST0171,2024-25,True
ST0174,2024-25,True
ST0175,2024-25,True
ST0176,2024-25,True
ST0177,2024-25,True
ST0178,2024-25,True
ST0179,2024-25,True
ST0180,2024-25,True
ST0181,2024-25,True
ST0182,2024-25,True
ST0183,2024-25,True
ST0184,2024-25,True
ST0187,2024-25,True
ST0188,2024-25,True
ST0189,2024-25,True
ST0190,2024-25,True
ST0191,2024-25,True
ST0192,2024-25,True
ST0193,2024-25,True
ST0194,2024-25,True
ST0196,2024-25,True
ST0198,2024-25,True
ST0199,2024-25,True
ST0201,2024-25,False
ST0202,2024-25,True
ST0203,2024-25,True
ST0204,2024-25,True
ST0205,2024-25,True
ST0207,2024-25,False
ST0209,2024-25,True
ST0210,2024-25,True
ST0212,2024-25,False
ST0213,2024-25,True
ST0216,2024-25,True
ST0217,2024-25,True
ST0218,2024-25,True
ST0219,2024-25,False
ST0221,2024-25,True
ST0225,2024-25,True
ST0226,2024-25,True
ST0227,2024-25,True
ST0229,2024-25,True
ST0230,2024-25,True
ST0231,2024-25,False
ST0232,2024-25,True
ST0233,2024-25,False
ST0236,2024-25,False
ST0238,2024-25,False
ST0240,2024-25,True
ST0242,2024-25,True
ST0244,2024-25,True
ST0245,2024-25,True
ST0246,2024-25,True
ST0247,2024-25,True
ST0248,2024-25,True
ST0249,2024-25,True
ST0250,2024-25,True
ST0252,2024-25,True
ST0253,2024-25,True
ST0255,2024-25,True
ST0256,2024-25,True
ST0257,2024-25,True
ST0259,2024-25,True
ST0260,2024-25,True
ST0261,2024-25,True
ST0262,2024-25,True
ST0264,2024-25,True
ST0265,2024-25,True
ST0266,2024-25,True
ST0267,2024-25,True
ST0270,2024-25,True
ST0271,2024-25,True
ST0272,2024-25,True
ST0273,2024-25,True
ST0275,2024-25,True
ST0276,2024-25,True
ST0277,2024-25,True
ST0278,2024-25,True
ST0280,2024-25,True
ST0282,2024-25,True
ST0283,2024-25,True
ST0284,2024-25,True
ST0285,2024-25,True
ST0286,2024-25,True
ST0287,2024-25,True
ST0288,2024-25,True
ST0289,2024-25,True
ST0293,2024-25,True
ST0294,2024-25,True
ST0297,2024-25,True
ST0301,2024-25,True
ST0304,2024-25,True
ST0305,2024-25,False
ST0306,2024-25,True
ST0307,2024-25,True
ST0309,2024-25,True
ST0310,2024-25,True
ST0311,2024-25,True
ST0312,2024-25,True
ST0313,2024-25,True
ST0314,2024-25,True
ST0315,2024-25,True
ST0316,2024-25,True
ST0317,2024-25,True
ST0318,2024-25,True
ST0323,2024-25,True
ST0324,2024-25,True
ST0328,2024-25,True
ST0329,2024-25,True
ST0333,2024-25,True
ST0334,2024-25,False
ST0336,2024-25,True
ST0338,2024-25,True
ST0339,2024-25,True
ST0341,2024-25,True
ST0342,2024-25,True
ST0343,2024-25,True
ST0344,2024-25,True
ST0345,2024-25,True
ST0346,2024-25,True
ST0348,2024-25,True
ST0349,2024-25,True
ST0350,2024-25,True
ST0353,2024-25,True
ST0354,2024-25,True
ST0355,2024-25,True
ST0357,2024-25,True
ST0358,2024-25,True
ST0359,2024-25,True
ST0361,2024-25,False
ST0363,2024-25,True
ST0366,2024-25,True
ST0367,2024-25,True
ST0368,2024-25,True
ST0369,2024-25,True
ST0371,2024-25,True
ST0372,2024-25,True
ST0374,2024-25,True
ST0375,2024-25,True
ST0379,2024-25,True
ST0381,2024-25,True
ST0383,2024-25,True
ST0388,2024-25,True
ST0389,2024-25,True
ST0392,2024-25,True
ST0393,2024-25,True
ST0397,2024-25,True
ST0398,2024-25,True
ST0399,2024-25,True
ST0400,2024-25,True
ST0401,2024-25,True
ST0402,2024-25,True
ST0403,2024-25,True
ST0404,2024-25,False
ST0405,2024-25,True
ST0406,2024-25,True
ST0409,2024-25,False
ST0411,2024-25,True
ST0412,2024-25,True
ST0413,2024-25,True
ST0414,2024-25,True
ST0416,2024-25,True
ST0417,2024-25,True
ST0423,2024-25,True
ST0425,2024-25,False
ST0426,2024-25,True
ST0427,2024-25,True
ST0430,2024-25,True
ST0431,2024-25,False
ST0432,2024-25,True
ST0435,2024-25,True
ST0436,2024-25,True
ST0438,2024-25,True
ST0439,2024-25,False
ST0440,2024-25,True
ST0445,2024-25,True
ST0446,2024-25,True
ST0448,2024-25,True
ST0449,2024-25,True
ST0453,2024-25,True
ST0455,2024-25,True
ST0456,2024-25,True
ST0457,2024-25,True
ST0459,2024-25,False
ST0461,2024-25,True
ST0462,2024-25,True
ST0463,2024-25,True
ST0465,2024-25,True
ST0466,2024-25,False
ST0467,2024-25,True
ST0470,2024-25,True
ST0471,2024-25,True
ST0473,2024-25,True
ST0474,2024-25,True
ST0475,2024-25,True
ST0476,2024-25,True
ST0477,2024-25,True
ST0479,2024-25,False
ST0482,2024-25,False
ST0483,2024-25,True
ST0484,2024-25,False
ST0485,2024-25,True
ST0486,2024-25,True
ST0488,2024-25,True
ST0489,2024-25,True
ST0490,2024-25,True
ST0491,2024-25,True
ST0492,2024-25,True
ST0493,2024-25,True
ST0495,2024-25,True
ST0497,2024-25,True
ST0498,2024-25,True
ST0500,2024-25,True
ST0502,2024-25,True
ST0503,2024-25,True
ST0504,2024-25,True
ST0505,2024-25,True
ST0506,2024-25,True
ST0507,2024-25,False
ST0508,2024-25,True
ST0510,2024-25,True
ST0511,2024-25,True
ST0514,2024-25,True
ST0517,2024-25,True
ST0518,2024-25,True
ST0519,2024-25,False
ST0520,2024-25,True
ST0521,2024-25,True
ST0525,2024-25,True
ST0526,2024-25,True
ST0528,2024-25,True
ST0530,2024-25,False
ST0531,2024-25,False
ST0532,2024-25,True
ST0533,2024-25,True
ST0534,2024-25,True
ST0535,2024-25,True
ST0536,2024-25,True
ST0538,2024-25,True
ST0539,2024-25,True
ST0540,2024-25,True
ST0542,2024-25,False
ST0544,2024-25,True
ST0545,2024-25,True
ST0546,2024-25,True
ST0547,2024-25,True
ST0548,2024-25,True
ST0550,2024-25,True
ST0551,2024-25,True
ST0560,2024-25,True
ST0561,2024-25,True
ST0562,2024-25,True
ST0563,2024-25,True
ST0564,2024-25,True
ST0565,2024-25,True
ST0566,2024-25,True
ST0567,2024-25,True
ST0568,2024-25,True
ST0569,2024-25,True
ST0570,2024-25,True
ST0571,2024-25,False
ST0572,2024-25,True
ST0573,2024-25,True
ST0574,2024-25,True
ST0577,2024-25,False
ST0579,2024-25,True
ST0580,2024-25,True
ST0581,2024-25,True
ST0582,2024-25,True
ST0583,2024-25,False
ST0585,2024-25,True
ST0587,2024-25,True
ST0588,2024-25,True
ST0589,2024-25,True
ST0590,2024-25,True
ST0591,2024-25,True
ST0593,2024-25,True
ST0597,2024-25,True
ST0599,2024-25,True
ST0600,2024-25,True
ST0601,2024-25,True
ST0602,2024-25,True
ST0604,2024-25,True
ST0605,2024-25,True
ST0607,2024-25,True
ST0608,2024-25,True
ST0609,2024-25,False
ST0610,2024-25,True
ST0611,2024-25,True
ST0612,2024-25,False
ST0614,2024-25,True
ST0615,2024-25,True
ST0617,2024-25,True
ST0619,2024-25,False
ST0620,2024-25,True
ST0621,2024-25,True
ST0622,2024-25,True
ST0623,2024-25,True
ST0624,2024-25,True
ST0627,2024-25,True
ST0628,2024-25,True
ST0630,2024-25,True
ST0632,2024-25,True
ST0635,2024-25,True
ST0636,2024-25,True
ST0637,2024-25,True
ST0638,2024-25,True
ST0639,2024-25,True
ST0640,2024-25,True
ST0641,2024-25,True
ST0642,2024-25,True
ST0643,2024-25,True
ST0646,2024-25,True
ST0647,2024-25,True
ST0648,2024-25,True
ST0649,2024-25,True
ST0651,2024-25,False
ST0652,2024-25,True
ST0653,2024-25,True
ST0654,2024-25,False
ST0655,2024-25,True
ST0657,2024-25,True
ST0658,2024-25,True
ST0659,2024-25,True
ST0660,2024-25,True
ST0661,2024-25,False
ST0662,2024-25,True
ST0665,2024-25,True
ST0666,2024-25,True
ST0667,2024-25,True
ST0668,2024-25,True
ST0669,2024-25,True
ST0670,2024-25,True
ST0671,2024-25,True
ST0672,2024-25,True
ST0673,2024-25,True
ST0674,2024-25,True
ST0676,2024-25,True
ST0677,2024-25,True
ST0678,2024-25,False
ST0680,2024-25,True
ST0681,2024-25,True
ST0682,2024-25,False
ST0683,2024-25,True
ST0684,2024-25,True
ST0685,2024-25,True
ST0687,2024-25,True
ST0688,2024-25,True
ST0689,2024-25,True
ST0691,2024-25,True
ST0692,2024-25,True
ST0693,2024-25,True
ST0695,2024-25,True
ST0696,2024-25,True
ST0698,2024-25,True
ST0699,2024-25,False
ST0700,2024-25,True
ST0702,2024-25,True
ST0703,2024-25,True
ST0704,2024-25,True
ST0705,2024-25,False
ST0706,2024-25,True
ST0707,2024-25,False
ST0709,2024-25,True
ST0710,2024-25,False
ST0711,2024-25,True
ST0712,2024-25,True
ST0714,2024-25,True
ST0715,2024-25,True
ST0716,2024-25,True
ST0717,2024-25,True
ST0720,2024-25,True
ST0721,2024-25,True
ST0724,2024-25,True
ST0725,2024-25,True
ST0726,2024-25,False
ST0728,2024-25,True
ST0731,2024-25,True
ST0732,2024-25,True
ST0733,2024-25,True
ST0734,2024-25,True
ST0736,2024-25,True
ST0737,2024-25,True
ST0738,2024-25,True
ST0739,2024-25,True
ST0742,2024-25,True
ST0743,2024-25,True
ST0744,2024-25,False
ST0746,2024-25,True
ST0747,2024-25,True
ST0748,2024-25,True
ST0750,2024-25,True
ST0751,2024-25,True
ST0753,2024-25,True
ST0754,2024-25,True
ST0755,2024-25,True
ST0757,2024-25,True
ST0759,2024-25,True
ST0761,2024-25,True
ST0762,2024-25,True
ST0763,2024-25,False
ST0765,2024-25,True
ST0766,2024-25,False
ST0767,2024-25,True
ST0768,2024-25,True
ST0771,2024-25,True
ST0773,2024-25,False
ST0774,2024-25,False
ST0775,2024-25,True
ST0776,2024-25,True
ST0777,2024-25,False
ST0778,2024-25,True
ST0779,2024-25,False
ST0780,2024-25,True
ST0781,2024-25,True
ST0784,2024-25,False
ST0785,2024-25,True
ST0789,2024-25,True
ST0792,2024-25,True
ST0794,2024-25,True
ST0795,2024-25,True
ST0798,2024-25,True
ST0799,2024-25,True
ST0800,2024-25,True
ST0801,2024-25,True
ST0802,2024-25,True
ST0803,2024-25,True
ST0805,2024-25,True
ST0807,2024-25,True
ST0808,2024-25,False
ST0809,2024-25,True
ST0810,2024-25,True
ST0812,2024-25,True
ST0814,2024-25,True
ST0815,2024-25,True
ST0816,2024-25,True
ST0817,2024-25,True
ST0818,2024-25,True
ST0820,2024-25,True
ST0821,2024-25,True
ST0822,2024-25,True
ST0823,2024-25,True
ST0825,2024-25,True
ST0826,2024-25,True
ST0827,2024-25,True
ST0828,2024-25,True
ST0829,2024-25,True
ST0830,2024-25,True
ST0833,2024-25,False
ST0834,2024-25,True
ST0836,2024-25,False
ST0837,2024-25,True
ST0838,2024-25,True
ST0840,2024-25,True
ST0841,2024-25,True
ST0843,2024-25,True
ST0845,2024-25,True
ST0849,2024-25,True
ST0850,2024-25,True
ST0851,2024-25,True
ST0852,2024-25,False
ST0854,2024-25,True
ST0855,2024-25,True
ST0856,2024-25,True
ST0857,2024-25,True
ST0858,2024-25,True
ST0861,2024-25,True
ST0862,2024-25,True
ST0864,2024-25,True
ST0865,2024-25,True
ST0866,2024-25,True
ST0867,2024-25,True
ST0868,2024-25,False
ST0869,2024-25,True
ST0870,2024-25,False
ST0871,2024-25,True
ST0872,2024-25,True
ST0873,2024-25,True
ST0874,2024-25,True
ST0875,2024-25,True
ST0876,2024-25,True
ST0877,2024-25,False
ST0878,2024-25,True
ST0879,2024-25,True
ST0880,2024-25,True
ST0883,2024-25,True
ST0884,2024-25,True
ST0885,2024-25,True
ST0886,2024-25,True
ST0889,2024-25,True
ST0890,2024-25,True
ST0891,2024-25,True
ST0892,2024-25,True
ST0893,2024-25,True
ST0895,2024-25,True
ST0896,2024-25,True
ST0897,2024-25,True
ST0899,2024-25,False
ST0902,2024-25,True
ST0905,2024-25,True
ST0906,2024-25,False
ST0907,2024-25,True
ST0909,2024-25,True
ST0910,2024-25,True
ST0912,2024-25,True
ST0913,2024-25,True
ST0914,2024-25,True
ST0915,2024-25,False
ST0916,2024-25,True
ST0917,2024-25,True
ST0918,2024-25,True
ST0919,2024-25,True
ST0920,2024-25,True
ST0921,2024-25,True
ST0922,2024-25,True
ST0923,2024-25,True
ST0927,2024-25,True
ST0929,2024-25,True
ST0930,2024-25,True
ST0933,2024-25,True
ST0934,2024-25,True
ST0936,2024-25,True
ST0937,2024-25,True
ST0938,2024-25,True
ST0940,2024-25,True
ST0941,2024-25,True
ST0942,2024-25,True
ST0943,2024-25,True
ST0944,2024-25,True
ST0946,2024-25,False
ST0947,2024-25,True
ST0948,2024-25,True
ST0951,2024-25,True
ST0952,2024-25,False
ST0953,2024-25,True
ST0955,2024-25,True
ST0956,2024-25,True
ST0958,2024-25,False
ST0960,2024-25,False
ST0962,2024-25,True
ST0965,2024-25,True
ST0966,2024-25,True
ST0967,2024-25,False
ST0968,2024-25,True
ST0969,2024-25,True
ST0971,2024-25,True
ST0972,2024-25,True
ST0973,2024-25,True
ST0974,2024-25,True
ST0975,2024-25,True
ST0977,2024-25,False
ST0979,2024-25,True
ST0980,2024-25,True
ST0982,2024-25,True
ST0983,2024-25,True
ST0988,2024-25,True
ST0989,2024-25,True
ST0994,2024-25,True
ST0996,2024-25,True
ST0997,2024-25,True
ST0998,2024-25,False
ST0999,2024-25,True
ST1000,2024-25,True
SX0991,2024-25,True
SX0992,2024-25,False
SX0993,2024-25,True
SX0994,2024-25,True
SX0995,2024-25,True
SX0996,2024-25,True
SX0997,2024-25,False
SX0998,2024-25,True
SX0999,2024-25,True
SX1000,2024-25,True
SX1001,2024-25,False
SX1002,2024-25,True
SX1003,2024-25,True
SX1004,2024-25,True
SX1005,2024-25,True
SX1006,2024-25,True
SX1007,2024-25,True
SX1008,2024-25,True
SX1009,2024-25,False
SX1010,2024-25,True
SX1011,2024-25,False
SX1012,2024-25,True
SX1013,2024-25,True
SX1014,2024-25,True
SX1015,2024-25,True
SX1016,2024-25,True
SX1017,2024-25,True
SX1018,2024-25,True
SX1019,2024-25,True
SX1020,2024-25,True
SX1021,2024-25,False
SX1022,2024-25,True
SX1023,2024-25,False
SX1024,2024-25,False
SX1025,2024-25,True
SX1026,2024-25,True
SX1027,2024-25,True
SX1028,2024-25,True
SX1029,2024-25,True
SX1030,2024-25,True
SX1031,2024-25,True
SX1032,2024-25,True
SX1033,2024-25,True
SX1034,2024-25,True
SX1035,2024-25,False
SX1036,2024-25,True
SX1037,2024-25,False
SX1038,2024-25,True
SX1039,2024-25,True
SX1040,2024-25,True
SX1041,2024-25,False
SX1042,2024-25,True
SX1043,2024-25,True
SX1044,2024-25,True
SX1045,2024-25,True
SX1046,2024-25,True
SX1047,2024-25,True
SX1048,2024-25,False
SX1049,2024-25,True
SX1050,2024-25,True
SX1051,2024-25,True
SX1052,2024-25,True
SX1053,2024-25,True
SX1054,2024-25,False
SX1055,2024-25,False
SX1056,2024-25,True
SX1057,2024-25,True
SX1058,2024-25,True
SX1059,2024-25,True
SX1060,2024-25,True
SX1061,2024-25,True
SX1062,2024-25,True
SX1063,2024-25,True
SX1064,2024-25,False
SX1065,2024-25,False
SX1066,2024-25,True
SX1067,2024-25,True
SX1068,2024-25,True
SX1069,2024-25,True
SX1070,2024-25,True
SX1071,2024-25,True
SX1072,2024-25,True
SX1073,2024-25,True
SX1074,2024-25,True
SX1075,2024-25,True
SX1076,2024-25,True
SX1077,2024-25,True
SX1078,2024-25,True
SX1079,2024-25,False
SX1080,2024-25,True
SX1081,2024-25,True
SX1082,2024-25,True
SX1083,2024-25,True
SX1084,2024-25,True
SX1085,2024-25,False
SX1086,2024-25,True
SX1087,2024-25,True
SX1088,2024-25,True
SX1089,2024-25,True
SX1090,2024-25,True
SX1091,2024-25,True
SX1092,2024-25,True
SX1093,2024-25,True
SX1094,2024-25,True
SX1095,2024-25,True
SX1096,2024-25,True
SX1097,2024-25,True
SX1098,2024-25,False
SX1099,2024-25,True
SX1100,2024-25,False
SX1101,2024-25,True
SX1102,2024-25,False
SX1103,2024-25,True
SX1104,2024-25,True
SX1105,2024-25,True
SX1106,2024-25,True
SX1107,2024-25,True
SX1108,2024-25,True
SX1109,2024-25,False
SX1110,2024-25,False
SX1111,2024-25,True
SX1112,2024-25,True
SX1113,2024-25,True
SX1114,2024-25,False
SX1115,2024-25,True
SX1116,2024-25,True
SX1117,2024-25,True
SX1118,2024-25,True
SX1119,2024-25,True
SX1120,2024-25,True
SX1121,2024-25,True
SX1122,2024-25,True
SX1123,2024-25,True
SX1124,2024-25,True
SX1125,2024-25,True
SX1126,2024-25,True
SX1127,2024-25,False
SX1128,2024-25,False
SX1129,2024-25,False
SX1130,2024-25,True
SX1131,2024-25,True
SX1132,2024-25,False
SX1133,2024-25,True
SX1134,2024-25,True
SX1135,2024-25,True
SX1136,2024-25,True
SX1137,2024-25,True
SX1138,2024-25,True
SX1139,2024-25,True
SX1140,2024-25,True
SX1141,2024-25,False
SX1142,2024-25,True
SX1143,2024-25,False
SX1144,2024-25,False
SX1145,2024-25,True
SX1146,2024-25,True
SX1147,2024-25,True
SX1148,2024-25,True
SX1149,2024-25,True
SX1150,2024-25,False
SX1151,2024-25,True
SX1152,2024-25,False
SX1153,2024-25,True
SX1154,2024-25,True
SX1155,2024-25,False
SX1156,2024-25,True
SX1157,2024-25,True
SX1158,2024-25,False
SX1159,2024-25,True
SX1160,2024-25,False
SX1161,2024-25,True
SX1162,2024-25,False
SX1163,2024-25,True
SX1164,2024-25,True
SX1165,2024-25,True
SX1166,2024-25,True
SX1167,2024-25,True
SX1168,2024-25,True
SX1169,2024-25,True
SX1170,2024-25,True
SX1171,2024-25,True
SX1172,2024-25,False
SX1173,2024-25,False
SX1174,2024-25,True
SX1175,2024-25,True
SX1176,2024-25,True
SX1177,2024-25,True
SX1178,2024-25,True
SX1179,2024-25,True
SX1180,2024-25,True
SX1181,2024-25,True
SX1182,2024-25,True
SX1183,2024-25,False
SX1184,2024-25,True
SX1185,2024-25,True
SX1186,2024-25,True
SX1187,2024-25,True
SX1188,2024-25,True
SX1189,2024-25,True
SX1190,2024-25,True
SX1191,2024-25,True
SX1192,2024-25,False
SX1193,2024-25,True
SX1194,2024-25,True
SX1195,2024-25,False
SX1196,2024-25,True
SX1197,2024-25,True
SX1198,2024-25,True
SX1199,2024-25,True
SX1200,2024-25,True
SX1201,2024-25,True
SX1202,2024-25,True
SX1203,2024-25,True
SX1204,2024-25,True
SX1205,2024-25,True
SX1206,2024-25,True
SX1207,2024-25,True
SX1208,2024-25,True
SX1209,2024-25,True
SX1210,2024-25,False
SX1211,2024-25,True
SX1212,2024-25,True
SX1213,2024-25,True
SX1214,2024-25,True
SX1215,2024-25,True
SX1216,2024-25,False
SX1217,2024-25,True
SX1218,2024-25,True
SX1219,2024-25,True
SX1220,2024-25,True
SX1221,2024-25,True
SX1222,2024-25,True
SX1223,2024-25,True
SX1224,2024-25,False
SX1225,2024-25,True
SX1226,2024-25,False
SX1227,2024-25,True
SX1228,2024-25,True
SX1229,2024-25,True
SX1230,2024-25,True
SX1231,2024-25,True
SX1232,2024-25,True
SX1233,2024-25,True
SX1234,2024-25,False
SX1235,2024-25,True
SX1236,2024-25,True
SX1237,2024-25,True
SX1238,2024-25,True
SX1239,2024-25,True
SX1240,2024-25,True
SX1241,2024-25,True
SX1242,2024-25,True
SX1243,2024-25,True
SX1244,2024-25,False
SX1245,2024-25,True
SX1246,2024-25,True
SX1247,2024-25,True
SX1248,2024-25,True
SX1249,2024-25,True
SX1250,2024-25,True
SX1251,2024-25,True
SX1252,2024-25,True
SX1253,2024-25,False
SX1254,2024-25,True
SX1255,2024-25,True
SX1256,2024-25,True
SX1257,2024-25,True
SX1258,2024-25,True
SX1259,2024-25,True
SX1260,2024-25,True
SX1261,2024-25,True
SX1262,2024-25,True
SX1263,2024-25,True
SX1264,2024-25,True
SX1265,2024-25,True
SX1266,2024-25,False
SX1267,2024-25,True
SX1268,2024-25,True
SX1269,2024-25,True
SX1270,2024-25,True
SX1271,2024-25,True
SX1272,2024-25,False
SX1273,2024-25,True
SX1274,2024-25,True
SX1275,2024-25,True
SX1276,2024-25,False
SX1277,2024-25,True
SX1278,2024-25,True
SX1279,2024-25,True
SX1280,2024-25,True
SX1281,2024-25,False
SX1282,2024-25,True
SX1283,2024-25,True
SX1284,2024-25,True
SX1285,2024-25,True
SX1286,2024-25,True
SX1287,2024-25,True
SX1288,2024-25,True
SX1289,2024-25,True
SX1290,2024-25,True
SX1291,2024-25,True
SX1292,2024-25,True
SX1293,2024-25,True
SX1294,2024-25,True
SX1295,2024-25,True
SX1296,2024-25,True
SX1297,2024-25,True
SX1298,2024-25,True
SX1299,2024-25,False
SX1300,2024-25,True
SX1301,2024-25,True
SX1302,2024-25,False
SX1303,2024-25,True
SX1304,2024-25,True
SX1305,2024-25,False
SX1306,2024-25,True
SX1307,2024-25,True
SX1308,2024-25,True
SX1309,2024-25,True
SX1310,2024-25,True
SX1311,2024-25,False
SX1312,2024-25,True
SX1313,2024-25,True
SX1314,2024-25,True
SX1315,2024-25,True
SX1316,2024-25,False
SX1317,2024-25,False
SX1318,2024-25,False
SX1319,2024-25,True
SX1320,2024-25,False
ST0001,2025-26,True
ST0002,2025-26,True
ST0003,2025-26,True
ST0004,2025-26,True
ST0005,2025-26,True
ST0006,2025-26,True
ST0007,2025-26,True
ST0008,2025-26,True
ST0009,2025-26,False
ST0010,2025-26,True
ST0011,2025-26,True
ST0012,2025-26,True
ST0013,2025-26,True
ST0014,2025-26,True
ST0015,2025-26,True
ST0016,2025-26,True
ST0017,2025-26,True
ST0018,2025-26,True
ST0019,2025-26,True
ST0020,2025-26,True
ST0021,2025-26,True
ST0022,2025-26,True
ST0023,2025-26,True
ST0024,2025-26,True
ST0025,2025-26,True
ST0026,2025-26,True
ST0027,2025-26,True
ST0028,2025-26,True
ST0029,2025-26,True
ST0030,2025-26,True
ST0031,2025-26,True
ST0032,2025-26,True
ST0033,2025-26,True
ST0034,2025-26,True
ST0035,2025-26,True
ST0036,2025-26,True
ST0037,2025-26,True
ST0038,2025-26,True
ST0039,2025-26,True
ST0040,2025-26,True
ST0041,2025-26,True
ST0042,2025-26,True
ST0043,2025-26,True
ST0044,2025-26,True
ST0045,2025-26,True
ST0046,2025-26,True
ST0047,2025-26,False
ST0048,2025-26,True
ST0049,2025-26,False
ST0050,2025-26,True
ST0051,2025-26,True
ST0052,2025-26,True
ST0053,2025-26,True
ST0054,2025-26,True
ST0055,2025-26,True
ST0056,2025-26,True
ST0057,2025-26,False
ST0058,2025-26,True
ST0059,2025-26,True
ST0060,2025-26,True
ST0061,2025-26,True
ST0062,2025-26,True
ST0063,2025-26,False
ST0064,2025-26,True
ST0065,2025-26,True
ST0066,2025-26,True
ST0067,2025-26,True
ST0068,2025-26,True
ST0069,2025-26,True
ST0070,2025-26,True
ST0071,2025-26,True
ST0072,2025-26,True
ST0073,2025-26,True
ST0074,2025-26,True
ST0075,2025-26,True
ST0076,2025-26,True
ST0077,2025-26,True
ST0078,2025-26,True
ST0079,2025-26,True
ST0080,2025-26,True
ST0081,2025-26,True
ST0082,2025-26,True
ST0083,2025-26,True
ST0084,2025-26,True
ST0085,2025-26,True
ST0086,2025-26,True
ST0087,2025-26,True
ST0088,2025-26,True
ST0089,2025-26,True
ST0090,2025-26,True
ST0091,2025-26,True
ST0092,2025-26,True
ST0093,2025-26,True
ST0094,2025-26,True
ST0095,2025-26,True
ST0096,2025-26,True
ST0097,2025-26,True
ST0098,2025-26,True
ST0099,2025-26,True
ST0100,2025-26,True
ST0101,2025-26,True
ST0102,2025-26,True
ST0103,2025-26,True
ST0104,2025-26,True
ST0105,2025-26,True
ST0106,2025-26,True
ST0107,2025-26,True
ST0108,2025-26,True
ST0109,2025-26,True
ST0110,2025-26,True
ST0111,2025-26,True
ST0112,2025-26,True
ST0113,2025-26,False
ST0114,2025-26,True
ST0115,2025-26,True
ST0116,2025-26,True
ST0117,2025-26,True
ST0118,2025-26,True
ST0119,2025-26,True
ST0120,2025-26,True
ST0121,2025-26,False
ST0122,2025-26,True
ST0123,2025-26,True
ST0124,2025-26,True
ST0125,2025-26,True
ST0126,2025-26,True
ST0127,2025-26,True
ST0128,2025-26,True
ST0129,2025-26,True
ST0130,2025-26,True
ST0131,2025-26,True
ST0132,2025-26,True
ST0133,2025-26,True
ST0134,2025-26,True
ST0135,2025-26,True
ST0136,2025-26,True
ST0137,2025-26,True
ST0138,2025-26,True
ST0139,2025-26,True
ST0140,2025-26,False
ST0141,2025-26,True
ST0142,2025-26,True
ST0143,2025-26,True
ST0144,2025-26,True
ST0145,2025-26,True
ST0146,2025-26,True
ST0147,2025-26,True
ST0148,2025-26,True
ST0149,2025-26,True
ST0150,2025-26,True
ST0151,2025-26,False
ST0152,2025-26,True
ST0153,2025-26,True
ST0154,2025-26,True
ST0155,2025-26,False
ST0156,2025-26,False
ST0157,2025-26,True
ST0158,2025-26,True
ST0159,2025-26,True
ST0160,2025-26,True
ST0161,2025-26,False
ST0162,2025-26,True
ST0163,2025-26,True
ST0164,2025-26,True
ST0165,2025-26,False
ST0166,2025-26,True
ST0167,2025-26,True
ST0168,2025-26,True
ST0169,2025-26,False
ST0170,2025-26,True
ST0171,2025-26,True
ST0172,2025-26,True
ST0173,2025-26,False
ST0174,2025-26,True
ST0175,2025-26,True
ST0176,2025-26,True
ST0177,2025-26,False
ST0178,2025-26,True
ST0179,2025-26,True
ST0180,2025-26,True
ST0181,2025-26,True
ST0182,2025-26,True
ST0183,2025-26,True
ST0184,2025-26,True
ST0185,2025-26,True
ST0186,2025-26,False
ST0187,2025-26,False
ST0188,2025-26,True
ST0189,2025-26,True
ST0190,2025-26,True
ST0191,2025-26,True
ST0192,2025-26,True
ST0193,2025-26,True
ST0194,2025-26,True
ST0195,2025-26,True
ST0196,2025-26,True
ST0197,2025-26,True
ST0198,2025-26,True
ST0199,2025-26,True
ST0200,2025-26,True
ST0201,2025-26,True
ST0202,2025-26,True
ST0203,2025-26,True
ST0204,2025-26,True
ST0205,2025-26,True
ST0206,2025-26,True
ST0207,2025-26,True
ST0208,2025-26,True
ST0209,2025-26,True
ST0210,2025-26,False
ST0211,2025-26,True
ST0212,2025-26,True
ST0213,2025-26,True
ST0214,2025-26,True
ST0215,2025-26,True
ST0216,2025-26,True
ST0217,2025-26,True
ST0218,2025-26,True
ST0219,2025-26,True
ST0220,2025-26,True
ST0221,2025-26,True
ST0222,2025-26,True
ST0223,2025-26,False
ST0224,2025-26,True
ST0225,2025-26,True
ST0226,2025-26,False
ST0227,2025-26,True
ST0228,2025-26,True
ST0229,2025-26,True
ST0230,2025-26,True
ST0231,2025-26,True
ST0232,2025-26,True
ST0233,2025-26,True
ST0234,2025-26,True
ST0235,2025-26,True
ST0236,2025-26,True
ST0237,2025-26,True
ST0238,2025-26,True
ST0239,2025-26,True
ST0240,2025-26,True
ST0241,2025-26,True
ST0242,2025-26,True
ST0243,2025-26,True
ST0244,2025-26,True
ST0245,2025-26,True
ST0246,2025-26,True
ST0247,2025-26,True
ST0248,2025-26,True
ST0249,2025-26,True
ST0250,2025-26,True
ST0251,2025-26,True
ST0252,2025-26,True
ST0253,2025-26,True
ST0254,2025-26,True
ST0255,2025-26,True
ST0256,2025-26,True
ST0257,2025-26,True
ST0258,2025-26,True
ST0259,2025-26,True
ST0260,2025-26,True
ST0261,2025-26,True
ST0262,2025-26,True
ST0263,2025-26,True
ST0264,2025-26,True
ST0265,2025-26,False
ST0266,2025-26,False
ST0267,2025-26,True
ST0268,2025-26,True
ST0269,2025-26,True
ST0270,2025-26,True
ST0271,2025-26,True
ST0272,2025-26,True
ST0273,2025-26,True
ST0274,2025-26,True
ST0275,2025-26,True
ST0276,2025-26,True
ST0277,2025-26,True
ST0278,2025-26,True
ST0279,2025-26,True
ST0280,2025-26,True
ST0281,2025-26,True
ST0282,2025-26,True
ST0283,2025-26,True
ST0284,2025-26,True
ST0285,2025-26,True
ST0286,2025-26,True
ST0287,2025-26,True
ST0288,2025-26,True
ST0289,2025-26,True
ST0290,2025-26,True
ST0291,2025-26,True
ST0292,2025-26,True
ST0293,2025-26,True
ST0294,2025-26,True
ST0295,2025-26,True
ST0296,2025-26,True
ST0297,2025-26,True
ST0298,2025-26,True
ST0299,2025-26,True
ST0300,2025-26,False
ST0301,2025-26,True
ST0302,2025-26,True
ST0303,2025-26,True
ST0304,2025-26,True
ST0305,2025-26,False
ST0306,2025-26,True
ST0307,2025-26,True
ST0308,2025-26,True
ST0309,2025-26,True
ST0310,2025-26,True
ST0311,2025-26,False
ST0312,2025-26,True
ST0313,2025-26,True
ST0314,2025-26,True
ST0315,2025-26,True
ST0316,2025-26,True
ST0317,2025-26,True
ST0318,2025-26,True
ST0319,2025-26,True
ST0320,2025-26,True
ST0321,2025-26,True
ST0322,2025-26,True
ST0323,2025-26,True
ST0324,2025-26,True
ST0325,2025-26,False
ST0326,2025-26,True
ST0327,2025-26,True
ST0328,2025-26,True
ST0329,2025-26,True
ST0330,2025-26,True
ST0331,2025-26,True
ST0332,2025-26,True
ST0333,2025-26,True
ST0334,2025-26,True
ST0335,2025-26,True
ST0336,2025-26,True
ST0337,2025-26,True
ST0338,2025-26,True
ST0339,2025-26,True
ST0340,2025-26,True
ST0341,2025-26,True
ST0342,2025-26,True
ST0343,2025-26,True
ST0344,2025-26,True
ST0345,2025-26,True
ST0346,2025-26,True
ST0347,2025-26,True
ST0348,2025-26,True
ST0349,2025-26,True
ST0350,2025-26,False
ST0351,2025-26,False
ST0352,2025-26,True
ST0353,2025-26,True
ST0354,2025-26,False
ST0355,2025-26,True
ST0356,2025-26,True
ST0357,2025-26,True
ST0358,2025-26,True
ST0359,2025-26,True
ST0360,2025-26,True
ST0361,2025-26,True
ST0362,2025-26,True
ST0363,2025-26,True
ST0364,2025-26,True
ST0365,2025-26,True
ST0366,2025-26,True
ST0367,2025-26,True
ST0368,2025-26,True
ST0369,2025-26,True
ST0370,2025-26,True
ST0371,2025-26,True
ST0372,2025-26,True
ST0373,2025-26,True
ST0374,2025-26,True
ST0375,2025-26,True
ST0376,2025-26,True
ST0377,2025-26,True
ST0378,2025-26,True
ST0379,2025-26,True
ST0380,2025-26,True
ST0381,2025-26,True
ST0382,2025-26,True
ST0383,2025-26,True
ST0384,2025-26,True
ST0385,2025-26,True
ST0386,2025-26,True
ST0387,2025-26,True
ST0388,2025-26,True
ST0389,2025-26,True
ST0390,2025-26,True
ST0391,2025-26,True
ST0392,2025-26,True
ST0393,2025-26,True
ST0394,2025-26,True
ST0395,2025-26,True
ST0396,2025-26,False
ST0397,2025-26,True
ST0398,2025-26,True
ST0399,2025-26,True
ST0400,2025-26,True
ST0401,2025-26,True
ST0402,2025-26,True
ST0403,2025-26,True
ST0404,2025-26,True
ST0405,2025-26,True
ST0406,2025-26,True
ST0407,2025-26,True
ST0408,2025-26,True
ST0409,2025-26,True
ST0410,2025-26,True
ST0411,2025-26,True
ST0412,2025-26,True
ST0413,2025-26,True
ST0414,2025-26,True
ST0415,2025-26,True
ST0416,2025-26,True
ST0417,2025-26,True
ST0418,2025-26,True
ST0419,2025-26,True
ST0420,2025-26,True
ST0421,2025-26,True
ST0422,2025-26,True
ST0423,2025-26,True
ST0424,2025-26,True
ST0425,2025-26,True
ST0426,2025-26,True
ST0427,2025-26,True
ST0428,2025-26,True
ST0429,2025-26,True
ST0430,2025-26,True
ST0431,2025-26,True
ST0432,2025-26,True
ST0433,2025-26,True
ST0434,2025-26,True
ST0435,2025-26,True
ST0436,2025-26,True
ST0437,2025-26,True
ST0438,2025-26,True
ST0439,2025-26,True
ST0440,2025-26,True
ST0441,2025-26,True
ST0442,2025-26,True
ST0443,2025-26,True
ST0444,2025-26,True
ST0445,2025-26,True
ST0446,2025-26,True
ST0447,2025-26,True
ST0448,2025-26,True
ST0449,2025-26,True
ST0450,2025-26,True
ST0451,2025-26,True
ST0452,2025-26,True
ST0453,2025-26,True
ST0454,2025-26,True
ST0455,2025-26,True
ST0456,2025-26,True
ST0457,2025-26,False
ST0458,2025-26,True
ST0459,2025-26,True
ST0460,2025-26,True
ST0461,2025-26,True
ST0462,2025-26,True
ST0463,2025-26,True
ST0464,2025-26,True
ST0465,2025-26,True
ST0466,2025-26,True
ST0467,2025-26,True
ST0468,2025-26,True
ST0469,2025-26,True
ST0470,2025-26,True
ST0471,2025-26,True
ST0472,2025-26,True
ST0473,2025-26,True
ST0474,2025-26,True
ST0475,2025-26,True
ST0476,2025-26,True
ST0477,2025-26,True
ST0478,2025-26,True
ST0479,2025-26,True
ST0480,2025-26,True
ST0481,2025-26,True
ST0482,2025-26,True
ST0483,2025-26,True
ST0484,2025-26,True
ST0485,2025-26,True
ST0486,2025-26,True
ST0487,2025-26,True
ST0488,2025-26,True
ST0489,2025-26,True
ST0490,2025-26,True
ST0491,2025-26,True
ST0492,2025-26,True
ST0493,2025-26,True
ST0494,2025-26,True
ST0495,2025-26,True
ST0496,2025-26,True
ST0497,2025-26,True
ST0498,2025-26,True
ST0499,2025-26,True
ST0500,2025-26,True
ST0501,2025-26,False
ST0502,2025-26,True
ST0503,2025-26,True
ST0504,2025-26,True
ST0505,2025-26,True
ST0506,2025-26,True
ST0507,2025-26,True
ST0508,2025-26,True
ST0509,2025-26,True
ST0510,2025-26,True
ST0511,2025-26,True
ST0512,2025-26,True
ST0513,2025-26,True
ST0514,2025-26,True
ST0515,2025-26,True
ST0516,2025-26,True
ST0517,2025-26,True
ST0518,2025-26,True
ST0519,2025-26,True
ST0520,2025-26,True
ST0521,2025-26,True
ST0522,2025-26,True
ST0523,2025-26,True
ST0524,2025-26,True
ST0525,2025-26,True
ST0526,2025-26,True
ST0527,2025-26,True
ST0528,2025-26,True
ST0529,2025-26,True
ST0530,2025-26,True
ST0531,2025-26,True
ST0532,2025-26,True
ST0533,2025-26,True
ST0534,2025-26,True
ST0535,2025-26,True
ST0536,2025-26,True
ST0537,2025-26,True
ST0538,2025-26,True
ST0539,2025-26,True
ST0540,2025-26,True
ST0541,2025-26,True
ST0542,2025-26,True
ST0543,2025-26,True
ST0544,2025-26,True
ST0545,2025-26,True
ST0546,2025-26,True
ST0547,2025-26,True
ST0548,2025-26,True
ST0549,2025-26,True
ST0550,2025-26,True
ST0551,2025-26,True
ST0552,2025-26,True
ST0553,2025-26,True
ST0554,2025-26,True
ST0555,2025-26,False
ST0556,2025-26,True
ST0557,2025-26,True
ST0558,2025-26,True
ST0559,2025-26,True
ST0560,2025-26,True
ST0561,2025-26,True
ST0562,2025-26,True
ST0563,2025-26,True
ST0564,2025-26,True
ST0565,2025-26,True
ST0566,2025-26,True
ST0567,2025-26,True
ST0568,2025-26,True
ST0569,2025-26,True
ST0570,2025-26,True
ST0571,2025-26,True
ST0572,2025-26,False
ST0573,2025-26,True
ST0574,2025-26,True
ST0575,2025-26,True
ST0576,2025-26,False
ST0577,2025-26,True
ST0578,2025-26,True
ST0579,2025-26,True
ST0580,2025-26,True
ST0581,2025-26,True
ST0582,2025-26,True
ST0583,2025-26,False
ST0584,2025-26,True
ST0585,2025-26,True
ST0586,2025-26,True
ST0587,2025-26,True
ST0588,2025-26,True
ST0589,2025-26,True
ST0590,2025-26,True
ST0591,2025-26,True
ST0592,2025-26,True
ST0593,2025-26,True
ST0594,2025-26,True
ST0595,2025-26,True
ST0596,2025-26,True
ST0597,2025-26,False
ST0598,2025-26,True
ST0599,2025-26,True
ST0600,2025-26,True
ST0601,2025-26,True
ST0602,2025-26,True
ST0603,2025-26,True
ST0604,2025-26,True
ST0605,2025-26,True
ST0606,2025-26,True
ST0607,2025-26,True
ST0608,2025-26,True
ST0609,2025-26,True
ST0610,2025-26,True
ST0611,2025-26,True
ST0612,2025-26,True
ST0613,2025-26,False
ST0614,2025-26,True
ST0615,2025-26,True
ST0616,2025-26,True
ST0617,2025-26,True
ST0618,2025-26,True
ST0619,2025-26,True
ST0620,2025-26,True
ST0621,2025-26,True
ST0622,2025-26,True
ST0623,2025-26,True
ST0624,2025-26,False
ST0625,2025-26,True
ST0626,2025-26,True
ST0627,2025-26,True
ST0628,2025-26,True
ST0629,2025-26,True
ST0630,2025-26,True
ST0631,2025-26,True
ST0632,2025-26,True
ST0633,2025-26,False
ST0634,2025-26,True
ST0635,2025-26,True
ST0636,2025-26,True
ST0637,2025-26,True
ST0638,2025-26,True
ST0639,2025-26,True
ST0640,2025-26,True
ST0641,2025-26,True
ST0642,2025-26,True
ST0643,2025-26,True
ST0644,2025-26,True
ST0645,2025-26,True
ST0646,2025-26,True
ST0647,2025-26,False
ST0648,2025-26,True
ST0649,2025-26,True
ST0650,2025-26,True
ST0651,2025-26,True
ST0652,2025-26,True
ST0653,2025-26,True
ST0654,2025-26,True
ST0655,2025-26,True
ST0656,2025-26,True
ST0657,2025-26,True
ST0658,2025-26,True
ST0659,2025-26,True
ST0660,2025-26,True
ST0661,2025-26,True
ST0662,2025-26,True
ST0663,2025-26,True
ST0664,2025-26,True
ST0665,2025-26,True
ST0666,2025-26,True
ST0667,2025-26,True
ST0668,2025-26,True
ST0669,2025-26,True
ST0670,2025-26,True
ST0671,2025-26,True
ST0672,2025-26,True
ST0673,2025-26,True
ST0674,2025-26,True
ST0675,2025-26,True
ST0676,2025-26,True
ST0677,2025-26,True
ST0678,2025-26,True
ST0679,2025-26,True
ST0680,2025-26,True
ST0681,2025-26,True
ST0682,2025-26,True
ST0683,2025-26,False
ST0684,2025-26,True
ST0685,2025-26,True
ST0686,2025-26,True
ST0687,2025-26,True
ST0688,2025-26,True
ST0689,2025-26,True
ST0690,2025-26,True
ST0691,2025-26,True
ST0692,2025-26,True
ST0693,2025-26,True
ST0694,2025-26,True
ST0695,2025-26,True
ST0696,2025-26,True
ST0697,2025-26,True
ST0698,2025-26,True
ST0699,2025-26,False
ST0700,2025-26,True
ST0701,2025-26,True
ST0702,2025-26,True
ST0703,2025-26,True
ST0704,2025-26,True
ST0705,2025-26,True
ST0706,2025-26,True
ST0707,2025-26,True
ST0708,2025-26,True
ST0709,2025-26,True
ST0710,2025-26,False
ST0711,2025-26,True
ST0712,2025-26,True
ST0713,2025-26,True
ST0714,2025-26,True
ST0715,2025-26,True
ST0716,2025-26,True
ST0717,2025-26,True
ST0718,2025-26,True
ST0719,2025-26,True
ST0720,2025-26,False
ST0721,2025-26,True
ST0722,2025-26,True
ST0723,2025-26,True
ST0724,2025-26,True
ST0725,2025-26,True
ST0726,2025-26,True
ST0727,2025-26,True
ST0728,2025-26,True
ST0729,2025-26,True
ST0730,2025-26,True
ST0731,2025-26,True
ST0732,2025-26,True
ST0733,2025-26,True
ST0734,2025-26,True
ST0735,2025-26,True
ST0736,2025-26,True
ST0737,2025-26,True
ST0738,2025-26,True
ST0739,2025-26,True
ST0740,2025-26,True
ST0741,2025-26,True
ST0742,2025-26,True
ST0743,2025-26,True
ST0744,2025-26,True
ST0745,2025-26,True
ST0746,2025-26,True
ST0747,2025-26,True
ST0748,2025-26,False
ST0749,2025-26,True
ST0750,2025-26,True
ST0751,2025-26,True
ST0752,2025-26,True
ST0753,2025-26,True
ST0754,2025-26,True
ST0755,2025-26,True
ST0756,2025-26,True
ST0757,2025-26,True
ST0758,2025-26,True
ST0759,2025-26,True
ST0760,2025-26,True
ST0761,2025-26,True
ST0762,2025-26,True
ST0763,2025-26,True
ST0764,2025-26,True
ST0765,2025-26,True
ST0766,2025-26,True
ST0767,2025-26,True
ST0768,2025-26,False
ST0769,2025-26,True
ST0770,2025-26,True
ST0771,2025-26,True
ST0772,2025-26,True
ST0773,2025-26,True
ST0774,2025-26,True
ST0775,2025-26,True
ST0776,2025-26,False
ST0777,2025-26,True
ST0778,2025-26,False
ST0779,2025-26,True
ST0780,2025-26,True
ST0781,2025-26,True
ST0782,2025-26,True
ST0783,2025-26,True
ST0784,2025-26,True
ST0785,2025-26,False
ST0786,2025-26,True
ST0787,2025-26,True
ST0788,2025-26,True
ST0789,2025-26,True
ST0790,2025-26,True
ST0791,2025-26,True
ST0792,2025-26,True
ST0793,2025-26,True
ST0794,2025-26,True
ST0795,2025-26,True
ST0796,2025-26,True
ST0797,2025-26,True
ST0798,2025-26,True
ST0799,2025-26,True
ST0800,2025-26,True
ST0801,2025-26,True
ST0802,2025-26,True
ST0803,2025-26,True
ST0804,2025-26,True
ST0805,2025-26,True
ST0806,2025-26,True
ST0807,2025-26,True
ST0808,2025-26,True
ST0809,2025-26,True
ST0810,2025-26,True
ST0811,2025-26,True
ST0812,2025-26,True
ST0813,2025-26,True
ST0814,2025-26,True
ST0815,2025-26,True
ST0816,2025-26,True
ST0817,2025-26,True
ST0818,2025-26,True
ST0819,2025-26,True
ST0820,2025-26,True
ST0821,2025-26,True
ST0822,2025-26,True
ST0823,2025-26,True
ST0824,2025-26,True
ST0825,2025-26,False
ST0826,2025-26,True
ST0827,2025-26,True
ST0828,2025-26,True
ST0829,2025-26,True
ST0830,2025-26,True
ST0831,2025-26,True
ST0832,2025-26,True
ST0833,2025-26,True
ST0834,2025-26,True
ST0835,2025-26,True
ST0836,2025-26,True
ST0837,2025-26,True
ST0838,2025-26,True
ST0839,2025-26,True
ST0840,2025-26,True
ST0841,2025-26,False
ST0842,2025-26,True
ST0843,2025-26,False
ST0844,2025-26,True
ST0845,2025-26,True
ST0846,2025-26,True
ST0847,2025-26,True
ST0848,2025-26,True
ST0849,2025-26,True
ST0850,2025-26,True
ST0851,2025-26,True
ST0852,2025-26,True
ST0853,2025-26,True
ST0854,2025-26,True
ST0855,2025-26,False
ST0856,2025-26,True
ST0857,2025-26,True
ST0858,2025-26,True
ST0859,2025-26,True
ST0860,2025-26,True
ST0861,2025-26,True
ST0862,2025-26,True
ST0863,2025-26,True
ST0864,2025-26,True
ST0865,2025-26,True
ST0866,2025-26,True
ST0867,2025-26,False
ST0868,2025-26,True
ST0869,2025-26,True
ST0870,2025-26,True
ST0871,2025-26,True
ST0872,2025-26,True
ST0873,2025-26,False
ST0874,2025-26,True
ST0875,2025-26,True
ST0876,2025-26,True
ST0877,2025-26,False
ST0878,2025-26,True
ST0879,2025-26,True
ST0880,2025-26,True
ST0881,2025-26,True
ST0882,2025-26,True
ST0883,2025-26,True
ST0884,2025-26,True
ST0885,2025-26,True
ST0886,2025-26,True
ST0887,2025-26,True
ST0888,2025-26,True
ST0889,2025-26,True
ST0890,2025-26,True
ST0891,2025-26,True
ST0892,2025-26,True
ST0893,2025-26,True
ST0894,2025-26,True
ST0895,2025-26,True
ST0896,2025-26,True
ST0897,2025-26,True
ST0898,2025-26,False
ST0899,2025-26,True
ST0900,2025-26,True
ST0901,2025-26,True
ST0902,2025-26,True
ST0903,2025-26,True
ST0904,2025-26,True
ST0905,2025-26,False
ST0906,2025-26,True
ST0907,2025-26,True
ST0908,2025-26,True
ST0909,2025-26,True
ST0910,2025-26,True
ST0911,2025-26,True
ST0912,2025-26,True
ST0913,2025-26,True
ST0914,2025-26,True
ST0915,2025-26,True
ST0916,2025-26,True
ST0917,2025-26,True
ST0918,2025-26,True
ST0919,2025-26,True
ST0920,2025-26,True
ST0921,2025-26,True
ST0922,2025-26,True
ST0923,2025-26,True
ST0924,2025-26,True
ST0925,2025-26,True
ST0926,2025-26,True
ST0927,2025-26,True
ST0928,2025-26,True
ST0929,2025-26,True
ST0930,2025-26,True
ST0931,2025-26,True
ST0932,2025-26,True
ST0933,2025-26,True
ST0934,2025-26,True
ST0935,2025-26,True
ST0936,2025-26,True
ST0937,2025-26,True
ST0938,2025-26,False
ST0939,2025-26,True
ST0940,2025-26,True
ST0941,2025-26,True
ST0942,2025-26,True
ST0943,2025-26,True
ST0944,2025-26,True
ST0945,2025-26,True
ST0946,2025-26,True
ST0947,2025-26,True
ST0948,2025-26,True
ST0949,2025-26,True
ST0950,2025-26,False
ST0951,2025-26,True
ST0952,2025-26,True
ST0953,2025-26,True
ST0954,2025-26,True
ST0955,2025-26,True
ST0956,2025-26,True
ST0957,2025-26,True
ST0958,2025-26,True
ST0959,2025-26,True
ST0960,2025-26,True
ST0961,2025-26,False
ST0962,2025-26,True
ST0963,2025-26,True
ST0964,2025-26,True
ST0965,2025-26,True
ST0966,2025-26,True
ST0967,2025-26,True
ST0968,2025-26,False
ST0969,2025-26,True
ST0970,2025-26,True
ST0971,2025-26,True
ST0972,2025-26,True
ST0973,2025-26,True
ST0974,2025-26,True
ST0975,2025-26,True
ST0976,2025-26,True
ST0977,2025-26,True
ST0978,2025-26,True
ST0979,2025-26,True
ST0980,2025-26,True
ST0981,2025-26,True
ST0982,2025-26,True
ST0983,2025-26,True
ST0984,2025-26,True
ST0985,2025-26,True
ST0986,2025-26,True
ST0987,2025-26,True
ST0988,2025-26,True
ST0989,2025-26,True
ST0990,2025-26,False
ST0991,2025-26,True
ST0992,2025-26,True
ST0993,2025-26,True
ST0994,2025-26,True
ST0995,2025-26,True
ST0996,2025-26,True
ST0997,2025-26,False
ST0998,2025-26,False
ST0999,2025-26,True
ST1000,2025-26,True
