FeedbackID,LabID,SystemPerformance,SystemAvailability,InternetConnectivity,EquipmentAvailability,LabMaterialAvailability,StaffAvailability,TechnicalSupport,LabCleanliness,SeatingAndSpace,LabSafety,Date
LFB000001,L011,3,3,5,4,5,3,4,4,2,3,2021-11-10
LFB000002,L010,2,3,2,3,2,2,2,3,4,4,2021-11-10
LFB000003,L025,3,3,5,5,3,4,5,4,4,5,2021-11-10
LFB000004,L016,5,3,3,3,5,4,3,5,4,5,2021-11-10
LFB000005,L019,3,5,3,1,4,2,3,4,4,4,2021-11-10
LFB000006,L014,4,3,4,4,4,4,4,3,2,4,2021-11-10
LFB000007,L011,4,3,3,4,4,4,4,3,5,5,2021-11-10
LFB000008,L025,5,3,4,3,4,3,4,3,4,3,2021-11-10
LFB000009,L022,3,4,3,5,4,4,3,4,4,2,2021-11-10
LFB000010,L017,3,3,4,5,5,4,4,5,5,4,2021-11-10
LFB000011,L018,5,2,2,3,4,4,3,4,4,4,2021-11-10
LFB000012,L021,3,5,4,3,5,4,4,4,3,4,2021-11-10
LFB000013,L001,3,4,2,3,4,4,3,3,4,4,2021-11-10
LFB000014,L017,2,2,4,3,3,2,3,3,5,3,2021-11-10
LFB000015,L017,3,3,2,3,4,4,3,5,2,2,2021-11-10
LFB000016,L011,5,3,5,5,5,4,3,4,2,5,2021-11-10
LFB000017,L007,4,4,5,4,2,5,4,5,3,4,2021-11-10
LFB000018,L012,3,3,1,3,5,3,4,4,4,4,2021-11-10
LFB000019,L004,3,3,3,3,2,3,4,3,2,1,2021-11-10
LFB000020,L001,2,4,4,5,3,5,5,4,3,4,2021-11-10
LFB000021,L011,4,3,2,1,4,5,2,4,4,2,2021-11-10
LFB000022,L025,2,4,5,3,5,5,4,4,3,5,2021-11-10
LFB000023,L004,2,4,4,4,4,4,4,3,3,3,2021-11-10
LFB000024,L007,3,5,3,3,4,2,2,4,3,3,2021-11-10
LFB000025,L010,2,2,1,1,3,3,3,3,2,3,2021-11-10
LFB000026,L005,4,3,4,4,2,3,5,5,4,3,2021-11-10
LFB000027,L025,4,5,3,5,3,3,4,5,5,5,2021-11-10
LFB000028,L005,2,2,3,3,3,3,2,3,3,5,2021-11-11
LFB000029,L007,5,2,3,3,4,5,4,4,5,5,2021-11-11
LFB000030,L001,4,3,2,2,4,2,4,3,4,3,2021-11-11
LFB000031,L024,4,4,4,4,3,4,3,4,3,5,2021-11-11
LFB000032,L015,3,4,3,4,5,4,4,5,4,4,2021-11-11
LFB000033,L010,2,2,2,3,3,3,3,4,3,2,2021-11-11
LFB000034,L025,2,4,3,5,5,5,4,2,5,2,2021-11-11
LFB000035,L020,5,5,5,5,5,4,4,4,5,4,2021-11-11
LFB000036,L017,3,4,2,4,2,3,5,4,4,5,2021-11-11
LFB000037,L006,4,3,3,4,4,3,3,3,3,4,2021-11-11
LFB000038,L021,2,3,2,3,3,2,2,4,2,4,2021-11-11
LFB000039,L010,5,3,4,4,5,5,5,4,4,4,2021-11-11
LFB000040,L005,2,1,5,3,3,5,3,4,4,4,2021-11-11
LFB000041,L023,3,3,3,4,4,5,2,3,3,5,2021-11-11
LFB000042,L020,3,3,5,4,4,3,4,4,4,3,2021-11-11
LFB000043,L008,5,3,3,4,4,5,5,3,4,3,2021-11-11
LFB000044,L026,5,4,5,5,4,5,3,5,4,5,2021-11-11
LFB000045,L016,3,4,2,2,3,3,3,2,5,4,2021-11-11
LFB000046,L004,4,3,2,2,4,3,2,5,3,4,2021-11-11
LFB000047,L024,3,3,2,4,3,3,3,1,4,4,2021-11-11
LFB000048,L026,5,5,5,2,3,3,4,3,5,4,2021-11-11
LFB000049,L003,4,4,4,3,4,4,3,5,4,4,2021-11-11
LFB000050,L021,4,4,4,5,5,5,5,5,5,5,2021-11-11
LFB000051,L010,1,3,1,3,3,3,3,4,4,4,2021-11-11
LFB000052,L017,2,2,1,3,2,2,3,4,2,3,2021-11-11
LFB000053,L025,4,3,4,3,3,4,4,5,3,3,2021-11-11
LFB000054,L001,5,2,4,4,4,3,4,5,3,3,2021-11-11
LFB000055,L023,3,2,4,4,3,4,3,5,4,4,2021-11-11
LFB000056,L001,5,3,4,3,5,5,4,4,5,5,2021-11-11
LFB000057,L017,4,5,1,4,5,4,4,5,4,2,2021-11-11
LFB000058,L013,3,5,4,3,5,5,4,4,3,5,2021-11-12
LFB000059,L024,4,4,5,5,3,5,5,3,4,4,2021-11-12
LFB000060,L012,4,4,3,3,3,4,4,4,4,5,2021-11-12
LFB000061,L003,4,3,4,5,4,3,4,5,4,3,2021-11-12
LFB000062,L011,4,4,4,4,3,3,4,4,5,4,2021-11-12
LFB000063,L026,3,4,2,5,3,5,3,3,4,4,2021-11-12
LFB000064,L007,3,2,4,4,3,4,2,5,4,3,2021-11-12
LFB000065,L025,4,5,5,4,2,3,3,3,3,4,2021-11-12
LFB000066,L008,3,2,4,3,3,3,4,3,1,4,2021-11-12
LFB000067,L011,3,2,2,3,4,3,2,3,2,3,2021-11-12
LFB000068,L015,4,5,4,5,4,5,5,3,4,4,2021-11-12
LFB000069,L023,3,4,4,4,4,4,3,5,4,5,2021-11-12
LFB000070,L011,3,4,3,2,4,3,2,3,3,4,2021-11-12
LFB000071,L023,5,3,4,4,2,3,3,4,5,5,2021-11-12
LFB000072,L020,3,4,4,3,3,3,4,3,5,4,2021-11-12
LFB000073,L020,3,4,4,4,3,4,4,5,5,4,2021-11-12
LFB000074,L018,3,4,3,3,4,4,3,4,3,3,2021-11-12
LFB000075,L026,3,4,3,3,5,4,4,4,4,3,2021-11-12
LFB000076,L004,4,4,3,3,4,3,2,5,3,3,2021-11-12
LFB000077,L012,4,5,5,4,4,3,5,5,5,4,2021-11-12
LFB000078,L016,5,3,2,5,3,5,5,2,3,4,2021-11-12
LFB000079,L014,3,5,4,5,4,4,4,4,4,4,2021-11-13
LFB000080,L025,4,5,3,4,4,3,5,4,4,5,2021-11-13
LFB000081,L005,3,3,4,5,5,4,1,4,4,3,2021-11-13
LFB000082,L020,5,4,5,5,4,4,2,5,5,5,2021-11-13
LFB000083,L006,4,4,3,3,3,3,4,4,3,3,2021-11-13
LFB000084,L014,3,3,3,3,5,3,5,5,4,5,2021-11-13
LFB000085,L013,5,4,3,5,3,5,5,5,5,4,2021-11-13
LFB000086,L020,3,2,2,2,5,3,3,3,2,4,2021-11-13
LFB000087,L001,2,3,4,4,3,3,3,5,4,5,2021-11-13
LFB000088,L010,3,5,2,5,3,2,3,4,3,3,2021-11-13
LFB000089,L026,3,2,4,3,3,3,3,5,3,3,2021-11-13
LFB000090,L024,2,3,3,3,4,4,2,4,3,5,2021-11-13
LFB000091,L001,3,4,4,5,5,4,4,2,5,4,2021-11-13
LFB000092,L007,5,4,5,5,5,4,4,4,5,5,2021-11-13
LFB000093,L008,3,4,3,4,3,4,3,4,2,3,2021-11-13
LFB000094,L012,1,2,3,3,2,3,3,2,1,3,2021-11-13
LFB000095,L015,2,4,2,4,2,3,4,5,4,4,2021-11-13
LFB000096,L015,2,3,2,4,4,3,3,5,4,3,2021-11-13
LFB000097,L017,4,3,3,4,3,4,3,3,4,5,2021-11-13
LFB000098,L004,3,5,3,4,3,2,3,2,3,3,2021-11-14
LFB000099,L017,3,3,2,5,2,4,4,4,4,1,2021-11-14
LFB000100,L004,4,2,1,2,2,3,2,4,4,4,2021-11-14
LFB000101,L021,4,3,2,4,5,2,3,5,2,4,2021-11-14
LFB000102,L018,3,5,5,5,4,5,5,5,4,4,2021-11-14
LFB000103,L008,3,3,4,3,4,3,4,4,3,3,2021-11-14
LFB000104,L019,3,4,4,4,3,4,5,4,4,4,2021-11-14
LFB000105,L012,3,4,2,4,4,4,4,4,3,4,2021-11-14
LFB000106,L013,2,1,2,3,2,2,2,2,3,3,2021-11-14
LFB000107,L011,3,5,3,5,4,3,2,2,3,4,2021-11-14
LFB000108,L007,3,4,3,4,4,3,3,3,5,5,2021-11-14
LFB000109,L008,2,1,5,3,4,4,4,3,3,3,2021-11-14
LFB000110,L012,4,3,3,3,5,4,4,4,4,3,2021-11-14
LFB000111,L006,5,3,5,4,5,4,4,3,3,4,2021-11-14
LFB000112,L014,5,3,3,4,3,4,4,5,4,4,2021-11-15
LFB000113,L010,3,4,3,4,2,2,3,3,3,3,2021-11-15
LFB000114,L008,3,3,4,4,2,3,3,4,4,4,2021-11-15
LFB000115,L012,2,4,5,5,4,3,5,4,5,5,2021-11-15
LFB000116,L010,2,3,3,2,2,4,3,4,5,2,2021-11-15
LFB000117,L021,2,3,4,4,4,5,4,4,4,3,2021-11-15
LFB000118,L008,3,3,1,4,2,2,2,3,4,3,2021-11-15
LFB000119,L023,2,3,3,5,5,4,3,5,4,4,2021-11-15
LFB000120,L024,4,4,4,3,3,3,4,3,2,5,2021-11-15
LFB000121,L016,4,3,4,3,4,2,5,3,3,3,2021-11-15
LFB000122,L004,3,4,4,4,4,4,3,4,3,4,2021-11-15
LFB000123,L019,3,5,5,3,5,4,4,3,4,3,2021-11-15
LFB000124,L024,4,4,4,5,4,5,4,5,5,3,2021-11-15
LFB000125,L026,3,3,4,4,3,4,4,4,3,3,2021-11-15
LFB000126,L016,3,4,5,2,2,4,5,3,3,3,2021-11-15
LFB000127,L020,4,4,4,3,4,5,5,3,3,3,2021-11-15
LFB000128,L007,3,3,2,3,4,5,4,4,4,4,2021-11-15
LFB000129,L013,2,4,4,5,3,2,4,4,4,5,2021-11-15
LFB000130,L023,4,4,3,5,5,4,4,4,4,5,2021-11-15
LFB000131,L004,4,2,4,2,4,3,3,3,3,3,2021-11-15
LFB000132,L014,4,4,3,4,3,3,3,3,4,4,2021-11-15
LFB000133,L026,3,5,4,5,4,4,4,3,3,3,2021-11-15
LFB000134,L010,3,4,3,5,5,4,3,4,3,5,2021-11-15
LFB000135,L001,3,4,3,4,5,4,5,3,4,4,2021-11-15
LFB000136,L005,3,2,4,3,3,3,2,4,4,2,2021-11-15
LFB000137,L021,2,3,3,4,4,3,3,4,3,4,2021-11-15
LFB000138,L008,5,4,3,4,4,3,4,5,5,4,2021-11-15
LFB000139,L023,3,2,3,3,4,3,4,3,4,2,2021-11-15
LFB000140,L005,5,2,4,3,4,4,2,3,3,3,2021-11-15
LFB000141,L026,5,4,4,4,5,4,4,3,4,3,2021-11-16
LFB000142,L025,4,4,5,4,4,4,3,3,4,5,2021-11-16
LFB000143,L002,3,4,3,4,5,3,4,4,3,5,2021-11-16
LFB000144,L002,3,3,3,4,3,2,3,1,5,4,2021-11-16
LFB000145,L026,2,3,3,4,3,3,3,4,3,3,2021-11-16
LFB000146,L015,3,4,5,4,5,5,2,5,4,4,2021-11-16
LFB000147,L014,2,2,3,4,4,5,2,4,5,4,2021-11-16
LFB000148,L020,2,4,4,4,5,3,3,4,4,3,2021-11-16
LFB000149,L014,2,3,1,5,3,3,4,3,3,3,2021-11-16
LFB000150,L001,5,3,3,4,4,4,4,4,2,3,2021-11-16
LFB000151,L026,2,4,2,3,1,4,5,3,3,3,2021-11-16
LFB000152,L025,4,3,4,4,4,4,4,3,3,4,2021-11-16
LFB000153,L024,4,4,5,3,5,4,3,5,4,5,2021-11-16
LFB000154,L003,3,3,2,3,3,4,2,5,3,3,2021-11-16
LFB000155,L002,5,5,3,3,1,3,3,4,4,2,2021-11-16
LFB000156,L020,3,3,3,5,4,3,3,2,4,3,2021-11-17
LFB000157,L012,4,3,4,2,2,3,1,3,4,4,2021-11-17
LFB000158,L004,4,3,4,4,4,2,2,4,3,3,2021-11-17
LFB000159,L005,4,3,3,4,2,2,3,3,4,2,2021-11-17
LFB000160,L014,3,4,2,4,5,3,5,5,3,5,2021-11-17
LFB000161,L010,3,3,1,5,5,4,3,4,3,4,2021-11-17
LFB000162,L011,3,3,2,3,3,3,3,4,1,3,2021-11-17
LFB000163,L010,5,4,4,4,2,5,4,5,3,5,2021-11-17
LFB000164,L021,3,3,3,4,5,4,5,5,5,4,2021-11-17
LFB000165,L010,3,4,4,4,5,3,4,4,4,5,2021-11-17
LFB000166,L026,3,4,3,5,4,4,5,5,3,4,2021-11-17
LFB000167,L020,3,3,4,1,3,3,4,4,4,4,2021-11-17
LFB000168,L014,3,5,4,5,4,4,4,3,5,3,2021-11-17
LFB000169,L015,2,5,3,3,2,4,2,4,4,4,2021-11-17
LFB000170,L005,5,4,4,3,5,4,4,5,5,3,2021-11-17
LFB000171,L026,3,4,3,4,2,2,3,3,5,5,2021-11-17
LFB000172,L001,4,3,3,4,3,3,2,2,3,3,2021-11-17
LFB000173,L010,4,5,3,3,3,4,2,3,3,3,2021-11-17
LFB000174,L010,5,2,4,3,4,3,4,5,3,4,2021-11-17
LFB000175,L025,2,5,5,4,5,4,4,4,3,4,2021-11-17
LFB000176,L015,3,5,3,2,2,3,4,4,3,4,2021-11-17
LFB000177,L015,2,3,2,3,4,3,3,3,3,3,2021-11-17
LFB000178,L026,2,4,3,5,3,4,3,4,4,4,2021-11-17
LFB000179,L013,3,3,3,3,3,2,4,4,3,4,2021-11-17
LFB000180,L021,5,3,4,4,2,5,4,4,4,3,2021-11-17
LFB000181,L016,2,4,3,5,3,3,4,4,3,3,2021-11-17
LFB000182,L014,2,4,4,5,2,4,4,3,4,3,2021-11-17
LFB000183,L010,3,3,4,4,3,4,4,4,4,4,2021-11-17
LFB000184,L001,2,3,5,3,4,3,4,3,4,5,2021-11-17
LFB000185,L010,3,3,5,4,3,3,3,5,5,4,2021-11-18
LFB000186,L014,4,4,3,3,4,4,3,3,4,4,2021-11-18
LFB000187,L024,3,3,2,4,5,5,4,5,3,5,2021-11-18
LFB000188,L021,3,5,4,5,3,4,4,5,5,4,2021-11-18
LFB000189,L001,5,4,5,5,4,4,4,5,4,5,2021-11-18
LFB000190,L025,4,5,4,5,5,4,5,4,5,5,2021-11-18
LFB000191,L024,4,3,3,3,3,2,2,4,4,5,2021-11-18
LFB000192,L012,4,5,3,5,5,5,4,4,4,5,2021-11-18
LFB000193,L011,3,3,5,5,5,5,3,3,3,4,2021-11-18
LFB000194,L018,4,4,2,5,4,5,5,5,4,3,2021-11-18
LFB000195,L012,4,1,5,5,2,4,2,4,4,3,2021-11-18
LFB000196,L018,4,4,3,4,4,1,3,3,3,5,2021-11-18
LFB000197,L003,5,4,5,4,4,4,4,3,3,5,2021-11-18
LFB000198,L015,4,4,2,5,4,5,3,5,4,5,2021-11-18
LFB000199,L020,3,3,2,4,3,3,4,5,2,5,2021-11-18
LFB000200,L003,3,5,4,5,4,4,5,5,4,5,2021-11-18
LFB000201,L007,5,5,4,5,4,5,3,4,3,2,2021-11-18
LFB000202,L002,3,4,3,5,4,3,4,3,4,4,2021-11-18
LFB000203,L011,2,1,3,3,3,4,2,2,4,5,2021-11-18
LFB000204,L025,5,3,5,5,4,5,4,3,3,5,2021-11-19
LFB000205,L010,4,2,3,4,5,5,4,4,4,5,2021-11-19
LFB000206,L015,4,3,2,3,5,5,4,1,3,3,2021-11-19
LFB000207,L010,3,5,3,4,4,3,5,4,3,4,2021-11-19
LFB000208,L020,4,5,2,5,3,3,3,3,3,5,2021-11-19
LFB000209,L011,3,2,3,3,3,2,3,4,2,2,2021-11-19
LFB000210,L012,4,3,3,3,3,5,1,3,2,3,2021-11-19
LFB000211,L004,4,5,4,3,4,4,4,5,4,3,2021-11-19
LFB000212,L004,2,4,3,3,5,5,3,3,4,4,2021-11-19
LFB000213,L006,4,5,3,3,3,3,4,3,5,4,2021-11-19
LFB000214,L002,5,5,2,3,4,3,5,3,4,5,2021-11-19
LFB000215,L001,4,3,4,3,4,4,4,3,3,5,2021-11-19
LFB000216,L020,4,3,3,2,2,3,3,3,4,4,2021-11-19
LFB000217,L005,2,2,3,4,5,4,4,1,5,3,2021-11-19
LFB000218,L026,4,4,3,3,4,4,3,4,4,4,2021-11-19
LFB000219,L002,1,3,3,3,3,3,2,3,2,4,2021-11-19
LFB000220,L023,3,4,4,5,4,2,3,4,3,2,2021-11-19
LFB000221,L021,2,4,4,4,4,4,3,3,2,5,2021-11-19
LFB000222,L020,2,2,2,4,3,3,2,3,2,4,2021-11-19
LFB000223,L012,3,3,3,3,3,3,1,5,3,3,2021-11-19
LFB000224,L007,3,3,2,3,5,2,3,3,3,2,2021-11-19
LFB000225,L018,4,2,3,3,3,3,3,4,5,3,2021-11-19
LFB000226,L012,3,4,4,4,5,5,5,3,4,4,2021-11-19
LFB000227,L005,4,2,5,4,3,4,3,3,4,4,2021-11-19
LFB000228,L006,2,4,3,1,2,3,3,2,4,4,2021-11-19
LFB000229,L004,3,4,5,3,4,4,4,4,3,3,2021-11-20
LFB000230,L017,3,4,3,4,4,3,5,5,3,3,2021-11-20
LFB000231,L023,3,4,2,3,4,3,5,5,4,2,2021-11-20
LFB000232,L024,4,5,5,5,3,5,3,3,4,4,2021-11-20
LFB000233,L025,4,2,4,4,4,2,5,3,3,3,2021-11-20
LFB000234,L008,4,4,2,4,4,3,5,3,2,4,2021-11-20
LFB000235,L019,4,3,3,1,4,3,3,4,5,3,2021-11-20
LFB000236,L026,5,4,3,4,5,5,4,5,4,4,2021-11-20
LFB000237,L010,3,2,3,3,3,5,3,4,2,5,2021-11-20
LFB000238,L025,5,3,5,4,3,4,4,5,3,4,2021-11-20
LFB000239,L002,4,5,4,4,3,5,3,3,5,5,2021-11-20
LFB000240,L026,5,4,2,3,3,3,4,5,4,3,2021-11-20
LFB000241,L024,2,3,4,4,4,3,2,3,3,2,2021-11-20
LFB000242,L026,2,2,3,3,3,2,3,3,3,3,2021-11-20
LFB000243,L003,4,3,3,3,4,2,5,4,4,4,2021-11-20
LFB000244,L011,3,2,4,3,4,3,4,5,3,4,2021-11-21
LFB000245,L007,3,2,2,2,4,3,2,2,4,2,2021-11-21
LFB000246,L007,3,3,3,3,4,4,5,2,4,3,2021-11-21
LFB000247,L021,4,3,4,2,4,4,2,2,2,3,2021-11-21
LFB000248,L001,4,2,4,4,2,3,5,4,2,4,2021-11-21
LFB000249,L002,4,3,3,4,2,3,2,4,4,4,2021-11-21
LFB000250,L021,3,4,3,5,3,3,3,4,3,5,2021-11-21
LFB000251,L021,4,4,5,5,4,5,4,4,4,4,2021-11-21
LFB000252,L007,4,1,3,3,3,5,2,3,3,3,2021-11-21
LFB000253,L018,2,5,4,2,2,3,3,4,4,4,2021-11-21
LFB000254,L022,4,4,4,4,5,5,4,4,3,4,2021-11-21
LFB000255,L024,4,4,5,3,5,3,3,4,4,3,2021-11-21
LFB000256,L016,3,3,2,4,4,3,3,4,3,4,2021-11-21
LFB000257,L026,4,3,5,3,3,5,4,4,3,3,2021-11-21
LFB000258,L021,3,3,4,4,5,5,3,5,4,5,2021-11-21
LFB000259,L006,4,4,3,4,4,4,4,4,3,3,2021-11-21
LFB000260,L022,4,4,2,5,5,5,4,4,4,3,2021-11-21
LFB000261,L026,4,5,4,2,4,5,4,4,5,5,2021-11-21
LFB000262,L015,4,3,3,3,3,2,3,2,3,3,2021-11-21
LFB000263,L001,4,5,3,4,5,5,5,3,3,5,2021-11-21
LFB000264,L002,2,2,3,3,3,3,4,4,4,3,2021-11-21
LFB000265,L016,4,2,3,3,3,2,3,4,3,4,2021-11-21
LFB000266,L024,2,3,4,3,3,2,2,4,2,2,2021-11-21
LFB000267,L011,4,3,2,4,3,4,5,5,3,3,2021-11-21
LFB000268,L010,3,4,4,3,2,5,5,4,5,5,2021-11-21
LFB000269,L004,4,4,4,3,3,4,2,3,3,4,2021-11-21
LFB000270,L017,4,4,2,4,4,4,4,4,4,5,2021-11-22
LFB000271,L022,3,3,2,4,3,4,4,5,4,3,2021-11-22
LFB000272,L011,3,5,3,3,4,5,2,3,2,2,2021-11-22
LFB000273,L011,5,2,4,3,2,4,2,3,2,3,2021-11-22
LFB000274,L006,4,5,4,4,4,5,5,4,4,4,2021-11-22
LFB000275,L010,5,4,5,5,4,4,3,4,5,5,2021-11-22
LFB000276,L020,3,4,4,3,4,4,4,3,2,3,2021-11-22
LFB000277,L010,4,3,4,3,4,2,4,5,4,3,2021-11-22
LFB000278,L021,4,3,3,3,4,4,4,5,3,3,2021-11-22
LFB000279,L023,5,4,3,4,4,5,5,5,4,5,2021-11-22
LFB000280,L016,5,4,5,5,5,5,5,5,4,5,2021-11-22
LFB000281,L021,3,2,4,3,5,5,3,5,5,3,2021-11-22
LFB000282,L015,1,3,3,3,2,4,3,3,3,4,2021-11-22
LFB000283,L019,5,5,4,4,5,4,4,5,3,4,2021-11-22
LFB000284,L019,5,3,5,4,4,4,3,4,4,4,2021-11-22
LFB000285,L026,3,3,3,3,1,3,3,3,3,3,2021-11-22
LFB000286,L026,3,3,3,3,4,2,3,3,3,3,2021-11-22
LFB000287,L016,3,3,3,3,3,4,4,3,3,2,2021-11-22
LFB000288,L015,3,3,5,3,4,4,4,4,5,3,2021-11-22
LFB000289,L011,1,3,2,3,2,4,3,3,4,5,2021-11-22
LFB000290,L012,4,4,2,5,5,4,4,4,3,4,2021-11-23
LFB000291,L014,4,2,3,4,4,2,3,5,4,4,2021-11-23
LFB000292,L010,3,4,4,4,5,2,4,5,4,3,2021-11-23
LFB000293,L025,4,4,3,5,3,5,4,4,3,4,2021-11-23
LFB000294,L022,5,5,4,5,4,3,3,4,3,4,2021-11-23
LFB000295,L025,2,3,3,4,4,5,4,5,4,5,2021-11-23
LFB000296,L001,4,4,4,3,5,4,4,4,4,4,2021-11-23
LFB000297,L001,3,5,4,4,3,4,4,3,4,5,2021-11-23
LFB000298,L022,4,4,3,5,3,3,2,4,4,3,2021-11-23
LFB000299,L004,4,3,2,5,5,3,3,3,3,4,2021-11-23
LFB000300,L004,5,4,5,5,5,5,5,4,5,5,2021-11-23
LFB000301,L008,2,3,3,3,4,5,4,4,4,5,2021-11-23
LFB000302,L021,3,2,2,3,3,3,4,3,3,4,2021-11-23
LFB000303,L016,3,4,3,3,4,3,3,4,4,4,2021-11-23
LFB000304,L019,5,4,3,2,4,3,4,3,4,4,2021-11-23
LFB000305,L013,2,3,1,3,3,4,4,3,1,4,2021-11-23
LFB000306,L010,4,3,4,4,4,4,4,5,3,3,2021-11-23
LFB000307,L016,5,4,4,4,3,3,5,3,5,5,2021-11-23
LFB000308,L012,4,3,3,3,3,3,4,3,3,5,2021-11-23
LFB000309,L013,4,3,5,4,5,4,3,5,4,4,2021-11-23
LFB000310,L025,4,3,3,3,5,5,3,3,4,4,2021-11-23
LFB000311,L005,3,4,4,4,3,3,3,4,3,5,2021-11-23
LFB000312,L013,3,3,2,4,4,3,3,3,5,2,2021-11-23
LFB000313,L020,3,2,3,4,4,4,4,5,3,4,2021-11-23
LFB000314,L024,3,3,3,4,4,3,4,3,4,3,2021-11-23
LFB000315,L013,3,3,5,3,5,3,3,4,4,3,2021-11-24
LFB000316,L025,3,5,5,4,4,4,4,5,3,4,2021-11-24
LFB000317,L005,2,2,3,2,3,2,1,3,4,3,2021-11-24
LFB000318,L025,4,3,4,4,4,2,5,2,4,5,2021-11-24
LFB000319,L011,2,2,4,3,4,4,5,5,5,3,2021-11-24
LFB000320,L015,4,3,3,4,5,4,4,4,4,5,2021-11-24
LFB000321,L002,4,3,4,4,3,4,4,4,1,5,2021-11-24
LFB000322,L002,4,5,4,5,4,5,5,4,5,4,2021-11-24
LFB000323,L025,3,4,3,4,4,5,3,3,3,4,2021-11-24
LFB000324,L016,3,2,4,3,3,4,5,2,4,4,2021-11-24
LFB000325,L020,2,3,2,3,3,4,3,5,2,2,2021-11-24
LFB000326,L005,3,3,4,4,4,3,3,4,3,5,2021-11-24
LFB000327,L022,4,4,2,3,3,3,5,4,3,4,2021-11-24
LFB000328,L025,3,4,3,3,4,3,4,4,3,3,2021-11-24
LFB000329,L001,3,3,4,3,4,3,3,3,4,4,2021-11-24
LFB000330,L022,4,4,5,3,4,4,2,3,5,5,2021-11-24
LFB000331,L023,5,4,2,3,4,5,3,4,5,5,2021-11-24
LFB000332,L026,3,5,2,2,4,4,4,3,4,4,2021-11-24
LFB000333,L001,3,3,4,4,3,4,3,3,3,4,2021-11-24
LFB000334,L014,5,4,3,4,4,4,5,4,2,3,2021-11-24
LFB000335,L026,3,2,2,4,3,2,3,4,3,4,2021-11-24
LFB000336,L010,3,5,3,2,4,4,5,3,2,5,2021-11-24
LFB000337,L011,3,3,3,5,2,4,3,3,4,4,2021-11-24
LFB000338,L003,3,3,3,3,3,4,3,4,4,3,2021-11-25
LFB000339,L021,3,4,3,4,3,3,3,3,4,5,2021-11-25
LFB000340,L026,2,4,3,3,2,3,3,3,4,5,2021-11-25
LFB000341,L017,3,4,3,4,3,3,3,4,5,3,2021-11-25
LFB000342,L017,3,4,4,5,3,4,2,2,3,4,2021-11-25
LFB000343,L007,3,3,2,2,2,2,2,4,1,4,2021-11-25
LFB000344,L022,4,3,2,4,4,4,3,3,4,3,2021-11-25
LFB000345,L015,3,4,3,3,5,3,3,3,4,2,2021-11-25
LFB000346,L012,5,4,4,5,5,5,4,3,4,5,2021-11-25
LFB000347,L015,2,1,4,3,4,4,5,5,3,4,2021-11-25
LFB000348,L019,3,3,5,5,4,4,4,4,5,4,2021-11-25
LFB000349,L011,3,4,4,3,4,3,4,4,4,3,2021-11-25
LFB000350,L018,3,4,3,3,2,3,2,4,3,3,2021-11-25
LFB000351,L020,3,3,2,2,3,4,3,3,2,2,2021-11-25
LFB000352,L012,4,4,3,2,4,3,2,2,3,4,2021-11-25
LFB000353,L007,3,4,2,4,4,4,4,4,4,5,2021-11-25
LFB000354,L002,3,5,4,3,3,5,5,4,4,4,2021-11-25
LFB000355,L026,4,2,4,3,4,3,5,4,4,5,2021-11-25
LFB000356,L016,2,3,3,3,4,3,3,4,3,3,2021-11-25
LFB000357,L005,4,3,2,3,2,4,4,2,2,2,2021-11-25
LFB000358,L010,4,3,3,4,5,4,3,3,5,2,2021-11-25
LFB000359,L012,3,3,4,3,3,3,4,4,2,3,2021-11-25
LFB000360,L024,5,2,5,3,4,4,3,5,3,4,2021-11-25
LFB000361,L013,3,5,3,4,4,5,3,4,5,2,2021-11-26
LFB000362,L025,4,2,4,4,5,4,4,2,3,4,2021-11-26
LFB000363,L004,5,5,3,3,5,5,3,4,4,4,2021-11-26
LFB000364,L014,5,3,4,4,5,4,3,2,4,5,2021-11-26
LFB000365,L006,3,5,5,3,4,5,3,3,4,4,2021-11-26
LFB000366,L011,3,3,3,5,4,5,3,5,3,3,2021-11-26
LFB000367,L025,4,5,5,5,5,5,4,5,4,4,2021-11-26
LFB000368,L022,3,3,2,3,5,5,3,4,3,5,2021-11-26
LFB000369,L012,5,4,3,4,3,5,4,5,5,2,2021-11-26
LFB000370,L004,2,4,3,4,3,4,3,5,3,4,2021-11-26
LFB000371,L023,4,4,4,5,3,4,4,4,3,5,2021-11-26
LFB000372,L021,3,4,2,5,3,4,2,4,4,4,2021-11-26
LFB000373,L004,5,4,2,5,4,5,4,5,4,3,2021-11-26
LFB000374,L011,5,3,4,3,4,2,3,5,5,5,2021-11-26
LFB000375,L018,4,4,4,2,3,4,5,5,4,5,2021-11-26
LFB000376,L021,3,3,1,2,4,4,4,3,3,3,2021-11-26
LFB000377,L019,3,4,5,4,3,2,4,4,4,3,2021-11-26
LFB000378,L012,3,4,5,4,3,4,3,5,4,5,2021-11-26
LFB000379,L017,2,2,4,3,3,4,4,3,2,4,2021-11-26
LFB000380,L014,1,3,4,3,1,4,4,4,4,4,2021-11-26
LFB000381,L004,3,5,4,2,3,2,3,5,4,4,2021-11-26
LFB000382,L010,4,3,4,3,4,2,2,4,3,5,2021-11-26
LFB000383,L004,5,2,3,4,5,3,2,5,5,3,2021-11-26
LFB000384,L022,3,3,2,4,3,3,3,4,3,2,2021-11-26
LFB000385,L025,3,4,4,3,5,4,4,3,3,4,2021-11-26
LFB000386,L010,3,4,2,2,2,4,4,3,4,5,2021-11-27
LFB000387,L024,3,3,4,4,4,3,4,3,4,3,2021-11-27
LFB000388,L025,5,5,5,5,3,5,3,4,3,5,2021-11-27
LFB000389,L002,4,4,4,5,5,4,3,3,5,4,2021-11-27
LFB000390,L017,3,4,3,5,3,3,4,4,3,4,2021-11-27
LFB000391,L018,4,4,2,5,3,3,3,3,5,5,2021-11-27
LFB000392,L013,3,4,3,5,3,4,4,4,3,4,2021-11-27
LFB000393,L014,3,3,3,4,3,3,5,4,5,5,2021-11-27
LFB000394,L025,3,4,5,5,5,5,5,3,5,3,2021-11-27
LFB000395,L001,2,4,3,4,3,3,2,4,3,3,2021-11-27
LFB000396,L026,3,3,2,3,5,4,4,3,3,4,2021-11-27
LFB000397,L024,3,4,3,4,3,4,3,3,3,3,2021-11-27
LFB000398,L012,5,5,3,3,4,4,5,5,3,4,2021-11-27
LFB000399,L024,4,2,3,4,3,4,5,2,3,4,2021-11-27
LFB000400,L004,5,4,3,5,4,4,5,4,4,4,2021-11-27
LFB000401,L002,4,4,2,2,2,3,4,3,1,2,2021-11-27
LFB000402,L021,4,4,5,5,4,5,3,4,5,3,2021-11-27
LFB000403,L008,3,5,3,4,5,4,4,5,4,5,2021-11-27
LFB000404,L004,2,2,2,3,1,2,3,3,2,4,2021-11-27
LFB000405,L020,3,5,3,5,3,2,4,4,4,4,2021-11-27
LFB000406,L016,3,4,4,5,3,5,3,2,3,4,2021-11-27
LFB000407,L012,3,5,4,4,3,3,4,4,3,5,2021-11-27
LFB000408,L016,4,2,4,1,3,3,3,4,4,3,2021-11-27
LFB000409,L021,3,3,3,4,4,4,4,5,4,3,2021-11-27
LFB000410,L022,3,4,3,3,5,3,3,3,4,4,2021-11-27
LFB000411,L006,5,3,4,3,5,3,3,5,3,4,2021-11-28
LFB000412,L024,3,3,3,4,5,5,3,4,4,5,2021-11-28
LFB000413,L020,3,5,2,4,3,2,3,4,5,3,2021-11-28
LFB000414,L024,5,3,4,3,3,5,5,4,3,4,2021-11-28
LFB000415,L010,4,3,2,3,3,3,2,2,4,3,2021-11-28
LFB000416,L026,4,2,3,5,2,3,3,4,4,5,2021-11-28
LFB000417,L025,3,4,3,3,4,4,4,4,4,3,2021-11-28
LFB000418,L005,2,5,5,3,3,2,4,4,5,3,2021-11-28
LFB000419,L011,4,4,4,3,3,4,3,4,3,3,2021-11-28
LFB000420,L001,2,4,4,4,4,4,5,4,3,4,2021-11-28
LFB000421,L025,2,2,3,4,3,3,4,3,4,5,2021-11-28
LFB000422,L021,4,4,4,4,5,4,2,4,4,5,2021-11-28
LFB000423,L022,3,4,3,3,4,5,5,4,2,5,2021-11-28
LFB000424,L007,3,5,5,3,3,3,4,5,5,5,2021-11-28
LFB000425,L017,2,2,4,4,4,3,3,5,4,4,2021-11-28
LFB000426,L002,4,4,2,4,3,3,5,4,3,3,2021-11-28
LFB000427,L026,4,3,4,3,3,4,3,4,4,4,2021-11-28
LFB000428,L026,2,3,2,5,2,3,3,5,3,4,2021-11-28
LFB000429,L025,3,4,4,4,2,4,3,5,4,2,2021-11-28
LFB000430,L010,3,4,5,5,4,5,4,4,5,2,2021-11-29
LFB000431,L019,5,4,3,5,5,5,4,3,4,4,2021-11-29
LFB000432,L025,5,4,4,4,5,5,4,5,3,5,2021-11-29
LFB000433,L015,3,5,2,3,3,3,2,5,5,3,2021-11-29
LFB000434,L026,3,4,3,3,2,4,4,4,3,2,2021-11-29
LFB000435,L024,3,5,4,3,3,3,5,5,5,3,2021-11-29
LFB000436,L016,3,2,4,3,3,4,3,3,3,4,2021-11-29
LFB000437,L024,2,3,4,4,3,3,3,2,2,2,2021-11-29
LFB000438,L018,5,5,3,3,5,5,4,5,4,5,2021-11-29
LFB000439,L008,5,5,5,5,5,5,4,4,5,5,2021-11-29
LFB000440,L010,4,4,3,3,3,5,4,2,4,5,2021-11-29
LFB000441,L016,4,3,2,3,5,3,3,5,4,4,2021-11-29
LFB000442,L005,5,3,2,3,3,5,3,3,3,4,2021-11-29
LFB000443,L015,3,4,4,5,4,3,3,3,3,4,2021-11-29
LFB000444,L025,3,3,5,4,4,3,4,5,3,5,2021-11-29
LFB000445,L024,4,4,4,2,4,4,3,5,4,4,2021-11-29
LFB000446,L014,5,3,4,4,2,4,3,4,4,4,2021-11-29
LFB000447,L019,4,4,3,5,3,5,4,3,4,5,2021-11-29
LFB000448,L010,3,4,4,3,5,3,4,4,4,2,2021-11-29
LFB000449,L010,3,3,4,5,5,4,4,5,5,4,2021-11-29
LFB000450,L012,5,3,5,5,3,4,4,5,4,3,2021-11-29
LFB000451,L021,5,3,3,5,3,4,5,4,5,4,2021-11-29
LFB000452,L006,2,3,3,5,2,4,3,3,4,5,2021-11-29
LFB000453,L026,3,3,3,3,5,3,3,4,4,5,2021-11-29
LFB000454,L003,2,3,2,5,2,5,4,5,3,4,2021-11-29
LFB000455,L015,4,2,1,3,4,2,3,2,3,4,2021-11-29
LFB000456,L006,4,3,3,4,5,3,3,2,4,5,2021-11-29
LFB000457,L008,4,3,4,3,2,4,5,3,5,4,2021-11-29
LFB000458,L011,2,2,5,3,3,3,4,5,3,2,2021-11-29
LFB000459,L026,4,4,3,4,3,4,3,4,4,5,2021-11-30
LFB000460,L023,5,4,4,3,4,5,4,3,5,4,2021-11-30
LFB000461,L010,5,4,4,5,5,5,4,5,5,5,2021-11-30
LFB000462,L020,4,4,3,3,4,5,3,4,3,5,2021-11-30
LFB000463,L016,5,2,4,4,5,3,4,4,4,5,2021-11-30
LFB000464,L019,3,4,3,4,3,4,3,4,3,3,2021-11-30
LFB000465,L021,3,3,4,3,3,3,4,5,4,5,2021-11-30
LFB000466,L017,3,3,3,3,2,4,5,4,4,5,2021-11-30
LFB000467,L023,4,4,3,4,4,5,4,4,4,5,2021-11-30
LFB000468,L013,2,4,4,5,4,4,4,5,4,4,2021-11-30
LFB000469,L023,4,3,5,4,5,4,3,5,5,4,2021-11-30
LFB000470,L007,5,4,4,5,5,5,5,4,5,5,2021-11-30
LFB000471,L019,3,3,3,4,4,4,5,3,3,4,2021-11-30
LFB000472,L012,4,2,3,4,5,4,3,3,4,2,2021-11-30
LFB000473,L023,4,3,3,4,3,3,4,5,4,3,2021-11-30
LFB000474,L013,3,3,2,3,4,2,4,4,5,4,2021-11-30
LFB000475,L010,1,2,4,4,3,2,1,2,3,4,2021-11-30
LFB000476,L025,2,2,4,4,3,5,3,4,4,3,2021-11-30
LFB000477,L015,4,5,2,4,3,3,3,4,4,3,2021-11-30
LFB000478,L025,3,3,3,3,4,4,5,5,3,5,2021-11-30
LFB000479,L002,3,5,3,4,2,4,4,4,3,3,2021-11-30
LFB000480,L007,3,5,2,5,5,3,1,4,3,4,2021-11-30
LFB000481,L021,3,4,2,2,2,2,1,5,4,5,2021-11-30
LFB000482,L020,3,3,3,3,4,2,3,3,4,3,2021-11-30
LFB000483,L013,2,3,4,5,3,4,4,4,3,3,2021-12-01
LFB000484,L020,5,5,4,4,5,4,2,4,4,5,2021-12-01
LFB000485,L001,4,5,4,4,5,4,3,5,5,5,2021-12-01
LFB000486,L014,5,4,3,4,3,4,4,4,3,4,2021-12-01
LFB000487,L014,4,5,2,2,4,3,3,4,3,3,2021-12-01
LFB000488,L004,3,4,4,3,3,3,3,4,4,3,2021-12-01
LFB000489,L003,4,4,2,2,4,5,4,4,4,4,2021-12-01
LFB000490,L007,5,4,5,5,4,3,5,5,5,5,2021-12-01
LFB000491,L026,2,2,4,4,3,2,3,4,4,4,2021-12-01
LFB000492,L005,4,4,3,3,4,4,4,5,5,5,2021-12-01
LFB000493,L011,3,4,5,3,3,5,5,4,2,4,2021-12-01
LFB000494,L013,5,5,3,3,3,4,3,5,5,4,2021-12-01
LFB000495,L001,3,4,4,3,5,5,2,4,3,5,2021-12-01
LFB000496,L016,4,5,3,4,4,5,5,5,5,3,2021-12-01
LFB000497,L001,3,4,3,3,3,5,3,3,2,2,2021-12-01
LFB000498,L006,5,5,5,4,4,5,5,4,4,4,2021-12-01
LFB000499,L001,4,4,3,4,5,3,4,5,3,3,2021-12-01
LFB000500,L024,3,3,3,3,2,2,5,4,4,4,2021-12-01
LFB000501,L025,3,2,3,3,3,4,3,5,4,3,2021-12-01
LFB000502,L022,4,3,4,3,4,4,3,4,4,5,2021-12-01
LFB000503,L011,2,3,3,2,3,4,3,4,3,5,2021-12-01
LFB000504,L022,3,3,2,1,3,3,3,4,3,3,2021-12-01
LFB000505,L011,2,4,3,4,4,4,4,4,3,4,2021-12-01
LFB000506,L024,3,5,5,4,5,4,4,4,4,4,2021-12-01
LFB000507,L026,5,5,4,5,4,5,5,4,4,4,2021-12-02
LFB000508,L004,4,3,4,3,4,4,4,3,4,2,2021-12-02
LFB000509,L004,3,4,4,3,5,3,2,4,4,3,2021-12-02
LFB000510,L016,3,5,4,4,4,5,4,5,4,3,2021-12-02
LFB000511,L011,4,5,5,4,3,5,5,5,5,5,2021-12-02
LFB000512,L001,4,4,5,5,4,5,4,4,5,5,2021-12-02
LFB000513,L020,3,4,4,5,4,5,3,5,5,2,2021-12-02
LFB000514,L004,4,4,3,5,4,3,5,4,4,4,2021-12-02
LFB000515,L015,5,2,4,4,5,4,5,3,4,4,2021-12-02
LFB000516,L018,4,5,4,3,3,3,3,4,2,5,2021-12-02
LFB000517,L010,4,4,5,4,2,3,3,4,3,4,2021-12-02
LFB000518,L016,3,2,3,3,4,2,4,4,4,4,2021-12-02
LFB000519,L026,1,4,3,4,3,3,3,4,5,4,2021-12-02
LFB000520,L025,5,4,4,5,4,5,4,4,5,4,2021-12-02
LFB000521,L006,4,3,3,3,5,2,3,3,3,5,2021-12-02
LFB000522,L015,4,4,5,3,4,3,3,5,5,3,2021-12-02
LFB000523,L021,4,2,2,4,4,3,3,3,4,3,2021-12-02
LFB000524,L020,3,4,3,3,3,5,3,3,3,4,2021-12-02
LFB000525,L025,4,1,3,4,4,2,2,1,2,3,2021-12-02
LFB000526,L007,5,5,4,4,3,5,4,5,2,5,2021-12-02
LFB000527,L012,5,5,3,4,5,3,4,5,5,5,2021-12-03
LFB000528,L002,3,2,4,3,4,4,3,4,4,3,2021-12-03
LFB000529,L017,4,4,2,3,4,4,4,5,5,3,2021-12-03
LFB000530,L020,3,4,3,2,5,3,2,5,3,3,2021-12-03
LFB000531,L006,3,2,3,4,4,5,4,5,4,5,2021-12-03
LFB000532,L021,4,3,5,3,4,4,4,4,4,3,2021-12-03
LFB000533,L002,1,3,2,3,2,4,4,3,3,3,2021-12-03
LFB000534,L012,4,3,5,3,4,3,5,4,3,4,2021-12-03
LFB000535,L015,5,4,5,4,4,3,3,5,4,4,2021-12-03
LFB000536,L011,2,5,5,3,3,4,4,5,4,4,2021-12-03
LFB000537,L020,5,4,3,5,4,5,4,4,3,4,2021-12-03
LFB000538,L012,3,4,4,5,3,3,3,4,4,5,2021-12-03
LFB000539,L016,5,3,5,4,4,5,3,5,4,4,2021-12-03
LFB000540,L026,3,3,2,3,4,5,5,3,4,4,2021-12-03
LFB000541,L013,4,4,5,4,3,4,4,5,5,4,2021-12-03
LFB000542,L022,3,3,4,3,3,4,4,4,2,4,2021-12-03
LFB000543,L001,4,2,3,4,3,4,4,3,2,4,2021-12-03
LFB000544,L010,4,5,5,3,4,5,3,4,4,4,2021-12-03
LFB000545,L023,4,5,5,4,4,4,4,3,4,5,2021-12-03
LFB000546,L020,3,4,3,2,4,3,4,3,4,5,2021-12-03
LFB000547,L014,2,4,3,3,4,3,3,4,2,1,2021-12-03
LFB000548,L003,4,4,3,4,4,3,2,2,2,4,2021-12-03
LFB000549,L016,5,3,3,4,3,4,3,3,3,4,2021-12-03
LFB000550,L023,4,2,3,3,2,3,4,2,3,2,2021-12-03
LFB000551,L012,3,3,4,3,1,2,2,3,4,3,2021-12-03
LFB000552,L010,4,2,3,2,4,3,1,2,2,3,2021-12-03
LFB000553,L025,4,3,3,4,4,5,3,4,5,3,2021-12-03
LFB000554,L010,5,5,2,3,4,4,4,4,2,4,2021-12-04
LFB000555,L015,4,4,1,3,2,1,3,4,3,3,2021-12-04
LFB000556,L025,3,4,2,2,4,5,3,4,4,4,2021-12-04
LFB000557,L020,4,3,4,3,3,3,4,4,4,4,2021-12-04
LFB000558,L021,5,4,3,3,3,4,3,1,2,3,2021-12-04
LFB000559,L010,2,4,2,3,3,2,4,2,2,3,2021-12-04
LFB000560,L016,3,5,3,4,5,4,5,3,3,4,2021-12-04
LFB000561,L019,2,3,3,2,4,2,3,2,3,3,2021-12-04
LFB000562,L011,2,3,4,3,5,3,4,5,3,4,2021-12-04
LFB000563,L015,4,5,4,5,3,4,3,4,5,4,2021-12-04
LFB000564,L001,3,4,3,4,5,4,3,4,3,4,2021-12-04
LFB000565,L025,4,2,3,4,4,3,3,4,3,4,2021-12-04
LFB000566,L003,4,3,4,3,3,3,3,5,3,5,2021-12-04
LFB000567,L008,4,4,5,4,5,4,4,5,5,4,2021-12-04
LFB000568,L003,4,4,3,3,3,5,3,4,4,3,2021-12-04
LFB000569,L014,4,4,4,5,4,4,4,4,4,5,2021-12-04
LFB000570,L012,3,2,1,3,3,3,4,3,3,3,2021-12-04
LFB000571,L024,5,4,2,3,3,3,4,4,2,4,2021-12-04
LFB000572,L024,4,4,3,4,4,5,3,5,4,3,2021-12-04
LFB000573,L016,3,3,4,2,4,4,2,3,4,3,2021-12-04
LFB000574,L007,3,3,3,3,2,3,3,1,4,2,2021-12-04
LFB000575,L010,3,2,3,5,4,3,4,4,2,4,2021-12-05
LFB000576,L015,3,3,3,2,3,4,4,4,4,5,2021-12-05
LFB000577,L015,4,5,3,4,3,4,4,4,5,5,2021-12-05
LFB000578,L017,2,3,4,4,5,4,4,4,5,5,2021-12-05
LFB000579,L020,2,3,5,3,4,5,4,4,3,2,2021-12-05
LFB000580,L014,4,4,4,4,2,4,5,1,4,4,2021-12-05
LFB000581,L016,4,3,3,4,3,3,5,1,4,4,2021-12-05
LFB000582,L020,3,3,3,2,4,4,4,4,5,4,2021-12-05
LFB000583,L001,3,5,4,5,4,3,4,3,4,3,2021-12-05
LFB000584,L012,4,4,3,3,5,5,3,5,5,3,2021-12-05
LFB000585,L014,4,4,4,5,4,4,5,4,4,4,2021-12-05
LFB000586,L020,4,4,5,4,4,5,4,4,3,2,2021-12-05
LFB000587,L014,4,2,3,4,3,4,4,3,4,3,2021-12-05
LFB000588,L024,3,2,2,2,3,3,1,3,3,2,2021-12-05
LFB000589,L024,4,4,3,3,4,5,5,5,3,5,2021-12-05
LFB000590,L008,4,3,3,3,3,5,1,2,5,2,2021-12-05
LFB000591,L024,3,4,2,4,3,5,4,3,3,3,2021-12-05
LFB000592,L020,3,5,3,2,3,5,4,5,3,4,2021-12-05
LFB000593,L022,4,4,3,4,5,4,3,2,4,3,2021-12-05
LFB000594,L016,3,2,4,3,4,3,4,4,4,4,2021-12-05
LFB000595,L016,4,5,4,4,5,5,5,5,3,5,2021-12-05
LFB000596,L019,4,3,4,5,4,5,3,5,5,2,2021-12-06
LFB000597,L010,4,3,3,3,3,5,3,4,3,2,2021-12-06
LFB000598,L011,5,5,4,5,4,5,4,4,4,5,2021-12-06
LFB000599,L024,3,5,3,4,2,2,4,3,4,5,2021-12-06
LFB000600,L004,3,1,3,3,2,4,3,4,4,5,2021-12-06
LFB000601,L010,4,4,2,5,3,4,3,4,4,4,2021-12-06
LFB000602,L002,3,3,4,2,2,4,4,4,3,2,2021-12-06
LFB000603,L010,3,3,3,3,3,2,1,4,2,3,2021-12-06
LFB000604,L023,4,4,4,3,5,3,4,4,5,3,2021-12-06
LFB000605,L012,3,3,4,4,3,4,4,4,2,3,2021-12-06
LFB000606,L026,4,3,4,3,5,4,2,4,4,3,2021-12-06
LFB000607,L021,2,2,3,3,4,4,4,5,4,4,2021-12-06
LFB000608,L011,3,4,4,2,3,3,2,3,1,4,2021-12-06
LFB000609,L006,3,5,4,2,5,4,5,5,4,5,2021-12-06
LFB000610,L007,3,4,5,5,5,4,3,3,5,4,2021-12-06
LFB000611,L022,5,3,4,4,5,5,2,4,2,5,2021-12-06
LFB000612,L013,5,5,5,5,5,3,4,4,5,4,2021-12-06
LFB000613,L001,3,3,2,2,3,3,2,4,2,3,2021-12-06
LFB000614,L001,2,3,3,3,3,4,3,3,4,4,2021-12-06
LFB000615,L007,3,2,4,3,3,2,3,3,3,3,2021-12-06
LFB000616,L005,3,4,3,3,3,4,2,4,4,3,2021-12-06
LFB000617,L021,3,3,3,3,2,4,3,2,3,4,2021-12-06
LFB000618,L013,5,2,3,2,4,3,3,4,5,5,2021-12-06
LFB000619,L006,1,3,2,4,4,3,4,4,4,4,2021-12-06
LFB000620,L016,5,4,3,4,4,2,3,2,3,5,2021-12-06
LFB000621,L007,3,4,5,3,3,3,5,2,3,4,2021-12-06
LFB000622,L018,1,3,3,4,4,4,4,3,3,2,2021-12-06
LFB000623,L012,3,4,4,3,3,4,3,2,3,5,2021-12-06
LFB000624,L021,4,4,3,3,3,4,4,3,4,3,2021-12-06
LFB000625,L002,2,2,5,4,5,4,3,5,5,4,2021-12-07
LFB000626,L022,5,4,3,4,4,3,3,3,3,5,2021-12-07
LFB000627,L010,3,3,2,4,4,4,2,4,4,2,2021-12-07
LFB000628,L018,4,4,2,4,4,4,4,2,3,3,2021-12-07
LFB000629,L012,3,3,2,3,4,4,5,5,4,5,2021-12-07
LFB000630,L007,5,3,5,4,3,5,3,4,4,5,2021-12-07
LFB000631,L011,5,3,5,4,5,4,5,4,5,5,2021-12-07
LFB000632,L020,3,4,4,4,4,4,5,5,4,5,2021-12-07
LFB000633,L011,3,3,5,4,3,2,5,5,5,4,2021-12-07
LFB000634,L019,4,3,3,3,3,3,3,3,4,4,2021-12-07
LFB000635,L026,5,3,3,4,4,3,4,3,3,4,2021-12-07
LFB000636,L010,4,3,3,5,3,5,3,4,4,5,2021-12-07
LFB000637,L007,5,5,4,5,4,4,4,5,2,4,2021-12-07
LFB000638,L020,4,4,4,5,5,4,3,5,5,5,2021-12-07
LFB000639,L013,4,3,4,4,4,4,4,3,3,4,2021-12-07
LFB000640,L022,4,5,2,5,4,4,4,4,3,3,2021-12-07
LFB000641,L011,3,3,5,5,4,2,3,5,3,2,2021-12-07
LFB000642,L010,4,3,3,5,5,4,5,4,4,5,2021-12-07
LFB000643,L008,2,3,3,3,3,3,2,3,3,4,2021-12-07
LFB000644,L016,2,4,3,3,3,4,3,3,3,4,2021-12-07
LFB000645,L020,4,3,3,3,3,3,3,2,3,2,2021-12-07
LFB000646,L015,3,4,3,4,3,4,4,5,3,5,2021-12-07
LFB000647,L022,4,3,2,5,3,4,2,3,3,3,2021-12-08
LFB000648,L008,3,5,1,4,3,5,4,3,4,5,2021-12-08
LFB000649,L007,3,5,2,4,4,5,3,2,3,5,2021-12-08
LFB000650,L003,4,4,3,4,3,4,3,4,5,5,2021-12-08
LFB000651,L021,3,5,4,2,4,5,4,5,4,5,2021-12-08
LFB000652,L014,1,4,3,4,3,4,1,4,4,2,2021-12-08
LFB000653,L010,3,4,1,3,3,4,2,3,3,5,2021-12-08
LFB000654,L024,3,4,3,3,5,3,3,3,2,3,2021-12-08
LFB000655,L006,2,3,4,3,3,3,5,4,3,3,2021-12-08
LFB000656,L012,4,4,3,4,5,4,3,3,4,3,2021-12-08
LFB000657,L017,5,4,4,5,5,4,4,4,3,4,2021-12-08
LFB000658,L013,3,3,4,3,3,4,4,4,3,4,2021-12-08
LFB000659,L001,3,4,3,3,5,4,3,4,2,4,2021-12-08
LFB000660,L010,2,4,4,3,3,2,4,3,4,4,2021-12-08
LFB000661,L012,2,3,2,3,3,4,3,4,3,4,2021-12-08
LFB000662,L002,4,3,4,3,5,5,4,5,5,4,2021-12-08
LFB000663,L011,5,5,5,5,5,4,5,5,5,5,2021-12-08
LFB000664,L001,5,4,5,5,3,4,5,5,5,4,2021-12-08
LFB000665,L010,2,2,5,4,2,5,2,4,5,4,2021-12-08
LFB000666,L016,3,3,3,2,4,4,4,3,3,2,2021-12-09
LFB000667,L024,4,3,3,4,4,3,5,3,5,4,2021-12-09
LFB000668,L001,4,4,4,5,5,5,4,5,5,5,2021-12-09
LFB000669,L012,5,4,5,5,4,3,3,4,3,4,2021-12-09
LFB000670,L022,5,3,4,4,4,3,5,5,5,4,2021-12-09
LFB000671,L011,4,3,4,4,4,4,4,3,3,3,2021-12-09
LFB000672,L017,4,5,3,5,3,3,5,4,4,4,2021-12-09
LFB000673,L020,4,5,4,5,3,5,4,5,3,4,2021-12-09
LFB000674,L005,4,3,4,5,4,3,4,5,5,5,2021-12-09
LFB000675,L023,2,3,1,3,5,4,5,4,4,3,2021-12-09
LFB000676,L013,3,4,4,4,3,3,3,5,4,3,2021-12-09
LFB000677,L022,4,4,4,4,3,4,4,4,3,5,2021-12-09
LFB000678,L020,5,4,5,5,4,4,5,5,5,5,2021-12-09
LFB000679,L023,3,4,2,3,4,4,2,3,4,5,2021-12-09
LFB000680,L002,5,5,4,3,5,4,4,4,4,3,2021-12-09
LFB000681,L021,4,3,3,5,3,3,4,3,4,4,2021-12-09
LFB000682,L012,4,4,2,4,3,2,4,2,4,4,2021-12-09
LFB000683,L005,4,2,3,5,2,4,3,4,3,4,2021-12-09
LFB000684,L013,2,2,3,3,2,2,4,4,1,5,2021-12-09
LFB000685,L014,3,3,1,3,4,4,3,3,2,3,2021-12-10
LFB000686,L023,3,3,5,3,5,4,2,4,4,4,2021-12-10
LFB000687,L025,2,4,2,3,3,4,3,4,4,4,2021-12-10
LFB000688,L016,3,4,4,2,5,2,4,3,4,5,2021-12-10
LFB000689,L020,4,4,5,3,4,4,4,4,5,4,2021-12-10
LFB000690,L011,3,3,3,4,3,3,3,4,3,5,2021-12-10
LFB000691,L025,2,2,4,3,4,2,3,5,3,3,2021-12-10
LFB000692,L020,4,3,3,2,3,4,4,3,3,2,2021-12-10
LFB000693,L019,5,4,4,5,3,4,3,5,5,5,2021-12-10
LFB000694,L005,4,4,2,3,2,3,4,4,2,2,2021-12-10
LFB000695,L001,3,2,4,4,5,5,5,4,3,3,2021-12-10
LFB000696,L005,4,1,3,3,3,2,3,3,2,3,2021-12-10
LFB000697,L013,4,3,3,4,5,4,4,3,5,4,2021-12-10
LFB000698,L008,3,4,4,2,4,4,4,4,4,4,2021-12-10
LFB000699,L021,4,3,3,4,3,3,3,4,3,4,2021-12-10
LFB000700,L022,5,5,4,2,3,3,2,4,3,4,2021-12-10
LFB000701,L020,5,4,4,3,5,4,3,4,3,4,2021-12-10
LFB000702,L005,4,4,2,2,2,4,4,4,4,4,2021-12-10
LFB000703,L007,2,4,2,3,3,4,3,4,3,4,2021-12-10
LFB000704,L005,4,5,4,4,4,5,5,3,4,4,2021-12-10
LFB000705,L013,3,4,2,4,4,1,3,4,3,4,2021-12-10
LFB000706,L011,2,3,2,3,5,3,4,3,4,3,2021-12-10
LFB000707,L014,5,2,3,3,2,4,3,4,3,5,2021-12-10
LFB000708,L001,2,2,1,3,3,4,4,4,3,3,2021-12-11
LFB000709,L014,4,2,3,3,3,5,3,4,3,2,2021-12-11
LFB000710,L026,4,3,5,4,4,4,5,4,4,5,2021-12-11
LFB000711,L026,4,2,2,5,4,4,3,3,4,4,2021-12-11
LFB000712,L020,4,4,4,4,4,3,4,4,4,3,2021-12-11
LFB000713,L023,3,5,3,4,4,3,3,4,4,3,2021-12-11
LFB000714,L011,5,4,3,4,3,3,3,5,2,3,2021-12-11
LFB000715,L014,5,5,4,4,4,4,4,3,5,4,2021-12-11
LFB000716,L012,3,4,4,5,3,3,3,3,4,5,2021-12-11
LFB000717,L023,2,4,3,5,2,3,4,3,3,4,2021-12-11
LFB000718,L013,5,5,4,3,4,4,3,4,4,4,2021-12-11
LFB000719,L020,2,4,3,3,5,3,3,4,5,4,2021-12-11
LFB000720,L003,3,3,4,4,5,5,4,5,3,5,2021-12-11
LFB000721,L014,2,4,4,4,5,5,3,4,5,3,2021-12-11
LFB000722,L021,4,2,3,3,4,3,3,5,4,4,2021-12-11
LFB000723,L015,3,2,3,2,3,4,3,3,3,4,2021-12-11
LFB000724,L012,4,5,4,5,5,4,4,5,5,4,2021-12-11
LFB000725,L011,5,3,2,4,5,4,3,3,4,5,2021-12-11
LFB000726,L024,4,4,3,4,2,4,4,5,5,4,2021-12-11
LFB000727,L004,4,4,2,4,3,5,3,3,4,5,2021-12-11
LFB000728,L002,4,5,3,5,3,4,3,3,4,3,2021-12-11
LFB000729,L001,3,5,4,3,4,4,4,4,3,4,2021-12-11
LFB000730,L004,4,3,4,3,2,3,3,4,3,4,2021-12-12
LFB000731,L022,4,4,4,3,5,4,3,5,4,4,2021-12-12
LFB000732,L002,3,4,3,5,4,4,2,4,2,3,2021-12-12
LFB000733,L025,4,4,3,4,5,5,4,3,5,5,2021-12-12
LFB000734,L001,5,3,4,4,5,4,4,5,4,5,2021-12-12
LFB000735,L022,2,4,3,3,3,3,4,4,4,1,2021-12-12
LFB000736,L020,3,3,3,4,4,4,4,3,3,3,2021-12-12
LFB000737,L014,4,5,4,4,5,4,3,5,4,3,2021-12-12
LFB000738,L015,4,3,3,5,3,5,3,5,4,3,2021-12-12
LFB000739,L011,4,3,3,3,4,3,3,4,4,4,2021-12-12
LFB000740,L026,5,5,3,3,2,5,4,4,4,5,2021-12-12
LFB000741,L022,3,1,4,3,4,1,4,3,3,3,2021-12-12
LFB000742,L022,4,3,4,3,4,4,2,5,3,2,2021-12-12
LFB000743,L015,5,5,5,4,4,5,5,4,5,4,2021-12-12
LFB000744,L021,5,3,4,5,5,4,4,5,5,5,2021-12-12
LFB000745,L012,4,2,2,5,4,3,5,2,4,1,2021-12-12
LFB000746,L002,4,4,2,2,5,5,2,4,3,4,2021-12-12
LFB000747,L017,3,3,3,4,3,4,4,5,4,3,2021-12-12
LFB000748,L004,3,3,2,3,5,3,2,3,4,4,2021-12-12
LFB000749,L016,4,5,4,3,2,3,4,5,5,4,2021-12-12
LFB000750,L023,3,4,3,4,4,4,4,4,4,5,2021-12-12
LFB000751,L010,4,4,3,3,4,3,5,2,5,5,2021-12-12
LFB000752,L001,2,3,4,4,4,5,3,2,3,1,2021-12-12
LFB000753,L007,5,3,4,3,3,4,2,5,3,4,2021-12-12
LFB000754,L014,3,2,2,3,3,4,3,2,2,2,2021-12-12
LFB000755,L015,3,3,2,3,3,3,4,4,2,2,2021-12-12
LFB000756,L001,4,5,3,4,5,5,3,2,4,5,2021-12-12
LFB000757,L021,4,4,3,4,3,4,4,4,4,4,2021-12-13
LFB000758,L020,5,4,4,3,4,5,4,4,5,4,2021-12-13
LFB000759,L022,3,4,4,3,5,5,3,5,5,4,2021-12-13
LFB000760,L022,2,3,2,4,4,4,5,5,3,2,2021-12-13
LFB000761,L023,5,3,4,5,3,4,4,4,4,4,2021-12-13
LFB000762,L021,3,5,3,5,3,4,2,3,3,4,2021-12-13
LFB000763,L002,5,3,5,4,5,4,2,4,3,4,2021-12-13
LFB000764,L020,4,4,4,5,4,4,4,5,3,4,2021-12-13
LFB000765,L016,4,4,4,5,5,5,5,4,3,4,2021-12-13
LFB000766,L023,4,5,3,4,3,4,4,5,4,5,2021-12-13
LFB000767,L013,3,3,5,3,5,5,4,4,3,4,2021-12-13
LFB000768,L021,4,4,4,3,4,2,5,3,4,4,2021-12-13
LFB000769,L025,4,5,5,4,3,5,3,4,3,3,2021-12-13
LFB000770,L011,4,3,4,4,4,5,5,4,4,5,2021-12-13
LFB000771,L012,4,4,5,5,5,5,3,5,5,4,2021-12-13
LFB000772,L018,4,4,2,4,3,4,2,4,3,3,2021-12-13
LFB000773,L026,3,4,5,5,3,3,4,5,4,3,2021-12-13
LFB000774,L016,4,3,3,4,3,3,3,3,3,3,2021-12-13
LFB000775,L003,4,3,3,3,5,4,4,4,3,3,2021-12-13
LFB000776,L020,2,3,2,2,2,5,4,2,3,5,2021-12-13
LFB000777,L013,1,5,2,4,2,4,3,3,4,3,2021-12-13
LFB000778,L017,4,3,3,4,5,2,4,3,3,4,2021-12-14
LFB000779,L012,3,3,3,3,3,4,4,3,5,3,2021-12-14
LFB000780,L001,4,3,2,5,4,4,4,4,5,4,2021-12-14
LFB000781,L024,4,4,4,4,3,3,5,5,5,5,2021-12-14
LFB000782,L006,4,4,3,4,5,3,3,5,4,2,2021-12-14
LFB000783,L012,3,3,3,3,1,4,4,5,3,3,2021-12-14
LFB000784,L025,2,2,2,4,3,5,5,3,3,3,2021-12-14
LFB000785,L014,3,4,1,4,3,3,4,4,4,4,2021-12-14
LFB000786,L021,4,3,4,4,5,4,3,4,4,4,2021-12-14
LFB000787,L021,4,3,3,4,4,4,4,4,4,4,2021-12-14
LFB000788,L014,3,4,4,3,4,4,3,4,4,3,2021-12-14
LFB000789,L016,5,4,4,3,5,4,3,3,2,3,2021-12-14
LFB000790,L021,2,4,4,3,4,5,4,5,5,4,2021-12-14
LFB000791,L023,3,3,3,4,4,5,3,3,4,3,2021-12-14
LFB000792,L007,5,3,4,3,4,4,4,5,4,4,2021-12-14
LFB000793,L026,2,3,4,3,4,5,4,4,2,3,2021-12-14
LFB000794,L012,3,2,3,2,3,1,3,1,2,3,2021-12-14
LFB000795,L016,3,5,4,2,3,5,5,4,3,5,2021-12-14
LFB000796,L023,3,1,2,4,5,5,3,2,4,3,2021-12-14
LFB000797,L010,4,4,2,3,5,5,5,5,3,4,2021-12-14
LFB000798,L014,5,4,5,4,4,4,4,3,5,5,2021-12-14
LFB000799,L019,3,3,3,3,2,4,2,3,3,5,2021-12-14
LFB000800,L013,2,3,2,4,2,3,3,4,3,4,2021-12-14
LFB000801,L003,3,3,4,4,5,4,4,3,5,3,2021-12-14
LFB000802,L014,3,3,2,4,3,3,4,5,3,4,2021-12-14
LFB000803,L010,4,5,3,4,4,3,4,4,4,5,2021-12-15
LFB000804,L024,4,2,4,3,3,3,2,1,2,4,2021-12-15
LFB000805,L008,2,4,2,3,3,4,5,4,4,4,2021-12-15
LFB000806,L024,5,4,4,4,5,3,5,5,4,4,2021-12-15
LFB000807,L006,3,3,3,4,5,4,4,3,3,4,2021-12-15
LFB000808,L010,3,2,4,5,4,5,4,4,4,4,2021-12-15
LFB000809,L016,4,4,4,3,2,5,5,5,5,4,2021-12-15
LFB000810,L025,2,2,2,1,4,3,2,1,4,5,2021-12-15
LFB000811,L008,3,4,3,5,3,3,4,4,4,5,2021-12-15
LFB000812,L024,5,5,4,5,5,4,2,5,2,5,2021-12-15
LFB000813,L011,3,4,5,3,4,4,3,5,4,4,2021-12-15
LFB000814,L002,3,4,5,3,2,3,3,5,5,3,2021-12-15
LFB000815,L024,3,5,2,3,4,3,4,4,4,5,2021-12-15
LFB000816,L015,4,4,4,2,3,4,4,3,3,3,2021-12-15
LFB000817,L020,4,2,3,2,4,3,2,4,3,5,2021-12-15
LFB000818,L015,5,2,4,4,4,4,3,2,3,4,2021-12-15
LFB000819,L014,5,5,2,4,4,3,3,4,5,4,2021-12-15
LFB000820,L023,2,3,5,3,4,3,3,3,3,4,2021-12-15
LFB000821,L001,5,3,3,4,3,4,5,3,4,4,2021-12-15
LFB000822,L025,3,4,3,2,2,2,3,4,3,3,2021-12-16
LFB000823,L016,2,2,4,2,2,3,3,3,4,3,2021-12-16
LFB000824,L014,4,5,3,4,5,4,4,4,3,4,2021-12-16
LFB000825,L006,3,3,3,5,3,3,3,3,3,5,2021-12-16
LFB000826,L026,3,2,5,4,3,4,3,4,4,3,2021-12-16
LFB000827,L002,5,3,3,5,4,5,5,5,3,5,2021-12-16
LFB000828,L004,3,3,4,2,3,1,2,3,2,2,2021-12-16
LFB000829,L020,4,3,4,5,4,4,3,4,3,5,2021-12-16
LFB000830,L026,4,4,3,4,4,5,4,5,4,3,2021-12-16
LFB000831,L011,5,3,3,5,2,2,5,5,4,4,2021-12-16
LFB000832,L021,2,3,2,3,3,3,3,3,5,4,2021-12-16
LFB000833,L018,3,4,4,5,4,4,3,5,5,4,2021-12-16
LFB000834,L008,5,4,5,5,3,5,3,4,5,3,2021-12-16
LFB000835,L026,3,2,4,5,2,4,4,4,3,3,2021-12-16
LFB000836,L014,3,5,3,3,4,4,3,5,4,5,2021-12-16
LFB000837,L003,5,3,3,3,3,5,3,3,4,5,2021-12-16
LFB000838,L004,4,4,5,5,4,4,4,5,3,3,2021-12-16
LFB000839,L015,4,3,3,3,4,3,3,3,3,4,2021-12-16
LFB000840,L020,4,4,4,3,3,3,4,4,3,5,2021-12-17
LFB000841,L016,3,4,4,3,4,4,4,4,3,4,2021-12-17
LFB000842,L008,3,4,4,4,4,3,3,4,3,5,2021-12-17
LFB000843,L026,3,3,2,3,4,4,4,4,4,4,2021-12-17
LFB000844,L019,4,4,4,3,3,4,5,4,2,4,2021-12-17
LFB000845,L008,2,4,4,5,2,4,4,3,3,3,2021-12-17
LFB000846,L014,3,4,5,2,4,5,4,3,3,2,2021-12-17
LFB000847,L020,3,3,3,4,4,4,5,3,5,5,2021-12-17
LFB000848,L022,4,3,3,4,4,3,5,4,4,5,2021-12-17
LFB000849,L013,5,4,4,4,5,5,3,3,3,4,2021-12-17
LFB000850,L005,3,3,4,3,5,3,3,3,3,5,2021-12-17
LFB000851,L024,3,4,3,3,3,2,4,3,3,3,2021-12-17
LFB000852,L019,4,2,3,5,4,4,3,4,3,3,2021-12-17
LFB000853,L001,4,4,3,4,3,4,4,4,2,3,2021-12-17
LFB000854,L014,5,2,4,3,3,4,4,3,4,2,2021-12-17
LFB000855,L015,5,4,4,3,4,3,3,3,4,3,2021-12-17
LFB000856,L021,5,4,4,5,4,3,5,4,4,4,2021-12-17
LFB000857,L021,5,4,4,5,3,5,4,4,3,3,2021-12-17
LFB000858,L010,2,4,3,3,3,5,5,4,4,2,2021-12-17
LFB000859,L019,4,3,3,3,3,2,5,4,4,4,2021-12-17
LFB000860,L015,5,3,3,3,3,3,4,4,2,3,2021-12-17
LFB000861,L001,3,2,4,2,4,3,3,4,4,2,2021-12-17
LFB000862,L013,4,3,5,4,3,5,2,5,3,5,2021-12-17
LFB000863,L014,4,3,2,5,4,4,3,5,4,3,2021-12-17
LFB000864,L023,4,4,3,4,4,5,3,4,4,5,2021-12-17
LFB000865,L014,4,3,5,3,2,4,3,2,4,1,2021-12-17
LFB000866,L007,3,2,3,3,2,3,2,5,3,3,2021-12-17
LFB000867,L014,3,4,4,4,5,3,3,4,4,5,2021-12-18
LFB000868,L001,5,2,4,2,3,5,3,5,5,4,2021-12-18
LFB000869,L005,3,3,2,4,4,2,2,3,3,4,2021-12-18
LFB000870,L016,4,3,5,3,4,4,4,4,4,3,2021-12-18
LFB000871,L026,3,3,3,2,4,5,3,4,5,3,2021-12-18
LFB000872,L017,3,4,3,3,5,5,4,5,3,4,2021-12-18
LFB000873,L006,3,2,4,4,3,3,4,5,4,4,2021-12-18
LFB000874,L004,4,4,2,4,3,4,3,3,4,4,2021-12-18
LFB000875,L001,5,5,4,4,5,4,3,4,4,5,2021-12-18
LFB000876,L025,4,3,3,5,5,3,4,4,4,5,2021-12-18
LFB000877,L026,5,3,4,5,5,3,4,4,3,4,2021-12-18
LFB000878,L004,3,4,4,2,4,4,3,4,4,4,2021-12-18
LFB000879,L023,3,4,2,4,2,3,3,3,2,4,2021-12-18
LFB000880,L024,4,4,2,3,3,4,3,3,4,3,2021-12-18
LFB000881,L002,2,2,4,4,4,3,4,5,4,2,2021-12-18
LFB000882,L003,3,5,2,3,3,3,4,3,4,5,2021-12-18
LFB000883,L001,4,5,3,3,3,4,3,4,4,4,2021-12-18
LFB000884,L023,4,5,4,4,5,4,3,5,4,5,2021-12-18
LFB000885,L020,3,5,4,5,5,4,3,5,3,3,2021-12-18
LFB000886,L008,3,3,2,3,4,4,3,3,3,3,2021-12-18
LFB000887,L021,2,3,3,3,4,5,4,2,3,5,2021-12-18
LFB000888,L010,2,3,4,3,4,3,2,3,4,4,2021-12-18
LFB000889,L026,2,4,3,2,3,3,4,2,5,3,2021-12-19
LFB000890,L012,5,2,4,3,5,4,3,4,3,4,2021-12-19
LFB000891,L002,5,5,4,4,5,4,4,5,5,5,2021-12-19
LFB000892,L026,4,4,3,5,4,4,4,4,4,5,2021-12-19
LFB000893,L010,3,3,4,4,2,3,4,4,3,5,2021-12-19
LFB000894,L014,3,3,5,4,3,5,3,5,2,4,2021-12-19
LFB000895,L010,4,4,3,5,4,4,3,3,3,4,2021-12-19
LFB000896,L004,3,4,4,4,3,4,2,4,3,5,2021-12-19
LFB000897,L013,2,3,3,3,3,4,2,3,3,3,2021-12-19
LFB000898,L022,4,3,4,4,4,5,4,5,3,5,2021-12-19
LFB000899,L022,5,2,3,3,3,4,4,4,2,3,2021-12-19
LFB000900,L015,2,5,4,4,4,5,3,4,3,5,2021-12-19
LFB000901,L022,3,4,3,3,2,3,4,4,4,3,2021-12-19
LFB000902,L001,2,3,4,5,5,3,4,3,4,3,2021-12-19
LFB000903,L010,2,4,3,2,3,3,4,4,4,5,2021-12-19
LFB000904,L026,2,3,2,5,3,4,3,3,4,1,2021-12-19
LFB000905,L017,4,3,4,5,4,4,2,2,3,3,2021-12-19
LFB000906,L017,4,3,4,3,5,2,3,3,4,3,2021-12-19
LFB000907,L021,4,3,2,5,3,4,3,3,5,4,2021-12-19
LFB000908,L021,2,2,4,4,2,4,3,3,4,3,2022-04-05
LFB000909,L023,4,2,2,3,3,4,3,4,4,4,2022-04-05
LFB000910,L005,3,4,5,3,4,4,4,2,2,5,2022-04-05
LFB000911,L016,4,4,3,5,4,5,5,3,5,5,2022-04-05
LFB000912,L011,4,3,4,3,4,2,3,3,4,4,2022-04-05
LFB000913,L001,4,3,2,4,4,4,3,3,2,2,2022-04-05
LFB000914,L006,3,3,4,5,1,4,5,5,4,4,2022-04-06
LFB000915,L020,2,3,4,2,4,3,4,2,1,3,2022-04-06
LFB000916,L020,3,3,2,5,5,5,4,3,2,4,2022-04-06
LFB000917,L007,4,3,3,4,4,3,4,1,3,2,2022-04-06
LFB000918,L011,2,3,2,4,4,4,4,3,3,5,2022-04-06
LFB000919,L010,3,4,3,5,4,3,4,5,2,4,2022-04-06
LFB000920,L017,3,1,3,2,3,4,1,4,2,4,2022-04-06
LFB000921,L014,4,4,4,2,4,4,4,5,5,3,2022-04-06
LFB000922,L010,4,3,3,3,4,5,4,5,4,5,2022-04-06
LFB000923,L001,3,4,5,5,5,5,5,3,4,5,2022-04-06
LFB000924,L012,3,2,3,3,3,1,2,3,2,3,2022-04-07
LFB000925,L001,3,5,4,3,4,4,4,4,4,5,2022-04-07
LFB000926,L026,3,3,3,4,2,5,4,3,2,3,2022-04-07
LFB000927,L018,4,4,4,3,3,4,3,3,4,4,2022-04-07
LFB000928,L007,2,3,2,3,4,3,3,4,3,4,2022-04-07
LFB000929,L001,3,4,4,4,4,5,5,4,3,4,2022-04-07
LFB000930,L023,3,3,3,4,3,5,5,4,4,4,2022-04-07
LFB000931,L012,3,5,4,4,4,4,4,4,5,3,2022-04-07
LFB000932,L012,2,1,3,4,2,3,2,3,3,2,2022-04-07
LFB000933,L003,3,4,5,2,4,5,3,5,5,4,2022-04-07
LFB000934,L003,3,4,4,2,5,4,3,4,4,5,2022-04-07
LFB000935,L002,3,3,5,4,4,3,3,5,3,5,2022-04-07
LFB000936,L003,3,3,4,5,5,5,2,5,4,4,2022-04-08
LFB000937,L020,4,4,3,4,5,3,4,4,3,5,2022-04-08
LFB000938,L014,5,4,5,3,4,3,4,5,5,5,2022-04-08
LFB000939,L023,4,3,3,3,5,4,3,2,3,4,2022-04-08
LFB000940,L010,3,4,2,3,3,3,3,4,3,4,2022-04-08
LFB000941,L014,4,3,2,5,5,5,3,3,3,5,2022-04-08
LFB000942,L010,2,5,2,4,4,2,4,3,4,3,2022-04-08
LFB000943,L010,2,5,4,3,4,4,3,3,3,3,2022-04-08
LFB000944,L018,4,3,4,3,4,3,3,3,3,3,2022-04-08
LFB000945,L008,3,3,5,3,2,4,3,4,5,4,2022-04-08
LFB000946,L011,5,4,4,3,4,3,4,4,4,5,2022-04-09
LFB000947,L019,4,4,4,3,3,2,4,3,5,4,2022-04-09
LFB000948,L022,4,3,3,3,4,3,3,4,3,3,2022-04-09
LFB000949,L020,5,4,5,3,3,3,5,3,4,5,2022-04-09
LFB000950,L019,3,5,4,4,3,4,3,3,5,4,2022-04-09
LFB000951,L018,3,4,2,2,4,5,3,4,4,4,2022-04-09
LFB000952,L011,4,2,4,4,3,4,2,3,5,4,2022-04-09
LFB000953,L022,3,3,2,3,4,4,5,3,3,2,2022-04-09
LFB000954,L020,3,3,3,3,3,4,3,3,2,5,2022-04-09
LFB000955,L015,1,3,4,4,3,3,4,4,2,3,2022-04-09
LFB000956,L012,2,3,3,3,4,4,3,3,2,2,2022-04-09
LFB000957,L026,3,3,3,5,3,5,4,3,4,4,2022-04-09
LFB000958,L024,3,5,4,5,4,5,4,5,4,5,2022-04-09
LFB000959,L007,5,5,3,4,4,3,4,3,3,5,2022-04-09
LFB000960,L022,4,4,4,4,3,2,1,5,5,3,2022-04-09
LFB000961,L010,4,4,3,3,2,4,5,4,4,4,2022-04-09
LFB000962,L022,2,4,3,3,4,3,3,4,3,4,2022-04-10
LFB000963,L017,4,4,5,5,4,4,3,5,5,4,2022-04-10
LFB000964,L020,2,4,4,3,3,3,4,2,4,3,2022-04-10
LFB000965,L025,5,5,4,5,5,5,5,5,4,5,2022-04-10
LFB000966,L007,4,4,3,5,4,5,4,5,4,2,2022-04-10
LFB000967,L005,3,3,3,2,5,3,2,4,3,3,2022-04-10
LFB000968,L014,3,4,5,4,5,4,5,3,3,5,2022-04-10
LFB000969,L025,2,4,2,3,4,4,4,5,4,2,2022-04-11
LFB000970,L017,2,4,5,4,3,4,2,4,4,4,2022-04-11
LFB000971,L014,4,4,5,4,5,5,5,5,5,5,2022-04-11
LFB000972,L016,3,2,4,4,3,4,3,5,4,4,2022-04-11
LFB000973,L020,4,5,3,4,4,4,4,5,3,3,2022-04-11
LFB000974,L021,5,3,4,4,5,5,5,4,3,5,2022-04-11
LFB000975,L015,5,4,5,5,4,5,3,5,4,4,2022-04-11
LFB000976,L012,3,4,2,2,2,4,3,4,5,4,2022-04-12
LFB000977,L016,4,5,2,3,5,4,2,4,4,4,2022-04-12
LFB000978,L024,4,3,2,3,5,4,2,3,2,3,2022-04-12
LFB000979,L021,3,2,3,3,2,3,3,4,3,2,2022-04-12
LFB000980,L010,5,4,3,5,4,3,4,4,5,3,2022-04-12
LFB000981,L019,2,4,4,3,4,3,4,2,5,3,2022-04-12
LFB000982,L026,4,3,3,2,5,5,4,3,2,3,2022-04-12
LFB000983,L015,3,3,4,2,4,4,4,3,4,4,2022-04-12
LFB000984,L015,4,2,3,4,2,4,4,5,4,3,2022-04-12
LFB000985,L010,3,4,5,5,4,3,3,5,3,4,2022-04-12
LFB000986,L024,2,3,4,5,4,4,3,4,4,4,2022-04-13
LFB000987,L019,4,4,3,3,2,3,3,5,3,3,2022-04-13
LFB000988,L026,5,4,3,2,3,4,3,3,2,3,2022-04-13
LFB000989,L026,4,4,4,3,5,3,4,5,5,5,2022-04-13
LFB000990,L012,4,4,4,5,5,5,3,4,3,3,2022-04-13
LFB000991,L010,3,4,3,3,3,4,4,4,4,5,2022-04-13
LFB000992,L003,4,4,3,5,4,3,3,3,5,4,2022-04-13
LFB000993,L010,4,3,2,3,3,2,2,3,2,5,2022-04-13
LFB000994,L013,4,5,4,4,5,4,4,3,4,5,2022-04-13
LFB000995,L014,5,3,4,3,4,3,3,4,4,3,2022-04-13
LFB000996,L002,4,5,2,4,3,4,4,4,3,4,2022-04-13
LFB000997,L025,4,3,2,3,3,5,3,3,2,4,2022-04-13
LFB000998,L011,3,3,3,3,3,4,2,3,3,4,2022-04-13
LFB000999,L017,4,4,5,3,3,3,4,4,3,3,2022-04-13
LFB001000,L019,3,5,3,4,3,2,4,4,3,4,2022-04-14
LFB001001,L007,4,4,3,4,3,5,5,3,4,5,2022-04-14
LFB001002,L021,3,5,3,5,3,5,5,5,3,2,2022-04-14
LFB001003,L026,5,3,4,5,4,5,4,5,4,5,2022-04-14
LFB001004,L010,4,4,4,3,4,3,4,5,4,4,2022-04-14
LFB001005,L024,4,5,4,4,5,4,3,5,4,3,2022-04-14
LFB001006,L005,3,3,4,2,4,3,3,5,4,3,2022-04-14
LFB001007,L020,4,4,5,4,3,3,4,5,5,2,2022-04-14
LFB001008,L001,5,3,3,2,2,3,2,5,5,4,2022-04-14
LFB001009,L001,4,3,5,5,4,3,4,4,5,4,2022-04-14
LFB001010,L014,4,2,4,3,3,4,4,3,5,3,2022-04-14
LFB001011,L014,4,4,4,4,4,4,3,4,2,3,2022-04-14
LFB001012,L025,3,5,3,4,4,3,4,2,3,4,2022-04-14
LFB001013,L020,3,3,3,4,3,3,3,2,3,3,2022-04-14
LFB001014,L025,4,3,4,4,4,5,4,4,5,4,2022-04-15
LFB001015,L025,4,3,3,3,4,4,3,4,3,5,2022-04-15
LFB001016,L017,3,4,4,4,5,4,2,3,3,4,2022-04-15
LFB001017,L024,4,5,5,5,5,5,4,5,4,4,2022-04-15
LFB001018,L008,4,3,3,5,4,4,5,5,5,3,2022-04-15
LFB001019,L001,5,3,3,4,5,4,4,4,5,5,2022-04-15
LFB001020,L020,3,5,3,4,4,5,2,4,2,5,2022-04-15
LFB001021,L020,3,4,5,3,5,3,4,4,3,4,2022-04-15
LFB001022,L006,4,5,4,4,4,3,2,3,4,4,2022-04-15
LFB001023,L016,4,4,5,4,4,5,5,4,5,4,2022-04-15
LFB001024,L023,3,3,4,4,4,4,3,4,5,5,2022-04-16
LFB001025,L016,5,5,3,4,5,4,5,4,4,5,2022-04-16
LFB001026,L012,5,3,4,5,3,5,3,3,3,4,2022-04-16
LFB001027,L012,2,3,4,4,4,2,3,3,5,3,2022-04-16
LFB001028,L022,4,4,3,4,5,5,5,5,3,3,2022-04-16
LFB001029,L020,3,4,3,3,3,3,4,4,3,3,2022-04-16
LFB001030,L026,2,2,3,3,3,3,5,3,5,4,2022-04-16
LFB001031,L001,3,3,3,3,3,3,5,4,3,5,2022-04-16
LFB001032,L026,3,3,2,4,3,3,4,4,3,5,2022-04-16
LFB001033,L013,3,5,3,3,4,2,5,3,4,5,2022-04-16
LFB001034,L024,4,4,4,3,4,4,2,4,3,3,2022-04-16
LFB001035,L008,4,3,4,5,2,5,3,5,3,3,2022-04-16
LFB001036,L024,3,4,4,4,3,5,4,4,3,4,2022-04-16
LFB001037,L006,5,4,3,4,3,5,4,3,5,3,2022-04-17
LFB001038,L014,2,4,3,4,4,3,3,3,3,3,2022-04-17
LFB001039,L012,3,1,2,2,3,2,2,3,1,2,2022-04-17
LFB001040,L020,3,3,3,5,4,4,5,5,5,5,2022-04-17
LFB001041,L003,2,4,4,4,4,4,2,3,4,3,2022-04-17
LFB001042,L021,3,4,4,4,3,4,3,3,4,3,2022-04-17
LFB001043,L022,4,3,4,3,5,4,3,4,1,5,2022-04-17
LFB001044,L020,3,3,3,5,4,5,3,3,3,4,2022-04-18
LFB001045,L024,5,4,3,3,5,2,3,4,3,3,2022-04-18
LFB001046,L026,4,4,3,4,4,3,4,3,4,5,2022-04-18
LFB001047,L004,4,4,4,3,3,4,4,5,4,5,2022-04-18
LFB001048,L022,4,3,3,4,4,3,3,5,3,5,2022-04-18
LFB001049,L013,3,5,4,5,4,4,3,5,5,5,2022-04-18
LFB001050,L025,2,5,4,3,4,3,4,3,4,3,2022-04-18
LFB001051,L011,4,5,3,3,4,4,5,4,3,3,2022-04-18
LFB001052,L026,5,5,4,4,3,4,4,5,5,3,2022-04-18
LFB001053,L023,3,5,4,4,5,4,1,2,2,3,2022-04-18
LFB001054,L025,3,2,3,3,4,1,3,4,3,4,2022-04-18
LFB001055,L021,4,4,3,4,3,5,4,4,4,4,2022-04-19
LFB001056,L025,4,4,4,3,5,5,4,5,5,4,2022-04-19
LFB001057,L006,4,5,4,5,3,5,5,4,3,5,2022-04-19
LFB001058,L014,3,3,3,3,4,3,3,2,4,3,2022-04-19
LFB001059,L004,3,5,4,4,3,3,3,5,3,4,2022-04-19
LFB001060,L015,4,5,3,2,3,3,3,3,3,4,2022-04-19
LFB001061,L003,3,3,4,4,3,5,4,3,4,4,2022-04-19
LFB001062,L010,5,5,4,3,3,4,4,4,5,4,2022-04-19
LFB001063,L012,3,5,3,2,3,3,3,2,5,4,2022-04-19
LFB001064,L010,4,5,3,5,5,3,4,5,2,3,2022-04-20
LFB001065,L021,2,2,2,3,2,5,3,4,3,3,2022-04-20
LFB001066,L016,2,5,4,3,3,4,5,5,3,4,2022-04-20
LFB001067,L006,4,3,3,4,4,4,3,3,4,3,2022-04-20
LFB001068,L020,2,3,4,2,3,2,3,1,3,3,2022-04-20
LFB001069,L004,2,3,4,4,3,3,4,3,4,5,2022-04-20
LFB001070,L024,3,4,3,5,2,3,4,3,4,2,2022-04-20
LFB001071,L020,4,5,4,4,4,5,4,5,3,4,2022-04-20
LFB001072,L007,3,3,4,3,4,4,3,3,4,3,2022-04-20
LFB001073,L017,3,3,3,2,4,5,4,5,4,4,2022-04-20
LFB001074,L024,4,3,3,5,4,2,4,4,5,4,2022-04-20
LFB001075,L019,4,4,2,3,4,4,4,4,4,5,2022-04-20
LFB001076,L018,5,4,3,4,3,4,4,1,3,5,2022-04-21
LFB001077,L018,4,3,3,4,3,5,4,3,4,3,2022-04-21
LFB001078,L024,5,4,4,3,4,4,4,4,4,4,2022-04-21
LFB001079,L018,5,4,4,4,5,5,4,4,5,4,2022-04-21
LFB001080,L019,3,5,4,3,3,5,4,5,3,3,2022-04-21
LFB001081,L006,5,4,3,3,3,4,5,4,4,4,2022-04-21
LFB001082,L014,3,4,4,4,4,4,4,3,4,3,2022-04-21
LFB001083,L015,3,2,2,3,3,3,3,2,3,3,2022-04-21
LFB001084,L004,3,3,3,4,3,4,5,2,3,3,2022-04-21
LFB001085,L024,4,4,4,4,3,5,2,3,4,4,2022-04-21
LFB001086,L012,3,4,3,3,3,3,4,3,3,4,2022-04-21
LFB001087,L025,4,3,3,3,2,4,3,4,4,5,2022-04-21
LFB001088,L014,3,3,4,4,2,3,2,2,3,4,2022-04-21
LFB001089,L002,4,4,3,4,4,4,2,3,3,5,2022-04-21
LFB001090,L023,4,3,3,3,5,3,3,3,3,3,2022-04-21
LFB001091,L024,4,4,3,4,5,5,3,5,2,3,2022-04-22
LFB001092,L013,1,4,3,4,4,4,3,2,2,4,2022-04-22
LFB001093,L012,3,3,1,2,1,3,3,5,3,5,2022-04-22
LFB001094,L010,4,4,5,5,4,5,4,5,4,4,2022-04-22
LFB001095,L021,5,4,5,5,4,5,5,4,4,5,2022-04-22
LFB001096,L020,3,4,3,4,5,3,4,3,5,3,2022-04-22
LFB001097,L023,3,2,3,4,3,2,3,3,2,3,2022-04-22
LFB001098,L020,4,4,2,3,3,4,3,3,4,5,2022-04-22
LFB001099,L013,3,5,2,2,3,2,2,2,3,3,2022-04-22
LFB001100,L003,4,4,4,5,3,3,3,3,3,5,2022-04-22
LFB001101,L017,5,5,4,3,5,5,4,5,4,5,2022-04-22
LFB001102,L018,4,4,5,3,2,4,3,5,4,3,2022-04-22
LFB001103,L022,4,3,3,4,3,2,5,3,3,4,2022-04-22
LFB001104,L021,4,5,3,5,4,3,4,5,5,4,2022-04-23
LFB001105,L001,2,3,4,4,3,3,3,5,2,4,2022-04-23
LFB001106,L026,4,5,3,3,4,4,5,3,3,3,2022-04-23
LFB001107,L024,4,3,4,4,4,5,3,4,4,4,2022-04-23
LFB001108,L013,3,3,3,4,5,4,3,3,3,5,2022-04-23
LFB001109,L025,3,4,3,5,4,4,4,4,5,5,2022-04-23
LFB001110,L024,4,2,4,3,3,3,2,4,5,5,2022-04-23
LFB001111,L015,2,3,2,4,3,3,3,3,3,3,2022-04-23
LFB001112,L007,3,2,3,4,3,4,4,4,5,4,2022-04-23
LFB001113,L021,5,5,5,4,3,4,4,4,5,5,2022-04-23
LFB001114,L002,5,5,3,3,4,5,4,5,5,5,2022-04-23
LFB001115,L002,4,5,2,4,4,4,3,5,3,3,2022-04-23
LFB001116,L022,4,4,3,4,3,5,4,5,5,3,2022-04-23
LFB001117,L010,4,2,2,3,2,4,3,3,1,4,2022-04-24
LFB001118,L011,3,4,3,5,3,2,4,4,4,2,2022-04-24
LFB001119,L003,4,3,5,5,2,4,3,5,2,5,2022-04-24
LFB001120,L020,2,3,3,5,4,4,3,4,3,5,2022-04-24
LFB001121,L006,4,5,4,4,4,4,4,3,3,4,2022-04-24
LFB001122,L016,4,2,4,3,3,4,3,4,2,3,2022-04-24
LFB001123,L011,3,4,4,3,3,4,2,3,2,4,2022-04-24
LFB001124,L007,4,4,3,4,5,5,4,4,4,5,2022-04-24
LFB001125,L003,4,3,5,4,4,3,3,3,3,3,2022-04-25
LFB001126,L023,3,3,4,4,4,3,4,3,1,5,2022-04-25
LFB001127,L026,5,4,5,4,5,4,5,4,5,5,2022-04-25
LFB001128,L011,3,4,4,4,5,3,4,4,4,4,2022-04-25
LFB001129,L021,3,4,4,3,5,3,3,5,5,5,2022-04-25
LFB001130,L018,2,4,3,4,5,4,3,3,2,4,2022-04-25
LFB001131,L016,2,4,3,3,2,4,3,3,3,2,2022-04-25
LFB001132,L018,2,2,2,2,5,3,3,4,3,3,2022-04-26
LFB001133,L010,4,5,4,4,2,5,4,5,4,3,2022-04-26
LFB001134,L016,5,5,3,4,5,4,5,4,3,3,2022-04-26
LFB001135,L018,5,4,4,4,4,4,5,4,4,3,2022-04-26
LFB001136,L002,5,4,4,5,4,3,2,5,3,3,2022-04-26
LFB001137,L003,3,4,2,4,2,3,5,5,3,3,2022-04-26
LFB001138,L003,4,3,5,4,5,3,2,3,4,3,2022-04-26
LFB001139,L013,4,4,4,5,5,5,4,5,5,3,2022-04-26
LFB001140,L011,4,4,4,4,4,4,4,2,4,3,2022-04-26
LFB001141,L021,2,5,2,4,4,4,3,3,4,5,2022-04-26
LFB001142,L025,4,5,5,5,4,5,5,4,4,4,2022-04-26
LFB001143,L012,3,5,2,2,4,3,3,4,3,4,2022-04-26
LFB001144,L024,3,5,3,3,2,4,3,3,3,2,2022-04-26
LFB001145,L003,5,3,3,3,4,4,5,5,4,5,2022-04-26
LFB001146,L004,4,4,3,5,3,2,2,4,3,4,2022-04-27
LFB001147,L025,3,3,2,4,4,2,4,3,3,3,2022-04-27
LFB001148,L017,3,5,4,4,5,3,4,5,4,4,2022-04-27
LFB001149,L020,3,4,3,3,5,5,5,5,5,5,2022-04-27
LFB001150,L012,4,4,4,4,3,3,4,4,1,3,2022-04-27
LFB001151,L024,4,4,3,3,4,4,3,4,5,5,2022-04-27
LFB001152,L011,4,5,3,4,4,5,4,5,3,3,2022-04-27
LFB001153,L016,2,4,4,2,2,4,2,3,3,3,2022-04-27
LFB001154,L022,4,2,3,3,4,2,2,3,2,4,2022-04-27
LFB001155,L019,2,3,3,5,5,4,4,2,5,4,2022-04-27
LFB001156,L006,3,5,4,4,4,4,4,4,3,4,2022-04-27
LFB001157,L026,3,5,4,5,4,5,4,5,3,4,2022-04-27
LFB001158,L011,5,5,2,5,3,4,3,4,3,4,2022-04-27
LFB001159,L019,4,2,2,4,3,2,5,3,3,5,2022-04-28
LFB001160,L010,4,5,4,5,4,4,4,5,5,4,2022-04-28
LFB001161,L013,4,3,3,5,4,4,4,5,3,5,2022-04-28
LFB001162,L017,3,1,3,4,2,4,5,4,5,3,2022-04-28
LFB001163,L017,4,4,4,4,3,3,3,4,2,3,2022-04-28
LFB001164,L019,3,3,5,3,2,4,3,3,4,3,2022-04-28
LFB001165,L003,5,3,4,5,4,4,3,4,5,4,2022-04-28
LFB001166,L003,2,5,4,5,5,4,5,3,3,4,2022-04-28
LFB001167,L005,3,4,3,3,2,3,3,4,3,2,2022-04-28
LFB001168,L001,4,4,5,4,4,4,5,2,2,3,2022-04-29
LFB001169,L016,3,5,3,2,2,3,2,3,5,2,2022-04-29
LFB001170,L001,5,5,4,4,4,4,5,3,4,3,2022-04-29
LFB001171,L021,2,3,4,3,4,3,4,5,5,4,2022-04-29
LFB001172,L024,3,3,3,4,2,4,3,3,4,4,2022-04-29
LFB001173,L020,5,5,4,4,2,5,3,3,2,4,2022-04-29
LFB001174,L011,2,3,3,3,3,3,3,3,2,4,2022-04-29
LFB001175,L023,4,4,5,5,5,3,3,4,3,4,2022-04-29
LFB001176,L026,4,1,3,4,3,3,3,3,3,3,2022-04-29
LFB001177,L020,2,3,3,4,3,3,3,3,3,4,2022-04-29
LFB001178,L026,3,4,3,4,3,4,2,3,4,4,2022-04-29
LFB001179,L007,4,5,3,3,3,5,4,5,5,4,2022-04-29
LFB001180,L007,3,5,2,5,3,4,4,4,3,5,2022-04-30
LFB001181,L004,3,4,3,4,3,4,5,5,4,5,2022-04-30
LFB001182,L010,4,4,5,4,5,5,2,4,4,4,2022-04-30
LFB001183,L018,2,2,2,3,2,3,4,2,4,5,2022-04-30
LFB001184,L025,4,5,4,4,4,4,4,3,4,5,2022-04-30
LFB001185,L006,4,4,4,4,2,3,4,5,4,5,2022-04-30
LFB001186,L008,4,3,3,3,5,2,2,4,5,3,2022-04-30
LFB001187,L021,5,4,3,4,3,3,5,2,4,3,2022-04-30
LFB001188,L008,4,4,2,2,2,4,4,5,2,5,2022-04-30
LFB001189,L006,4,2,4,4,3,3,3,3,2,3,2022-04-30
LFB001190,L016,2,3,4,5,2,2,1,3,4,3,2022-04-30
LFB001191,L011,5,3,4,5,4,5,4,5,4,5,2022-04-30
LFB001192,L023,4,3,4,2,4,4,2,4,3,5,2022-04-30
LFB001193,L013,3,5,3,3,3,2,5,4,3,3,2022-04-30
LFB001194,L008,4,4,3,4,3,4,1,4,3,2,2022-04-30
LFB001195,L006,4,2,3,2,4,4,5,4,4,2,2022-04-30
LFB001196,L015,3,5,2,3,4,3,3,3,2,3,2022-04-30
LFB001197,L020,4,3,4,4,3,3,4,5,5,5,2022-04-30
LFB001198,L013,3,4,5,4,3,5,4,5,3,3,2022-05-01
LFB001199,L004,5,5,5,4,3,4,3,3,3,4,2022-05-01
LFB001200,L013,4,4,3,3,4,4,3,4,4,4,2022-05-01
LFB001201,L011,3,4,4,5,2,5,3,4,5,4,2022-05-01
LFB001202,L013,3,5,3,3,4,4,5,4,4,5,2022-05-01
LFB001203,L002,1,2,3,3,3,4,3,4,3,3,2022-05-01
LFB001204,L011,4,4,3,4,3,3,5,3,5,2,2022-05-01
LFB001205,L004,4,3,2,3,4,3,4,2,4,4,2022-05-01
LFB001206,L001,3,4,3,4,4,4,4,4,3,4,2022-05-01
LFB001207,L002,2,3,2,3,2,3,3,4,4,3,2022-05-02
LFB001208,L022,3,5,3,2,4,4,4,3,3,3,2022-05-02
LFB001209,L003,5,4,3,3,2,5,3,4,3,3,2022-05-02
LFB001210,L021,4,3,2,4,4,5,4,2,5,4,2022-05-02
LFB001211,L016,3,4,4,4,4,4,4,5,2,3,2022-05-02
LFB001212,L015,4,4,2,3,4,3,3,4,4,4,2022-05-02
LFB001213,L018,3,3,2,5,4,3,4,4,5,4,2022-05-02
LFB001214,L020,2,5,2,3,4,3,3,3,3,4,2022-05-02
LFB001215,L006,4,3,4,3,3,5,4,4,3,4,2022-05-03
LFB001216,L024,3,4,4,4,4,3,5,5,3,3,2022-05-03
LFB001217,L014,5,4,5,4,3,5,3,5,4,4,2022-05-03
LFB001218,L006,3,4,5,3,2,2,5,2,4,4,2022-05-03
LFB001219,L025,2,4,4,5,3,2,3,2,3,4,2022-05-03
LFB001220,L014,4,2,2,3,4,3,3,2,4,4,2022-05-03
LFB001221,L006,3,5,5,4,5,3,5,4,2,4,2022-05-03
LFB001222,L020,4,5,4,5,3,3,5,4,4,3,2022-05-04
LFB001223,L023,1,3,3,3,4,4,3,3,2,4,2022-05-04
LFB001224,L020,4,4,3,4,5,4,4,4,5,5,2022-05-04
LFB001225,L021,2,4,3,3,4,1,2,4,3,2,2022-05-04
LFB001226,L010,4,3,2,1,3,4,3,3,4,5,2022-05-04
LFB001227,L013,4,5,4,4,4,5,3,4,5,4,2022-05-04
LFB001228,L024,3,4,3,4,3,5,5,1,3,4,2022-05-04
LFB001229,L001,3,3,4,2,3,4,3,4,1,2,2022-05-04
LFB001230,L019,4,2,5,2,4,5,2,4,5,3,2022-05-04
LFB001231,L012,5,3,3,2,3,4,4,4,4,3,2022-05-05
LFB001232,L015,2,4,3,4,3,4,4,4,2,5,2022-05-05
LFB001233,L021,4,3,4,3,3,4,4,5,4,4,2022-05-05
LFB001234,L019,5,4,4,4,5,4,4,3,4,4,2022-05-05
LFB001235,L014,2,3,3,4,5,3,4,4,4,3,2022-05-05
LFB001236,L026,3,3,3,3,5,2,4,3,4,4,2022-05-05
LFB001237,L013,4,3,4,3,3,2,5,5,3,4,2022-05-05
LFB001238,L025,2,5,3,4,4,4,4,3,5,4,2022-05-05
LFB001239,L002,3,4,3,3,3,3,3,2,4,4,2022-05-05
LFB001240,L006,4,4,1,4,3,3,5,4,1,4,2022-05-06
LFB001241,L013,4,4,2,4,5,4,4,4,4,4,2022-05-06
LFB001242,L024,3,3,3,4,4,4,2,4,4,4,2022-05-06
LFB001243,L020,4,5,3,4,3,4,5,5,5,3,2022-05-06
LFB001244,L001,4,4,4,4,4,5,3,5,3,4,2022-05-06
LFB001245,L025,3,3,3,4,4,2,5,4,3,5,2022-05-06
LFB001246,L022,3,3,3,3,4,4,3,4,4,5,2022-05-06
LFB001247,L023,2,2,2,4,4,2,4,3,4,3,2022-05-06
LFB001248,L022,4,4,2,3,3,3,4,2,3,5,2022-05-06
LFB001249,L001,5,4,3,3,5,4,4,4,4,4,2022-05-06
LFB001250,L026,5,3,3,4,5,3,5,4,4,4,2022-05-06
LFB001251,L005,5,1,3,4,5,5,5,5,5,5,2022-05-06
LFB001252,L010,3,5,4,3,3,3,2,4,4,3,2022-05-07
LFB001253,L006,3,4,5,4,3,5,3,5,5,3,2022-05-07
LFB001254,L026,5,4,4,5,4,4,5,3,4,4,2022-05-07
LFB001255,L005,4,4,5,4,3,2,3,4,3,5,2022-05-07
LFB001256,L011,5,4,3,4,4,4,3,3,4,5,2022-05-07
LFB001257,L003,3,2,1,5,2,3,4,2,3,2,2022-05-07
LFB001258,L021,4,4,2,3,3,3,1,3,4,4,2022-05-07
LFB001259,L026,4,3,3,3,3,4,1,3,2,4,2022-05-07
LFB001260,L022,5,5,4,4,4,3,2,4,3,3,2022-05-07
LFB001261,L003,3,4,2,4,4,2,3,5,4,4,2022-05-07
LFB001262,L008,4,3,3,5,3,3,4,5,3,5,2022-05-07
LFB001263,L015,4,4,3,4,4,5,3,4,5,3,2022-05-08
LFB001264,L012,3,5,4,4,3,4,2,4,3,5,2022-05-08
LFB001265,L025,3,5,3,3,5,4,5,3,4,5,2022-05-08
LFB001266,L001,3,3,4,3,3,4,4,4,4,3,2022-05-08
LFB001267,L012,3,4,4,4,4,4,5,5,5,3,2022-05-08
LFB001268,L018,5,3,2,4,2,4,2,4,4,1,2022-05-08
LFB001269,L011,3,3,5,4,4,4,4,4,3,5,2022-05-08
LFB001270,L011,4,3,3,4,3,3,3,3,4,3,2022-05-08
LFB001271,L007,4,3,4,4,5,3,4,4,3,3,2022-05-09
LFB001272,L013,4,4,4,4,3,5,5,2,4,4,2022-05-09
LFB001273,L007,5,4,4,4,2,5,3,3,4,5,2022-05-09
LFB001274,L022,3,2,3,4,4,3,3,5,3,3,2022-05-09
LFB001275,L003,4,4,4,3,4,5,2,4,5,3,2022-05-09
LFB001276,L026,4,3,4,4,3,5,4,3,3,3,2022-05-09
LFB001277,L011,3,2,3,2,5,4,4,3,3,3,2022-05-09
LFB001278,L013,5,4,3,2,5,3,4,5,4,5,2022-05-09
LFB001279,L026,3,4,3,2,4,5,3,3,4,4,2022-05-09
LFB001280,L020,3,3,1,4,4,3,3,3,2,4,2022-05-09
LFB001281,L010,4,4,2,2,2,3,3,3,2,4,2022-05-09
LFB001282,L015,4,5,3,3,3,5,2,4,2,5,2022-05-09
LFB001283,L002,3,2,4,3,2,3,3,4,4,2,2022-05-09
LFB001284,L014,4,4,4,3,4,4,5,5,4,4,2022-05-10
LFB001285,L023,3,4,5,5,3,4,4,3,3,4,2022-05-10
LFB001286,L018,4,4,4,5,4,4,5,5,4,3,2022-05-10
LFB001287,L011,3,3,2,3,3,2,3,4,2,2,2022-05-10
LFB001288,L013,3,4,4,4,5,4,4,4,5,3,2022-05-10
LFB001289,L001,3,4,4,3,2,4,4,5,3,3,2022-05-11
LFB001290,L011,4,3,4,5,5,4,4,4,5,4,2022-05-11
LFB001291,L016,4,2,2,4,4,2,3,5,3,5,2022-05-11
LFB001292,L021,3,4,2,3,2,4,5,4,3,4,2022-05-11
LFB001293,L013,5,5,4,4,5,5,4,3,4,5,2022-05-11
LFB001294,L006,5,4,4,4,4,4,4,4,5,4,2022-05-11
LFB001295,L017,4,4,2,3,3,4,3,4,4,3,2022-05-11
LFB001296,L011,4,4,4,3,5,3,5,5,5,5,2022-05-11
LFB001297,L013,3,4,3,2,4,4,3,3,3,5,2022-05-11
LFB001298,L023,4,3,4,2,4,2,4,4,5,5,2022-05-11
LFB001299,L017,4,4,4,3,5,1,2,4,3,4,2022-05-11
LFB001300,L021,3,2,4,4,3,4,3,4,2,3,2022-05-12
LFB001301,L013,4,5,5,5,5,5,5,4,5,4,2022-05-12
LFB001302,L004,3,3,5,5,5,4,5,5,4,5,2022-05-12
LFB001303,L010,4,4,5,4,3,5,3,5,5,4,2022-05-12
LFB001304,L022,4,4,4,3,4,4,3,3,4,4,2022-05-12
LFB001305,L016,4,3,3,3,4,5,3,2,3,4,2022-05-12
LFB001306,L005,3,4,4,5,5,3,4,5,5,5,2022-05-12
LFB001307,L020,1,3,3,2,2,4,2,4,3,3,2022-05-12
LFB001308,L023,4,4,3,4,4,4,4,5,5,5,2022-05-12
LFB001309,L014,4,3,4,5,5,4,4,5,4,5,2022-05-13
LFB001310,L024,4,4,4,4,5,4,4,5,4,4,2022-05-13
LFB001311,L013,2,5,4,3,2,2,4,4,3,4,2022-05-13
LFB001312,L022,2,5,4,4,5,4,2,3,4,5,2022-05-13
LFB001313,L016,5,2,2,5,3,4,4,5,3,4,2022-05-13
LFB001314,L012,4,4,3,4,4,4,4,3,4,3,2022-05-13
LFB001315,L016,2,5,3,4,5,4,3,5,4,5,2022-05-13
LFB001316,L012,4,2,5,3,4,5,4,5,4,4,2022-05-13
LFB001317,L012,3,4,3,3,3,4,4,3,4,4,2022-05-13
LFB001318,L017,3,4,4,4,2,4,4,5,3,5,2022-05-13
LFB001319,L018,2,4,3,3,3,4,3,4,2,4,2022-05-13
LFB001320,L011,2,3,3,1,4,3,3,3,4,3,2022-05-13
LFB001321,L002,3,3,4,5,4,5,5,5,5,4,2022-05-14
LFB001322,L026,5,5,3,4,4,5,4,4,4,5,2022-05-14
LFB001323,L002,3,3,3,3,3,2,4,3,5,4,2022-05-14
LFB001324,L001,4,3,3,4,4,2,3,4,4,5,2022-05-14
LFB001325,L012,2,2,3,5,2,3,2,3,2,3,2022-05-14
LFB001326,L026,2,3,2,2,2,4,4,3,3,1,2022-05-14
LFB001327,L021,4,5,4,2,2,2,3,4,4,5,2022-05-14
LFB001328,L001,4,3,4,3,5,3,3,5,4,4,2022-05-14
LFB001329,L016,4,4,3,4,3,3,4,3,4,4,2022-05-14
LFB001330,L021,4,3,3,3,4,2,2,3,4,3,2022-05-14
LFB001331,L005,3,4,5,4,4,5,2,4,3,5,2022-05-15
LFB001332,L022,4,3,2,2,2,5,3,4,3,3,2022-05-15
LFB001333,L012,4,3,3,3,4,1,3,2,3,3,2022-05-15
LFB001334,L019,3,2,3,4,4,3,5,3,3,3,2022-05-15
LFB001335,L015,5,4,4,3,3,3,5,4,4,4,2022-05-15
LFB001336,L020,4,2,5,4,4,3,3,4,3,3,2022-05-15
LFB001337,L013,2,5,2,1,3,4,3,4,4,3,2022-05-15
LFB001338,L019,4,4,2,2,4,3,3,3,5,4,2022-05-15
LFB001339,L023,4,3,4,3,5,4,5,5,3,5,2022-05-15
LFB001340,L014,2,5,4,4,4,2,3,5,4,3,2022-05-15
LFB001341,L008,4,3,3,4,4,4,5,2,2,3,2022-05-16
LFB001342,L026,3,4,3,3,3,4,4,3,3,3,2022-05-16
LFB001343,L013,4,4,3,3,4,3,4,2,4,3,2022-05-16
LFB001344,L023,3,3,3,4,2,4,2,4,4,1,2022-05-16
LFB001345,L014,4,4,3,4,3,2,5,4,4,5,2022-05-16
LFB001346,L005,3,2,3,5,4,4,4,4,3,5,2022-05-16
LFB001347,L011,5,4,3,3,2,5,4,5,5,5,2022-05-16
LFB001348,L001,4,4,4,3,5,3,1,3,5,4,2022-05-16
LFB001349,L015,5,4,4,4,4,5,5,3,3,5,2022-05-16
LFB001350,L026,3,5,5,3,5,4,2,4,3,3,2022-05-16
LFB001351,L004,4,4,2,4,4,3,4,4,3,5,2022-05-16
LFB001352,L002,3,2,4,4,2,3,4,4,3,4,2022-05-17
LFB001353,L013,1,3,2,5,3,3,3,3,3,3,2022-05-17
LFB001354,L024,5,4,3,4,5,4,4,5,4,4,2022-05-17
LFB001355,L026,2,2,4,4,4,4,4,2,3,4,2022-05-17
LFB001356,L022,2,3,2,4,2,4,2,2,2,2,2022-05-17
LFB001357,L003,4,2,4,5,5,5,4,5,5,4,2022-05-17
LFB001358,L012,4,4,4,5,4,2,5,4,4,4,2022-05-17
LFB001359,L012,5,4,2,4,5,3,4,4,2,4,2022-05-17
LFB001360,L004,3,3,3,5,5,5,3,3,5,2,2022-05-17
LFB001361,L008,5,3,3,4,4,3,4,5,3,5,2022-05-17
LFB001362,L016,4,5,4,3,3,4,4,4,4,5,2022-05-17
LFB001363,L013,2,4,3,4,3,5,5,4,5,4,2022-05-18
LFB001364,L026,3,3,4,3,5,3,4,3,3,3,2022-05-18
LFB001365,L008,4,2,3,5,5,5,4,3,5,5,2022-05-18
LFB001366,L025,5,4,5,4,4,5,4,3,3,4,2022-05-18
LFB001367,L010,4,4,3,2,3,5,4,4,5,5,2022-05-18
LFB001368,L026,4,3,4,5,5,1,3,3,4,3,2022-05-18
LFB001369,L011,4,4,4,3,5,5,5,5,5,4,2022-05-18
LFB001370,L010,4,4,5,5,2,3,4,4,3,2,2022-05-18
LFB001371,L006,3,3,4,3,4,3,3,4,3,4,2022-05-18
LFB001372,L007,5,3,5,5,4,5,4,5,4,4,2022-05-18
LFB001373,L008,5,2,5,4,5,3,4,5,4,4,2022-05-18
LFB001374,L015,4,4,4,3,3,2,4,4,4,3,2022-05-18
LFB001375,L017,2,3,2,2,1,3,4,4,1,3,2022-05-18
LFB001376,L013,4,3,3,5,4,3,4,4,4,4,2022-05-18
LFB001377,L014,5,4,3,2,4,4,5,5,4,4,2022-05-18
LFB001378,L012,3,5,4,4,4,4,3,4,3,4,2022-05-18
LFB001379,L001,5,4,3,4,5,3,3,3,4,4,2022-05-18
LFB001380,L026,4,2,5,3,4,3,3,3,4,2,2022-05-18
LFB001381,L013,4,4,3,3,5,3,4,4,4,2,2022-05-18
LFB001382,L003,4,3,4,4,4,5,2,4,3,5,2022-05-19
LFB001383,L025,5,5,5,5,2,4,2,3,5,4,2022-05-19
LFB001384,L016,4,4,5,5,4,3,5,4,5,4,2022-05-19
LFB001385,L014,3,4,4,3,3,2,3,5,3,5,2022-05-19
LFB001386,L007,3,5,3,4,2,4,2,5,4,2,2022-05-19
LFB001387,L023,5,5,3,4,3,3,3,4,4,4,2022-05-19
LFB001388,L011,4,5,2,4,5,5,3,3,3,5,2022-05-19
LFB001389,L016,4,4,4,3,4,4,5,5,5,3,2022-05-19
LFB001390,L007,3,4,3,2,3,3,2,2,3,3,2022-05-19
LFB001391,L011,1,4,2,2,2,3,2,4,4,3,2022-05-19
LFB001392,L016,4,5,3,5,4,2,4,3,3,3,2022-05-19
LFB001393,L008,3,4,3,4,4,4,5,4,4,4,2022-05-19
LFB001394,L024,2,4,2,3,2,3,4,3,3,3,2022-05-19
LFB001395,L018,3,3,4,5,3,5,5,3,5,4,2022-11-10
LFB001396,L004,4,4,5,4,4,4,4,4,3,5,2022-11-10
LFB001397,L026,5,5,4,5,5,5,5,5,5,5,2022-11-10
LFB001398,L021,5,5,4,3,4,5,4,4,4,5,2022-11-10
LFB001399,L013,2,3,4,2,3,3,3,4,3,3,2022-11-10
LFB001400,L020,4,4,3,4,3,4,5,3,4,4,2022-11-10
LFB001401,L010,4,4,3,2,4,3,1,3,4,5,2022-11-10
LFB001402,L024,4,5,5,4,3,5,5,5,5,4,2022-11-10
LFB001403,L013,3,4,4,2,4,4,4,4,3,3,2022-11-10
LFB001404,L012,5,4,3,4,3,5,5,5,4,5,2022-11-10
LFB001405,L019,3,3,4,3,4,5,4,3,4,4,2022-11-10
LFB001406,L018,3,5,4,4,5,3,4,5,4,5,2022-11-10
LFB001407,L026,5,5,3,5,4,5,5,2,4,4,2022-11-10
LFB001408,L020,5,5,5,5,4,4,5,5,3,3,2022-11-10
LFB001409,L006,3,3,4,3,4,4,5,4,4,4,2022-11-10
LFB001410,L003,5,4,3,2,5,3,4,3,3,3,2022-11-10
LFB001411,L021,3,4,3,2,3,5,5,4,4,4,2022-11-10
LFB001412,L010,3,2,4,5,4,2,4,4,3,5,2022-11-10
LFB001413,L019,4,2,4,3,4,3,4,4,3,4,2022-11-10
LFB001414,L001,2,4,2,2,4,2,4,4,3,4,2022-11-10
LFB001415,L026,4,4,4,4,4,5,5,5,4,4,2022-11-10
LFB001416,L011,3,4,3,3,4,3,2,2,4,3,2022-11-10
LFB001417,L016,5,3,4,3,3,4,4,5,5,3,2022-11-10
LFB001418,L012,1,4,2,4,4,5,4,3,5,4,2022-11-11
LFB001419,L026,3,3,3,3,3,3,4,4,5,4,2022-11-11
LFB001420,L014,4,3,3,5,3,3,5,5,5,3,2022-11-11
LFB001421,L016,1,4,4,4,3,3,4,3,4,4,2022-11-11
LFB001422,L001,5,3,3,4,3,3,4,3,3,4,2022-11-11
LFB001423,L025,3,4,3,5,3,4,4,4,4,4,2022-11-11
LFB001424,L003,4,5,4,5,5,5,4,4,5,4,2022-11-11
LFB001425,L001,4,3,4,3,3,3,4,2,2,4,2022-11-11
LFB001426,L001,5,4,4,4,3,4,4,3,3,3,2022-11-11
LFB001427,L010,4,4,2,5,3,4,3,4,3,3,2022-11-11
LFB001428,L024,4,5,3,2,4,4,4,5,4,5,2022-11-11
LFB001429,L024,3,5,4,3,4,3,3,5,4,5,2022-11-11
LFB001430,L023,5,2,4,3,3,4,5,3,3,4,2022-11-11
LFB001431,L003,3,3,3,4,4,3,4,4,2,4,2022-11-11
LFB001432,L010,3,5,4,3,3,5,3,4,3,4,2022-11-11
LFB001433,L010,4,3,2,3,5,4,3,3,4,5,2022-11-11
LFB001434,L019,5,4,4,3,4,5,3,5,5,5,2022-11-11
LFB001435,L003,3,4,2,3,3,3,2,2,2,3,2022-11-11
LFB001436,L023,2,5,4,4,4,4,3,4,3,4,2022-11-11
LFB001437,L010,2,3,1,2,3,2,4,4,3,4,2022-11-11
LFB001438,L022,3,4,4,2,4,2,4,4,3,4,2022-11-11
LFB001439,L023,2,4,3,5,2,1,3,3,3,2,2022-11-12
LFB001440,L025,4,5,5,5,4,4,2,4,5,5,2022-11-12
LFB001441,L020,4,4,3,4,4,5,5,4,3,5,2022-11-12
LFB001442,L024,4,4,2,4,4,4,5,4,3,4,2022-11-12
LFB001443,L004,4,3,5,5,5,3,3,5,2,5,2022-11-12
LFB001444,L011,4,4,2,2,3,4,4,3,5,5,2022-11-12
LFB001445,L016,4,3,5,5,3,4,3,5,3,4,2022-11-12
LFB001446,L010,3,4,3,3,2,3,4,3,4,4,2022-11-12
LFB001447,L021,4,4,3,5,4,5,4,5,5,3,2022-11-12
LFB001448,L010,3,3,3,5,3,5,5,3,3,4,2022-11-12
LFB001449,L023,2,5,3,5,4,5,5,4,4,5,2022-11-12
LFB001450,L026,3,3,1,4,2,4,3,4,2,3,2022-11-12
LFB001451,L021,5,4,3,4,4,4,3,3,3,4,2022-11-12
LFB001452,L021,4,3,2,5,4,4,4,5,3,5,2022-11-12
LFB001453,L016,5,3,5,5,5,4,4,3,5,5,2022-11-12
LFB001454,L021,2,3,3,5,5,4,5,5,4,4,2022-11-12
LFB001455,L003,4,4,4,3,3,4,4,3,2,4,2022-11-12
LFB001456,L026,5,5,4,4,5,3,4,4,5,5,2022-11-12
LFB001457,L021,5,4,3,3,4,4,4,2,3,4,2022-11-12
LFB001458,L007,4,5,5,4,5,3,5,5,4,4,2022-11-13
LFB001459,L004,4,5,4,3,3,5,4,4,4,4,2022-11-13
LFB001460,L017,2,5,3,4,5,5,3,5,5,4,2022-11-13
LFB001461,L026,3,4,4,4,3,4,2,4,5,3,2022-11-13
LFB001462,L004,2,4,3,4,5,4,4,4,4,5,2022-11-13
LFB001463,L025,4,3,3,3,2,3,3,4,5,4,2022-11-13
LFB001464,L015,4,4,2,3,4,4,2,3,2,2,2022-11-13
LFB001465,L006,4,3,2,4,4,4,4,3,3,2,2022-11-13
LFB001466,L026,4,4,3,5,3,3,4,3,4,3,2022-11-13
LFB001467,L013,4,3,3,3,5,5,3,4,4,3,2022-11-13
LFB001468,L017,3,2,3,4,2,4,3,3,4,3,2022-11-13
LFB001469,L025,3,5,2,5,3,3,4,5,3,2,2022-11-13
LFB001470,L023,4,4,3,5,5,5,2,5,5,4,2022-11-13
LFB001471,L008,5,4,4,3,5,4,3,3,3,3,2022-11-13
LFB001472,L018,4,3,4,4,3,5,4,4,4,4,2022-11-13
LFB001473,L011,4,4,4,2,4,4,5,5,4,4,2022-11-13
LFB001474,L016,2,3,3,3,3,3,4,3,3,4,2022-11-13
LFB001475,L008,4,5,2,3,4,3,3,2,3,4,2022-11-13
LFB001476,L019,4,2,4,4,4,2,3,3,5,4,2022-11-13
LFB001477,L004,4,4,2,2,4,3,3,4,2,4,2022-11-13
LFB001478,L010,3,4,2,4,4,3,3,5,3,3,2022-11-13
LFB001479,L004,2,5,4,3,5,3,4,5,5,4,2022-11-13
LFB001480,L004,5,5,3,3,4,5,3,4,4,4,2022-11-13
LFB001481,L007,4,3,3,3,2,2,3,2,4,4,2022-11-13
LFB001482,L024,3,3,5,4,4,4,4,5,5,4,2022-11-14
LFB001483,L001,3,2,3,3,4,3,3,4,4,5,2022-11-14
LFB001484,L023,5,3,4,2,4,4,4,4,4,4,2022-11-14
LFB001485,L001,4,5,4,5,2,4,2,5,5,5,2022-11-14
LFB001486,L011,4,2,2,4,2,1,3,2,3,3,2022-11-14
LFB001487,L002,4,3,3,3,5,4,3,4,3,3,2022-11-14
LFB001488,L013,3,3,4,3,5,4,3,4,5,4,2022-11-14
LFB001489,L020,5,3,5,5,4,5,4,5,4,5,2022-11-14
LFB001490,L012,3,3,3,4,5,5,4,5,5,5,2022-11-14
LFB001491,L014,5,3,5,5,4,4,4,4,5,4,2022-11-14
LFB001492,L016,5,4,3,4,2,5,4,5,4,5,2022-11-14
LFB001493,L004,4,5,3,4,2,2,4,3,5,3,2022-11-14
LFB001494,L024,4,4,5,4,5,5,4,5,5,5,2022-11-14
LFB001495,L013,3,4,5,4,4,5,5,5,3,5,2022-11-14
LFB001496,L020,4,3,2,4,3,3,5,4,4,5,2022-11-14
LFB001497,L002,3,4,4,3,2,3,4,4,4,5,2022-11-14
LFB001498,L001,3,3,4,4,5,3,5,3,4,4,2022-11-14
LFB001499,L024,5,5,3,3,3,4,3,5,3,5,2022-11-14
LFB001500,L008,3,5,3,5,3,5,4,3,4,5,2022-11-14
LFB001501,L007,3,4,4,5,3,3,5,4,4,5,2022-11-14
LFB001502,L025,3,3,3,5,3,4,4,3,3,4,2022-11-14
LFB001503,L007,2,3,4,3,3,4,3,3,3,3,2022-11-14
LFB001504,L016,4,3,4,3,3,5,4,4,3,3,2022-11-14
LFB001505,L020,3,4,2,4,3,3,3,4,5,4,2022-11-14
LFB001506,L022,2,3,3,5,3,5,3,3,2,3,2022-11-14
LFB001507,L002,4,4,3,4,5,5,4,5,5,5,2022-11-14
LFB001508,L014,4,3,3,4,3,4,4,2,2,3,2022-11-14
LFB001509,L006,5,3,3,5,4,5,5,5,5,5,2022-11-15
LFB001510,L021,4,5,4,4,5,5,3,5,4,4,2022-11-15
LFB001511,L010,4,5,3,5,3,4,3,3,5,5,2022-11-15
LFB001512,L016,5,5,3,4,4,5,3,5,4,4,2022-11-15
LFB001513,L013,3,3,3,2,3,3,5,2,4,4,2022-11-15
LFB001514,L025,4,3,3,3,4,5,4,4,5,5,2022-11-15
LFB001515,L020,4,3,5,5,5,5,5,5,3,5,2022-11-15
LFB001516,L026,4,5,4,4,4,3,4,5,3,4,2022-11-15
LFB001517,L015,4,3,5,5,5,3,4,5,4,5,2022-11-15
LFB001518,L001,3,4,3,4,4,4,3,4,4,3,2022-11-15
LFB001519,L022,5,5,5,4,5,4,5,5,5,4,2022-11-15
LFB001520,L008,4,3,3,3,4,4,5,5,5,4,2022-11-15
LFB001521,L004,3,4,4,5,5,5,4,5,3,4,2022-11-15
LFB001522,L025,2,5,4,5,4,4,5,4,5,4,2022-11-15
LFB001523,L003,4,4,4,3,4,4,5,4,5,4,2022-11-15
LFB001524,L023,5,4,4,3,3,3,3,4,3,4,2022-11-15
LFB001525,L022,4,4,4,3,4,4,3,3,4,4,2022-11-15
LFB001526,L004,3,1,3,3,4,3,5,5,4,4,2022-11-15
LFB001527,L025,4,5,1,3,5,5,4,3,4,3,2022-11-15
LFB001528,L011,5,4,5,5,2,5,3,5,3,2,2022-11-15
LFB001529,L025,4,4,3,3,4,5,4,4,4,4,2022-11-15
LFB001530,L008,4,4,3,5,4,4,4,4,3,5,2022-11-15
LFB001531,L012,4,4,3,5,5,5,3,5,4,5,2022-11-15
LFB001532,L021,4,3,4,4,3,4,3,5,4,3,2022-11-15
LFB001533,L021,4,3,2,4,3,3,4,3,4,3,2022-11-15
LFB001534,L011,5,5,5,4,5,3,4,4,3,5,2022-11-15
LFB001535,L021,2,3,1,3,2,4,2,3,3,4,2022-11-15
LFB001536,L008,2,4,3,4,5,2,3,3,2,4,2022-11-15
LFB001537,L010,4,3,4,5,4,3,4,2,4,3,2022-11-16
LFB001538,L013,4,4,4,5,5,4,5,5,5,4,2022-11-16
LFB001539,L021,5,5,5,4,5,5,4,5,4,5,2022-11-16
LFB001540,L017,4,5,3,3,2,4,4,4,5,3,2022-11-16
LFB001541,L012,2,3,3,3,4,3,2,3,2,2,2022-11-16
LFB001542,L006,5,3,2,3,2,3,4,5,5,4,2022-11-16
LFB001543,L010,4,5,3,4,5,5,4,4,5,5,2022-11-16
LFB001544,L010,4,3,5,3,3,2,5,5,3,3,2022-11-16
LFB001545,L020,4,5,4,5,5,5,3,5,5,4,2022-11-16
LFB001546,L022,2,4,2,2,3,3,4,4,3,3,2022-11-16
LFB001547,L013,5,4,3,5,4,4,3,5,3,5,2022-11-16
LFB001548,L024,4,4,5,3,5,5,5,4,3,3,2022-11-16
LFB001549,L020,3,4,3,3,3,3,4,4,3,4,2022-11-16
LFB001550,L024,5,5,5,5,5,4,5,5,4,5,2022-11-16
LFB001551,L001,3,4,3,5,4,4,3,4,4,5,2022-11-16
LFB001552,L023,3,4,3,3,4,5,4,5,4,4,2022-11-16
LFB001553,L001,4,3,1,3,4,3,3,3,3,5,2022-11-16
LFB001554,L019,2,4,4,5,4,3,2,5,5,3,2022-11-16
LFB001555,L020,4,5,4,4,5,3,5,4,4,5,2022-11-16
LFB001556,L020,4,3,4,4,4,4,5,4,4,4,2022-11-16
LFB001557,L025,5,5,3,5,4,3,3,4,5,4,2022-11-16
LFB001558,L004,4,4,3,3,3,3,4,1,3,3,2022-11-16
LFB001559,L025,3,4,3,4,4,4,4,3,4,3,2022-11-17
LFB001560,L007,3,5,3,3,4,3,3,4,3,3,2022-11-17
LFB001561,L016,3,5,3,4,4,5,4,4,4,4,2022-11-17
LFB001562,L012,5,4,4,4,4,4,4,5,5,5,2022-11-17
LFB001563,L021,3,5,3,5,4,5,3,2,3,4,2022-11-17
LFB001564,L010,4,3,4,5,5,4,3,5,4,4,2022-11-17
LFB001565,L017,4,2,3,5,4,4,3,3,4,5,2022-11-17
LFB001566,L007,4,5,5,5,3,3,4,3,3,3,2022-11-17
LFB001567,L017,4,4,3,2,4,3,3,4,3,3,2022-11-17
LFB001568,L002,5,3,3,5,5,4,4,5,2,4,2022-11-17
LFB001569,L012,4,5,4,4,4,5,4,4,5,4,2022-11-17
LFB001570,L015,2,4,4,5,4,3,4,4,5,5,2022-11-17
LFB001571,L024,4,2,2,4,3,4,3,4,3,3,2022-11-17
LFB001572,L010,4,4,3,4,3,3,4,4,2,5,2022-11-17
LFB001573,L013,4,5,4,5,5,5,3,5,5,5,2022-11-17
LFB001574,L013,5,4,5,5,5,4,3,4,3,4,2022-11-17
LFB001575,L026,4,5,4,4,5,4,4,5,4,5,2022-11-17
LFB001576,L017,4,4,3,4,5,5,4,3,3,3,2022-11-17
LFB001577,L001,2,3,4,2,3,5,4,4,5,5,2022-11-17
LFB001578,L013,3,3,4,4,3,5,3,3,4,4,2022-11-17
LFB001579,L018,5,5,4,4,5,3,3,5,4,4,2022-11-17
LFB001580,L013,3,3,1,3,3,2,3,4,5,3,2022-11-17
LFB001581,L010,4,3,5,5,3,4,4,4,3,3,2022-11-17
LFB001582,L020,3,2,3,3,3,4,4,2,5,4,2022-11-17
LFB001583,L019,3,2,3,3,3,3,2,3,2,3,2022-11-17
LFB001584,L023,4,1,2,2,2,3,5,5,3,3,2022-11-17
LFB001585,L003,2,4,4,3,4,3,4,4,2,3,2022-11-18
LFB001586,L022,3,4,3,4,3,4,3,3,3,2,2022-11-18
LFB001587,L013,4,4,4,2,5,4,4,5,5,4,2022-11-18
LFB001588,L019,5,4,4,4,3,4,2,4,4,3,2022-11-18
LFB001589,L022,3,4,2,4,4,4,3,4,5,4,2022-11-18
LFB001590,L026,3,3,3,2,4,3,3,4,4,3,2022-11-18
LFB001591,L021,3,2,2,4,4,4,4,3,3,4,2022-11-18
LFB001592,L014,3,4,5,5,2,3,5,4,3,3,2022-11-18
LFB001593,L013,4,3,2,4,1,3,2,5,4,4,2022-11-18
LFB001594,L007,4,3,2,3,3,3,2,3,3,3,2022-11-18
LFB001595,L024,3,4,5,5,4,5,4,5,5,5,2022-11-18
LFB001596,L001,3,5,4,3,3,5,5,5,4,5,2022-11-18
LFB001597,L012,3,5,3,4,4,3,4,4,4,5,2022-11-18
LFB001598,L023,4,3,4,3,5,4,3,3,3,2,2022-11-18
LFB001599,L005,3,3,3,4,5,2,3,5,3,2,2022-11-18
LFB001600,L013,4,4,3,5,2,3,4,4,4,3,2022-11-18
LFB001601,L014,3,5,4,4,4,4,5,5,4,5,2022-11-18
LFB001602,L015,4,3,3,4,5,4,4,5,3,4,2022-11-18
LFB001603,L023,4,3,2,4,2,2,3,2,2,5,2022-11-18
LFB001604,L026,4,3,5,5,4,4,4,2,3,4,2022-11-18
LFB001605,L006,4,3,4,3,4,5,4,3,4,3,2022-11-18
LFB001606,L014,3,5,4,5,4,4,4,3,3,5,2022-11-18
LFB001607,L016,4,3,3,5,3,3,5,3,5,5,2022-11-18
LFB001608,L008,5,3,4,5,2,4,4,5,4,5,2022-11-18
LFB001609,L006,3,4,4,5,4,5,3,5,5,5,2022-11-18
LFB001610,L013,4,4,2,4,3,5,2,5,3,3,2022-11-19
LFB001611,L015,4,5,3,3,3,3,4,4,3,4,2022-11-19
LFB001612,L021,5,5,4,3,3,3,4,4,2,4,2022-11-19
LFB001613,L012,4,5,4,5,5,4,4,4,5,5,2022-11-19
LFB001614,L016,5,4,4,3,3,2,5,5,4,3,2022-11-19
LFB001615,L014,2,3,4,3,4,4,3,4,4,4,2022-11-19
LFB001616,L020,3,3,4,4,4,3,3,3,3,5,2022-11-19
LFB001617,L012,3,4,3,3,3,3,2,4,3,4,2022-11-19
LFB001618,L011,4,4,3,4,3,4,3,2,5,5,2022-11-19
LFB001619,L020,5,3,3,3,4,3,3,3,4,4,2022-11-19
LFB001620,L006,4,4,4,5,5,3,4,4,5,5,2022-11-19
LFB001621,L006,2,3,4,4,3,4,4,5,5,4,2022-11-19
LFB001622,L001,5,5,3,4,4,3,4,4,4,5,2022-11-19
LFB001623,L021,5,5,5,4,5,5,5,3,5,5,2022-11-19
LFB001624,L012,3,5,4,5,5,4,2,5,3,4,2022-11-19
LFB001625,L019,5,2,3,4,2,4,5,5,4,4,2022-11-19
LFB001626,L015,5,5,5,4,5,5,2,5,5,5,2022-11-19
LFB001627,L007,4,4,3,3,5,4,3,3,3,5,2022-11-19
LFB001628,L013,4,4,3,3,4,4,2,5,4,4,2022-11-19
LFB001629,L003,3,3,3,4,5,3,5,4,4,3,2022-11-19
LFB001630,L019,1,4,3,4,4,2,5,3,3,4,2022-11-19
LFB001631,L007,3,3,3,4,3,4,4,4,5,3,2022-11-19
LFB001632,L025,4,3,2,3,4,4,4,3,3,4,2022-11-19
LFB001633,L007,4,3,2,3,3,3,4,4,3,4,2022-11-20
LFB001634,L005,4,4,4,3,4,4,4,4,5,4,2022-11-20
LFB001635,L016,4,3,5,2,5,4,4,5,2,3,2022-11-20
LFB001636,L013,3,3,2,2,4,1,2,3,3,3,2022-11-20
LFB001637,L011,4,3,2,4,3,2,4,3,4,4,2022-11-20
LFB001638,L026,4,3,5,4,5,5,5,5,4,4,2022-11-20
LFB001639,L003,5,4,5,4,4,2,4,4,4,3,2022-11-20
LFB001640,L017,5,4,5,5,4,5,5,4,4,5,2022-11-20
LFB001641,L020,1,5,4,4,5,5,3,5,4,4,2022-11-20
LFB001642,L025,5,5,4,5,5,4,5,4,5,5,2022-11-20
LFB001643,L023,3,2,4,4,4,3,4,4,4,4,2022-11-20
LFB001644,L021,4,3,4,2,3,5,3,3,4,4,2022-11-20
LFB001645,L023,4,5,4,5,4,4,4,4,4,5,2022-11-20
LFB001646,L014,4,4,3,4,3,5,3,5,5,4,2022-11-20
LFB001647,L003,3,5,4,4,5,4,3,4,3,4,2022-11-20
LFB001648,L020,5,5,5,5,4,4,3,4,5,5,2022-11-20
LFB001649,L002,4,4,3,3,5,4,3,5,4,4,2022-11-20
LFB001650,L021,4,5,3,4,3,4,5,5,5,4,2022-11-20
LFB001651,L016,3,3,4,3,5,3,4,4,4,3,2022-11-20
LFB001652,L012,4,4,2,3,3,4,4,3,2,4,2022-11-20
LFB001653,L011,5,3,3,4,3,4,4,4,4,4,2022-11-20
LFB001654,L016,5,4,4,5,3,2,3,4,3,3,2022-11-20
LFB001655,L001,3,4,3,3,3,3,5,5,3,2,2022-11-21
LFB001656,L023,4,4,5,3,3,4,4,4,3,5,2022-11-21
LFB001657,L025,4,5,5,3,4,5,4,5,5,4,2022-11-21
LFB001658,L003,3,3,3,3,2,4,3,3,3,3,2022-11-21
LFB001659,L026,4,3,3,5,5,4,2,4,3,4,2022-11-21
LFB001660,L015,4,4,5,5,5,4,4,3,4,5,2022-11-21
LFB001661,L023,2,4,3,5,4,5,3,5,3,5,2022-11-21
LFB001662,L016,2,5,2,2,4,4,4,3,3,4,2022-11-21
LFB001663,L026,5,2,4,4,4,3,3,3,3,3,2022-11-21
LFB001664,L004,5,4,4,4,3,4,3,3,3,4,2022-11-21
LFB001665,L005,4,5,5,5,4,5,4,5,5,4,2022-11-21
LFB001666,L001,3,3,4,3,3,3,4,2,4,3,2022-11-21
LFB001667,L017,3,4,2,3,4,3,3,5,3,3,2022-11-21
LFB001668,L013,5,3,3,3,4,4,4,4,3,4,2022-11-21
LFB001669,L020,3,5,2,4,3,2,4,4,3,2,2022-11-21
LFB001670,L020,2,3,4,4,4,3,3,4,3,4,2022-11-21
LFB001671,L020,3,5,4,4,3,3,2,4,3,3,2022-11-21
LFB001672,L015,2,4,4,3,4,4,5,5,4,5,2022-11-21
LFB001673,L021,2,4,3,2,4,3,4,4,4,4,2022-11-21
LFB001674,L002,5,4,5,3,4,2,4,4,2,2,2022-11-21
LFB001675,L024,4,4,3,5,4,5,4,4,3,4,2022-11-21
LFB001676,L003,4,3,5,5,5,4,5,5,5,5,2022-11-21
LFB001677,L021,5,3,4,5,3,4,4,3,4,1,2022-11-21
LFB001678,L001,5,4,4,3,4,3,3,3,3,2,2022-11-21
LFB001679,L026,3,4,3,4,3,4,3,3,2,3,2022-11-21
LFB001680,L026,5,4,4,5,3,4,3,3,4,5,2022-11-22
LFB001681,L022,3,4,3,3,4,4,4,5,5,5,2022-11-22
LFB001682,L005,3,4,4,5,3,4,4,5,4,4,2022-11-22
LFB001683,L003,4,4,5,4,3,3,3,4,5,5,2022-11-22
LFB001684,L007,4,4,3,3,3,5,3,4,4,4,2022-11-22
LFB001685,L022,4,4,3,5,3,3,3,4,3,2,2022-11-22
LFB001686,L025,4,3,4,3,3,4,3,4,5,3,2022-11-22
LFB001687,L003,2,4,2,4,4,3,3,4,4,2,2022-11-22
LFB001688,L012,5,2,3,4,5,4,5,5,3,5,2022-11-22
LFB001689,L014,3,3,3,4,4,5,2,5,3,4,2022-11-22
LFB001690,L007,3,3,4,4,4,5,4,4,3,4,2022-11-22
LFB001691,L014,4,3,4,4,5,5,5,5,4,4,2022-11-22
LFB001692,L007,2,4,5,5,3,4,4,4,4,5,2022-11-22
LFB001693,L008,4,5,4,5,4,3,4,4,3,4,2022-11-22
LFB001694,L021,4,5,3,3,5,3,4,3,5,4,2022-11-22
LFB001695,L024,3,4,4,4,5,5,5,5,4,5,2022-11-22
LFB001696,L005,3,3,2,2,3,4,3,3,4,3,2022-11-22
LFB001697,L002,4,3,4,3,4,3,3,4,4,4,2022-11-22
LFB001698,L016,3,3,4,3,4,5,3,4,4,3,2022-11-22
LFB001699,L018,2,4,4,4,2,2,4,2,3,5,2022-11-22
LFB001700,L007,2,4,3,5,4,4,3,4,3,4,2022-11-22
LFB001701,L023,3,4,3,3,2,4,4,2,5,5,2022-11-22
LFB001702,L001,3,2,2,1,3,4,3,4,3,4,2022-11-22
LFB001703,L001,4,5,5,5,4,4,3,3,3,4,2022-11-22
LFB001704,L003,4,4,5,5,5,3,5,5,5,5,2022-11-23
LFB001705,L012,3,3,3,3,2,5,3,4,4,3,2022-11-23
LFB001706,L015,4,4,4,4,4,5,4,5,4,5,2022-11-23
LFB001707,L016,3,3,4,3,4,2,3,2,4,4,2022-11-23
LFB001708,L012,4,3,3,3,4,4,4,5,2,5,2022-11-23
LFB001709,L025,5,5,4,4,3,5,4,4,4,4,2022-11-23
LFB001710,L007,5,4,3,4,4,4,3,3,5,3,2022-11-23
LFB001711,L023,2,4,2,5,3,4,5,4,3,3,2022-11-23
LFB001712,L014,4,2,5,4,4,5,4,5,4,5,2022-11-23
LFB001713,L010,5,4,5,3,5,3,5,4,4,4,2022-11-23
LFB001714,L012,4,4,3,4,4,4,4,3,3,5,2022-11-23
LFB001715,L010,3,2,4,5,3,4,2,4,4,3,2022-11-23
LFB001716,L016,3,4,3,3,2,2,5,3,2,5,2022-11-23
LFB001717,L022,5,5,5,5,5,5,2,4,5,3,2022-11-23
LFB001718,L003,3,5,5,4,4,4,4,5,4,4,2022-11-23
LFB001719,L014,2,4,4,4,3,3,4,5,3,5,2022-11-23
LFB001720,L002,3,3,2,3,4,5,1,4,3,5,2022-11-23
LFB001721,L013,4,4,3,3,3,2,4,4,4,3,2022-11-23
LFB001722,L007,4,4,4,4,5,3,4,4,3,4,2022-11-24
LFB001723,L020,3,3,2,3,4,5,2,5,2,4,2022-11-24
LFB001724,L006,3,5,4,4,3,5,5,5,5,5,2022-11-24
LFB001725,L016,4,3,4,2,4,3,3,4,4,4,2022-11-24
LFB001726,L007,4,4,4,4,5,4,4,4,3,4,2022-11-24
LFB001727,L026,3,3,2,5,5,4,4,3,4,2,2022-11-24
LFB001728,L001,5,5,5,4,5,4,3,5,2,5,2022-11-24
LFB001729,L025,5,5,4,5,5,4,3,5,4,5,2022-11-24
LFB001730,L011,5,4,4,4,5,3,3,5,4,5,2022-11-24
LFB001731,L002,5,3,2,5,3,5,4,4,5,4,2022-11-24
LFB001732,L026,4,3,3,4,4,4,5,5,4,5,2022-11-24
LFB001733,L021,2,2,4,5,4,5,3,4,3,3,2022-11-24
LFB001734,L014,3,3,4,3,2,3,3,3,3,4,2022-11-24
LFB001735,L025,5,4,3,5,5,5,5,4,4,3,2022-11-24
LFB001736,L019,4,4,5,4,5,5,4,5,4,5,2022-11-24
LFB001737,L019,3,2,5,4,4,4,3,3,3,4,2022-11-24
LFB001738,L002,1,3,4,5,3,3,3,3,4,4,2022-11-24
LFB001739,L010,4,5,5,5,4,5,4,5,4,4,2022-11-24
LFB001740,L021,2,4,3,3,4,3,4,4,4,4,2022-11-24
LFB001741,L011,3,5,3,3,2,5,2,4,2,3,2022-11-24
LFB001742,L014,5,4,3,5,2,5,3,3,4,4,2022-11-24
LFB001743,L022,2,4,5,4,2,5,3,3,5,4,2022-11-24
LFB001744,L016,4,4,3,4,2,4,4,2,3,3,2022-11-24
LFB001745,L022,5,5,5,5,5,5,5,5,5,4,2022-11-25
LFB001746,L024,3,5,3,1,3,3,4,4,2,4,2022-11-25
LFB001747,L007,4,5,5,4,5,4,4,5,5,3,2022-11-25
LFB001748,L011,2,3,4,4,4,5,3,4,4,3,2022-11-25
LFB001749,L026,4,5,3,3,5,3,4,5,4,3,2022-11-25
LFB001750,L010,5,5,5,5,3,5,5,5,5,4,2022-11-25
LFB001751,L011,4,5,3,5,3,4,3,4,4,5,2022-11-25
LFB001752,L019,3,3,3,2,3,4,4,2,3,4,2022-11-25
LFB001753,L011,5,4,5,5,4,5,4,5,3,4,2022-11-25
LFB001754,L024,3,4,3,3,4,4,5,4,4,3,2022-11-25
LFB001755,L001,3,4,3,3,4,5,5,5,5,4,2022-11-25
LFB001756,L023,2,4,5,2,5,5,3,5,5,3,2022-11-25
LFB001757,L008,3,4,2,3,5,4,2,5,3,4,2022-11-25
LFB001758,L017,3,4,2,5,4,4,5,5,3,4,2022-11-25
LFB001759,L004,4,4,4,4,4,4,2,4,3,3,2022-11-25
LFB001760,L012,3,5,4,4,5,4,4,4,3,4,2022-11-25
LFB001761,L011,2,4,3,3,1,4,3,4,5,2,2022-11-25
LFB001762,L008,4,3,4,5,3,3,4,5,4,4,2022-11-25
LFB001763,L015,4,4,3,3,4,4,2,4,5,3,2022-11-26
LFB001764,L004,5,5,2,3,5,5,4,3,5,5,2022-11-26
LFB001765,L017,5,5,5,4,5,4,4,4,5,4,2022-11-26
LFB001766,L007,5,3,2,3,3,3,3,4,4,4,2022-11-26
LFB001767,L016,4,2,4,4,2,3,2,3,5,3,2022-11-26
LFB001768,L025,5,4,3,4,3,5,4,4,3,4,2022-11-26
LFB001769,L026,4,5,5,4,4,5,4,5,5,4,2022-11-26
LFB001770,L022,5,5,1,4,5,4,5,5,4,4,2022-11-26
LFB001771,L010,4,3,2,3,4,4,4,5,3,5,2022-11-26
LFB001772,L016,5,5,5,4,3,3,3,3,3,4,2022-11-26
LFB001773,L025,5,5,5,4,4,5,5,4,4,5,2022-11-26
LFB001774,L025,5,4,4,5,4,5,4,4,5,5,2022-11-26
LFB001775,L010,5,4,4,3,5,5,3,5,4,4,2022-11-26
LFB001776,L024,5,5,5,5,5,2,4,4,5,5,2022-11-26
LFB001777,L022,4,5,3,4,2,5,4,4,3,5,2022-11-26
LFB001778,L016,4,5,3,3,5,4,4,5,4,3,2022-11-26
LFB001779,L012,3,1,3,4,5,5,4,4,4,4,2022-11-26
LFB001780,L001,3,4,4,3,5,3,3,3,2,4,2022-11-26
LFB001781,L006,3,3,2,4,4,4,3,5,4,4,2022-11-26
LFB001782,L010,5,5,4,4,3,4,5,5,5,5,2022-11-26
LFB001783,L007,5,5,5,4,4,4,5,5,4,5,2022-11-26
LFB001784,L001,5,4,4,3,5,4,3,4,5,5,2022-11-26
LFB001785,L025,2,3,5,4,3,3,4,5,3,5,2022-11-26
LFB001786,L003,4,3,5,4,4,2,3,4,4,4,2022-11-26
LFB001787,L012,3,4,4,4,4,3,5,4,3,3,2022-11-26
LFB001788,L013,3,4,4,4,4,3,5,5,4,5,2022-11-26
LFB001789,L013,4,4,3,5,4,4,4,3,4,3,2022-11-26
LFB001790,L008,3,4,2,2,3,2,4,3,2,3,2022-11-26
LFB001791,L023,4,4,3,4,4,5,3,5,4,5,2022-11-26
LFB001792,L022,4,3,3,4,3,4,3,5,3,2,2022-11-26
LFB001793,L013,4,2,4,3,4,4,2,4,4,3,2022-11-26
LFB001794,L012,4,3,4,4,5,5,4,5,5,5,2022-11-26
LFB001795,L010,4,4,5,4,4,5,5,3,4,3,2022-11-26
LFB001796,L013,4,4,5,4,4,4,3,3,4,3,2022-11-26
LFB001797,L004,4,3,2,4,4,3,2,4,2,2,2022-11-26
LFB001798,L026,2,3,3,4,5,5,2,3,4,2,2022-11-26
LFB001799,L020,3,3,3,3,2,4,4,4,3,5,2022-11-26
LFB001800,L026,3,3,3,5,4,4,2,4,2,4,2022-11-27
LFB001801,L019,5,3,4,4,3,5,3,4,4,5,2022-11-27
LFB001802,L021,1,3,2,3,2,4,4,5,3,4,2022-11-27
LFB001803,L015,5,3,3,3,3,3,3,4,5,3,2022-11-27
LFB001804,L010,5,4,5,5,5,4,4,4,5,4,2022-11-27
LFB001805,L008,5,5,5,5,4,4,4,5,4,4,2022-11-27
LFB001806,L001,4,4,4,5,3,5,5,3,4,5,2022-11-27
LFB001807,L012,5,5,3,5,5,5,5,4,5,5,2022-11-27
LFB001808,L022,3,5,5,3,4,4,5,3,5,4,2022-11-27
LFB001809,L019,4,4,3,5,4,3,5,3,2,3,2022-11-27
LFB001810,L006,4,4,3,3,4,5,3,3,3,3,2022-11-27
LFB001811,L001,2,4,4,4,5,5,4,5,3,3,2022-11-27
LFB001812,L026,3,5,3,3,4,5,5,4,3,5,2022-11-27
LFB001813,L011,5,3,4,4,4,4,4,3,4,5,2022-11-27
LFB001814,L007,3,3,3,2,3,2,3,1,3,3,2022-11-27
LFB001815,L024,3,4,5,4,5,4,4,4,5,5,2022-11-27
LFB001816,L026,4,3,3,4,3,4,4,4,4,4,2022-11-27
LFB001817,L022,5,4,5,5,5,4,4,3,4,4,2022-11-27
LFB001818,L022,3,4,2,2,5,4,4,2,5,5,2022-11-27
LFB001819,L008,2,3,3,2,3,3,2,2,3,2,2022-11-27
LFB001820,L003,3,4,4,4,4,4,4,4,4,4,2022-11-27
LFB001821,L023,3,4,3,3,3,5,3,5,2,4,2022-11-27
LFB001822,L026,4,3,4,4,4,4,3,3,4,3,2022-11-27
LFB001823,L019,3,4,4,5,5,3,4,3,4,1,2022-11-27
LFB001824,L012,5,3,2,4,4,3,5,3,2,5,2022-11-27
LFB001825,L017,5,2,2,3,3,4,3,3,2,3,2022-11-27
LFB001826,L015,4,4,3,3,5,4,4,4,2,4,2022-11-27
LFB001827,L012,4,4,4,4,3,4,4,4,5,3,2022-11-27
LFB001828,L014,3,3,3,4,5,4,2,4,3,4,2022-11-27
LFB001829,L026,3,5,3,4,4,4,3,3,2,5,2022-11-27
LFB001830,L022,4,4,3,4,2,3,4,4,4,4,2022-11-27
LFB001831,L013,3,5,3,4,3,3,5,5,5,5,2022-11-27
LFB001832,L013,4,3,2,2,3,3,2,1,3,3,2022-11-28
LFB001833,L012,3,3,4,4,4,5,4,3,4,4,2022-11-28
LFB001834,L001,3,2,3,2,5,4,5,3,4,4,2022-11-28
LFB001835,L020,5,4,4,4,4,4,5,5,5,4,2022-11-28
LFB001836,L004,4,3,4,5,3,5,4,5,4,4,2022-11-28
LFB001837,L011,4,2,4,3,4,4,2,3,5,4,2022-11-28
LFB001838,L023,4,3,5,5,4,4,5,5,5,5,2022-11-28
LFB001839,L010,3,4,5,3,5,5,5,5,5,5,2022-11-28
LFB001840,L020,4,4,4,5,3,4,5,5,3,4,2022-11-28
LFB001841,L003,4,3,3,3,4,4,4,4,4,4,2022-11-28
LFB001842,L007,3,2,4,4,5,2,3,3,4,5,2022-11-28
LFB001843,L004,4,5,5,4,4,4,4,4,3,5,2022-11-28
LFB001844,L012,5,5,4,4,5,5,3,5,4,2,2022-11-28
LFB001845,L020,3,3,4,4,5,4,3,5,2,3,2022-11-28
LFB001846,L021,3,4,3,5,3,4,3,4,4,4,2022-11-28
LFB001847,L015,3,4,5,5,5,5,3,4,5,4,2022-11-28
LFB001848,L014,5,4,5,3,4,3,5,5,2,5,2022-11-28
LFB001849,L025,2,4,3,4,3,3,2,5,4,3,2022-11-28
LFB001850,L001,3,5,4,5,3,5,5,4,4,4,2022-11-28
LFB001851,L008,4,4,3,3,5,4,4,5,3,5,2022-11-28
LFB001852,L018,2,4,5,4,4,5,2,5,5,5,2022-11-28
LFB001853,L005,3,3,4,4,1,4,5,5,5,4,2022-11-28
LFB001854,L010,4,4,4,5,5,4,5,5,4,5,2022-11-28
LFB001855,L020,2,2,3,5,3,5,2,5,4,4,2022-11-28
LFB001856,L020,4,3,4,1,4,5,4,4,3,5,2022-11-28
LFB001857,L026,5,4,4,4,4,5,4,3,5,4,2022-11-28
LFB001858,L007,3,2,2,3,3,4,3,3,2,4,2022-11-28
LFB001859,L025,4,4,3,2,3,4,3,5,3,4,2022-11-28
LFB001860,L005,3,4,4,5,4,4,5,3,5,4,2022-11-28
LFB001861,L021,4,2,4,4,3,4,3,5,3,4,2022-11-28
LFB001862,L003,3,3,5,4,3,4,2,3,4,4,2022-11-28
LFB001863,L023,3,3,2,3,3,3,3,3,4,4,2022-11-29
LFB001864,L022,4,4,3,4,3,3,4,3,4,2,2022-11-29
LFB001865,L011,5,5,5,5,4,4,4,4,3,5,2022-11-29
LFB001866,L026,3,5,3,4,4,5,4,4,4,4,2022-11-29
LFB001867,L018,5,3,3,4,4,5,3,5,5,3,2022-11-29
LFB001868,L025,5,4,4,5,4,3,3,4,4,4,2022-11-29
LFB001869,L013,4,4,4,5,3,4,4,4,3,4,2022-11-29
LFB001870,L023,4,3,4,3,4,3,3,4,4,3,2022-11-29
LFB001871,L010,4,4,4,4,5,4,4,5,5,3,2022-11-29
LFB001872,L021,3,3,2,3,4,5,3,3,4,5,2022-11-29
LFB001873,L023,4,5,2,5,5,5,5,4,3,4,2022-11-29
LFB001874,L013,3,5,3,3,3,5,5,4,5,4,2022-11-29
LFB001875,L023,5,5,5,3,4,5,4,5,3,5,2022-11-29
LFB001876,L010,3,4,3,4,5,3,5,4,5,4,2022-11-29
LFB001877,L012,3,5,3,4,4,4,4,4,4,2,2022-11-29
LFB001878,L005,4,4,4,5,4,5,5,4,3,4,2022-11-29
LFB001879,L016,3,4,4,4,4,3,4,3,4,4,2022-11-29
LFB001880,L019,3,4,1,4,4,3,5,5,5,5,2022-11-29
LFB001881,L007,2,3,5,4,4,4,3,4,3,5,2022-11-29
LFB001882,L005,3,2,4,3,4,3,3,4,4,5,2022-11-29
LFB001883,L008,3,2,3,3,4,5,3,4,3,4,2022-11-29
LFB001884,L024,3,4,3,4,4,4,4,4,3,4,2022-11-29
LFB001885,L026,4,4,4,4,5,2,3,4,4,4,2022-11-29
LFB001886,L021,4,4,3,2,4,4,3,3,3,3,2022-11-30
LFB001887,L003,3,4,5,4,4,4,2,4,4,3,2022-11-30
LFB001888,L011,4,4,4,5,4,4,4,4,4,3,2022-11-30
LFB001889,L019,4,3,5,4,4,3,3,4,3,2,2022-11-30
LFB001890,L014,4,3,3,4,4,4,2,5,3,4,2022-11-30
LFB001891,L004,4,5,3,5,4,3,3,5,5,3,2022-11-30
LFB001892,L025,5,4,3,4,4,5,5,3,3,4,2022-11-30
LFB001893,L021,3,3,3,3,2,4,4,3,4,4,2022-11-30
LFB001894,L002,2,5,3,4,4,4,3,4,3,5,2022-11-30
LFB001895,L019,5,5,4,3,4,5,4,5,5,4,2022-11-30
LFB001896,L014,4,4,5,2,3,3,4,3,3,3,2022-11-30
LFB001897,L010,3,3,5,4,4,4,4,5,4,5,2022-11-30
LFB001898,L025,3,4,3,3,3,3,4,3,2,4,2022-11-30
LFB001899,L021,4,4,5,4,4,5,5,5,4,4,2022-11-30
LFB001900,L023,3,4,5,4,5,4,3,4,5,4,2022-11-30
LFB001901,L015,5,5,5,5,4,5,4,5,4,5,2022-11-30
LFB001902,L012,4,5,5,4,5,4,4,5,4,4,2022-11-30
LFB001903,L022,2,4,4,5,5,3,5,3,4,4,2022-11-30
LFB001904,L011,5,3,3,4,3,5,3,4,5,4,2022-11-30
LFB001905,L020,5,4,3,3,4,5,3,4,4,4,2022-11-30
LFB001906,L012,5,4,3,2,4,3,4,5,3,3,2022-11-30
LFB001907,L023,4,3,4,2,2,4,3,3,5,3,2022-12-01
LFB001908,L023,3,3,5,4,4,5,5,3,4,4,2022-12-01
LFB001909,L017,5,4,5,5,5,4,5,4,5,4,2022-12-01
LFB001910,L010,3,3,4,4,4,4,5,3,4,4,2022-12-01
LFB001911,L015,4,5,2,5,5,3,5,4,3,3,2022-12-01
LFB001912,L012,4,4,1,4,4,5,4,3,2,4,2022-12-01
LFB001913,L006,3,3,4,5,3,4,3,3,2,3,2022-12-01
LFB001914,L014,4,3,5,4,5,3,5,4,4,2,2022-12-01
LFB001915,L003,4,3,1,3,3,3,3,3,4,3,2022-12-01
LFB001916,L010,3,1,4,3,2,3,3,3,3,4,2022-12-01
LFB001917,L013,3,5,5,2,5,4,4,5,4,4,2022-12-01
LFB001918,L002,2,3,5,2,5,4,3,5,4,3,2022-12-01
LFB001919,L005,5,4,4,3,5,4,4,3,5,4,2022-12-01
LFB001920,L007,5,3,4,3,2,5,5,5,5,4,2022-12-01
LFB001921,L012,5,4,3,3,5,5,4,5,4,5,2022-12-01
LFB001922,L012,3,3,3,3,3,5,4,5,4,2,2022-12-01
LFB001923,L016,4,4,3,5,4,4,5,3,4,5,2022-12-01
LFB001924,L008,5,5,5,5,3,4,5,5,4,5,2022-12-01
LFB001925,L023,3,4,3,5,4,5,2,4,5,4,2022-12-01
LFB001926,L025,4,5,5,5,5,5,5,5,5,4,2022-12-01
LFB001927,L016,4,4,5,4,5,5,4,5,3,3,2022-12-01
LFB001928,L020,3,3,4,3,3,4,4,2,4,3,2022-12-01
LFB001929,L003,2,4,3,4,2,2,3,4,4,4,2022-12-01
LFB001930,L010,5,4,3,4,3,3,4,4,2,5,2022-12-01
LFB001931,L015,4,3,3,3,3,4,4,3,2,5,2022-12-01
LFB001932,L024,5,4,3,3,5,4,3,4,2,5,2022-12-01
LFB001933,L019,4,3,3,5,4,3,3,4,4,4,2022-12-01
LFB001934,L018,3,3,3,3,3,5,3,3,5,5,2022-12-02
LFB001935,L020,4,4,2,4,4,3,3,4,4,5,2022-12-02
LFB001936,L011,3,5,2,5,4,5,3,4,2,3,2022-12-02
LFB001937,L019,4,4,4,3,5,3,2,3,3,2,2022-12-02
LFB001938,L001,4,5,5,2,4,4,5,5,5,3,2022-12-02
LFB001939,L018,3,3,4,4,3,3,3,2,5,4,2022-12-02
LFB001940,L010,5,5,2,5,4,5,3,4,4,5,2022-12-02
LFB001941,L018,5,2,4,4,3,4,3,1,2,4,2022-12-02
LFB001942,L026,3,3,3,5,2,4,2,5,4,3,2022-12-02
LFB001943,L015,3,3,3,4,5,4,4,5,4,4,2022-12-02
LFB001944,L026,4,2,2,4,3,5,3,3,4,4,2022-12-02
LFB001945,L005,4,4,3,5,4,4,3,4,4,3,2022-12-02
LFB001946,L006,3,4,5,4,5,3,4,3,2,4,2022-12-02
LFB001947,L025,3,4,3,3,4,4,5,4,4,3,2022-12-02
LFB001948,L016,4,3,3,3,4,2,4,4,3,3,2022-12-02
LFB001949,L025,4,4,4,5,3,3,5,4,5,3,2022-12-02
LFB001950,L006,4,4,4,4,5,4,3,4,3,3,2022-12-02
LFB001951,L001,3,3,3,3,4,3,4,4,3,4,2022-12-02
LFB001952,L026,5,5,4,5,5,4,3,4,4,3,2022-12-02
LFB001953,L012,3,4,3,5,1,2,3,4,4,4,2022-12-02
LFB001954,L010,3,3,4,4,3,4,3,3,4,3,2022-12-02
LFB001955,L001,4,5,4,4,4,4,4,3,3,5,2022-12-02
LFB001956,L024,3,4,3,4,4,3,4,4,3,4,2022-12-02
LFB001957,L014,4,2,4,4,3,3,3,4,3,3,2022-12-03
LFB001958,L002,3,4,4,5,2,4,3,4,4,4,2022-12-03
LFB001959,L004,2,4,3,2,3,3,3,4,4,4,2022-12-03
LFB001960,L013,4,4,4,3,5,3,4,3,3,3,2022-12-03
LFB001961,L010,4,5,3,4,4,5,4,5,5,5,2022-12-03
LFB001962,L024,3,4,4,3,4,3,3,4,4,4,2022-12-03
LFB001963,L026,3,5,4,5,5,5,3,4,3,5,2022-12-03
LFB001964,L016,5,3,4,4,3,2,2,4,4,3,2022-12-03
LFB001965,L025,3,3,4,4,2,4,4,5,4,4,2022-12-03
LFB001966,L015,4,3,4,4,4,4,5,3,4,5,2022-12-03
LFB001967,L011,3,4,2,3,4,4,5,5,3,3,2022-12-03
LFB001968,L002,3,3,3,4,3,2,3,3,3,3,2022-12-03
LFB001969,L002,4,3,5,4,4,4,4,4,3,4,2022-12-03
LFB001970,L011,3,4,4,5,5,3,5,3,3,3,2022-12-03
LFB001971,L004,3,3,4,4,3,4,4,4,5,3,2022-12-03
LFB001972,L008,5,5,2,4,4,3,4,4,5,4,2022-12-03
LFB001973,L026,4,5,3,1,1,3,3,5,3,1,2022-12-03
LFB001974,L021,4,3,3,2,2,3,5,2,4,3,2022-12-03
LFB001975,L006,3,3,2,2,4,5,3,3,2,4,2022-12-04
LFB001976,L004,5,5,4,4,4,3,5,5,4,3,2022-12-04
LFB001977,L026,4,5,4,4,2,3,3,4,2,3,2022-12-04
LFB001978,L012,1,3,5,3,3,4,3,5,2,5,2022-12-04
LFB001979,L024,3,3,4,3,4,5,3,4,4,4,2022-12-04
LFB001980,L025,3,3,4,3,5,5,3,4,5,3,2022-12-04
LFB001981,L013,4,4,4,5,5,5,3,4,5,5,2022-12-04
LFB001982,L003,3,3,3,5,3,3,3,4,5,3,2022-12-04
LFB001983,L016,3,5,3,4,3,4,3,5,5,5,2022-12-04
LFB001984,L018,4,4,4,5,5,3,3,4,4,3,2022-12-04
LFB001985,L007,4,5,3,4,4,3,3,5,5,5,2022-12-04
LFB001986,L005,3,5,4,4,5,4,4,4,4,4,2022-12-04
LFB001987,L025,4,4,4,4,4,4,5,5,3,5,2022-12-04
LFB001988,L022,4,5,3,5,5,5,4,4,5,4,2022-12-04
LFB001989,L014,5,3,5,3,5,5,5,5,4,4,2022-12-04
LFB001990,L022,3,3,3,5,3,4,3,4,5,5,2022-12-04
LFB001991,L001,4,4,4,4,5,5,5,5,5,4,2022-12-04
LFB001992,L025,2,5,4,5,4,2,4,4,4,4,2022-12-04
LFB001993,L021,3,3,4,4,4,4,4,3,3,5,2022-12-04
LFB001994,L011,4,5,3,3,4,4,3,5,4,5,2022-12-04
LFB001995,L026,4,3,4,3,4,3,4,5,5,4,2022-12-04
LFB001996,L021,4,4,4,5,4,2,3,2,3,5,2022-12-04
LFB001997,L003,3,2,3,4,3,3,5,4,4,3,2022-12-04
LFB001998,L018,5,4,4,5,4,5,4,4,5,4,2022-12-04
LFB001999,L002,3,2,3,4,4,3,4,2,1,3,2022-12-04
LFB002000,L004,3,1,3,3,4,4,4,3,4,2,2022-12-04
LFB002001,L003,5,4,5,4,5,4,5,5,3,5,2022-12-05
LFB002002,L014,2,4,4,5,3,4,5,4,5,4,2022-12-05
LFB002003,L020,3,4,2,5,3,4,3,3,3,4,2022-12-05
LFB002004,L021,3,3,3,5,3,5,3,4,3,3,2022-12-05
LFB002005,L012,3,5,3,4,4,2,4,3,5,2,2022-12-05
LFB002006,L007,2,4,4,3,2,3,2,4,3,2,2022-12-05
LFB002007,L013,4,3,3,3,4,4,3,3,2,4,2022-12-05
LFB002008,L024,4,3,2,5,4,5,4,4,5,4,2022-12-05
LFB002009,L010,3,4,5,5,5,3,4,5,4,5,2022-12-05
LFB002010,L007,5,5,4,4,4,5,5,4,5,4,2022-12-05
LFB002011,L017,2,3,3,4,2,4,4,3,3,3,2022-12-05
LFB002012,L014,3,4,3,3,3,4,3,4,2,3,2022-12-05
LFB002013,L026,3,3,4,4,3,4,3,4,4,4,2022-12-05
LFB002014,L018,3,2,3,4,3,3,5,4,4,2,2022-12-05
LFB002015,L024,4,4,4,4,2,5,3,3,3,4,2022-12-06
LFB002016,L026,4,4,5,3,3,4,3,5,4,4,2022-12-06
LFB002017,L026,5,3,5,5,4,3,5,4,3,4,2022-12-06
LFB002018,L024,4,4,3,4,4,5,4,5,5,4,2022-12-06
LFB002019,L008,4,4,3,2,4,4,4,4,5,5,2022-12-06
LFB002020,L014,5,4,4,4,3,5,5,4,5,2,2022-12-06
LFB002021,L014,5,4,3,3,4,5,4,4,5,4,2022-12-06
LFB002022,L015,5,4,5,4,4,4,4,4,4,5,2022-12-06
LFB002023,L020,5,4,5,4,3,4,4,4,4,5,2022-12-06
LFB002024,L016,5,3,5,5,5,5,5,5,4,5,2022-12-06
LFB002025,L011,4,3,4,4,4,4,3,4,3,4,2022-12-06
LFB002026,L019,3,2,4,2,5,3,2,4,4,3,2022-12-06
LFB002027,L003,4,4,5,3,2,3,2,4,3,4,2022-12-06
LFB002028,L023,4,4,3,4,4,4,4,2,3,4,2022-12-06
LFB002029,L016,5,4,4,3,5,4,4,3,4,4,2022-12-06
LFB002030,L015,3,3,3,4,3,4,4,3,5,4,2022-12-06
LFB002031,L025,3,4,4,5,3,3,4,4,5,4,2022-12-06
LFB002032,L022,3,3,4,4,4,3,3,3,1,3,2022-12-06
LFB002033,L004,3,5,4,4,4,3,2,3,5,5,2022-12-06
LFB002034,L022,4,4,4,4,5,3,4,5,4,3,2022-12-06
LFB002035,L007,5,4,4,4,3,5,5,4,3,3,2022-12-06
LFB002036,L011,3,5,2,4,5,4,4,4,4,3,2022-12-06
LFB002037,L010,3,5,3,5,4,5,5,4,4,3,2022-12-06
LFB002038,L005,3,4,3,3,4,5,3,4,3,5,2022-12-06
LFB002039,L007,5,4,3,5,3,5,5,5,5,4,2022-12-06
LFB002040,L025,3,3,2,4,2,4,2,2,2,4,2022-12-06
LFB002041,L015,3,3,2,3,4,4,4,3,5,4,2022-12-06
LFB002042,L010,3,3,2,3,4,4,2,5,3,2,2022-12-06
LFB002043,L003,3,4,3,3,3,3,4,5,4,4,2022-12-06
LFB002044,L021,3,4,4,3,4,4,3,4,4,3,2022-12-06
LFB002045,L013,4,5,3,4,5,4,3,5,5,5,2022-12-07
LFB002046,L005,3,4,2,4,5,5,3,5,3,5,2022-12-07
LFB002047,L010,4,5,4,5,5,3,2,3,3,3,2022-12-07
LFB002048,L025,3,3,4,4,4,3,3,5,4,5,2022-12-07
LFB002049,L001,4,4,2,5,4,4,5,4,3,3,2022-12-07
LFB002050,L013,4,4,4,4,4,4,4,5,5,4,2022-12-07
LFB002051,L007,5,4,3,4,3,4,4,5,3,5,2022-12-07
LFB002052,L002,2,4,3,5,4,5,4,5,5,5,2022-12-07
LFB002053,L026,4,5,3,4,4,4,4,5,5,4,2022-12-07
LFB002054,L024,4,4,4,4,5,4,5,5,4,4,2022-12-07
LFB002055,L004,3,2,3,3,4,4,4,4,3,4,2022-12-07
LFB002056,L001,5,5,4,4,4,4,3,2,2,3,2022-12-07
LFB002057,L002,2,5,5,4,4,4,5,4,4,5,2022-12-07
LFB002058,L015,3,2,5,4,4,5,4,4,4,5,2022-12-07
LFB002059,L022,5,3,4,5,5,4,4,4,5,2,2022-12-07
LFB002060,L023,4,4,4,2,5,4,4,4,5,4,2022-12-07
LFB002061,L014,3,3,3,4,5,2,4,5,5,5,2022-12-07
LFB002062,L023,4,5,4,4,4,4,4,2,3,2,2022-12-07
LFB002063,L003,4,2,3,3,1,4,4,2,3,3,2022-12-07
LFB002064,L012,4,3,4,5,5,3,4,4,3,3,2022-12-07
LFB002065,L026,4,3,2,3,4,4,2,4,3,3,2022-12-07
LFB002066,L001,3,4,4,2,5,3,3,3,5,3,2022-12-07
LFB002067,L007,4,4,3,5,2,3,2,4,3,2,2022-12-07
LFB002068,L001,1,1,3,4,3,4,3,4,4,3,2022-12-07
LFB002069,L022,3,3,3,4,4,4,3,3,4,3,2022-12-07
LFB002070,L010,4,4,3,5,4,4,5,5,3,2,2022-12-07
LFB002071,L015,3,3,4,2,3,5,3,4,3,5,2022-12-08
LFB002072,L016,4,2,4,5,5,3,4,4,4,5,2022-12-08
LFB002073,L013,3,4,5,2,4,2,3,4,4,2,2022-12-08
LFB002074,L007,4,3,3,5,3,4,4,3,4,5,2022-12-08
LFB002075,L016,4,3,2,3,4,3,4,4,2,3,2022-12-08
LFB002076,L025,4,4,5,4,4,5,3,3,4,5,2022-12-08
LFB002077,L024,3,3,2,3,4,4,4,5,4,2,2022-12-08
LFB002078,L025,4,3,3,5,4,4,3,4,4,3,2022-12-08
LFB002079,L016,4,3,3,5,4,4,5,4,2,2,2022-12-08
LFB002080,L026,4,4,3,4,3,4,2,4,3,4,2022-12-08
LFB002081,L010,3,5,3,3,2,3,4,4,5,4,2022-12-08
LFB002082,L001,4,4,4,4,5,3,5,4,4,4,2022-12-08
LFB002083,L004,5,4,3,2,4,2,2,5,3,4,2022-12-08
LFB002084,L003,4,4,5,4,5,4,5,5,5,4,2022-12-08
LFB002085,L010,5,5,5,5,4,5,3,5,5,5,2022-12-08
LFB002086,L002,5,5,5,5,4,3,5,3,5,5,2022-12-08
LFB002087,L010,4,4,4,2,3,3,4,3,4,3,2022-12-08
LFB002088,L007,2,4,2,4,3,4,4,4,3,4,2022-12-08
LFB002089,L022,4,3,2,3,5,2,4,3,5,3,2022-12-08
LFB002090,L010,4,3,3,4,4,3,4,3,3,4,2022-12-08
LFB002091,L003,3,4,3,4,2,5,2,2,4,3,2022-12-08
LFB002092,L014,4,4,1,3,3,4,2,2,3,5,2022-12-08
LFB002093,L018,5,5,5,5,4,4,4,5,3,5,2022-12-09
LFB002094,L022,5,5,5,4,4,5,3,5,5,5,2022-12-09
LFB002095,L019,2,4,4,2,1,2,3,4,1,2,2022-12-09
LFB002096,L025,2,3,4,5,4,5,3,5,4,4,2022-12-09
LFB002097,L007,5,3,3,3,4,4,4,4,2,4,2022-12-09
LFB002098,L010,4,3,3,4,4,4,3,4,5,4,2022-12-09
LFB002099,L010,3,3,4,4,3,5,4,4,5,3,2022-12-09
LFB002100,L013,3,5,4,2,5,4,5,5,4,5,2022-12-09
LFB002101,L018,4,4,3,4,4,5,3,4,5,3,2022-12-09
LFB002102,L026,3,4,3,4,3,4,3,4,3,3,2022-12-09
LFB002103,L003,2,4,2,5,3,4,5,5,4,4,2022-12-09
LFB002104,L003,4,2,3,4,3,4,3,4,3,3,2022-12-09
LFB002105,L019,3,2,2,4,5,3,3,4,3,3,2022-12-09
LFB002106,L020,5,5,4,4,4,5,5,3,4,5,2022-12-09
LFB002107,L012,4,3,3,4,5,5,3,5,4,5,2022-12-09
LFB002108,L012,4,2,3,2,4,4,2,3,3,5,2022-12-09
LFB002109,L001,5,3,3,5,4,3,5,4,4,3,2022-12-09
LFB002110,L026,3,4,3,2,4,3,4,2,5,4,2022-12-09
LFB002111,L017,2,3,2,2,4,4,2,3,2,3,2022-12-09
LFB002112,L024,3,3,4,3,3,5,3,5,4,3,2022-12-09
LFB002113,L026,4,4,2,3,3,3,3,3,3,4,2022-12-09
LFB002114,L013,4,5,5,4,5,4,4,3,4,5,2022-12-09
LFB002115,L010,4,4,4,4,3,3,4,4,4,4,2022-12-09
LFB002116,L021,4,2,5,4,4,4,5,4,3,5,2022-12-10
LFB002117,L016,4,5,5,4,5,5,2,3,4,4,2022-12-10
LFB002118,L025,4,5,4,4,3,4,4,4,3,3,2022-12-10
LFB002119,L020,2,5,4,4,5,5,3,3,3,5,2022-12-10
LFB002120,L001,2,3,3,5,3,2,4,3,2,4,2022-12-10
LFB002121,L007,4,3,2,3,5,5,4,4,4,3,2022-12-10
LFB002122,L003,5,4,3,4,4,4,2,5,3,3,2022-12-10
LFB002123,L020,5,3,2,5,5,3,3,4,3,3,2022-12-10
LFB002124,L001,4,5,4,4,4,5,5,5,5,5,2022-12-10
LFB002125,L021,4,4,2,5,4,4,4,5,5,4,2022-12-10
LFB002126,L003,2,4,4,4,4,4,4,3,4,3,2022-12-10
LFB002127,L001,5,3,3,4,5,4,2,5,4,4,2022-12-10
LFB002128,L021,4,3,1,2,2,5,3,3,4,3,2022-12-10
LFB002129,L010,4,4,4,4,4,4,4,4,4,5,2022-12-10
LFB002130,L023,4,4,3,3,4,2,3,2,3,4,2022-12-10
LFB002131,L001,3,5,4,5,3,4,5,4,3,4,2022-12-10
LFB002132,L010,3,4,3,3,4,3,4,4,5,3,2022-12-10
LFB002133,L021,4,3,3,2,5,4,5,4,4,5,2022-12-10
LFB002134,L020,2,4,3,3,3,4,4,4,3,5,2022-12-10
LFB002135,L012,3,4,3,2,3,4,4,3,4,3,2022-12-10
LFB002136,L005,4,4,3,3,3,3,4,3,4,3,2022-12-10
LFB002137,L020,4,5,4,4,4,5,1,4,5,3,2022-12-10
LFB002138,L002,2,3,4,2,2,5,4,3,2,5,2022-12-10
LFB002139,L025,4,5,2,3,3,5,4,4,4,4,2022-12-10
LFB002140,L003,4,5,3,5,3,4,4,4,5,5,2022-12-10
LFB002141,L025,4,3,2,4,2,4,4,2,5,3,2022-12-10
LFB002142,L026,4,3,2,3,3,5,4,3,4,3,2022-12-10
LFB002143,L026,4,3,2,4,4,3,3,2,2,4,2022-12-11
LFB002144,L013,4,3,3,4,3,2,4,4,3,3,2022-12-11
LFB002145,L022,4,3,3,4,4,3,5,5,4,4,2022-12-11
LFB002146,L016,5,3,4,3,4,4,5,5,3,5,2022-12-11
LFB002147,L023,5,3,4,3,4,4,3,5,4,5,2022-12-11
LFB002148,L021,2,3,5,3,3,3,4,3,5,5,2022-12-11
LFB002149,L020,3,4,5,5,4,4,3,5,5,5,2022-12-11
LFB002150,L012,2,3,3,3,3,4,2,4,2,4,2022-12-11
LFB002151,L018,4,3,4,3,3,5,4,5,4,5,2022-12-11
LFB002152,L017,3,2,3,5,4,3,2,4,3,3,2022-12-11
LFB002153,L022,4,3,4,4,4,3,4,5,3,3,2022-12-11
LFB002154,L024,5,5,4,4,3,5,5,4,4,5,2022-12-11
LFB002155,L021,4,4,4,5,5,4,5,4,3,4,2022-12-11
LFB002156,L012,2,3,2,5,4,4,4,4,5,3,2022-12-11
LFB002157,L008,3,5,2,4,3,3,3,3,3,3,2022-12-11
LFB002158,L002,1,5,3,4,5,5,5,5,4,5,2022-12-11
LFB002159,L026,4,4,4,5,5,5,3,3,3,5,2022-12-11
LFB002160,L011,3,3,4,4,5,2,3,4,5,4,2022-12-11
LFB002161,L013,4,3,4,5,5,4,2,5,3,3,2022-12-11
LFB002162,L008,4,5,4,4,5,5,5,4,4,5,2022-12-11
LFB002163,L018,3,4,3,4,5,3,4,5,4,4,2022-12-11
LFB002164,L001,4,3,3,2,3,3,3,3,3,4,2022-12-11
LFB002165,L005,3,2,5,4,5,4,3,5,2,4,2022-12-11
LFB002166,L014,4,4,3,4,4,3,3,3,4,3,2022-12-11
LFB002167,L012,3,4,4,4,4,5,4,3,4,5,2022-12-11
LFB002168,L021,4,4,2,2,5,5,4,2,3,5,2022-12-12
LFB002169,L001,4,4,5,5,5,5,4,5,5,4,2022-12-12
LFB002170,L007,3,3,5,3,4,5,4,3,4,5,2022-12-12
LFB002171,L012,3,4,3,3,5,3,4,3,3,3,2022-12-12
LFB002172,L025,2,3,3,4,5,4,3,3,3,4,2022-12-12
LFB002173,L007,5,4,5,5,4,5,5,5,4,5,2022-12-12
LFB002174,L011,5,5,3,3,3,4,4,3,4,3,2022-12-12
LFB002175,L003,4,4,3,4,4,3,4,5,5,4,2022-12-12
LFB002176,L021,3,3,2,4,3,3,2,3,4,2,2022-12-12
LFB002177,L007,3,3,4,4,4,5,2,2,4,4,2022-12-12
LFB002178,L008,4,4,3,4,3,4,5,5,2,5,2022-12-12
LFB002179,L011,5,5,5,4,4,5,5,5,5,3,2022-12-12
LFB002180,L003,3,4,3,3,3,3,5,4,5,3,2022-12-12
LFB002181,L024,4,3,2,4,3,4,3,5,4,5,2022-12-12
LFB002182,L020,3,3,4,4,5,3,4,3,4,4,2022-12-12
LFB002183,L011,4,5,4,4,3,4,4,4,3,4,2022-12-12
LFB002184,L023,3,4,4,5,3,5,4,5,4,4,2022-12-12
LFB002185,L010,5,2,3,4,4,5,4,3,4,5,2022-12-13
LFB002186,L001,4,4,5,5,4,3,4,5,5,5,2022-12-13
LFB002187,L016,2,3,2,3,3,4,4,5,3,4,2022-12-13
LFB002188,L008,2,3,4,3,3,4,3,5,5,5,2022-12-13
LFB002189,L026,4,4,3,5,4,5,3,5,4,5,2022-12-13
LFB002190,L014,4,4,5,4,2,2,5,4,3,2,2022-12-13
LFB002191,L004,5,5,5,5,4,5,3,4,3,5,2022-12-13
LFB002192,L016,3,4,2,4,4,3,3,4,5,5,2022-12-13
LFB002193,L015,5,5,5,5,4,3,5,4,5,5,2022-12-13
LFB002194,L010,5,3,4,5,5,5,4,3,4,4,2022-12-13
LFB002195,L001,5,4,5,5,5,3,4,4,5,4,2022-12-13
LFB002196,L014,3,4,5,5,4,5,3,5,2,5,2022-12-13
LFB002197,L006,4,5,3,5,4,5,3,5,4,5,2022-12-13
LFB002198,L010,3,3,3,4,4,3,3,4,3,5,2022-12-13
LFB002199,L012,5,4,4,4,2,3,5,4,4,3,2022-12-13
LFB002200,L010,4,3,4,5,3,2,3,4,3,3,2022-12-13
LFB002201,L001,4,2,5,3,3,4,4,2,4,2,2022-12-13
LFB002202,L013,2,3,1,3,2,3,3,3,5,3,2022-12-13
LFB002203,L001,4,4,3,3,5,2,3,4,3,5,2022-12-13
LFB002204,L013,2,3,2,5,3,3,4,3,5,3,2022-12-14
LFB002205,L026,4,4,4,5,4,2,5,5,4,5,2022-12-14
LFB002206,L010,5,3,5,3,2,5,4,3,4,4,2022-12-14
LFB002207,L026,5,4,2,4,4,4,4,5,4,4,2022-12-14
LFB002208,L007,5,4,3,5,4,5,3,4,4,5,2022-12-14
LFB002209,L007,4,5,3,5,4,5,5,5,5,3,2022-12-14
LFB002210,L018,3,4,4,4,5,5,3,5,2,4,2022-12-14
LFB002211,L003,5,4,5,5,5,4,3,5,5,5,2022-12-14
LFB002212,L014,5,4,4,5,4,5,4,4,4,5,2022-12-14
LFB002213,L003,4,4,3,4,3,4,5,4,4,3,2022-12-14
LFB002214,L025,3,4,3,4,1,3,3,5,4,5,2022-12-14
LFB002215,L021,4,3,4,5,3,4,3,4,4,5,2022-12-14
LFB002216,L007,4,5,3,4,4,5,4,3,3,4,2022-12-14
LFB002217,L016,5,5,5,4,5,4,5,5,3,5,2022-12-14
LFB002218,L001,4,4,5,4,4,3,5,4,4,4,2022-12-14
LFB002219,L021,5,5,5,5,3,4,5,4,3,4,2022-12-14
LFB002220,L021,4,5,5,4,2,5,4,4,4,4,2022-12-14
LFB002221,L022,5,4,4,5,4,5,5,5,5,4,2022-12-14
LFB002222,L021,3,3,3,4,4,4,4,3,3,4,2022-12-14
LFB002223,L021,4,4,4,3,4,4,3,4,3,3,2022-12-14
LFB002224,L026,4,5,4,5,5,4,4,4,3,5,2022-12-14
LFB002225,L015,3,5,4,3,5,4,4,5,5,4,2022-12-14
LFB002226,L004,5,3,4,3,4,4,2,4,4,4,2022-12-14
LFB002227,L014,4,4,3,5,3,5,5,4,3,3,2022-12-14
LFB002228,L026,4,3,3,4,2,3,3,5,5,3,2022-12-14
LFB002229,L014,5,5,2,5,3,2,4,5,4,5,2022-12-14
LFB002230,L025,4,2,4,4,5,3,5,3,4,5,2022-12-14
LFB002231,L023,3,4,3,3,3,3,3,4,4,3,2022-12-14
LFB002232,L001,2,5,2,3,5,3,2,4,3,3,2022-12-14
LFB002233,L014,5,4,3,5,5,4,5,4,5,5,2022-12-15
LFB002234,L002,3,5,5,5,4,5,5,4,4,4,2022-12-15
LFB002235,L020,3,4,4,5,5,4,3,5,3,4,2022-12-15
LFB002236,L017,3,5,3,4,2,5,3,5,5,5,2022-12-15
LFB002237,L015,5,4,3,5,4,5,5,5,5,5,2022-12-15
LFB002238,L021,5,5,3,4,3,2,4,3,4,3,2022-12-15
LFB002239,L026,4,2,3,3,5,3,3,3,3,4,2022-12-15
LFB002240,L014,3,3,4,4,4,5,4,3,3,5,2022-12-15
LFB002241,L006,4,5,4,4,5,4,5,4,3,4,2022-12-15
LFB002242,L024,4,5,5,4,4,4,5,5,5,5,2022-12-15
LFB002243,L014,3,1,4,5,4,3,5,4,3,3,2022-12-15
LFB002244,L011,4,4,3,5,4,4,4,4,4,4,2022-12-15
LFB002245,L015,4,2,3,5,4,4,3,5,3,5,2022-12-15
LFB002246,L013,3,5,3,5,4,3,5,4,2,4,2022-12-15
LFB002247,L015,4,3,2,2,5,4,4,3,3,4,2022-12-15
LFB002248,L020,5,4,3,4,3,5,3,5,5,3,2022-12-15
LFB002249,L010,4,3,4,5,3,3,5,2,4,5,2022-12-15
LFB002250,L007,3,3,3,3,4,3,2,4,2,3,2022-12-15
LFB002251,L024,5,4,5,5,4,4,5,5,5,3,2022-12-15
LFB002252,L010,3,4,4,2,5,4,5,5,5,3,2022-12-15
LFB002253,L016,3,5,4,3,3,5,3,5,4,4,2022-12-15
LFB002254,L001,3,4,3,2,2,3,2,2,4,3,2022-12-15
LFB002255,L010,4,5,3,5,4,2,5,3,5,5,2022-12-15
LFB002256,L019,5,4,5,5,5,4,5,5,4,3,2022-12-15
LFB002257,L012,3,4,3,3,4,3,4,4,2,3,2022-12-15
LFB002258,L017,5,4,3,3,3,4,3,3,4,4,2022-12-15
LFB002259,L025,3,3,4,4,4,2,2,3,3,3,2022-12-15
LFB002260,L022,4,5,4,3,4,5,4,5,5,5,2022-12-16
LFB002261,L001,4,3,5,4,4,3,4,4,3,4,2022-12-16
LFB002262,L025,4,2,4,3,4,5,4,4,5,5,2022-12-16
LFB002263,L026,3,4,4,4,4,5,5,4,5,4,2022-12-16
LFB002264,L015,5,3,3,4,5,4,3,4,4,3,2022-12-16
LFB002265,L021,5,3,5,4,2,5,4,4,2,4,2022-12-16
LFB002266,L025,4,3,4,5,4,4,5,5,5,5,2022-12-16
LFB002267,L007,4,4,4,5,3,4,1,5,4,4,2022-12-16
LFB002268,L017,5,4,3,3,5,5,4,5,2,5,2022-12-16
LFB002269,L022,3,5,2,5,4,4,5,4,4,3,2022-12-16
LFB002270,L011,3,4,2,2,4,4,3,3,4,2,2022-12-16
LFB002271,L008,2,5,4,4,4,5,5,4,3,4,2022-12-16
LFB002272,L024,5,4,4,2,4,4,3,3,3,2,2022-12-16
LFB002273,L007,4,3,4,3,4,5,5,5,5,5,2022-12-16
LFB002274,L012,4,4,4,5,5,5,3,4,3,5,2022-12-16
LFB002275,L003,3,4,3,3,4,2,5,3,3,3,2022-12-16
LFB002276,L010,3,3,2,5,4,4,4,4,5,4,2022-12-16
LFB002277,L001,4,5,4,5,3,5,5,4,4,5,2022-12-16
LFB002278,L020,3,5,3,4,4,2,3,5,4,4,2022-12-16
LFB002279,L020,5,5,4,4,3,5,3,4,5,4,2022-12-17
LFB002280,L023,5,4,2,5,4,3,5,4,3,4,2022-12-17
LFB002281,L002,4,5,3,3,4,3,4,5,4,5,2022-12-17
LFB002282,L016,4,4,4,4,4,5,3,3,5,4,2022-12-17
LFB002283,L021,5,5,4,4,5,4,3,3,4,5,2022-12-17
LFB002284,L005,5,5,4,5,3,3,3,5,4,4,2022-12-17
LFB002285,L022,3,3,4,3,4,5,5,5,4,5,2022-12-17
LFB002286,L006,4,5,5,5,5,5,4,5,5,5,2022-12-17
LFB002287,L017,4,4,4,4,5,5,4,4,4,5,2022-12-17
LFB002288,L005,4,4,5,5,3,5,5,4,4,4,2022-12-17
LFB002289,L022,3,5,3,3,5,4,4,4,4,4,2022-12-17
LFB002290,L020,1,4,2,3,4,4,3,3,3,4,2022-12-17
LFB002291,L013,5,5,3,4,3,5,5,5,5,5,2022-12-17
LFB002292,L013,4,2,4,4,4,5,5,3,5,4,2022-12-17
LFB002293,L020,4,2,3,3,3,4,4,5,2,5,2022-12-17
LFB002294,L023,3,3,2,3,4,3,2,4,2,4,2022-12-17
LFB002295,L016,4,5,4,3,4,1,2,2,3,3,2022-12-17
LFB002296,L025,3,4,5,5,3,4,4,3,4,5,2022-12-17
LFB002297,L024,3,4,4,4,5,4,4,4,5,3,2022-12-17
LFB002298,L006,5,3,4,4,3,5,3,5,3,3,2022-12-17
LFB002299,L016,4,3,4,5,4,4,4,4,3,4,2022-12-17
LFB002300,L018,3,3,5,5,4,4,2,3,4,5,2022-12-17
LFB002301,L010,4,3,4,4,5,5,4,3,5,4,2022-12-17
LFB002302,L019,1,3,4,3,2,3,3,5,3,2,2022-12-17
LFB002303,L016,4,4,4,4,4,3,5,4,4,5,2022-12-17
LFB002304,L015,3,4,5,4,4,4,3,3,3,1,2022-12-17
LFB002305,L014,3,3,5,5,4,4,5,5,4,5,2022-12-17
LFB002306,L001,3,4,4,4,5,3,5,4,4,5,2022-12-17
LFB002307,L007,4,4,3,4,3,3,3,4,3,3,2022-12-17
LFB002308,L001,5,4,3,5,5,5,3,5,5,4,2022-12-18
LFB002309,L004,2,3,4,3,5,5,3,5,4,4,2022-12-18
LFB002310,L016,3,4,4,4,3,4,3,3,5,3,2022-12-18
LFB002311,L020,5,5,4,3,4,5,4,5,4,4,2022-12-18
LFB002312,L017,5,4,4,5,4,4,2,5,3,4,2022-12-18
LFB002313,L002,5,5,4,3,3,5,4,5,4,4,2022-12-18
LFB002314,L021,5,5,4,3,4,4,4,5,5,5,2022-12-18
LFB002315,L025,4,5,2,4,4,3,5,3,3,4,2022-12-18
LFB002316,L013,3,3,3,5,5,4,5,4,5,5,2022-12-18
LFB002317,L016,3,3,2,4,4,2,3,4,3,4,2022-12-18
LFB002318,L012,3,2,2,2,2,2,3,4,1,3,2022-12-18
LFB002319,L005,4,5,4,5,5,4,4,3,4,3,2022-12-18
LFB002320,L003,4,5,3,3,5,4,4,4,3,3,2022-12-18
LFB002321,L012,3,4,4,4,4,5,3,5,4,4,2022-12-18
LFB002322,L019,5,4,3,5,4,4,3,3,4,4,2022-12-18
LFB002323,L002,2,3,2,4,4,5,4,5,4,3,2022-12-18
LFB002324,L021,4,3,4,4,3,5,4,4,4,5,2022-12-18
LFB002325,L023,5,4,3,3,4,5,5,5,4,5,2022-12-18
LFB002326,L004,3,3,3,4,2,4,5,4,4,5,2022-12-18
LFB002327,L016,3,4,4,4,5,4,2,4,5,2,2022-12-18
LFB002328,L014,4,4,4,3,5,4,4,3,4,4,2022-12-18
LFB002329,L025,3,5,5,5,4,5,3,4,4,4,2022-12-18
LFB002330,L004,4,4,5,5,3,5,4,5,4,4,2022-12-18
LFB002331,L011,3,3,4,2,5,5,2,4,3,5,2022-12-18
LFB002332,L013,4,5,4,3,4,3,4,5,3,3,2022-12-18
LFB002333,L026,5,3,3,4,4,4,4,2,3,3,2022-12-18
LFB002334,L020,5,3,4,3,5,4,3,4,4,4,2022-12-18
LFB002335,L021,4,5,2,5,5,5,4,5,3,5,2022-12-18
LFB002336,L001,4,3,3,2,3,3,2,2,3,3,2022-12-19
LFB002337,L020,4,3,4,3,4,3,3,3,2,2,2022-12-19
LFB002338,L008,4,3,1,5,2,3,4,4,4,4,2022-12-19
LFB002339,L012,5,3,3,4,4,3,4,5,3,4,2022-12-19
LFB002340,L008,3,3,2,3,3,2,4,4,5,4,2022-12-19
LFB002341,L024,5,5,3,3,5,5,2,5,5,4,2022-12-19
LFB002342,L020,3,4,2,4,4,4,3,4,4,5,2022-12-19
LFB002343,L020,5,4,3,4,3,3,2,4,3,4,2022-12-19
LFB002344,L014,4,3,3,5,2,3,2,3,3,3,2022-12-19
LFB002345,L025,3,3,3,3,2,4,4,2,4,3,2022-12-19
LFB002346,L014,2,4,2,4,4,4,3,5,4,2,2022-12-19
LFB002347,L013,4,4,4,4,3,3,3,5,4,5,2022-12-19
LFB002348,L019,4,5,5,5,3,5,3,4,4,5,2022-12-19
LFB002349,L018,4,5,3,5,5,5,3,4,5,4,2022-12-19
LFB002350,L008,3,3,4,4,4,4,5,4,3,3,2022-12-19
LFB002351,L001,3,2,4,4,5,5,3,5,3,4,2022-12-19
LFB002352,L015,3,3,3,4,5,4,5,4,4,5,2022-12-19
LFB002353,L001,2,3,4,3,4,3,2,3,5,4,2022-12-19
LFB002354,L010,2,3,3,3,4,4,3,3,4,3,2022-12-19
LFB002355,L010,5,3,4,4,5,4,4,5,2,4,2022-12-19
LFB002356,L016,4,3,4,4,4,4,3,4,4,4,2022-12-19
LFB002357,L011,4,5,5,5,4,4,3,5,5,5,2022-12-19
LFB002358,L014,5,4,2,2,4,4,5,3,4,3,2022-12-19
LFB002359,L025,3,4,4,4,3,5,4,4,5,5,2023-04-05
LFB002360,L023,3,4,3,5,5,5,4,3,5,5,2023-04-05
LFB002361,L023,5,5,5,5,5,3,5,5,4,3,2023-04-05
LFB002362,L012,3,4,4,4,4,5,5,4,4,4,2023-04-05
LFB002363,L025,4,4,2,3,4,4,3,5,4,5,2023-04-05
LFB002364,L012,3,5,5,4,3,3,5,5,3,4,2023-04-05
LFB002365,L001,4,3,3,4,3,5,4,5,3,3,2023-04-05
LFB002366,L012,3,2,3,2,5,4,3,3,2,4,2023-04-05
LFB002367,L026,4,5,4,4,5,5,5,5,4,4,2023-04-05
LFB002368,L016,4,3,2,3,2,3,3,4,5,4,2023-04-05
LFB002369,L019,3,2,3,3,4,5,3,3,5,3,2023-04-05
LFB002370,L025,4,2,3,4,4,4,3,3,4,3,2023-04-05
LFB002371,L022,4,2,3,3,3,3,3,5,3,4,2023-04-05
LFB002372,L003,5,4,4,3,4,4,4,4,5,5,2023-04-05
LFB002373,L004,4,2,3,4,4,4,3,3,4,4,2023-04-06
LFB002374,L022,5,4,5,4,4,3,4,4,4,3,2023-04-06
LFB002375,L015,4,5,2,4,4,4,5,5,4,4,2023-04-06
LFB002376,L003,5,4,3,3,5,4,4,5,4,4,2023-04-06
LFB002377,L026,4,3,4,4,5,5,3,4,4,4,2023-04-06
LFB002378,L019,2,3,2,4,5,5,4,4,3,4,2023-04-06
LFB002379,L024,3,4,4,5,4,3,3,4,3,2,2023-04-06
LFB002380,L003,3,3,4,4,5,2,2,2,3,2,2023-04-06
LFB002381,L020,3,3,3,4,3,5,3,5,4,5,2023-04-06
LFB002382,L024,4,4,5,4,5,4,3,4,5,4,2023-04-06
LFB002383,L026,5,5,3,5,5,5,4,4,4,5,2023-04-06
LFB002384,L010,4,4,3,4,3,4,5,5,3,3,2023-04-07
LFB002385,L012,4,4,5,4,5,5,3,5,3,5,2023-04-07
LFB002386,L026,4,3,3,5,5,5,5,5,3,4,2023-04-07
LFB002387,L004,3,2,3,3,4,3,4,4,3,4,2023-04-07
LFB002388,L025,3,5,5,3,4,5,5,4,4,3,2023-04-07
LFB002389,L003,4,3,4,3,4,4,4,3,5,5,2023-04-07
LFB002390,L004,3,3,3,3,3,5,3,3,3,4,2023-04-07
LFB002391,L026,3,5,3,3,4,4,5,4,4,4,2023-04-07
LFB002392,L007,3,4,4,2,5,4,4,5,4,3,2023-04-07
LFB002393,L010,3,4,3,4,4,4,3,5,3,4,2023-04-07
LFB002394,L011,5,4,5,2,5,4,3,5,5,5,2023-04-08
LFB002395,L006,5,5,4,3,4,5,2,3,5,3,2023-04-08
LFB002396,L012,4,3,2,3,3,3,3,4,4,4,2023-04-08
LFB002397,L019,4,3,5,3,5,5,5,4,4,4,2023-04-08
LFB002398,L018,4,5,5,4,5,5,3,5,3,4,2023-04-08
LFB002399,L014,3,2,3,4,2,4,4,3,2,3,2023-04-08
LFB002400,L007,3,4,4,5,3,5,4,5,3,3,2023-04-08
LFB002401,L002,3,4,4,4,4,3,4,5,4,3,2023-04-08
LFB002402,L010,3,5,2,3,4,5,5,3,5,4,2023-04-09
LFB002403,L018,5,3,3,3,3,5,3,3,3,3,2023-04-09
LFB002404,L004,3,4,4,4,2,4,5,3,3,3,2023-04-09
LFB002405,L008,4,5,4,4,4,5,4,4,4,4,2023-04-09
LFB002406,L013,5,4,5,4,4,2,5,3,3,3,2023-04-09
LFB002407,L017,5,3,4,3,4,4,3,5,2,4,2023-04-09
LFB002408,L003,3,3,4,3,4,2,4,4,4,3,2023-04-09
LFB002409,L025,4,3,4,4,3,3,4,3,3,5,2023-04-09
LFB002410,L016,4,3,4,5,5,4,5,4,4,4,2023-04-10
LFB002411,L005,3,4,5,5,5,5,3,5,5,5,2023-04-10
LFB002412,L015,4,3,3,4,5,3,4,5,4,4,2023-04-10
LFB002413,L001,4,3,2,3,4,3,4,3,3,4,2023-04-10
LFB002414,L018,3,4,3,3,3,3,3,5,3,3,2023-04-10
LFB002415,L018,3,1,4,4,3,4,4,5,5,4,2023-04-10
LFB002416,L017,4,3,5,4,3,5,3,4,5,5,2023-04-10
LFB002417,L021,5,5,5,4,4,5,4,3,4,4,2023-04-10
LFB002418,L004,5,4,5,4,5,4,4,4,3,4,2023-04-10
LFB002419,L014,3,4,2,4,4,3,4,4,4,4,2023-04-10
LFB002420,L024,3,2,5,3,5,3,3,4,3,4,2023-04-10
LFB002421,L017,3,3,2,3,3,3,3,4,2,3,2023-04-10
LFB002422,L022,4,4,4,3,4,5,4,5,5,4,2023-04-10
LFB002423,L006,4,3,3,3,4,4,4,4,4,4,2023-04-10
LFB002424,L023,3,4,4,2,4,4,2,3,4,3,2023-04-10
LFB002425,L011,4,3,4,4,2,4,2,4,5,4,2023-04-10
LFB002426,L025,3,3,3,3,3,3,4,4,5,3,2023-04-10
LFB002427,L010,4,5,3,4,4,5,5,4,4,3,2023-04-11
LFB002428,L025,4,4,4,5,5,4,5,5,4,5,2023-04-11
LFB002429,L017,4,4,3,5,4,5,4,4,5,3,2023-04-11
LFB002430,L015,3,4,5,4,4,5,2,3,3,5,2023-04-11
LFB002431,L023,4,4,5,4,5,4,5,5,3,3,2023-04-11
LFB002432,L002,5,3,5,5,4,4,5,3,4,5,2023-04-11
LFB002433,L019,4,3,5,4,3,4,4,4,5,5,2023-04-11
LFB002434,L003,4,5,3,4,4,3,2,4,4,4,2023-04-11
LFB002435,L005,3,5,5,5,3,5,5,3,3,3,2023-04-11
LFB002436,L004,5,5,4,4,4,5,4,4,4,3,2023-04-11
LFB002437,L026,4,3,3,3,5,3,3,5,4,3,2023-04-11
LFB002438,L024,3,4,4,5,5,5,4,5,4,5,2023-04-11
LFB002439,L015,2,4,2,3,2,5,3,3,4,3,2023-04-11
LFB002440,L021,5,4,3,3,4,3,4,5,4,5,2023-04-11
LFB002441,L022,4,5,4,5,4,3,4,4,5,3,2023-04-11
LFB002442,L025,4,3,3,4,5,3,5,3,1,4,2023-04-11
LFB002443,L002,4,4,4,4,3,4,4,4,4,2,2023-04-11
LFB002444,L023,3,2,3,4,4,3,3,5,3,4,2023-04-11
LFB002445,L026,4,5,3,4,5,4,5,5,2,4,2023-04-11
LFB002446,L012,5,3,4,3,3,4,4,4,5,4,2023-04-12
LFB002447,L023,4,3,3,3,3,4,4,5,4,4,2023-04-12
LFB002448,L023,4,4,4,3,5,3,5,4,4,5,2023-04-12
LFB002449,L016,2,3,3,3,4,4,4,3,3,4,2023-04-12
LFB002450,L010,4,4,4,4,4,4,4,5,4,4,2023-04-12
LFB002451,L008,5,4,2,4,3,5,5,4,3,4,2023-04-12
LFB002452,L002,4,4,4,3,3,3,4,4,2,5,2023-04-12
LFB002453,L020,3,4,5,4,5,5,4,5,3,4,2023-04-12
LFB002454,L017,3,3,4,4,3,4,3,4,4,3,2023-04-12
LFB002455,L024,5,4,5,4,3,4,4,4,4,5,2023-04-12
LFB002456,L002,3,2,3,5,2,2,3,5,3,3,2023-04-12
LFB002457,L016,4,4,3,4,4,4,3,3,5,4,2023-04-12
LFB002458,L012,4,4,5,5,4,4,5,3,5,4,2023-04-12
LFB002459,L026,3,3,2,4,4,4,4,5,3,5,2023-04-12
LFB002460,L012,3,5,3,4,4,3,3,5,4,4,2023-04-13
LFB002461,L007,5,5,4,5,5,5,5,5,4,5,2023-04-13
LFB002462,L022,3,4,4,3,3,4,5,3,4,2,2023-04-13
LFB002463,L014,5,5,5,4,5,3,4,4,4,5,2023-04-13
LFB002464,L017,5,5,4,5,3,5,5,5,4,5,2023-04-13
LFB002465,L001,4,5,3,4,5,4,3,3,2,1,2023-04-13
LFB002466,L005,3,4,3,3,5,3,5,4,2,2,2023-04-13
LFB002467,L021,4,5,4,5,5,4,5,5,5,5,2023-04-13
LFB002468,L025,5,4,4,2,4,5,3,3,3,3,2023-04-13
LFB002469,L012,4,4,3,3,4,5,4,2,4,3,2023-04-13
LFB002470,L026,4,4,4,5,1,4,4,3,5,4,2023-04-13
LFB002471,L018,3,2,3,4,5,3,3,5,3,5,2023-04-13
LFB002472,L019,3,3,3,4,3,3,3,3,3,3,2023-04-13
LFB002473,L021,2,3,4,5,4,3,5,2,4,2,2023-04-13
LFB002474,L010,3,2,5,4,4,3,3,4,3,5,2023-04-13
LFB002475,L026,5,4,4,4,4,4,4,3,4,4,2023-04-14
LFB002476,L026,3,2,2,4,3,3,4,4,3,4,2023-04-14
LFB002477,L011,3,4,3,4,2,4,4,4,4,5,2023-04-14
LFB002478,L014,2,3,5,4,3,4,4,4,3,5,2023-04-14
LFB002479,L025,3,5,4,3,5,2,4,4,5,5,2023-04-14
LFB002480,L012,4,3,3,4,4,5,3,3,3,3,2023-04-14
LFB002481,L021,4,4,4,5,3,3,4,4,4,4,2023-04-14
LFB002482,L019,4,3,2,4,4,4,4,4,4,3,2023-04-15
LFB002483,L016,3,3,5,5,5,4,4,5,5,3,2023-04-15
LFB002484,L020,4,3,3,4,5,5,4,4,2,3,2023-04-15
LFB002485,L022,4,4,4,4,4,5,4,4,4,5,2023-04-15
LFB002486,L013,5,3,4,4,5,4,3,5,3,4,2023-04-15
LFB002487,L020,2,4,3,5,4,5,2,3,3,5,2023-04-15
LFB002488,L001,3,4,4,5,3,5,3,4,2,3,2023-04-15
LFB002489,L015,3,4,2,4,5,3,3,4,3,5,2023-04-16
LFB002490,L010,4,5,5,3,4,3,4,3,5,4,2023-04-16
LFB002491,L023,5,4,5,3,5,5,5,5,5,5,2023-04-16
LFB002492,L026,3,5,4,4,5,4,4,5,5,5,2023-04-16
LFB002493,L007,4,4,3,4,5,5,3,5,3,4,2023-04-16
LFB002494,L018,5,5,5,3,3,4,4,5,5,2,2023-04-16
LFB002495,L006,4,4,5,3,4,4,5,4,3,3,2023-04-16
LFB002496,L006,3,3,4,5,4,3,2,3,4,4,2023-04-16
LFB002497,L003,3,3,3,3,4,5,3,4,3,4,2023-04-16
LFB002498,L021,4,5,5,3,3,4,4,4,3,2,2023-04-16
LFB002499,L025,4,4,5,4,4,4,4,4,2,4,2023-04-16
LFB002500,L016,5,3,4,3,5,3,3,3,4,3,2023-04-16
LFB002501,L011,5,5,5,4,5,5,4,5,4,5,2023-04-17
LFB002502,L020,4,2,5,2,5,2,4,4,3,4,2023-04-17
LFB002503,L026,4,3,5,3,5,5,4,5,4,3,2023-04-17
LFB002504,L011,5,4,3,3,4,4,3,4,3,3,2023-04-17
LFB002505,L015,4,5,5,5,4,4,4,5,3,5,2023-04-17
LFB002506,L007,5,5,5,5,5,5,3,5,5,4,2023-04-17
LFB002507,L023,4,5,4,5,4,3,3,2,4,3,2023-04-17
LFB002508,L003,3,4,4,4,4,4,2,5,5,5,2023-04-17
LFB002509,L013,4,5,2,5,5,4,4,5,3,4,2023-04-17
LFB002510,L001,2,4,3,3,4,3,4,3,5,4,2023-04-17
LFB002511,L016,3,3,3,3,3,4,3,3,2,4,2023-04-17
LFB002512,L016,3,4,4,3,4,5,3,4,3,5,2023-04-18
LFB002513,L001,5,5,4,5,4,4,5,4,5,5,2023-04-18
LFB002514,L011,4,4,3,4,4,3,3,5,5,4,2023-04-18
LFB002515,L015,5,5,5,4,5,3,4,5,4,4,2023-04-18
LFB002516,L014,4,4,3,5,3,3,5,5,5,5,2023-04-18
LFB002517,L002,3,4,3,3,5,4,3,4,4,5,2023-04-18
LFB002518,L021,4,3,3,2,5,4,2,4,4,3,2023-04-18
LFB002519,L001,4,2,3,3,3,3,4,3,4,5,2023-04-18
LFB002520,L001,2,4,4,4,3,4,4,5,5,5,2023-04-18
LFB002521,L004,3,3,3,3,3,4,3,3,4,3,2023-04-18
LFB002522,L017,3,4,3,4,4,2,4,3,3,4,2023-04-18
LFB002523,L021,3,3,3,2,4,4,4,5,5,5,2023-04-18
LFB002524,L008,4,4,3,4,3,3,5,4,4,4,2023-04-19
LFB002525,L026,3,3,2,3,3,3,4,3,4,3,2023-04-19
LFB002526,L015,3,3,4,3,2,3,3,2,4,4,2023-04-19
LFB002527,L010,3,4,4,3,4,4,3,4,4,3,2023-04-19
LFB002528,L015,4,3,5,3,3,3,3,4,4,3,2023-04-19
LFB002529,L016,5,5,5,4,5,5,4,5,3,5,2023-04-19
LFB002530,L004,5,4,4,5,4,4,4,4,3,4,2023-04-19
LFB002531,L013,4,5,3,4,5,5,4,4,4,4,2023-04-20
LFB002532,L024,4,4,5,4,3,4,4,4,5,4,2023-04-20
LFB002533,L010,5,5,4,4,5,5,5,5,3,5,2023-04-20
LFB002534,L003,3,5,3,4,5,4,4,5,3,5,2023-04-20
LFB002535,L013,2,4,3,3,3,4,4,4,3,5,2023-04-20
LFB002536,L003,2,4,4,5,5,3,3,3,3,4,2023-04-20
LFB002537,L021,4,5,5,4,5,5,3,3,5,4,2023-04-20
LFB002538,L025,3,5,3,3,5,2,4,4,4,4,2023-04-20
LFB002539,L014,4,4,4,5,3,3,3,3,4,5,2023-04-20
LFB002540,L001,5,5,3,3,2,3,5,5,2,5,2023-04-20
LFB002541,L001,4,3,2,3,3,3,4,4,2,4,2023-04-20
LFB002542,L025,3,3,3,4,4,4,5,3,5,3,2023-04-20
LFB002543,L008,2,3,3,3,5,3,5,5,3,5,2023-04-20
LFB002544,L014,3,5,4,4,5,3,5,4,3,5,2023-04-21
LFB002545,L022,4,3,4,5,3,3,4,5,4,4,2023-04-21
LFB002546,L011,4,5,4,5,3,3,3,3,4,3,2023-04-21
LFB002547,L001,2,5,4,4,4,4,4,4,3,5,2023-04-21
LFB002548,L023,4,4,4,5,4,3,4,4,3,4,2023-04-21
LFB002549,L014,3,2,4,4,4,3,3,4,4,4,2023-04-21
LFB002550,L022,2,4,3,3,4,3,3,3,4,2,2023-04-21
LFB002551,L005,3,3,3,4,4,4,4,4,4,5,2023-04-21
LFB002552,L023,5,3,2,3,3,2,4,3,4,3,2023-04-21
LFB002553,L026,3,4,3,4,4,5,2,3,5,4,2023-04-21
LFB002554,L017,4,4,4,5,4,3,4,5,4,5,2023-04-22
LFB002555,L017,4,4,3,4,3,3,4,4,4,5,2023-04-22
LFB002556,L021,4,5,5,4,5,5,4,4,4,3,2023-04-22
LFB002557,L015,4,4,4,3,3,2,5,3,4,3,2023-04-22
LFB002558,L011,4,4,5,5,4,4,3,4,2,3,2023-04-22
LFB002559,L013,4,4,4,3,3,3,4,3,4,5,2023-04-22
LFB002560,L025,5,5,4,2,4,5,4,5,5,4,2023-04-22
LFB002561,L010,3,4,4,1,3,3,1,3,4,4,2023-04-22
LFB002562,L015,5,5,4,3,3,4,5,4,5,5,2023-04-22
LFB002563,L005,3,4,3,4,4,5,4,4,5,3,2023-04-22
LFB002564,L019,4,4,4,5,4,4,4,3,4,4,2023-04-22
LFB002565,L020,2,5,5,4,4,4,3,5,4,4,2023-04-22
LFB002566,L006,4,5,5,5,4,5,5,5,4,5,2023-04-22
LFB002567,L005,4,2,3,3,3,2,4,3,4,4,2023-04-22
LFB002568,L012,3,5,4,5,3,4,4,5,5,5,2023-04-23
LFB002569,L023,2,2,3,2,4,3,4,4,3,4,2023-04-23
LFB002570,L006,5,4,5,4,5,5,4,3,3,5,2023-04-23
LFB002571,L015,3,4,3,3,2,4,2,4,3,4,2023-04-23
LFB002572,L017,3,4,3,4,4,2,4,3,5,5,2023-04-23
LFB002573,L019,5,4,3,4,4,3,3,3,4,5,2023-04-23
LFB002574,L007,4,4,3,3,4,4,4,5,4,3,2023-04-23
LFB002575,L022,4,4,3,3,4,2,3,4,4,1,2023-04-23
LFB002576,L021,3,4,4,4,4,5,3,4,4,4,2023-04-23
LFB002577,L002,3,5,4,2,1,4,3,5,4,5,2023-04-23
LFB002578,L017,4,5,2,4,4,4,5,4,4,4,2023-04-23
LFB002579,L021,4,4,3,4,3,4,4,4,2,3,2023-04-23
LFB002580,L020,5,4,2,3,2,5,3,2,1,2,2023-04-23
LFB002581,L017,2,4,3,3,5,4,3,5,3,4,2023-04-23
LFB002582,L011,5,2,3,3,4,5,4,4,4,5,2023-04-23
LFB002583,L022,2,4,4,4,4,4,3,3,4,3,2023-04-23
LFB002584,L006,5,5,3,4,4,5,5,4,5,4,2023-04-23
LFB002585,L021,4,3,4,5,3,4,5,3,3,5,2023-04-24
LFB002586,L016,4,5,4,3,5,4,4,5,5,5,2023-04-24
LFB002587,L017,3,4,3,4,5,3,2,4,3,4,2023-04-24
LFB002588,L013,2,4,3,4,2,4,2,5,5,4,2023-04-24
LFB002589,L014,4,4,3,4,5,4,4,4,5,5,2023-04-24
LFB002590,L026,4,5,4,3,5,5,5,5,3,3,2023-04-24
LFB002591,L020,5,4,4,4,5,4,4,4,5,5,2023-04-24
LFB002592,L021,4,4,3,5,2,5,3,3,4,4,2023-04-24
LFB002593,L013,2,3,2,3,4,3,5,2,3,4,2023-04-24
LFB002594,L014,5,4,4,3,4,3,4,4,4,5,2023-04-24
LFB002595,L010,5,5,5,5,4,4,3,4,3,5,2023-04-24
LFB002596,L008,5,4,4,5,4,3,4,5,4,3,2023-04-25
LFB002597,L021,3,4,3,4,4,3,2,4,3,4,2023-04-25
LFB002598,L007,5,5,3,4,3,4,2,5,5,5,2023-04-25
LFB002599,L006,5,5,3,2,5,4,5,5,4,4,2023-04-25
LFB002600,L015,4,3,4,4,5,3,2,4,3,4,2023-04-25
LFB002601,L020,4,4,3,3,5,5,4,3,4,4,2023-04-25
LFB002602,L008,3,4,4,4,4,4,4,3,4,4,2023-04-25
LFB002603,L022,4,3,3,3,4,4,4,4,4,3,2023-04-25
LFB002604,L004,4,5,3,4,3,3,5,4,2,4,2023-04-25
LFB002605,L011,4,3,4,5,5,4,5,4,5,5,2023-04-25
LFB002606,L026,4,4,4,5,4,4,3,5,4,4,2023-04-25
LFB002607,L012,4,4,3,4,5,3,4,5,5,4,2023-04-25
LFB002608,L026,2,4,3,4,4,5,3,3,3,5,2023-04-26
LFB002609,L004,3,4,4,5,4,5,3,3,5,4,2023-04-26
LFB002610,L015,2,4,5,5,3,5,5,5,3,5,2023-04-26
LFB002611,L025,3,4,2,2,2,2,4,3,3,1,2023-04-26
LFB002612,L021,3,5,3,4,4,3,5,4,5,5,2023-04-26
LFB002613,L023,4,4,3,4,3,5,4,5,4,3,2023-04-26
LFB002614,L023,3,5,4,5,5,5,5,4,3,5,2023-04-27
LFB002615,L025,5,3,4,4,5,4,5,4,2,4,2023-04-27
LFB002616,L016,4,4,3,5,4,4,4,4,3,5,2023-04-27
LFB002617,L002,2,3,4,3,4,4,3,3,3,3,2023-04-27
LFB002618,L024,3,3,4,2,3,3,4,5,5,4,2023-04-27
LFB002619,L025,4,4,2,4,4,5,4,5,4,4,2023-04-27
LFB002620,L010,3,5,4,3,4,4,5,5,4,4,2023-04-27
LFB002621,L007,3,4,4,3,5,4,4,3,4,4,2023-04-27
LFB002622,L001,4,4,4,3,4,5,3,4,5,3,2023-04-28
LFB002623,L010,4,5,3,5,3,3,3,3,2,4,2023-04-28
LFB002624,L026,3,4,4,3,3,4,4,5,4,5,2023-04-28
LFB002625,L021,3,4,4,5,4,3,3,5,5,3,2023-04-28
LFB002626,L021,4,3,2,4,4,3,4,3,5,4,2023-04-28
LFB002627,L012,3,5,4,3,3,5,3,3,3,4,2023-04-28
LFB002628,L026,4,4,4,3,5,5,3,5,4,4,2023-04-29
LFB002629,L018,5,4,3,4,3,4,3,3,5,4,2023-04-29
LFB002630,L021,5,4,4,5,5,4,3,4,5,4,2023-04-29
LFB002631,L023,4,3,2,3,2,3,3,4,2,5,2023-04-29
LFB002632,L026,4,2,2,3,3,3,5,4,5,4,2023-04-29
LFB002633,L024,5,4,5,5,4,5,4,5,5,4,2023-04-29
LFB002634,L015,4,4,3,3,4,5,4,5,5,5,2023-04-29
LFB002635,L023,3,2,3,2,4,4,4,3,2,3,2023-04-29
LFB002636,L008,3,5,3,4,4,5,4,3,5,3,2023-04-29
LFB002637,L013,4,4,3,3,3,4,4,2,3,2,2023-04-29
LFB002638,L023,4,4,4,4,4,3,3,4,4,3,2023-04-29
LFB002639,L001,3,4,3,3,4,5,3,4,3,3,2023-04-29
LFB002640,L012,2,3,4,3,1,2,4,3,3,3,2023-04-29
LFB002641,L010,4,4,2,4,3,4,3,3,4,5,2023-04-29
LFB002642,L008,3,1,2,4,3,3,2,4,3,3,2023-04-30
LFB002643,L016,4,3,4,3,5,5,3,3,4,4,2023-04-30
LFB002644,L013,4,2,4,4,3,5,4,4,4,5,2023-04-30
LFB002645,L015,4,2,3,3,4,3,4,4,3,3,2023-04-30
LFB002646,L023,4,3,4,2,4,3,4,2,3,3,2023-04-30
LFB002647,L025,3,4,4,3,4,4,4,5,3,4,2023-04-30
LFB002648,L003,3,4,3,5,4,3,2,5,3,3,2023-04-30
LFB002649,L019,3,3,3,4,5,4,4,2,2,3,2023-04-30
LFB002650,L025,3,2,4,4,2,3,5,4,3,3,2023-04-30
LFB002651,L013,3,4,2,5,5,2,3,5,5,4,2023-04-30
LFB002652,L026,3,2,4,4,2,5,3,4,4,3,2023-04-30
LFB002653,L011,4,3,5,4,3,4,4,4,5,3,2023-04-30
LFB002654,L025,3,5,3,3,4,4,4,4,5,4,2023-05-01
LFB002655,L008,3,3,4,4,5,5,3,5,5,3,2023-05-01
LFB002656,L001,4,5,5,4,4,5,4,5,5,5,2023-05-01
LFB002657,L018,5,3,5,4,4,4,3,4,3,5,2023-05-01
LFB002658,L026,3,4,4,4,2,3,4,3,4,2,2023-05-01
LFB002659,L006,4,3,3,3,4,4,4,5,4,4,2023-05-01
LFB002660,L025,3,3,5,3,3,5,4,5,5,5,2023-05-02
LFB002661,L016,4,5,5,4,5,5,5,3,4,5,2023-05-02
LFB002662,L010,4,4,4,4,3,3,3,3,4,5,2023-05-02
LFB002663,L004,5,1,2,5,4,4,5,2,5,3,2023-05-02
LFB002664,L021,5,3,3,2,5,3,4,4,4,3,2023-05-02
LFB002665,L003,3,4,5,2,5,3,3,4,4,4,2023-05-02
LFB002666,L013,5,3,5,4,5,4,3,5,3,4,2023-05-02
LFB002667,L019,4,3,3,5,4,4,5,4,4,3,2023-05-02
LFB002668,L022,5,4,3,3,3,5,4,3,3,3,2023-05-02
LFB002669,L021,4,5,3,4,4,4,3,5,5,5,2023-05-02
LFB002670,L017,4,3,3,2,4,3,3,3,3,4,2023-05-02
LFB002671,L001,3,5,3,4,4,4,5,4,4,5,2023-05-03
LFB002672,L026,4,2,4,3,3,4,4,3,3,4,2023-05-03
LFB002673,L001,4,5,4,4,3,4,5,5,3,4,2023-05-03
LFB002674,L005,5,4,4,3,4,5,3,5,3,3,2023-05-03
LFB002675,L022,3,2,3,4,4,5,4,4,4,5,2023-05-03
LFB002676,L002,3,5,5,3,4,3,3,4,4,4,2023-05-03
LFB002677,L020,4,4,4,3,4,2,4,3,4,4,2023-05-03
LFB002678,L020,3,5,3,5,4,4,4,4,5,4,2023-05-03
LFB002679,L015,4,4,4,4,2,5,3,3,4,3,2023-05-03
LFB002680,L012,5,3,5,3,5,5,3,5,4,3,2023-05-03
LFB002681,L026,5,5,3,5,5,4,5,5,5,5,2023-05-03
LFB002682,L025,4,4,4,4,4,4,4,5,5,5,2023-05-03
LFB002683,L016,3,3,5,4,5,5,5,4,4,3,2023-05-04
LFB002684,L023,3,4,3,4,4,4,4,4,4,4,2023-05-04
LFB002685,L025,4,3,3,4,3,4,4,3,4,3,2023-05-04
LFB002686,L022,3,4,5,5,3,5,5,4,4,4,2023-05-04
LFB002687,L018,3,3,3,5,2,5,4,4,5,4,2023-05-04
LFB002688,L012,3,5,5,4,3,5,5,5,5,4,2023-05-04
LFB002689,L020,4,4,4,4,5,4,5,5,4,4,2023-05-04
LFB002690,L014,4,4,3,4,3,3,2,4,2,3,2023-05-04
LFB002691,L007,4,4,3,4,4,4,3,5,4,4,2023-05-04
LFB002692,L020,4,5,4,5,5,3,4,4,4,4,2023-05-04
LFB002693,L019,2,5,2,5,4,4,2,5,2,4,2023-05-04
LFB002694,L014,3,5,4,3,4,1,3,4,2,4,2023-05-05
LFB002695,L024,5,4,4,5,4,4,4,3,4,5,2023-05-05
LFB002696,L025,4,4,4,4,4,4,3,4,3,5,2023-05-05
LFB002697,L007,4,5,3,4,4,5,4,3,4,4,2023-05-05
LFB002698,L026,4,4,4,4,4,4,5,5,4,4,2023-05-05
LFB002699,L021,3,4,2,4,4,3,4,5,5,4,2023-05-05
LFB002700,L010,3,3,4,3,4,3,3,4,3,4,2023-05-05
LFB002701,L010,5,4,3,5,4,5,3,4,5,4,2023-05-05
LFB002702,L018,3,4,3,3,3,4,4,4,2,4,2023-05-05
LFB002703,L006,4,3,4,4,5,3,3,3,3,4,2023-05-06
LFB002704,L022,3,4,2,2,3,4,4,3,4,3,2023-05-06
LFB002705,L020,5,5,4,4,5,4,5,5,2,5,2023-05-06
LFB002706,L011,3,4,3,3,3,5,4,4,4,4,2023-05-06
LFB002707,L016,5,4,3,4,4,4,4,5,5,5,2023-05-06
LFB002708,L017,2,2,4,3,4,4,3,4,4,2,2023-05-06
LFB002709,L025,3,4,4,5,4,4,4,3,4,5,2023-05-06
LFB002710,L003,5,4,4,4,5,5,5,5,5,4,2023-05-06
LFB002711,L002,4,4,3,4,3,2,4,4,4,4,2023-05-06
LFB002712,L006,3,4,4,5,5,5,4,4,3,5,2023-05-06
LFB002713,L012,3,4,2,4,2,3,2,3,4,4,2023-05-06
LFB002714,L026,3,5,5,5,3,5,4,4,3,3,2023-05-06
LFB002715,L016,4,4,3,5,4,5,5,5,4,4,2023-05-06
LFB002716,L022,3,3,3,3,4,3,3,4,4,3,2023-05-06
LFB002717,L022,3,3,4,4,5,4,5,3,4,4,2023-05-06
LFB002718,L015,4,4,5,5,4,4,4,4,4,5,2023-05-06
LFB002719,L017,4,3,3,2,2,2,3,2,4,4,2023-05-06
LFB002720,L013,4,4,4,4,5,5,4,5,5,5,2023-05-06
LFB002721,L021,2,4,2,3,4,3,2,3,3,4,2023-05-07
LFB002722,L023,5,5,5,5,5,5,5,5,4,5,2023-05-07
LFB002723,L011,3,5,4,5,4,2,3,4,5,4,2023-05-07
LFB002724,L011,3,3,4,3,4,3,3,5,4,4,2023-05-07
LFB002725,L015,4,4,4,3,4,5,3,4,4,3,2023-05-07
LFB002726,L004,3,4,4,2,4,2,4,4,4,5,2023-05-07
LFB002727,L018,3,3,4,3,4,4,3,4,4,3,2023-05-07
LFB002728,L012,5,4,4,4,4,3,5,5,4,3,2023-05-07
LFB002729,L010,4,5,3,4,5,3,3,4,4,4,2023-05-08
LFB002730,L012,5,5,4,5,3,2,4,4,4,3,2023-05-08
LFB002731,L024,4,3,4,3,5,5,4,4,4,4,2023-05-08
LFB002732,L021,4,2,3,4,4,3,3,4,4,3,2023-05-08
LFB002733,L026,4,4,4,5,5,3,3,5,4,5,2023-05-08
LFB002734,L024,5,4,3,4,3,4,3,4,3,1,2023-05-08
LFB002735,L022,5,3,3,5,3,5,3,4,4,5,2023-05-08
LFB002736,L004,4,4,4,3,4,4,5,5,3,4,2023-05-08
LFB002737,L013,2,4,4,2,4,4,3,3,3,3,2023-05-08
LFB002738,L013,4,4,2,3,5,3,3,4,4,4,2023-05-08
LFB002739,L020,4,3,5,4,4,4,3,4,4,4,2023-05-08
LFB002740,L020,4,3,4,4,5,3,3,3,4,3,2023-05-08
LFB002741,L007,3,5,4,3,4,4,4,5,4,5,2023-05-08
LFB002742,L013,5,4,2,3,5,4,5,3,5,2,2023-05-08
LFB002743,L001,3,3,3,3,4,3,4,2,4,4,2023-05-08
LFB002744,L025,2,2,3,5,3,3,5,3,4,5,2023-05-09
LFB002745,L014,4,3,4,2,3,4,1,5,3,3,2023-05-09
LFB002746,L026,4,4,3,4,4,5,2,5,3,5,2023-05-09
LFB002747,L022,5,4,5,4,5,5,3,5,3,3,2023-05-09
LFB002748,L021,3,4,5,4,4,5,4,4,2,4,2023-05-09
LFB002749,L014,4,2,3,4,4,3,3,2,3,4,2023-05-09
LFB002750,L023,3,3,4,4,3,4,4,3,3,3,2023-05-09
LFB002751,L001,3,2,2,4,5,5,3,3,3,4,2023-05-09
LFB002752,L013,2,5,4,4,3,3,5,3,3,2,2023-05-09
LFB002753,L002,4,4,4,4,5,5,5,4,5,2,2023-05-09
LFB002754,L013,3,3,4,2,2,3,2,3,2,2,2023-05-09
LFB002755,L022,4,3,5,3,3,4,3,3,5,5,2023-05-09
LFB002756,L010,2,3,4,4,4,3,4,3,4,2,2023-05-10
LFB002757,L002,4,3,4,5,4,4,5,4,5,4,2023-05-10
LFB002758,L023,4,4,3,3,3,3,3,3,4,4,2023-05-10
LFB002759,L024,3,3,3,4,5,5,4,3,3,5,2023-05-10
LFB002760,L011,3,4,2,4,5,4,4,3,4,5,2023-05-10
LFB002761,L013,5,4,3,3,4,3,5,4,3,2,2023-05-10
LFB002762,L020,5,5,5,5,5,4,4,5,5,5,2023-05-10
LFB002763,L001,4,4,4,3,4,4,4,3,4,4,2023-05-10
LFB002764,L007,4,5,5,2,5,5,5,4,4,5,2023-05-10
LFB002765,L004,4,5,3,4,3,4,5,5,5,5,2023-05-11
LFB002766,L010,4,3,4,3,5,4,3,4,3,5,2023-05-11
LFB002767,L018,3,4,5,3,3,4,3,5,5,3,2023-05-11
LFB002768,L019,3,4,5,5,4,3,4,4,3,5,2023-05-11
LFB002769,L020,4,3,3,2,2,3,4,3,2,3,2023-05-11
LFB002770,L011,4,4,4,4,4,4,4,5,4,4,2023-05-11
LFB002771,L005,4,4,3,3,3,5,3,4,3,4,2023-05-11
LFB002772,L012,5,4,3,5,5,5,5,5,4,1,2023-05-11
LFB002773,L008,3,2,4,3,3,3,2,4,2,3,2023-05-11
LFB002774,L005,3,4,4,4,3,4,3,2,3,5,2023-05-11
LFB002775,L001,4,2,3,4,3,3,2,3,3,4,2023-05-11
LFB002776,L016,3,4,4,4,3,5,3,3,4,5,2023-05-12
LFB002777,L012,4,1,4,2,3,2,4,4,4,4,2023-05-12
LFB002778,L012,3,3,4,4,3,3,3,3,3,5,2023-05-12
LFB002779,L018,3,3,4,3,5,4,3,4,3,2,2023-05-12
LFB002780,L015,3,1,4,4,3,4,3,3,4,3,2023-05-12
LFB002781,L020,4,2,1,3,4,4,4,3,3,4,2023-05-12
LFB002782,L002,3,2,4,4,3,4,5,3,3,4,2023-05-12
LFB002783,L025,3,3,2,3,3,3,4,4,5,3,2023-05-12
LFB002784,L013,2,4,3,2,2,3,4,3,3,1,2023-05-13
LFB002785,L021,5,4,3,5,3,4,4,5,4,4,2023-05-13
LFB002786,L024,4,4,3,4,4,2,3,3,4,4,2023-05-13
LFB002787,L014,3,3,4,5,4,5,4,5,5,5,2023-05-13
LFB002788,L021,3,3,3,3,3,4,3,4,4,4,2023-05-13
LFB002789,L022,5,3,2,3,3,2,4,4,3,4,2023-05-13
LFB002790,L020,3,3,3,4,4,4,3,3,4,3,2023-05-13
LFB002791,L004,2,4,2,4,5,4,5,4,4,5,2023-05-14
LFB002792,L013,3,4,4,5,5,4,5,3,4,4,2023-05-14
LFB002793,L004,4,4,5,4,3,5,4,5,3,4,2023-05-14
LFB002794,L006,3,4,4,4,3,3,5,5,3,4,2023-05-14
LFB002795,L018,3,4,5,3,4,5,4,4,4,3,2023-05-14
LFB002796,L008,5,4,4,4,5,4,5,4,4,5,2023-05-14
LFB002797,L012,5,3,3,5,4,3,5,3,4,3,2023-05-14
LFB002798,L012,4,5,4,3,5,5,4,4,5,3,2023-05-14
LFB002799,L013,5,2,3,3,3,5,4,4,4,4,2023-05-14
LFB002800,L013,4,5,5,4,5,5,5,4,4,4,2023-05-14
LFB002801,L014,5,2,4,5,5,5,3,4,4,4,2023-05-14
LFB002802,L021,5,3,4,4,3,4,3,4,3,4,2023-05-15
LFB002803,L004,3,3,4,5,3,4,4,5,5,4,2023-05-15
LFB002804,L023,4,4,5,3,4,5,3,4,5,3,2023-05-15
LFB002805,L001,3,3,5,4,3,3,5,4,4,3,2023-05-15
LFB002806,L021,3,3,5,5,4,4,3,3,4,4,2023-05-15
LFB002807,L021,2,4,2,2,5,4,4,5,5,5,2023-05-15
LFB002808,L008,2,2,3,5,2,3,4,4,5,5,2023-05-15
LFB002809,L013,3,3,3,4,3,5,3,3,4,3,2023-05-15
LFB002810,L001,5,5,4,4,3,4,3,4,2,3,2023-05-15
LFB002811,L001,4,2,4,4,3,5,3,5,4,5,2023-05-16
LFB002812,L011,4,1,2,3,5,5,3,4,5,4,2023-05-16
LFB002813,L024,3,4,5,3,2,3,2,4,4,5,2023-05-16
LFB002814,L012,3,5,4,5,5,3,5,4,3,5,2023-05-16
LFB002815,L010,3,3,5,4,4,5,4,3,4,4,2023-05-16
LFB002816,L021,4,5,4,3,3,5,3,4,4,2,2023-05-16
LFB002817,L013,4,5,4,5,4,4,4,4,5,5,2023-05-16
LFB002818,L025,5,3,4,3,4,3,4,4,4,5,2023-05-16
LFB002819,L005,2,3,4,2,3,4,2,3,4,4,2023-05-16
LFB002820,L024,3,2,5,3,5,4,4,4,4,4,2023-05-16
LFB002821,L016,4,4,2,3,5,4,4,5,5,4,2023-05-17
LFB002822,L025,4,4,3,4,3,4,4,5,4,3,2023-05-17
LFB002823,L020,5,4,4,4,5,5,4,5,3,5,2023-05-17
LFB002824,L021,4,5,4,4,5,5,5,5,5,3,2023-05-17
LFB002825,L015,4,4,3,4,4,4,5,3,4,4,2023-05-17
LFB002826,L025,3,5,2,4,5,3,3,3,3,4,2023-05-17
LFB002827,L010,4,4,3,5,3,4,4,5,4,3,2023-05-17
LFB002828,L018,4,4,4,2,4,5,5,5,3,2,2023-05-17
LFB002829,L011,3,2,4,2,4,3,4,4,4,4,2023-05-18
LFB002830,L026,3,5,5,4,3,4,4,3,4,5,2023-05-18
LFB002831,L015,3,5,5,3,4,5,4,4,4,5,2023-05-18
LFB002832,L004,3,3,4,3,3,3,4,3,3,4,2023-05-18
LFB002833,L014,4,4,4,4,5,4,5,4,2,5,2023-05-18
LFB002834,L024,4,4,2,5,4,4,4,4,3,2,2023-05-18
LFB002835,L013,4,4,5,5,4,5,4,5,5,5,2023-05-18
LFB002836,L004,3,5,4,5,4,5,4,4,3,5,2023-05-18
LFB002837,L001,4,2,3,3,3,4,4,5,5,3,2023-05-18
LFB002838,L024,4,5,3,3,2,3,3,5,2,4,2023-05-18
LFB002839,L006,4,5,4,5,4,4,5,5,5,5,2023-05-18
LFB002840,L025,4,5,3,3,4,5,4,3,3,4,2023-05-18
LFB002841,L022,3,4,3,4,5,3,5,3,5,5,2023-05-18
LFB002842,L003,5,4,2,3,3,3,5,3,4,4,2023-05-19
LFB002843,L005,3,3,3,3,2,3,4,4,3,4,2023-05-19
LFB002844,L010,4,5,2,3,3,3,3,2,2,4,2023-05-19
LFB002845,L022,4,2,4,3,4,5,4,4,4,4,2023-05-19
LFB002846,L010,3,3,4,3,4,4,3,4,3,3,2023-05-19
LFB002847,L008,3,3,4,5,4,4,3,5,5,3,2023-05-19
LFB002848,L026,5,4,3,3,3,3,5,3,4,3,2023-05-19
LFB002849,L014,4,3,5,4,4,4,3,4,4,4,2023-05-19
LFB002850,L019,5,4,5,5,3,4,1,4,4,3,2023-05-19
LFB002851,L012,3,4,4,3,5,3,4,4,5,5,2023-11-10
LFB002852,L004,2,5,4,5,5,5,4,4,5,3,2023-11-10
LFB002853,L010,5,2,2,4,3,3,4,3,2,4,2023-11-10
LFB002854,L008,5,5,5,5,5,5,4,5,4,5,2023-11-10
LFB002855,L023,4,4,4,4,4,3,4,3,5,5,2023-11-10
LFB002856,L021,4,5,5,4,4,5,4,4,5,5,2023-11-10
LFB002857,L026,5,4,4,4,5,4,5,4,5,4,2023-11-10
LFB002858,L025,5,4,4,5,1,5,4,5,3,4,2023-11-10
LFB002859,L007,5,5,5,5,5,4,5,5,5,5,2023-11-10
LFB002860,L022,3,4,4,3,4,3,3,4,3,2,2023-11-10
LFB002861,L023,4,5,5,5,5,4,4,4,4,5,2023-11-10
LFB002862,L026,3,5,4,5,5,5,4,4,5,5,2023-11-10
LFB002863,L019,5,4,3,5,5,5,5,5,4,4,2023-11-10
LFB002864,L004,3,3,4,5,2,5,4,4,4,4,2023-11-10
LFB002865,L012,2,3,3,4,3,4,3,3,3,4,2023-11-10
LFB002866,L024,2,3,3,3,4,3,3,4,4,4,2023-11-10
LFB002867,L020,3,3,5,5,4,3,5,5,5,5,2023-11-10
LFB002868,L006,3,4,3,5,4,3,3,4,2,5,2023-11-10
LFB002869,L004,5,5,4,3,4,4,4,5,3,3,2023-11-10
LFB002870,L023,4,3,4,4,4,4,3,5,4,5,2023-11-10
LFB002871,L004,5,3,4,4,4,4,5,5,5,5,2023-11-10
LFB002872,L010,4,4,3,3,5,4,3,5,5,4,2023-11-10
LFB002873,L007,4,3,3,5,4,5,3,5,4,4,2023-11-11
LFB002874,L010,4,3,5,5,3,4,5,2,4,4,2023-11-11
LFB002875,L011,4,4,5,3,5,5,4,5,4,4,2023-11-11
LFB002876,L022,3,3,3,5,3,3,4,3,4,5,2023-11-11
LFB002877,L014,2,4,3,3,2,5,3,2,3,3,2023-11-11
LFB002878,L025,3,4,3,5,5,5,3,5,3,4,2023-11-11
LFB002879,L003,5,3,4,3,3,5,3,3,5,3,2023-11-11
LFB002880,L012,3,4,4,2,5,3,5,4,3,5,2023-11-11
LFB002881,L020,5,4,3,5,5,4,5,5,4,5,2023-11-11
LFB002882,L018,5,5,5,3,5,5,4,4,5,5,2023-11-11
LFB002883,L025,4,4,4,5,4,5,5,5,4,5,2023-11-11
LFB002884,L014,4,5,5,4,5,5,4,4,4,4,2023-11-11
LFB002885,L024,4,4,2,2,5,5,5,4,3,4,2023-11-11
LFB002886,L016,4,4,5,3,4,4,3,3,4,5,2023-11-11
LFB002887,L025,4,5,3,5,4,4,5,5,5,5,2023-11-11
LFB002888,L019,4,4,3,5,5,4,3,5,4,4,2023-11-11
LFB002889,L019,4,4,4,4,4,5,3,5,2,3,2023-11-11
LFB002890,L002,4,4,5,5,4,4,5,5,5,5,2023-11-11
LFB002891,L019,4,3,5,3,5,3,2,2,4,5,2023-11-11
LFB002892,L023,4,4,3,4,4,3,4,5,5,4,2023-11-11
LFB002893,L012,5,4,5,5,5,5,5,5,3,5,2023-11-11
LFB002894,L015,2,5,3,2,3,4,5,3,4,4,2023-11-11
LFB002895,L018,4,5,5,5,3,5,5,3,5,4,2023-11-11
LFB002896,L006,4,4,3,4,5,4,4,5,4,4,2023-11-11
LFB002897,L019,4,4,4,5,3,5,3,3,4,5,2023-11-11
LFB002898,L021,4,5,4,4,4,4,5,4,4,5,2023-11-12
LFB002899,L025,5,5,5,5,4,5,5,5,5,5,2023-11-12
LFB002900,L026,4,4,4,3,4,5,4,4,3,4,2023-11-12
LFB002901,L011,5,5,5,4,5,5,4,5,5,4,2023-11-12
LFB002902,L021,3,4,5,3,4,4,5,4,4,3,2023-11-12
LFB002903,L015,5,5,2,4,4,5,3,3,3,3,2023-11-12
LFB002904,L010,4,5,3,4,5,5,2,5,4,4,2023-11-12
LFB002905,L020,5,5,5,5,4,5,3,4,5,5,2023-11-12
LFB002906,L023,2,5,4,4,5,3,4,3,4,2,2023-11-12
LFB002907,L022,4,5,4,5,5,5,3,5,4,5,2023-11-12
LFB002908,L021,5,3,5,4,5,4,4,5,4,5,2023-11-12
LFB002909,L008,5,5,4,4,5,3,4,4,5,5,2023-11-12
LFB002910,L013,3,4,3,4,5,3,5,4,3,5,2023-11-12
LFB002911,L023,3,5,3,5,5,5,5,4,5,5,2023-11-12
LFB002912,L003,3,5,3,4,4,4,3,4,5,5,2023-11-12
LFB002913,L007,5,5,5,5,4,4,5,5,5,5,2023-11-12
LFB002914,L023,4,4,5,4,4,5,4,4,4,5,2023-11-12
LFB002915,L012,5,4,4,5,4,4,5,5,4,5,2023-11-12
LFB002916,L010,5,3,5,5,5,5,5,5,4,5,2023-11-12
LFB002917,L013,4,5,4,5,5,4,2,4,4,3,2023-11-12
LFB002918,L010,5,4,5,4,5,5,4,3,4,5,2023-11-12
LFB002919,L016,4,3,3,5,4,4,3,4,4,3,2023-11-12
LFB002920,L020,4,4,2,5,3,5,4,5,4,3,2023-11-12
LFB002921,L013,4,5,4,5,5,5,4,5,3,5,2023-11-12
LFB002922,L014,4,2,2,3,4,4,4,3,3,4,2023-11-12
LFB002923,L010,4,4,4,4,4,4,3,5,3,4,2023-11-12
LFB002924,L004,4,3,2,3,4,3,3,3,3,4,2023-11-12
LFB002925,L020,4,5,4,5,5,4,5,5,3,5,2023-11-12
LFB002926,L020,3,4,5,3,5,5,4,5,4,5,2023-11-12
LFB002927,L001,3,5,5,4,4,4,4,4,4,4,2023-11-12
LFB002928,L021,4,4,5,4,5,5,5,5,3,5,2023-11-12
LFB002929,L004,3,3,3,4,4,4,5,4,4,4,2023-11-13
LFB002930,L001,4,5,3,3,3,4,4,4,5,5,2023-11-13
LFB002931,L012,3,5,2,5,4,4,4,4,4,5,2023-11-13
LFB002932,L001,5,3,3,3,3,2,3,5,3,3,2023-11-13
LFB002933,L020,3,4,5,4,5,4,3,4,5,5,2023-11-13
LFB002934,L008,5,5,3,5,5,4,4,5,4,5,2023-11-13
LFB002935,L005,4,4,4,3,5,5,3,5,4,5,2023-11-13
LFB002936,L018,3,5,4,5,4,5,4,5,5,5,2023-11-13
LFB002937,L004,3,4,3,5,5,4,4,5,4,3,2023-11-13
LFB002938,L012,4,5,4,5,3,4,5,5,4,4,2023-11-13
LFB002939,L010,2,3,2,4,3,5,4,4,3,4,2023-11-13
LFB002940,L015,4,5,3,5,5,4,5,5,5,5,2023-11-13
LFB002941,L019,4,3,3,4,3,3,5,4,4,3,2023-11-13
LFB002942,L020,4,4,3,5,3,3,5,4,4,4,2023-11-13
LFB002943,L026,5,4,4,4,4,5,4,3,5,3,2023-11-13
LFB002944,L013,5,5,5,4,5,4,4,5,5,5,2023-11-13
LFB002945,L026,4,5,5,4,5,5,3,5,4,3,2023-11-13
LFB002946,L002,4,4,4,5,4,4,5,5,5,4,2023-11-13
LFB002947,L014,5,3,4,4,4,4,5,3,5,4,2023-11-13
LFB002948,L013,5,5,5,4,5,4,4,4,3,4,2023-11-13
LFB002949,L004,5,4,4,4,1,5,4,3,4,5,2023-11-13
LFB002950,L014,5,4,4,5,4,4,2,5,3,4,2023-11-13
LFB002951,L001,5,4,3,5,4,5,2,5,4,5,2023-11-13
LFB002952,L001,5,3,3,3,4,5,5,4,3,5,2023-11-13
LFB002953,L018,4,4,4,4,5,4,3,3,4,4,2023-11-13
LFB002954,L001,4,5,5,4,4,5,5,5,3,5,2023-11-13
LFB002955,L010,2,3,4,5,3,4,4,4,3,3,2023-11-13
LFB002956,L002,4,4,2,4,5,4,4,5,4,3,2023-11-13
LFB002957,L020,5,5,3,3,5,4,5,5,3,4,2023-11-13
LFB002958,L023,4,2,3,4,4,4,4,4,4,4,2023-11-13
LFB002959,L013,5,4,3,5,4,5,4,4,4,3,2023-11-13
LFB002960,L012,4,5,4,4,3,5,4,5,3,5,2023-11-13
LFB002961,L022,4,4,2,3,4,4,2,5,5,3,2023-11-14
LFB002962,L013,3,4,4,5,4,4,5,4,5,5,2023-11-14
LFB002963,L020,2,4,3,3,3,2,4,3,5,5,2023-11-14
LFB002964,L004,3,5,3,4,5,5,3,4,5,5,2023-11-14
LFB002965,L011,4,4,5,5,5,5,4,3,4,4,2023-11-14
LFB002966,L021,3,4,3,4,3,2,4,4,2,2,2023-11-14
LFB002967,L012,3,3,3,5,4,4,2,4,4,5,2023-11-14
LFB002968,L010,3,4,3,5,4,4,4,4,4,5,2023-11-14
LFB002969,L011,4,5,3,3,3,4,4,3,4,5,2023-11-14
LFB002970,L013,5,3,3,5,3,3,4,4,5,4,2023-11-14
LFB002971,L020,3,4,4,4,5,4,4,5,5,4,2023-11-14
LFB002972,L026,5,4,4,4,5,4,5,5,4,5,2023-11-14
LFB002973,L015,4,5,3,3,5,4,5,5,3,5,2023-11-14
LFB002974,L010,4,2,4,5,5,2,5,3,4,5,2023-11-14
LFB002975,L025,5,5,5,4,5,3,4,3,5,4,2023-11-14
LFB002976,L004,5,5,5,5,4,5,5,5,5,5,2023-11-14
LFB002977,L003,5,5,3,4,3,4,4,5,3,3,2023-11-14
LFB002978,L020,4,4,4,5,5,4,5,5,2,5,2023-11-14
LFB002979,L013,5,5,4,5,5,5,4,5,4,4,2023-11-14
LFB002980,L007,3,4,5,5,3,4,4,3,5,3,2023-11-14
LFB002981,L007,5,5,4,5,5,4,4,5,5,4,2023-11-14
LFB002982,L003,5,4,3,5,4,5,5,5,3,4,2023-11-14
LFB002983,L002,3,4,5,4,5,5,4,4,4,4,2023-11-14
LFB002984,L020,5,5,5,5,5,5,4,4,4,3,2023-11-14
LFB002985,L020,4,4,3,4,2,3,2,4,2,5,2023-11-14
LFB002986,L011,5,5,4,3,3,5,4,4,5,5,2023-11-14
LFB002987,L020,3,2,2,3,5,4,2,3,3,5,2023-11-15
LFB002988,L025,3,3,5,4,5,3,5,4,4,3,2023-11-15
LFB002989,L008,3,3,4,4,5,3,4,4,4,5,2023-11-15
LFB002990,L011,4,4,2,2,3,4,2,5,5,5,2023-11-15
LFB002991,L016,3,4,3,3,3,3,3,3,2,5,2023-11-15
LFB002992,L020,4,4,4,3,5,4,5,5,5,5,2023-11-15
LFB002993,L013,3,4,4,4,5,4,4,5,4,4,2023-11-15
LFB002994,L001,5,5,5,5,5,5,5,5,4,5,2023-11-15
LFB002995,L011,4,5,3,5,3,4,4,4,4,4,2023-11-15
LFB002996,L004,3,3,3,4,4,4,4,3,4,5,2023-11-15
LFB002997,L025,3,4,3,3,3,4,4,5,3,4,2023-11-15
LFB002998,L007,4,4,4,5,5,5,5,5,5,5,2023-11-15
LFB002999,L021,3,5,3,3,4,5,4,3,4,5,2023-11-15
LFB003000,L015,3,4,2,3,2,3,3,5,3,4,2023-11-15
LFB003001,L001,4,5,5,4,3,4,3,4,4,4,2023-11-15
LFB003002,L004,4,5,5,5,4,3,4,4,4,4,2023-11-15
LFB003003,L001,4,3,5,4,3,4,4,5,5,5,2023-11-15
LFB003004,L025,4,5,4,5,5,4,3,4,4,5,2023-11-15
LFB003005,L026,4,3,5,4,5,4,5,5,5,4,2023-11-15
LFB003006,L026,5,4,4,3,5,5,4,4,5,4,2023-11-15
LFB003007,L014,3,4,3,5,5,4,5,5,4,5,2023-11-15
LFB003008,L008,2,4,5,4,5,4,3,5,4,3,2023-11-15
LFB003009,L025,4,3,3,3,5,5,3,3,5,5,2023-11-15
LFB003010,L012,3,5,3,5,3,3,5,4,4,5,2023-11-16
LFB003011,L005,2,5,4,3,2,4,5,5,4,4,2023-11-16
LFB003012,L021,3,3,3,2,4,3,5,3,5,4,2023-11-16
LFB003013,L012,5,5,3,3,3,4,5,5,4,4,2023-11-16
LFB003014,L023,5,3,4,3,4,5,3,4,5,5,2023-11-16
LFB003015,L023,5,5,4,3,5,3,5,5,3,5,2023-11-16
LFB003016,L004,4,5,5,4,5,5,5,4,4,5,2023-11-16
LFB003017,L006,4,1,3,5,3,5,4,5,2,5,2023-11-16
LFB003018,L010,3,2,2,3,4,5,4,4,4,3,2023-11-16
LFB003019,L008,3,5,5,5,3,5,5,5,5,5,2023-11-16
LFB003020,L024,4,5,5,4,5,5,3,5,5,3,2023-11-16
LFB003021,L013,3,2,5,5,4,5,5,5,4,5,2023-11-16
LFB003022,L025,4,5,3,4,5,4,3,5,3,5,2023-11-16
LFB003023,L017,5,2,2,4,2,5,3,4,3,3,2023-11-16
LFB003024,L019,3,4,5,4,4,4,5,4,3,4,2023-11-16
LFB003025,L023,2,5,4,5,4,5,4,5,5,4,2023-11-16
LFB003026,L001,1,2,4,5,4,5,4,5,4,5,2023-11-16
LFB003027,L003,5,3,4,3,3,1,2,4,5,3,2023-11-16
LFB003028,L025,4,4,5,5,5,5,5,5,5,5,2023-11-16
LFB003029,L019,3,4,5,4,4,2,2,5,4,4,2023-11-16
LFB003030,L013,4,3,3,5,5,5,4,5,5,5,2023-11-16
LFB003031,L010,2,4,3,4,3,5,4,4,3,3,2023-11-16
LFB003032,L024,5,5,5,5,5,5,5,5,5,5,2023-11-16
LFB003033,L025,5,5,5,5,4,5,5,5,5,4,2023-11-16
LFB003034,L020,4,4,4,4,4,4,5,5,4,5,2023-11-16
LFB003035,L015,5,5,5,5,5,5,4,5,5,4,2023-11-16
LFB003036,L013,5,5,3,3,3,4,1,4,4,5,2023-11-16
LFB003037,L003,4,2,3,4,4,3,2,4,4,5,2023-11-17
LFB003038,L026,4,5,4,4,5,5,5,5,5,5,2023-11-17
LFB003039,L018,3,4,4,5,5,5,4,4,5,4,2023-11-17
LFB003040,L010,4,5,4,3,4,3,4,5,5,5,2023-11-17
LFB003041,L023,4,3,3,5,5,4,4,5,4,4,2023-11-17
LFB003042,L023,5,5,4,4,5,5,5,4,5,5,2023-11-17
LFB003043,L018,5,5,3,5,5,3,5,3,5,5,2023-11-17
LFB003044,L020,3,4,5,3,5,5,4,4,4,4,2023-11-17
LFB003045,L024,5,4,3,5,5,5,4,4,3,5,2023-11-17
LFB003046,L011,3,2,4,5,4,5,5,5,4,5,2023-11-17
LFB003047,L026,5,4,5,5,4,5,5,5,5,5,2023-11-17
LFB003048,L015,5,5,4,4,5,4,3,2,3,5,2023-11-17
LFB003049,L019,5,4,3,3,3,4,4,3,5,4,2023-11-17
LFB003050,L017,4,5,5,5,3,3,5,5,5,5,2023-11-17
LFB003051,L002,5,5,5,5,5,5,4,5,5,4,2023-11-17
LFB003052,L018,5,5,4,5,5,5,5,5,5,4,2023-11-17
LFB003053,L026,4,2,3,3,3,3,3,4,2,5,2023-11-17
LFB003054,L026,5,3,4,3,5,4,5,4,3,3,2023-11-17
LFB003055,L024,4,4,5,4,4,4,3,3,4,4,2023-11-17
LFB003056,L023,5,3,4,5,4,4,4,5,5,5,2023-11-17
LFB003057,L002,4,4,4,4,4,4,5,3,4,5,2023-11-17
LFB003058,L013,5,4,2,4,5,4,5,4,5,4,2023-11-17
LFB003059,L004,3,3,4,4,4,4,5,4,4,3,2023-11-17
LFB003060,L023,3,5,4,4,4,4,3,4,5,5,2023-11-17
LFB003061,L020,5,3,4,4,5,4,4,3,4,5,2023-11-17
LFB003062,L013,3,3,4,4,5,2,4,4,4,5,2023-11-17
LFB003063,L010,4,4,5,5,4,4,3,5,3,4,2023-11-18
LFB003064,L010,5,4,4,5,5,5,4,5,5,4,2023-11-18
LFB003065,L012,4,4,5,4,4,4,4,3,3,3,2023-11-18
LFB003066,L020,5,4,4,4,5,5,5,4,4,5,2023-11-18
LFB003067,L001,3,4,4,3,5,5,4,4,5,5,2023-11-18
LFB003068,L018,5,5,3,5,5,4,5,5,5,5,2023-11-18
LFB003069,L025,4,3,3,3,4,5,3,4,4,4,2023-11-18
LFB003070,L015,5,4,4,4,4,3,4,4,4,5,2023-11-18
LFB003071,L014,3,5,4,5,2,5,5,4,4,5,2023-11-18
LFB003072,L010,5,3,4,4,4,4,4,4,5,5,2023-11-18
LFB003073,L014,3,3,5,5,4,5,4,5,4,4,2023-11-18
LFB003074,L012,4,4,4,4,4,2,3,4,4,4,2023-11-18
LFB003075,L014,4,3,2,5,4,3,5,5,4,3,2023-11-18
LFB003076,L010,5,4,5,5,5,5,5,5,5,4,2023-11-18
LFB003077,L016,5,5,5,4,5,4,5,3,5,5,2023-11-18
LFB003078,L021,4,3,4,3,3,5,3,3,3,4,2023-11-18
LFB003079,L008,4,3,5,2,4,5,4,3,5,5,2023-11-18
LFB003080,L016,4,5,3,4,4,5,3,5,3,4,2023-11-18
LFB003081,L025,3,5,4,5,5,4,4,4,4,4,2023-11-18
LFB003082,L010,4,5,5,5,5,5,5,5,3,5,2023-11-18
LFB003083,L005,5,4,3,5,4,5,4,4,4,5,2023-11-18
LFB003084,L023,4,5,4,4,4,4,4,5,3,5,2023-11-18
LFB003085,L013,4,5,4,3,3,3,4,5,3,5,2023-11-18
LFB003086,L019,4,4,5,3,5,4,5,4,3,4,2023-11-19
LFB003087,L025,2,5,2,5,4,5,4,5,4,3,2023-11-19
LFB003088,L011,4,4,4,4,4,3,3,5,3,5,2023-11-19
LFB003089,L023,4,5,4,4,5,4,5,4,3,4,2023-11-19
LFB003090,L021,4,4,5,4,5,4,5,4,5,3,2023-11-19
LFB003091,L014,5,5,4,4,4,4,5,3,5,5,2023-11-19
LFB003092,L023,5,3,5,5,5,5,4,5,5,3,2023-11-19
LFB003093,L013,3,4,3,5,5,4,5,3,5,5,2023-11-19
LFB003094,L021,5,3,4,5,5,3,5,5,5,4,2023-11-19
LFB003095,L015,5,5,5,5,5,4,5,4,5,4,2023-11-19
LFB003096,L016,4,3,5,3,5,3,4,5,4,4,2023-11-19
LFB003097,L011,4,4,2,4,5,5,4,5,5,4,2023-11-19
LFB003098,L015,5,3,5,5,4,3,3,5,4,4,2023-11-19
LFB003099,L021,4,2,4,4,4,4,4,4,3,3,2023-11-19
LFB003100,L024,4,3,3,3,4,4,4,3,4,4,2023-11-19
LFB003101,L002,5,4,3,5,5,4,3,5,5,5,2023-11-19
LFB003102,L017,5,5,4,5,5,5,5,4,4,5,2023-11-19
LFB003103,L014,5,4,4,4,4,5,3,5,3,4,2023-11-19
LFB003104,L008,5,5,2,5,1,5,5,5,5,4,2023-11-19
LFB003105,L008,4,5,4,4,4,5,4,5,4,5,2023-11-19
LFB003106,L022,5,5,5,5,4,5,5,5,4,5,2023-11-19
LFB003107,L026,5,4,3,5,4,4,5,4,4,3,2023-11-19
LFB003108,L016,4,4,3,5,5,5,4,4,5,5,2023-11-19
LFB003109,L010,4,4,5,5,3,3,4,5,4,5,2023-11-19
LFB003110,L001,4,3,5,4,3,4,4,4,4,3,2023-11-19
LFB003111,L008,5,3,4,4,5,4,4,3,3,5,2023-11-19
LFB003112,L016,3,4,5,4,4,3,4,2,4,5,2023-11-19
LFB003113,L011,5,5,3,4,5,5,4,4,4,5,2023-11-19
LFB003114,L001,4,4,4,3,3,5,3,5,4,4,2023-11-19
LFB003115,L003,4,5,3,4,5,4,4,3,4,5,2023-11-19
LFB003116,L007,4,3,3,4,2,5,3,2,2,3,2023-11-19
LFB003117,L016,3,3,3,4,3,3,4,4,4,4,2023-11-19
LFB003118,L013,5,4,4,4,4,2,4,4,5,5,2023-11-20
LFB003119,L013,5,4,5,5,4,5,5,5,4,4,2023-11-20
LFB003120,L022,3,3,4,3,4,4,3,5,3,4,2023-11-20
LFB003121,L011,5,3,5,5,5,4,4,5,4,5,2023-11-20
LFB003122,L021,5,4,5,4,5,3,5,3,4,5,2023-11-20
LFB003123,L004,5,3,4,4,3,4,4,5,3,4,2023-11-20
LFB003124,L008,4,5,4,3,5,4,4,5,3,4,2023-11-20
LFB003125,L013,4,4,3,2,3,5,3,4,4,3,2023-11-20
LFB003126,L006,5,2,4,5,4,4,4,5,5,3,2023-11-20
LFB003127,L012,3,4,3,3,4,3,5,4,4,5,2023-11-20
LFB003128,L010,4,4,4,4,4,5,3,5,4,5,2023-11-20
LFB003129,L007,5,5,4,5,5,3,5,4,5,5,2023-11-20
LFB003130,L003,5,3,5,5,5,4,5,4,5,5,2023-11-20
LFB003131,L023,4,4,4,4,3,3,5,4,5,3,2023-11-20
LFB003132,L001,5,3,4,4,5,5,4,5,5,5,2023-11-20
LFB003133,L026,4,2,2,4,3,3,4,3,5,4,2023-11-20
LFB003134,L007,5,5,4,5,4,4,3,4,4,5,2023-11-20
LFB003135,L010,4,3,4,5,3,4,4,4,4,5,2023-11-20
LFB003136,L024,4,3,5,4,5,4,5,4,4,5,2023-11-20
LFB003137,L015,3,5,4,3,5,4,4,5,3,4,2023-11-20
LFB003138,L001,4,4,3,3,3,4,3,5,4,4,2023-11-20
LFB003139,L007,5,3,4,3,3,3,5,3,5,3,2023-11-20
LFB003140,L023,2,2,4,3,3,5,4,3,4,4,2023-11-20
LFB003141,L025,5,4,5,2,4,4,5,3,5,4,2023-11-20
LFB003142,L002,4,4,2,3,5,5,3,4,4,4,2023-11-20
LFB003143,L025,5,3,4,5,4,3,4,3,5,4,2023-11-20
LFB003144,L015,2,5,3,4,4,4,3,5,3,2,2023-11-20
LFB003145,L025,5,4,4,5,3,5,5,5,4,4,2023-11-21
LFB003146,L014,3,3,4,4,5,3,5,4,4,4,2023-11-21
LFB003147,L010,4,4,4,4,3,5,5,3,3,4,2023-11-21
LFB003148,L022,5,5,5,5,5,5,5,4,5,3,2023-11-21
LFB003149,L011,4,3,3,5,5,3,3,4,3,4,2023-11-21
LFB003150,L014,3,4,4,3,5,5,5,3,3,4,2023-11-21
LFB003151,L019,5,5,5,4,5,5,5,5,4,5,2023-11-21
LFB003152,L005,3,2,3,5,3,4,4,4,3,5,2023-11-21
LFB003153,L002,3,4,4,4,3,2,3,2,3,5,2023-11-21
LFB003154,L018,4,3,3,4,4,4,4,4,4,3,2023-11-21
LFB003155,L021,5,4,4,4,5,5,5,5,5,5,2023-11-21
LFB003156,L006,5,5,5,5,3,4,4,5,5,4,2023-11-21
LFB003157,L023,5,4,3,4,3,5,3,5,1,3,2023-11-21
LFB003158,L017,5,4,4,4,5,4,5,4,5,4,2023-11-21
LFB003159,L026,4,4,4,4,3,3,3,5,3,5,2023-11-21
LFB003160,L012,5,4,5,5,5,5,5,4,5,3,2023-11-21
LFB003161,L022,3,5,4,4,5,2,4,5,3,3,2023-11-21
LFB003162,L004,3,2,1,4,4,3,4,4,2,4,2023-11-21
LFB003163,L013,3,5,3,4,4,3,4,4,4,5,2023-11-21
LFB003164,L021,5,3,4,4,5,3,5,5,4,4,2023-11-21
LFB003165,L022,3,4,4,4,2,3,4,4,4,4,2023-11-21
LFB003166,L014,5,3,5,5,4,5,4,4,3,4,2023-11-22
LFB003167,L022,1,4,4,5,4,2,3,4,4,4,2023-11-22
LFB003168,L015,3,3,4,4,2,3,3,3,4,3,2023-11-22
LFB003169,L007,4,3,4,5,3,4,5,4,3,4,2023-11-22
LFB003170,L005,4,5,2,3,5,4,5,5,3,5,2023-11-22
LFB003171,L001,2,4,4,4,5,3,5,3,4,5,2023-11-22
LFB003172,L018,5,5,4,5,4,5,3,5,4,4,2023-11-22
LFB003173,L026,4,5,4,4,5,4,4,4,5,4,2023-11-22
LFB003174,L017,4,4,5,4,5,3,3,4,4,5,2023-11-22
LFB003175,L026,4,4,5,3,3,5,4,5,4,5,2023-11-22
LFB003176,L007,3,3,4,4,4,4,4,5,4,5,2023-11-22
LFB003177,L015,5,3,4,4,5,4,5,4,4,4,2023-11-22
LFB003178,L015,4,4,2,4,4,5,5,3,3,3,2023-11-22
LFB003179,L024,5,4,4,3,5,5,5,5,4,4,2023-11-22
LFB003180,L021,5,5,3,4,5,5,4,5,4,4,2023-11-22
LFB003181,L013,5,4,4,5,5,5,5,5,5,5,2023-11-22
LFB003182,L024,4,4,4,5,5,5,5,4,4,5,2023-11-22
LFB003183,L015,4,3,4,4,4,3,4,5,4,4,2023-11-22
LFB003184,L021,4,3,3,5,5,5,4,4,5,5,2023-11-22
LFB003185,L004,4,5,4,4,4,5,3,5,4,3,2023-11-22
LFB003186,L016,5,4,4,4,3,4,3,5,4,5,2023-11-22
LFB003187,L014,3,5,2,5,4,4,3,4,4,4,2023-11-22
LFB003188,L018,3,3,3,3,3,3,4,3,4,3,2023-11-22
LFB003189,L005,5,5,5,4,5,4,5,3,4,4,2023-11-22
LFB003190,L021,3,5,4,4,5,5,5,5,3,5,2023-11-22
LFB003191,L005,4,5,3,3,4,4,4,4,4,3,2023-11-22
LFB003192,L004,4,4,3,4,4,3,5,4,2,3,2023-11-22
LFB003193,L025,4,4,4,5,3,4,5,4,3,5,2023-11-22
LFB003194,L017,2,5,4,4,3,4,4,4,3,4,2023-11-22
LFB003195,L022,4,3,4,4,5,4,5,5,5,5,2023-11-23
LFB003196,L012,5,4,4,3,4,5,5,4,4,5,2023-11-23
LFB003197,L024,5,5,4,5,5,5,5,5,4,5,2023-11-23
LFB003198,L018,3,3,5,3,5,4,4,3,2,4,2023-11-23
LFB003199,L002,3,4,3,3,4,4,4,3,5,4,2023-11-23
LFB003200,L003,4,5,3,3,5,5,4,3,5,4,2023-11-23
LFB003201,L014,4,4,4,5,5,4,4,5,4,4,2023-11-23
LFB003202,L007,3,4,5,4,3,5,5,4,3,4,2023-11-23
LFB003203,L025,2,4,3,4,5,4,4,4,5,5,2023-11-23
LFB003204,L014,4,4,5,3,5,4,5,5,4,5,2023-11-23
LFB003205,L022,1,4,2,4,4,2,4,4,3,3,2023-11-23
LFB003206,L014,4,5,4,3,4,5,4,4,4,4,2023-11-23
LFB003207,L014,5,4,3,4,4,5,4,3,5,4,2023-11-23
LFB003208,L019,4,4,4,5,3,3,4,4,3,4,2023-11-23
LFB003209,L013,3,4,2,2,3,3,5,3,3,4,2023-11-23
LFB003210,L016,3,4,3,3,4,3,4,2,3,5,2023-11-23
LFB003211,L001,2,2,4,2,2,4,3,3,3,4,2023-11-23
LFB003212,L019,4,4,3,4,5,3,4,5,4,3,2023-11-23
LFB003213,L007,4,2,3,3,2,4,2,4,4,5,2023-11-23
LFB003214,L025,4,4,4,5,5,4,4,3,3,3,2023-11-23
LFB003215,L015,5,5,4,5,4,3,4,3,5,5,2023-11-23
LFB003216,L010,5,5,5,5,5,4,4,3,5,5,2023-11-23
LFB003217,L017,4,5,4,4,5,4,4,5,4,5,2023-11-23
LFB003218,L004,4,5,4,5,4,4,5,4,5,4,2023-11-23
LFB003219,L013,3,5,3,3,4,4,3,4,4,5,2023-11-23
LFB003220,L022,5,5,5,5,5,5,4,4,5,5,2023-11-24
LFB003221,L016,4,4,5,5,5,5,4,3,3,4,2023-11-24
LFB003222,L007,4,4,3,5,4,5,3,4,4,4,2023-11-24
LFB003223,L012,4,4,5,4,5,4,5,3,5,4,2023-11-24
LFB003224,L004,4,2,4,3,4,5,4,3,4,5,2023-11-24
LFB003225,L004,4,4,5,5,4,4,3,5,5,3,2023-11-24
LFB003226,L004,3,4,4,5,5,5,5,4,5,4,2023-11-24
LFB003227,L010,2,3,2,4,3,4,4,3,5,4,2023-11-24
LFB003228,L023,5,4,2,4,4,4,5,3,4,5,2023-11-24
LFB003229,L010,2,3,3,3,3,3,3,4,3,4,2023-11-24
LFB003230,L021,3,3,1,2,4,4,3,5,4,4,2023-11-24
LFB003231,L015,5,4,5,5,4,5,4,5,5,5,2023-11-24
LFB003232,L026,4,2,1,5,5,3,3,4,4,4,2023-11-24
LFB003233,L011,4,3,3,3,3,3,4,4,3,4,2023-11-24
LFB003234,L011,5,3,3,4,3,4,5,4,5,4,2023-11-24
LFB003235,L026,3,5,3,2,4,5,4,4,5,4,2023-11-24
LFB003236,L014,5,5,4,4,4,4,4,4,4,4,2023-11-24
LFB003237,L021,4,3,5,3,4,4,3,3,4,4,2023-11-24
LFB003238,L001,3,5,4,5,4,5,4,4,4,4,2023-11-24
LFB003239,L013,5,4,5,5,3,3,3,4,4,5,2023-11-24
LFB003240,L011,4,4,3,3,5,5,4,4,4,4,2023-11-24
LFB003241,L001,4,2,5,5,4,5,5,5,4,4,2023-11-24
LFB003242,L022,3,2,4,3,5,4,4,4,3,4,2023-11-25
LFB003243,L017,3,5,5,3,3,3,4,5,5,5,2023-11-25
LFB003244,L004,3,4,3,4,4,4,3,4,4,4,2023-11-25
LFB003245,L023,4,3,3,2,4,4,4,4,3,3,2023-11-25
LFB003246,L020,5,5,5,5,4,4,5,3,4,5,2023-11-25
LFB003247,L023,5,4,4,5,5,5,5,4,3,4,2023-11-25
LFB003248,L001,3,4,2,4,5,3,4,5,3,4,2023-11-25
LFB003249,L012,4,2,2,1,4,4,3,5,4,4,2023-11-25
LFB003250,L011,5,5,3,4,4,5,5,5,3,4,2023-11-25
LFB003251,L015,4,3,3,4,3,5,3,4,5,5,2023-11-25
LFB003252,L007,3,3,3,4,5,2,3,4,4,3,2023-11-25
LFB003253,L007,5,5,4,2,4,4,3,4,4,3,2023-11-25
LFB003254,L006,4,2,4,4,5,4,3,2,4,4,2023-11-25
LFB003255,L014,3,4,4,4,3,4,5,1,5,3,2023-11-25
LFB003256,L025,3,4,4,3,4,5,2,3,4,4,2023-11-25
LFB003257,L003,5,4,4,5,5,4,5,3,5,5,2023-11-25
LFB003258,L003,4,5,5,5,4,4,5,4,5,5,2023-11-25
LFB003259,L008,4,3,4,2,5,5,5,5,4,3,2023-11-25
LFB003260,L004,3,4,4,4,5,4,5,4,4,5,2023-11-25
LFB003261,L014,5,5,5,5,3,5,5,5,5,5,2023-11-25
LFB003262,L021,2,4,3,3,2,3,4,3,2,4,2023-11-25
LFB003263,L012,3,3,3,4,4,4,4,5,3,3,2023-11-25
LFB003264,L026,4,4,4,3,4,5,4,5,2,5,2023-11-25
LFB003265,L011,3,4,4,2,3,4,4,2,3,4,2023-11-25
LFB003266,L007,4,3,3,4,3,4,2,4,4,4,2023-11-25
LFB003267,L021,4,4,4,5,3,3,5,4,5,4,2023-11-25
LFB003268,L016,3,2,2,4,4,4,3,5,4,3,2023-11-25
LFB003269,L022,4,3,5,4,5,5,5,4,4,4,2023-11-25
LFB003270,L016,1,5,4,4,5,3,4,5,5,5,2023-11-25
LFB003271,L004,2,4,4,5,5,5,3,4,5,3,2023-11-25
LFB003272,L022,5,4,5,5,3,4,5,4,4,5,2023-11-25
LFB003273,L024,4,4,4,1,4,4,5,2,4,4,2023-11-25
LFB003274,L023,4,4,3,5,4,5,2,4,3,5,2023-11-25
LFB003275,L011,5,5,5,5,5,5,4,4,5,5,2023-11-25
LFB003276,L021,5,4,4,4,4,4,3,5,3,3,2023-11-25
LFB003277,L013,3,3,3,5,3,4,3,5,3,3,2023-11-26
LFB003278,L017,5,4,3,4,5,5,4,5,5,5,2023-11-26
LFB003279,L011,3,5,3,3,4,5,3,4,4,4,2023-11-26
LFB003280,L010,4,3,4,3,4,4,4,4,3,4,2023-11-26
LFB003281,L020,3,3,4,4,5,5,3,2,4,4,2023-11-26
LFB003282,L026,4,4,4,3,5,3,4,5,5,3,2023-11-26
LFB003283,L025,3,4,3,5,4,4,3,5,3,4,2023-11-26
LFB003284,L013,5,3,4,5,4,5,4,4,4,4,2023-11-26
LFB003285,L016,5,5,5,4,5,5,4,5,4,5,2023-11-26
LFB003286,L014,5,3,5,5,4,4,4,4,5,5,2023-11-26
LFB003287,L014,4,4,4,3,3,4,5,5,3,4,2023-11-26
LFB003288,L023,5,5,5,4,5,5,4,3,4,5,2023-11-26
LFB003289,L003,4,4,3,4,4,5,3,3,4,5,2023-11-26
LFB003290,L021,4,5,2,3,4,4,5,4,4,5,2023-11-26
LFB003291,L021,4,4,4,4,2,4,4,4,4,5,2023-11-26
LFB003292,L001,4,3,4,4,4,5,4,5,4,4,2023-11-26
LFB003293,L001,5,5,2,5,3,5,3,5,5,4,2023-11-26
LFB003294,L003,4,3,4,5,4,5,3,4,3,3,2023-11-26
LFB003295,L002,5,3,3,4,3,5,4,4,5,3,2023-11-26
LFB003296,L011,5,3,5,5,5,5,5,4,4,5,2023-11-26
LFB003297,L023,5,3,4,5,5,5,3,4,5,4,2023-11-26
LFB003298,L006,4,5,4,3,3,4,2,4,4,3,2023-11-26
LFB003299,L022,4,4,5,4,5,5,4,5,4,3,2023-11-26
LFB003300,L010,4,4,4,3,4,4,3,3,5,3,2023-11-26
LFB003301,L006,5,4,3,3,5,5,5,5,3,4,2023-11-26
LFB003302,L012,3,5,4,3,4,5,4,5,5,4,2023-11-26
LFB003303,L025,5,4,3,4,4,5,5,4,5,5,2023-11-26
LFB003304,L019,5,5,5,3,5,5,4,4,4,4,2023-11-26
LFB003305,L006,4,3,4,4,3,3,3,4,3,3,2023-11-27
LFB003306,L025,3,4,3,4,4,4,4,4,3,4,2023-11-27
LFB003307,L011,3,4,4,4,3,5,3,3,4,3,2023-11-27
LFB003308,L011,4,4,4,3,4,5,3,2,4,4,2023-11-27
LFB003309,L021,5,5,2,4,4,5,4,4,4,3,2023-11-27
LFB003310,L026,4,5,3,5,3,3,5,4,4,5,2023-11-27
LFB003311,L017,5,4,4,3,4,5,5,5,4,4,2023-11-27
LFB003312,L026,3,4,3,4,5,4,4,4,4,4,2023-11-27
LFB003313,L025,4,5,4,5,3,4,5,5,3,5,2023-11-27
LFB003314,L012,5,4,3,5,5,4,5,5,3,4,2023-11-27
LFB003315,L017,5,2,3,4,4,4,4,3,3,2,2023-11-27
LFB003316,L022,4,5,3,3,4,5,3,5,4,4,2023-11-27
LFB003317,L008,5,5,5,5,4,4,3,5,4,3,2023-11-27
LFB003318,L026,4,5,4,4,3,5,5,5,2,3,2023-11-27
LFB003319,L001,3,4,3,4,4,4,4,5,5,5,2023-11-27
LFB003320,L020,3,4,5,5,5,3,4,3,4,4,2023-11-27
LFB003321,L014,4,3,3,5,4,4,4,4,5,5,2023-11-27
LFB003322,L022,5,4,4,5,5,5,3,5,4,5,2023-11-27
LFB003323,L025,3,4,2,4,3,5,4,3,4,4,2023-11-27
LFB003324,L020,3,3,3,4,3,4,4,3,5,5,2023-11-27
LFB003325,L020,5,3,3,3,5,5,4,4,5,3,2023-11-27
LFB003326,L002,4,2,3,4,4,5,3,5,4,5,2023-11-27
LFB003327,L006,4,5,2,5,3,5,5,4,4,5,2023-11-28
LFB003328,L014,4,5,5,3,3,4,4,4,4,5,2023-11-28
LFB003329,L014,4,5,3,3,5,4,4,5,2,3,2023-11-28
LFB003330,L016,4,4,5,5,4,5,5,5,3,4,2023-11-28
LFB003331,L019,5,5,5,4,4,4,5,4,4,4,2023-11-28
LFB003332,L025,2,4,3,3,3,4,4,4,5,5,2023-11-28
LFB003333,L020,3,3,3,4,5,4,5,5,4,4,2023-11-28
LFB003334,L022,4,4,3,4,3,4,5,4,3,3,2023-11-28
LFB003335,L008,5,4,4,5,5,4,5,5,5,5,2023-11-28
LFB003336,L014,5,5,4,5,5,5,4,5,4,5,2023-11-28
LFB003337,L026,4,4,4,3,4,5,5,4,5,5,2023-11-28
LFB003338,L005,4,5,4,4,5,5,5,5,5,5,2023-11-28
LFB003339,L024,3,2,3,4,4,3,3,3,4,4,2023-11-28
LFB003340,L011,3,5,4,3,4,5,1,5,2,5,2023-11-28
LFB003341,L010,3,5,4,4,4,5,2,4,4,2,2023-11-28
LFB003342,L003,3,3,3,5,4,5,4,5,5,2,2023-11-28
LFB003343,L001,4,4,3,3,2,3,4,3,3,3,2023-11-28
LFB003344,L023,3,4,3,3,3,5,5,3,5,3,2023-11-28
LFB003345,L021,4,5,4,5,5,5,4,3,5,4,2023-11-28
LFB003346,L020,4,4,3,5,4,3,4,5,3,4,2023-11-28
LFB003347,L018,3,3,4,5,4,3,5,4,4,5,2023-11-28
LFB003348,L005,4,3,3,5,4,5,3,4,3,5,2023-11-28
LFB003349,L015,3,5,5,5,5,5,5,5,5,4,2023-11-28
LFB003350,L010,4,5,4,5,5,5,4,4,5,5,2023-11-29
LFB003351,L023,4,4,4,4,5,5,4,5,3,5,2023-11-29
LFB003352,L019,2,5,2,4,4,5,4,3,4,5,2023-11-29
LFB003353,L016,4,4,5,3,4,4,4,3,4,4,2023-11-29
LFB003354,L016,5,4,3,2,4,4,4,4,3,5,2023-11-29
LFB003355,L024,2,4,5,4,4,4,3,3,3,3,2023-11-29
LFB003356,L019,4,5,4,3,4,4,2,3,5,5,2023-11-29
LFB003357,L007,4,4,4,3,5,5,3,4,5,4,2023-11-29
LFB003358,L019,4,3,3,4,5,3,4,4,3,4,2023-11-29
LFB003359,L016,4,2,3,5,4,5,2,3,1,4,2023-11-29
LFB003360,L021,4,5,3,5,4,4,4,5,3,3,2023-11-29
LFB003361,L016,5,4,4,2,3,5,4,5,5,5,2023-11-29
LFB003362,L001,5,5,5,5,5,5,5,5,4,5,2023-11-29
LFB003363,L026,4,4,4,4,5,5,5,4,5,5,2023-11-29
LFB003364,L020,5,4,4,5,5,5,4,5,4,5,2023-11-29
LFB003365,L025,3,5,5,5,5,5,4,4,4,5,2023-11-29
LFB003366,L002,5,4,3,3,3,4,3,4,4,5,2023-11-29
LFB003367,L010,5,4,3,4,4,5,4,3,5,4,2023-11-29
LFB003368,L021,5,5,3,5,5,5,3,5,4,4,2023-11-29
LFB003369,L008,3,3,2,3,3,3,4,3,3,3,2023-11-29
LFB003370,L005,3,4,5,3,4,4,4,5,5,5,2023-11-29
LFB003371,L021,4,3,4,4,4,2,4,4,3,4,2023-11-29
LFB003372,L004,3,4,3,3,3,5,4,2,4,3,2023-11-30
LFB003373,L014,4,5,5,3,4,4,4,4,5,4,2023-11-30
LFB003374,L018,4,4,2,4,4,4,2,5,5,4,2023-11-30
LFB003375,L008,4,5,2,4,3,4,3,4,4,4,2023-11-30
LFB003376,L001,5,3,2,4,3,5,3,3,4,3,2023-11-30
LFB003377,L001,4,4,5,3,2,4,4,5,4,4,2023-11-30
LFB003378,L016,4,4,3,4,4,4,5,5,3,5,2023-11-30
LFB003379,L016,5,4,4,4,5,4,4,4,5,4,2023-11-30
LFB003380,L012,3,5,4,3,5,5,5,5,3,3,2023-11-30
LFB003381,L017,4,5,5,4,5,5,3,5,5,4,2023-11-30
LFB003382,L023,5,4,5,4,4,4,2,4,2,5,2023-11-30
LFB003383,L010,3,4,2,5,5,5,4,4,4,5,2023-11-30
LFB003384,L010,4,4,5,5,5,5,4,5,4,5,2023-11-30
LFB003385,L015,4,4,3,4,3,3,3,3,4,4,2023-11-30
LFB003386,L011,4,3,4,4,5,5,2,5,5,4,2023-11-30
LFB003387,L013,5,3,4,5,4,2,5,4,3,3,2023-11-30
LFB003388,L007,4,4,3,4,2,3,3,2,4,4,2023-11-30
LFB003389,L014,5,4,3,3,4,4,4,4,5,4,2023-11-30
LFB003390,L022,4,2,2,5,5,4,3,2,3,1,2023-11-30
LFB003391,L015,4,4,5,3,3,5,5,4,4,4,2023-11-30
LFB003392,L012,4,5,4,4,4,5,5,4,5,4,2023-11-30
LFB003393,L021,4,4,3,4,4,4,3,4,4,5,2023-11-30
LFB003394,L024,3,3,4,5,2,3,2,3,5,3,2023-11-30
LFB003395,L021,4,4,5,4,3,4,5,5,3,5,2023-11-30
LFB003396,L011,5,5,4,5,5,3,5,5,5,4,2023-11-30
LFB003397,L007,3,3,3,4,4,4,4,3,5,5,2023-11-30
LFB003398,L020,5,3,3,4,4,4,4,4,4,4,2023-11-30
LFB003399,L020,3,5,4,4,5,3,4,4,4,4,2023-11-30
LFB003400,L017,4,5,5,5,5,5,5,5,5,5,2023-11-30
LFB003401,L013,4,4,3,4,2,4,5,5,3,4,2023-11-30
LFB003402,L021,3,4,3,4,5,3,5,5,5,4,2023-11-30
LFB003403,L007,3,5,5,4,4,4,4,5,4,4,2023-11-30
LFB003404,L001,3,3,3,5,4,5,5,4,5,4,2023-11-30
LFB003405,L001,4,3,4,5,5,4,5,4,5,5,2023-11-30
LFB003406,L013,5,5,5,4,5,5,3,3,3,4,2023-11-30
LFB003407,L010,3,3,3,5,4,3,2,3,3,5,2023-12-01
LFB003408,L026,4,3,4,5,4,4,4,4,4,5,2023-12-01
LFB003409,L012,3,2,4,4,5,3,4,4,5,4,2023-12-01
LFB003410,L024,4,5,5,5,5,5,4,3,5,5,2023-12-01
LFB003411,L015,4,4,4,5,2,3,4,5,4,5,2023-12-01
LFB003412,L012,2,3,4,3,4,5,5,4,5,4,2023-12-01
LFB003413,L004,4,4,5,5,5,4,3,5,4,4,2023-12-01
LFB003414,L016,5,4,3,5,4,4,3,4,3,4,2023-12-01
LFB003415,L023,2,4,4,4,5,4,3,3,2,4,2023-12-01
LFB003416,L020,3,5,5,4,5,4,3,5,5,4,2023-12-01
LFB003417,L020,5,3,4,3,4,5,4,4,3,5,2023-12-01
LFB003418,L013,4,4,4,4,3,4,3,5,5,3,2023-12-01
LFB003419,L006,3,4,3,4,4,4,3,5,5,5,2023-12-01
LFB003420,L020,4,4,3,5,2,4,3,4,4,4,2023-12-01
LFB003421,L026,3,5,5,4,4,3,5,5,5,4,2023-12-01
LFB003422,L011,4,5,4,5,4,5,4,4,5,4,2023-12-01
LFB003423,L026,5,5,3,4,3,5,4,5,4,5,2023-12-01
LFB003424,L018,4,5,4,5,4,5,5,5,5,4,2023-12-01
LFB003425,L017,3,4,5,5,5,5,5,4,4,4,2023-12-01
LFB003426,L013,3,4,5,2,3,4,3,5,4,5,2023-12-01
LFB003427,L016,3,4,5,4,5,5,5,5,3,5,2023-12-01
LFB003428,L021,4,4,3,4,5,5,4,3,5,5,2023-12-01
LFB003429,L011,4,5,3,5,4,4,4,4,2,4,2023-12-01
LFB003430,L014,4,5,4,4,4,4,5,3,5,4,2023-12-01
LFB003431,L026,3,5,3,5,5,5,4,3,3,4,2023-12-01
LFB003432,L023,4,5,3,5,5,3,4,4,3,4,2023-12-01
LFB003433,L011,4,3,1,5,4,3,3,4,4,4,2023-12-02
LFB003434,L006,5,2,5,4,3,5,4,5,4,3,2023-12-02
LFB003435,L013,5,4,5,4,3,4,4,4,1,2,2023-12-02
LFB003436,L012,3,3,2,4,4,4,5,3,4,5,2023-12-02
LFB003437,L017,5,4,4,5,5,5,3,3,4,3,2023-12-02
LFB003438,L014,2,3,4,3,4,5,3,4,4,3,2023-12-02
LFB003439,L025,4,4,3,5,4,4,4,4,4,4,2023-12-02
LFB003440,L025,4,5,5,4,3,2,3,4,4,4,2023-12-02
LFB003441,L002,4,5,4,3,4,5,4,3,4,4,2023-12-02
LFB003442,L020,4,4,2,5,5,4,5,5,4,5,2023-12-02
LFB003443,L010,4,4,4,5,4,4,3,3,3,3,2023-12-02
LFB003444,L002,4,3,4,5,3,4,3,5,3,5,2023-12-02
LFB003445,L013,4,4,5,4,5,5,5,4,5,5,2023-12-02
LFB003446,L020,5,5,4,5,5,4,4,5,3,5,2023-12-02
LFB003447,L004,5,5,3,5,5,4,5,5,4,5,2023-12-02
LFB003448,L008,5,5,4,5,5,5,5,5,4,4,2023-12-02
LFB003449,L001,4,5,4,5,4,5,5,4,2,4,2023-12-02
LFB003450,L012,5,4,4,5,3,5,4,5,4,5,2023-12-02
LFB003451,L025,5,5,4,4,4,5,3,4,5,5,2023-12-02
LFB003452,L022,5,5,5,4,3,5,5,5,4,3,2023-12-02
LFB003453,L022,5,4,2,5,5,5,3,4,5,5,2023-12-02
LFB003454,L001,5,5,4,4,5,3,3,5,5,4,2023-12-02
LFB003455,L014,5,3,3,5,3,3,5,4,4,5,2023-12-02
LFB003456,L004,3,5,5,4,4,3,5,3,3,5,2023-12-02
LFB003457,L025,5,3,5,3,4,4,4,5,4,4,2023-12-02
LFB003458,L020,4,4,4,4,4,5,4,5,4,5,2023-12-02
LFB003459,L023,5,5,5,5,4,5,5,5,5,4,2023-12-02
LFB003460,L022,3,2,4,4,4,5,4,3,5,3,2023-12-03
LFB003461,L001,5,3,2,3,5,5,4,5,4,4,2023-12-03
LFB003462,L010,5,5,4,4,4,4,3,4,4,5,2023-12-03
LFB003463,L004,3,4,4,5,5,4,5,4,4,3,2023-12-03
LFB003464,L011,5,5,4,4,3,4,4,3,3,3,2023-12-03
LFB003465,L002,4,4,3,4,4,4,4,5,4,4,2023-12-03
LFB003466,L024,5,3,5,4,5,5,4,4,3,4,2023-12-03
LFB003467,L020,5,4,4,5,3,5,4,3,3,4,2023-12-03
LFB003468,L015,4,4,3,3,5,4,5,4,5,4,2023-12-03
LFB003469,L002,4,5,4,3,3,4,4,5,5,5,2023-12-03
LFB003470,L002,4,5,5,5,5,5,4,5,4,5,2023-12-03
LFB003471,L016,4,4,4,4,5,3,3,5,5,3,2023-12-03
LFB003472,L020,4,4,5,5,5,5,4,5,4,5,2023-12-03
LFB003473,L020,3,5,4,4,4,5,3,4,5,4,2023-12-03
LFB003474,L017,4,3,1,3,5,4,4,4,5,4,2023-12-03
LFB003475,L026,5,5,5,4,5,5,5,5,5,4,2023-12-03
LFB003476,L016,4,4,3,3,4,3,4,5,4,5,2023-12-03
LFB003477,L020,5,4,5,5,4,5,5,5,4,4,2023-12-03
LFB003478,L011,5,4,3,4,4,4,4,4,3,5,2023-12-03
LFB003479,L010,4,4,3,4,5,4,5,4,5,4,2023-12-03
LFB003480,L020,4,5,3,5,4,4,3,4,5,4,2023-12-03
LFB003481,L007,4,4,3,5,4,5,4,4,4,5,2023-12-04
LFB003482,L010,5,3,4,3,5,4,4,4,2,4,2023-12-04
LFB003483,L022,4,5,4,5,5,5,3,5,3,4,2023-12-04
LFB003484,L019,4,4,5,2,4,5,5,4,3,4,2023-12-04
LFB003485,L011,3,5,4,4,2,5,3,3,4,4,2023-12-04
LFB003486,L022,4,3,3,4,4,4,3,3,4,3,2023-12-04
LFB003487,L004,5,3,3,3,3,5,4,3,4,4,2023-12-04
LFB003488,L013,5,3,4,3,3,5,3,3,5,3,2023-12-04
LFB003489,L025,3,3,4,4,5,4,5,4,4,4,2023-12-04
LFB003490,L026,3,4,5,5,4,4,4,4,3,4,2023-12-04
LFB003491,L001,5,4,3,5,2,4,5,5,4,5,2023-12-04
LFB003492,L025,5,4,2,5,3,5,4,3,2,3,2023-12-04
LFB003493,L023,5,3,3,5,4,4,4,5,5,5,2023-12-04
LFB003494,L020,4,3,5,5,5,5,3,5,4,5,2023-12-04
LFB003495,L015,4,3,5,5,5,5,5,3,5,4,2023-12-04
LFB003496,L021,5,5,5,4,5,4,5,3,4,5,2023-12-04
LFB003497,L016,5,3,4,4,4,2,3,2,5,4,2023-12-04
LFB003498,L021,5,4,3,5,4,5,4,4,2,4,2023-12-04
LFB003499,L012,4,5,4,4,4,5,4,3,5,4,2023-12-04
LFB003500,L019,4,3,4,4,4,5,5,5,5,4,2023-12-04
LFB003501,L013,3,3,3,2,2,3,1,2,2,2,2023-12-05
LFB003502,L003,3,3,4,5,4,3,4,3,4,4,2023-12-05
LFB003503,L016,4,4,2,4,4,4,4,5,4,5,2023-12-05
LFB003504,L023,5,4,3,3,4,4,3,5,3,3,2023-12-05
LFB003505,L003,3,4,3,3,4,4,4,5,3,3,2023-12-05
LFB003506,L013,4,4,4,5,4,5,5,5,5,5,2023-12-05
LFB003507,L012,5,5,5,5,5,5,5,5,4,5,2023-12-05
LFB003508,L022,3,5,3,4,4,4,5,5,4,4,2023-12-05
LFB003509,L024,3,4,5,5,5,5,3,4,5,5,2023-12-05
LFB003510,L021,4,5,3,2,4,5,3,4,4,4,2023-12-05
LFB003511,L004,5,4,5,5,5,5,5,4,5,4,2023-12-05
LFB003512,L011,2,4,4,4,4,5,4,4,4,5,2023-12-05
LFB003513,L006,4,3,4,4,3,5,5,5,3,4,2023-12-05
LFB003514,L020,3,3,3,4,3,4,4,2,4,3,2023-12-05
LFB003515,L015,4,4,4,3,5,4,4,3,3,5,2023-12-05
LFB003516,L002,4,5,4,5,4,3,3,5,5,4,2023-12-05
LFB003517,L018,3,3,4,4,4,5,4,5,4,3,2023-12-05
LFB003518,L011,5,4,4,4,4,4,3,4,3,5,2023-12-05
LFB003519,L008,4,5,5,3,4,5,4,5,5,4,2023-12-05
LFB003520,L026,3,4,3,4,5,4,5,5,5,5,2023-12-05
LFB003521,L024,4,2,3,5,5,4,5,4,4,4,2023-12-05
LFB003522,L024,4,5,5,4,5,5,3,3,5,4,2023-12-05
LFB003523,L018,5,4,3,5,5,5,4,5,4,4,2023-12-05
LFB003524,L021,3,5,4,4,4,5,4,5,3,5,2023-12-05
LFB003525,L013,5,5,4,4,5,4,3,5,4,4,2023-12-05
LFB003526,L010,4,5,4,4,5,4,5,5,3,5,2023-12-05
LFB003527,L019,4,4,4,5,5,4,4,4,3,5,2023-12-05
LFB003528,L001,4,5,4,2,4,5,5,3,5,5,2023-12-05
LFB003529,L015,5,5,3,4,5,5,5,4,5,4,2023-12-05
LFB003530,L001,4,4,3,5,4,2,3,4,3,3,2023-12-06
LFB003531,L022,3,5,5,4,5,5,5,5,4,5,2023-12-06
LFB003532,L007,4,4,4,5,3,5,4,4,5,4,2023-12-06
LFB003533,L022,4,5,3,4,4,4,4,4,5,4,2023-12-06
LFB003534,L013,3,1,2,4,3,3,4,2,4,4,2023-12-06
LFB003535,L012,5,5,4,5,4,5,4,5,5,5,2023-12-06
LFB003536,L018,4,3,4,4,4,4,5,4,5,5,2023-12-06
LFB003537,L001,3,4,4,4,3,3,3,5,3,4,2023-12-06
LFB003538,L020,5,5,4,5,5,5,5,5,5,4,2023-12-06
LFB003539,L010,5,4,5,5,4,4,5,5,4,5,2023-12-06
LFB003540,L024,5,4,3,5,5,5,3,5,5,4,2023-12-06
LFB003541,L011,3,4,3,3,5,4,3,3,5,5,2023-12-06
LFB003542,L020,5,4,4,5,4,4,3,3,4,4,2023-12-06
LFB003543,L020,4,3,1,4,4,5,2,5,3,5,2023-12-06
LFB003544,L020,3,2,3,5,4,5,1,4,3,2,2023-12-06
LFB003545,L001,3,4,4,5,2,4,3,5,4,5,2023-12-06
LFB003546,L001,5,5,3,5,5,4,4,5,5,5,2023-12-06
LFB003547,L007,2,5,3,4,3,5,5,3,3,4,2023-12-06
LFB003548,L011,4,4,5,4,3,4,2,4,2,5,2023-12-06
LFB003549,L010,5,3,4,5,4,4,5,5,4,3,2023-12-06
LFB003550,L001,3,2,5,3,5,5,3,3,3,5,2023-12-06
LFB003551,L003,4,4,3,4,3,4,2,4,3,4,2023-12-06
LFB003552,L016,4,4,3,5,4,3,2,5,5,4,2023-12-06
LFB003553,L010,4,2,3,5,5,3,5,3,5,3,2023-12-07
LFB003554,L003,3,4,5,5,4,5,5,4,4,5,2023-12-07
LFB003555,L023,4,3,4,4,3,5,3,3,3,4,2023-12-07
LFB003556,L010,3,3,4,2,3,2,4,4,5,3,2023-12-07
LFB003557,L003,5,5,4,4,4,5,5,5,4,4,2023-12-07
LFB003558,L014,4,4,5,4,4,5,4,3,4,4,2023-12-07
LFB003559,L019,3,4,3,4,4,4,4,2,4,4,2023-12-07
LFB003560,L021,5,4,4,5,5,4,4,4,4,5,2023-12-07
LFB003561,L019,3,5,3,5,5,5,4,4,2,3,2023-12-07
LFB003562,L001,3,5,4,4,3,3,3,3,4,4,2023-12-07
LFB003563,L011,5,3,5,3,4,4,4,5,4,5,2023-12-07
LFB003564,L003,4,4,4,5,5,5,3,4,5,4,2023-12-07
LFB003565,L003,4,3,4,5,2,4,3,4,5,5,2023-12-07
LFB003566,L006,3,5,4,5,5,4,4,4,5,4,2023-12-07
LFB003567,L012,5,4,4,4,5,5,4,4,4,3,2023-12-07
LFB003568,L007,3,5,4,2,4,4,3,4,5,4,2023-12-07
LFB003569,L010,3,5,4,3,3,4,4,4,4,5,2023-12-07
LFB003570,L015,4,3,4,3,4,4,4,4,4,4,2023-12-07
LFB003571,L001,5,5,4,5,5,5,4,4,5,5,2023-12-07
LFB003572,L019,2,3,3,5,4,4,4,4,3,3,2023-12-07
LFB003573,L013,5,4,3,5,5,4,3,3,4,5,2023-12-07
LFB003574,L024,3,5,4,2,4,5,5,4,3,4,2023-12-07
LFB003575,L016,3,5,4,4,5,3,5,4,4,4,2023-12-07
LFB003576,L025,4,5,5,3,4,4,4,5,4,3,2023-12-07
LFB003577,L013,4,4,4,5,5,4,5,5,5,5,2023-12-08
LFB003578,L024,4,3,4,3,4,4,4,3,4,2,2023-12-08
LFB003579,L023,3,5,4,3,4,4,4,5,4,5,2023-12-08
LFB003580,L015,1,2,4,2,3,4,3,3,4,2,2023-12-08
LFB003581,L010,2,3,2,4,4,4,5,4,5,3,2023-12-08
LFB003582,L022,5,5,3,5,5,5,4,4,2,4,2023-12-08
LFB003583,L002,4,3,4,4,4,4,5,5,5,4,2023-12-08
LFB003584,L007,3,4,5,5,4,3,5,5,5,4,2023-12-08
LFB003585,L025,4,5,4,5,5,5,5,5,4,4,2023-12-08
LFB003586,L026,2,3,2,3,4,4,3,3,3,4,2023-12-08
LFB003587,L019,5,5,4,5,5,4,3,5,4,5,2023-12-08
LFB003588,L026,5,4,5,4,4,5,4,4,5,5,2023-12-08
LFB003589,L001,5,3,3,4,2,4,3,4,5,3,2023-12-08
LFB003590,L023,5,5,5,5,4,3,4,4,5,4,2023-12-08
LFB003591,L006,5,2,4,5,4,5,5,5,2,3,2023-12-08
LFB003592,L007,4,5,4,5,4,4,4,3,5,4,2023-12-08
LFB003593,L006,3,3,2,3,4,4,4,5,5,5,2023-12-08
LFB003594,L016,3,5,3,3,5,5,4,3,5,4,2023-12-08
LFB003595,L013,3,5,5,5,4,4,4,3,5,4,2023-12-08
LFB003596,L011,2,5,4,4,4,4,4,4,5,5,2023-12-09
LFB003597,L024,5,4,4,4,3,5,4,5,5,3,2023-12-09
LFB003598,L023,4,3,5,5,3,5,3,5,3,5,2023-12-09
LFB003599,L006,4,5,4,5,3,5,4,5,5,5,2023-12-09
LFB003600,L020,3,3,3,5,3,4,5,4,4,5,2023-12-09
LFB003601,L021,3,2,3,4,4,4,4,2,4,4,2023-12-09
LFB003602,L022,5,5,5,5,4,4,4,3,4,5,2023-12-09
LFB003603,L022,4,4,5,4,5,4,4,3,3,5,2023-12-09
LFB003604,L025,5,4,5,4,5,5,3,5,4,5,2023-12-09
LFB003605,L014,3,5,4,2,4,4,4,3,4,4,2023-12-09
LFB003606,L004,3,4,5,4,2,3,5,3,5,5,2023-12-09
LFB003607,L020,3,4,4,4,4,3,4,5,4,5,2023-12-09
LFB003608,L026,4,3,5,3,4,5,3,5,5,4,2023-12-09
LFB003609,L015,5,4,5,5,5,5,4,4,5,5,2023-12-09
LFB003610,L016,2,3,2,2,4,3,5,5,4,5,2023-12-09
LFB003611,L025,4,4,5,3,4,5,5,5,4,4,2023-12-09
LFB003612,L002,3,4,4,4,4,4,3,2,3,4,2023-12-09
LFB003613,L017,4,5,5,4,3,4,3,4,4,4,2023-12-09
LFB003614,L021,5,4,4,4,3,4,5,4,3,3,2023-12-09
LFB003615,L007,4,4,3,4,4,4,4,5,5,4,2023-12-09
LFB003616,L007,1,4,2,3,4,2,2,5,5,3,2023-12-09
LFB003617,L026,5,4,3,5,4,5,4,5,3,5,2023-12-09
LFB003618,L021,3,4,5,4,3,4,3,4,5,5,2023-12-09
LFB003619,L006,4,3,5,5,5,5,5,5,4,3,2023-12-09
LFB003620,L011,3,3,4,4,4,4,4,4,2,4,2023-12-10
LFB003621,L023,4,4,4,4,3,4,3,4,5,4,2023-12-10
LFB003622,L006,5,4,4,5,4,5,3,2,3,5,2023-12-10
LFB003623,L026,4,3,5,4,4,4,4,5,4,5,2023-12-10
LFB003624,L012,3,4,5,5,4,3,3,3,5,4,2023-12-10
LFB003625,L024,3,2,4,4,4,4,4,4,2,3,2023-12-10
LFB003626,L002,3,4,2,3,2,4,3,3,4,3,2023-12-10
LFB003627,L021,5,3,2,3,2,3,3,3,3,3,2023-12-10
LFB003628,L006,3,4,4,5,3,3,5,3,3,3,2023-12-10
LFB003629,L016,4,5,2,3,4,5,5,5,3,5,2023-12-10
LFB003630,L017,4,4,4,4,5,5,4,5,5,5,2023-12-10
LFB003631,L022,5,3,5,5,5,5,3,5,4,4,2023-12-10
LFB003632,L016,5,4,4,4,5,3,3,4,2,3,2023-12-10
LFB003633,L008,5,4,2,5,2,4,4,3,3,4,2023-12-10
LFB003634,L004,5,3,4,5,3,3,4,4,3,3,2023-12-10
LFB003635,L008,4,4,5,4,5,5,5,4,5,5,2023-12-10
LFB003636,L010,4,4,4,5,3,4,4,4,5,2,2023-12-10
LFB003637,L002,5,4,5,4,5,4,4,5,4,4,2023-12-10
LFB003638,L008,4,4,5,5,5,4,4,4,4,4,2023-12-10
LFB003639,L006,4,2,5,4,5,4,4,5,4,4,2023-12-10
LFB003640,L016,3,4,3,4,5,3,3,4,4,4,2023-12-10
LFB003641,L011,3,4,3,3,4,3,5,4,5,4,2023-12-10
LFB003642,L001,3,5,2,2,5,4,5,4,3,5,2023-12-10
LFB003643,L005,5,3,4,4,4,3,5,4,4,5,2023-12-10
LFB003644,L012,4,4,4,4,3,3,4,4,5,4,2023-12-10
LFB003645,L005,3,4,3,2,4,3,4,3,2,2,2023-12-10
LFB003646,L001,5,5,4,5,4,4,4,5,5,5,2023-12-10
LFB003647,L006,4,5,4,3,5,3,4,4,5,5,2023-12-10
LFB003648,L021,4,5,2,5,3,4,4,4,4,4,2023-12-10
LFB003649,L024,3,3,3,4,3,4,4,4,4,4,2023-12-10
LFB003650,L015,4,4,5,3,4,5,3,3,3,4,2023-12-11
LFB003651,L019,4,4,4,3,5,4,5,5,4,4,2023-12-11
LFB003652,L017,4,5,5,5,4,4,3,5,3,5,2023-12-11
LFB003653,L007,3,3,3,3,3,4,3,3,3,4,2023-12-11
LFB003654,L002,4,4,4,3,2,3,3,4,3,4,2023-12-11
LFB003655,L004,3,5,5,4,5,5,5,4,4,4,2023-12-11
LFB003656,L001,4,4,3,3,4,4,3,4,4,4,2023-12-11
LFB003657,L013,5,4,4,5,4,4,4,3,3,3,2023-12-11
LFB003658,L001,5,5,4,3,3,5,5,5,5,5,2023-12-11
LFB003659,L001,4,4,4,5,4,4,5,5,4,4,2023-12-11
LFB003660,L004,3,3,3,4,4,3,3,4,4,5,2023-12-11
LFB003661,L020,4,4,3,4,5,4,4,5,4,4,2023-12-11
LFB003662,L004,3,4,3,4,3,3,2,4,3,4,2023-12-11
LFB003663,L023,5,5,4,3,3,5,4,3,2,3,2023-12-11
LFB003664,L001,5,5,4,5,5,4,3,5,4,5,2023-12-11
LFB003665,L011,4,5,3,5,4,5,5,5,4,4,2023-12-11
LFB003666,L003,3,3,3,3,5,3,4,5,3,5,2023-12-11
LFB003667,L006,3,3,3,4,5,4,5,4,4,5,2023-12-11
LFB003668,L020,4,5,3,4,5,5,4,4,3,5,2023-12-11
LFB003669,L024,4,3,4,5,4,4,5,4,3,4,2023-12-11
LFB003670,L011,4,3,3,5,5,4,5,5,4,5,2023-12-11
LFB003671,L018,5,4,4,5,3,4,5,3,5,5,2023-12-11
LFB003672,L020,5,3,4,4,5,5,4,5,5,5,2023-12-11
LFB003673,L014,4,5,4,5,5,5,4,3,5,4,2023-12-11
LFB003674,L012,3,3,3,3,3,3,4,3,3,5,2023-12-12
LFB003675,L004,3,2,4,4,3,5,5,4,4,4,2023-12-12
LFB003676,L010,4,4,3,3,4,2,4,5,4,3,2023-12-12
LFB003677,L023,4,4,4,3,4,5,3,4,4,5,2023-12-12
LFB003678,L022,5,4,4,4,4,5,4,4,4,3,2023-12-12
LFB003679,L008,4,5,4,5,4,4,5,4,5,5,2023-12-12
LFB003680,L022,3,4,3,4,3,4,4,5,3,2,2023-12-12
LFB003681,L024,4,2,3,5,4,4,4,4,4,3,2023-12-12
LFB003682,L021,4,5,4,4,5,3,4,4,5,4,2023-12-12
LFB003683,L024,3,2,5,4,5,4,3,5,5,4,2023-12-12
LFB003684,L023,3,3,3,3,4,5,5,2,4,5,2023-12-12
LFB003685,L012,2,4,4,5,3,3,3,5,5,4,2023-12-12
LFB003686,L012,5,4,4,3,3,4,3,3,4,5,2023-12-12
LFB003687,L024,3,5,5,5,4,5,2,5,3,5,2023-12-12
LFB003688,L004,3,3,4,5,5,4,5,4,5,4,2023-12-12
LFB003689,L005,4,4,5,5,5,5,4,5,5,5,2023-12-12
LFB003690,L022,5,4,4,4,3,5,3,4,3,5,2023-12-12
LFB003691,L025,3,3,3,4,4,4,3,2,2,4,2023-12-12
LFB003692,L003,3,3,5,4,3,4,5,4,4,5,2023-12-12
LFB003693,L016,5,4,5,5,3,4,4,5,5,4,2023-12-12
LFB003694,L006,4,5,3,5,5,4,5,4,3,5,2023-12-12
LFB003695,L018,3,4,2,2,3,4,4,4,3,4,2023-12-12
LFB003696,L011,5,5,5,2,5,4,4,5,5,2,2023-12-12
LFB003697,L022,3,3,3,5,5,5,4,5,4,4,2023-12-12
LFB003698,L015,3,3,4,4,3,4,3,5,4,4,2023-12-12
LFB003699,L019,3,5,5,3,5,5,3,3,5,4,2023-12-12
LFB003700,L026,3,3,5,3,3,2,3,4,4,3,2023-12-12
LFB003701,L022,4,4,5,4,4,5,4,5,5,4,2023-12-12
LFB003702,L016,4,4,4,4,2,2,4,3,2,5,2023-12-12
LFB003703,L022,2,4,3,4,5,4,2,4,4,5,2023-12-12
LFB003704,L011,4,4,3,4,4,3,4,5,3,4,2023-12-12
LFB003705,L018,3,4,4,3,2,4,3,4,3,5,2023-12-12
LFB003706,L021,4,3,4,4,5,5,4,3,4,4,2023-12-13
LFB003707,L023,3,4,2,3,3,5,4,5,3,3,2023-12-13
LFB003708,L016,2,3,1,3,4,4,2,5,4,5,2023-12-13
LFB003709,L013,3,3,5,3,5,3,3,4,4,3,2023-12-13
LFB003710,L025,5,5,3,3,4,3,5,5,5,4,2023-12-13
LFB003711,L001,5,4,4,3,5,3,4,5,4,4,2023-12-13
LFB003712,L013,5,4,3,4,3,3,4,5,3,4,2023-12-13
LFB003713,L025,4,3,3,4,4,4,3,3,4,4,2023-12-13
LFB003714,L001,5,3,5,4,5,4,5,4,3,4,2023-12-13
LFB003715,L021,3,3,3,4,5,4,4,4,3,4,2023-12-13
LFB003716,L022,3,5,3,3,4,2,5,5,4,3,2023-12-13
LFB003717,L014,5,3,2,4,5,5,3,4,3,3,2023-12-13
LFB003718,L005,4,4,4,5,5,5,3,5,4,4,2023-12-13
LFB003719,L021,2,4,2,4,5,4,3,5,4,5,2023-12-13
LFB003720,L025,4,5,4,3,2,3,3,5,5,3,2023-12-13
LFB003721,L005,5,5,5,4,3,5,4,4,5,4,2023-12-13
LFB003722,L020,4,3,5,5,5,5,4,4,4,4,2023-12-13
LFB003723,L020,5,4,3,5,3,5,4,4,5,3,2023-12-13
LFB003724,L020,4,4,5,4,5,5,3,5,5,4,2023-12-13
LFB003725,L011,4,4,5,4,3,4,4,3,5,5,2023-12-13
LFB003726,L012,5,5,3,4,4,4,4,5,5,5,2023-12-13
LFB003727,L026,5,4,3,2,5,4,3,2,4,5,2023-12-13
LFB003728,L016,4,5,5,4,3,4,5,4,5,4,2023-12-13
LFB003729,L007,4,4,4,5,4,5,5,5,4,4,2023-12-14
LFB003730,L015,4,3,3,4,4,4,4,4,3,4,2023-12-14
LFB003731,L023,4,3,3,4,3,5,2,4,5,3,2023-12-14
LFB003732,L010,4,3,4,5,4,4,3,4,4,5,2023-12-14
LFB003733,L013,4,4,4,4,4,5,5,4,4,4,2023-12-14
LFB003734,L013,5,4,3,5,5,5,3,5,5,5,2023-12-14
LFB003735,L012,4,4,4,5,4,4,4,5,3,5,2023-12-14
LFB003736,L003,3,4,5,5,5,4,3,3,5,3,2023-12-14
LFB003737,L002,3,4,3,5,4,4,4,4,5,3,2023-12-14
LFB003738,L021,5,5,4,5,5,3,5,5,3,5,2023-12-14
LFB003739,L008,3,4,5,5,5,4,3,4,4,4,2023-12-14
LFB003740,L022,5,5,3,5,5,4,4,5,3,5,2023-12-14
LFB003741,L021,3,4,4,5,5,5,3,3,5,5,2023-12-14
LFB003742,L016,2,3,2,3,4,3,3,4,2,2,2023-12-14
LFB003743,L006,4,5,4,3,5,5,3,2,5,5,2023-12-14
LFB003744,L012,4,4,4,4,5,4,3,4,4,5,2023-12-14
LFB003745,L016,3,2,3,3,4,3,5,3,5,4,2023-12-14
LFB003746,L003,4,3,4,5,4,5,4,5,4,4,2023-12-14
LFB003747,L001,4,5,5,5,5,4,5,5,4,3,2023-12-14
LFB003748,L016,3,2,2,2,4,5,3,3,3,3,2023-12-14
LFB003749,L016,4,4,3,4,2,4,4,3,4,3,2023-12-14
LFB003750,L024,5,5,5,5,4,5,5,5,5,5,2023-12-14
LFB003751,L008,3,1,2,3,2,4,3,4,2,3,2023-12-14
LFB003752,L001,5,5,3,3,4,4,3,3,3,3,2023-12-14
LFB003753,L012,5,3,4,4,5,3,5,3,4,4,2023-12-14
LFB003754,L016,5,3,3,5,4,4,4,4,4,3,2023-12-14
LFB003755,L006,4,3,3,3,3,4,5,3,4,4,2023-12-14
LFB003756,L004,5,5,5,4,5,4,4,4,4,5,2023-12-14
LFB003757,L026,4,4,5,5,5,5,5,4,4,5,2023-12-14
LFB003758,L017,4,5,3,1,4,5,5,5,3,4,2023-12-14
LFB003759,L005,3,4,4,2,5,5,5,5,5,4,2023-12-14
LFB003760,L003,4,4,4,3,4,5,5,4,3,4,2023-12-14
LFB003761,L005,5,5,3,5,4,5,3,5,5,4,2023-12-14
LFB003762,L003,4,4,4,3,4,3,5,3,5,4,2023-12-15
LFB003763,L010,5,5,3,2,3,4,3,4,5,5,2023-12-15
LFB003764,L003,5,4,5,3,4,3,4,4,5,5,2023-12-15
LFB003765,L021,2,3,4,2,5,2,4,3,4,4,2023-12-15
LFB003766,L004,4,5,5,5,3,4,3,5,5,4,2023-12-15
LFB003767,L016,4,5,5,4,5,5,5,4,3,5,2023-12-15
LFB003768,L026,3,3,3,3,4,4,3,2,3,3,2023-12-15
LFB003769,L014,4,3,5,2,3,5,5,5,4,4,2023-12-15
LFB003770,L013,4,4,4,4,2,4,5,5,5,5,2023-12-15
LFB003771,L020,5,5,4,4,5,5,5,3,5,4,2023-12-15
LFB003772,L011,5,5,5,4,5,5,5,4,4,5,2023-12-15
LFB003773,L021,4,5,4,5,4,4,3,5,4,4,2023-12-15
LFB003774,L017,3,5,5,4,5,5,5,5,5,5,2023-12-15
LFB003775,L007,5,5,4,4,5,5,5,3,3,5,2023-12-15
LFB003776,L015,5,5,3,5,4,4,5,5,3,5,2023-12-15
LFB003777,L011,4,5,1,5,4,5,5,5,4,5,2023-12-15
LFB003778,L001,5,5,3,5,4,5,5,4,5,5,2023-12-15
LFB003779,L021,5,5,4,4,4,5,4,4,5,5,2023-12-15
LFB003780,L014,5,4,4,5,3,5,4,4,5,4,2023-12-15
LFB003781,L011,5,2,4,2,5,4,2,4,5,5,2023-12-15
LFB003782,L012,3,3,3,4,3,4,2,4,4,4,2023-12-15
LFB003783,L022,5,4,4,4,3,3,4,5,5,5,2023-12-15
LFB003784,L015,3,3,3,3,5,3,4,2,5,5,2023-12-15
LFB003785,L021,5,5,4,5,5,5,4,5,5,5,2023-12-15
LFB003786,L007,5,5,5,5,5,5,3,4,5,5,2023-12-15
LFB003787,L021,4,5,4,4,3,3,5,4,4,5,2023-12-15
LFB003788,L006,4,5,5,5,4,4,4,4,3,5,2023-12-15
LFB003789,L014,4,3,3,3,4,5,5,3,5,5,2023-12-15
LFB003790,L018,4,4,4,4,4,5,3,4,4,4,2023-12-16
LFB003791,L002,3,5,4,3,5,3,4,3,4,3,2023-12-16
LFB003792,L023,5,4,4,4,3,4,5,5,5,5,2023-12-16
LFB003793,L016,4,5,5,4,5,4,5,4,3,5,2023-12-16
LFB003794,L016,4,5,4,3,4,5,5,4,4,4,2023-12-16
LFB003795,L001,4,5,5,4,4,5,3,5,4,4,2023-12-16
LFB003796,L001,3,3,3,3,5,2,3,4,4,5,2023-12-16
LFB003797,L019,4,3,4,5,4,4,5,4,5,4,2023-12-16
LFB003798,L023,2,3,3,4,2,4,2,3,4,5,2023-12-16
LFB003799,L023,3,4,5,5,5,5,5,4,3,4,2023-12-16
LFB003800,L012,3,4,4,4,5,3,4,5,5,4,2023-12-16
LFB003801,L010,4,5,3,5,3,4,5,5,5,3,2023-12-16
LFB003802,L003,4,4,4,4,3,4,5,5,4,5,2023-12-16
LFB003803,L004,4,4,5,4,3,4,5,4,5,4,2023-12-16
LFB003804,L014,4,4,2,3,3,2,4,4,4,4,2023-12-16
LFB003805,L002,4,3,5,5,3,4,4,5,4,5,2023-12-16
LFB003806,L015,4,4,2,3,5,4,5,4,5,4,2023-12-17
LFB003807,L019,5,3,5,5,3,5,4,5,4,5,2023-12-17
LFB003808,L026,2,5,3,3,4,5,3,4,4,2,2023-12-17
LFB003809,L003,4,4,5,4,4,5,4,5,4,5,2023-12-17
LFB003810,L019,4,3,5,2,3,4,3,3,3,5,2023-12-17
LFB003811,L025,5,3,4,4,3,4,4,5,5,5,2023-12-17
LFB003812,L012,5,5,5,3,5,4,4,4,4,5,2023-12-17
LFB003813,L007,5,5,4,5,4,4,4,4,5,3,2023-12-17
LFB003814,L025,4,4,5,4,3,4,4,4,4,3,2023-12-17
LFB003815,L002,3,4,4,4,5,4,4,5,5,5,2023-12-17
LFB003816,L018,4,4,5,5,5,3,4,4,2,4,2023-12-17
LFB003817,L005,4,3,3,4,4,4,4,5,4,5,2023-12-17
LFB003818,L013,5,5,5,4,3,4,4,4,3,5,2023-12-17
LFB003819,L006,3,4,4,4,5,4,5,4,5,3,2023-12-17
LFB003820,L016,5,4,3,5,4,4,5,4,5,4,2023-12-17
LFB003821,L016,4,5,4,2,4,3,3,3,4,4,2023-12-17
LFB003822,L026,5,4,4,3,4,4,3,5,4,4,2023-12-17
LFB003823,L004,3,5,4,2,5,4,3,4,5,4,2023-12-17
LFB003824,L015,4,3,2,5,4,5,4,5,4,4,2023-12-17
LFB003825,L010,3,4,4,3,4,2,4,5,2,5,2023-12-17
LFB003826,L013,5,4,5,5,4,4,5,3,4,5,2023-12-17
LFB003827,L010,4,5,3,5,3,4,5,5,5,5,2023-12-17
LFB003828,L007,2,4,4,4,5,4,4,5,3,4,2023-12-17
LFB003829,L004,5,4,4,3,5,4,3,3,5,3,2023-12-17
LFB003830,L020,4,4,3,5,3,4,3,5,4,5,2023-12-18
LFB003831,L022,4,4,4,5,3,3,4,4,4,5,2023-12-18
LFB003832,L026,4,3,5,5,5,5,4,5,4,5,2023-12-18
LFB003833,L022,3,3,4,4,3,3,4,3,4,4,2023-12-18
LFB003834,L001,5,5,4,4,5,4,3,4,2,5,2023-12-18
LFB003835,L023,5,4,4,4,4,4,4,4,5,4,2023-12-18
LFB003836,L020,4,5,4,3,4,3,4,4,5,4,2023-12-18
LFB003837,L012,4,4,4,5,5,5,4,3,5,5,2023-12-18
LFB003838,L014,3,4,4,4,5,3,4,5,4,2,2023-12-18
LFB003839,L024,4,4,4,4,4,5,5,4,4,5,2023-12-18
LFB003840,L011,4,3,4,3,4,5,3,3,4,4,2023-12-18
LFB003841,L016,3,3,5,4,5,5,3,4,4,3,2023-12-18
LFB003842,L010,5,4,4,5,3,4,3,5,4,5,2023-12-18
LFB003843,L014,3,4,4,5,5,5,4,3,4,3,2023-12-18
LFB003844,L002,4,2,5,5,5,4,3,3,4,4,2023-12-18
LFB003845,L020,3,5,3,5,4,5,4,2,4,5,2023-12-18
LFB003846,L011,4,4,4,3,3,5,3,2,4,5,2023-12-18
LFB003847,L002,3,3,3,5,3,2,4,3,3,4,2023-12-18
LFB003848,L012,4,4,5,5,5,5,5,4,4,4,2023-12-18
LFB003849,L014,1,4,4,4,3,4,4,3,5,4,2023-12-18
LFB003850,L025,5,3,5,3,5,4,4,4,4,4,2023-12-18
LFB003851,L011,3,4,4,3,4,5,4,5,4,5,2023-12-18
LFB003852,L026,4,4,3,3,4,4,4,5,2,3,2023-12-18
LFB003853,L015,3,5,5,4,5,5,4,3,4,5,2023-12-18
LFB003854,L001,5,5,5,4,5,5,5,5,3,4,2023-12-18
LFB003855,L002,5,4,5,5,3,5,5,5,4,4,2023-12-18
LFB003856,L020,5,5,5,3,3,5,5,5,5,5,2023-12-18
LFB003857,L008,4,5,4,5,4,4,4,4,4,5,2023-12-18
LFB003858,L010,3,2,2,5,3,3,5,4,5,2,2023-12-18
LFB003859,L021,4,5,4,3,5,3,3,4,4,4,2023-12-18
LFB003860,L002,5,4,5,5,5,5,5,4,5,5,2023-12-18
LFB003861,L023,4,5,4,4,5,4,4,3,4,4,2023-12-18
LFB003862,L006,5,4,3,5,4,5,4,4,4,4,2023-12-19
LFB003863,L007,2,2,3,4,3,4,3,5,3,4,2023-12-19
LFB003864,L017,4,3,3,4,3,2,4,4,5,4,2023-12-19
LFB003865,L001,3,4,4,5,2,4,5,3,3,4,2023-12-19
LFB003866,L011,2,4,4,5,3,4,4,5,3,4,2023-12-19
LFB003867,L012,4,5,4,4,5,4,4,5,5,4,2023-12-19
LFB003868,L023,3,4,3,5,3,3,3,4,4,3,2023-12-19
LFB003869,L020,1,2,3,3,2,3,4,2,3,3,2023-12-19
LFB003870,L001,5,5,2,4,3,4,4,4,4,4,2023-12-19
LFB003871,L016,4,4,3,4,5,4,4,5,5,3,2023-12-19
LFB003872,L025,5,4,4,5,4,4,5,4,4,4,2023-12-19
LFB003873,L014,4,4,4,5,3,4,3,3,5,5,2023-12-19
LFB003874,L014,3,3,4,4,4,5,3,4,4,4,2023-12-19
LFB003875,L012,3,4,4,3,3,4,4,3,3,3,2023-12-19
LFB003876,L021,5,5,4,4,5,3,4,5,4,5,2023-12-19
LFB003877,L010,3,5,5,5,5,5,4,4,4,5,2023-12-19
LFB003878,L014,4,4,4,4,4,4,5,4,4,3,2023-12-19
LFB003879,L022,5,5,2,5,4,5,5,5,5,5,2023-12-19
LFB003880,L010,3,3,2,4,3,4,3,5,2,4,2023-12-19
LFB003881,L011,3,4,4,4,3,4,5,5,4,5,2023-12-19
LFB003882,L008,4,4,5,4,4,5,4,4,3,3,2023-12-19
LFB003883,L010,5,4,4,3,3,4,4,2,4,4,2023-12-19
LFB003884,L012,5,3,4,4,4,4,5,5,5,5,2023-12-19
LFB003885,L021,3,4,4,3,5,3,4,4,4,4,2023-12-19
LFB003886,L011,4,4,3,3,4,5,4,5,4,4,2023-12-19
LFB003887,L023,4,4,5,4,5,5,5,5,4,4,2023-12-19
LFB003888,L001,5,5,5,4,4,5,4,5,5,5,2023-12-19
LFB003889,L026,5,4,5,4,4,4,5,3,4,4,2023-12-19
LFB003890,L024,3,5,3,4,4,5,3,4,5,5,2023-12-19
LFB003891,L010,3,4,3,5,5,5,3,4,4,5,2023-12-19
LFB003892,L013,5,3,5,4,5,5,4,4,5,4,2024-04-05
LFB003893,L023,4,4,5,3,5,5,5,5,5,5,2024-04-05
LFB003894,L026,2,5,5,3,4,4,3,4,4,4,2024-04-05
LFB003895,L005,4,4,4,4,4,3,4,3,3,5,2024-04-05
LFB003896,L012,5,4,5,5,5,3,4,4,5,5,2024-04-05
LFB003897,L004,5,3,3,4,5,4,4,4,5,5,2024-04-05
LFB003898,L013,4,4,4,3,3,4,5,3,5,5,2024-04-05
LFB003899,L010,5,4,5,4,5,4,5,5,4,5,2024-04-05
LFB003900,L024,5,5,5,5,5,5,5,5,5,5,2024-04-05
LFB003901,L004,5,4,4,3,4,4,5,4,5,5,2024-04-05
LFB003902,L010,4,3,3,2,3,5,5,5,4,5,2024-04-05
LFB003903,L007,4,5,3,3,3,4,4,5,5,5,2024-04-05
LFB003904,L011,2,3,5,3,4,3,5,4,4,5,2024-04-05
LFB003905,L026,5,4,4,4,5,5,4,4,4,4,2024-04-05
LFB003906,L021,4,4,5,4,5,5,5,5,5,4,2024-04-05
LFB003907,L023,4,5,4,4,4,4,5,3,5,5,2024-04-06
LFB003908,L017,4,4,2,4,5,4,3,2,5,5,2024-04-06
LFB003909,L004,4,4,3,5,4,5,5,5,5,5,2024-04-06
LFB003910,L007,2,4,3,4,4,4,5,3,5,4,2024-04-06
LFB003911,L007,4,4,4,5,5,5,5,3,3,5,2024-04-06
LFB003912,L018,2,2,4,2,4,4,4,5,5,3,2024-04-06
LFB003913,L016,5,4,3,5,3,4,3,5,4,5,2024-04-06
LFB003914,L012,3,5,3,5,3,5,3,4,5,5,2024-04-06
LFB003915,L020,4,4,4,4,4,4,4,4,3,5,2024-04-06
LFB003916,L019,3,4,4,3,4,4,4,4,5,5,2024-04-06
LFB003917,L006,5,4,4,5,5,5,4,5,5,3,2024-04-06
LFB003918,L022,5,4,5,5,5,4,4,5,5,5,2024-04-06
LFB003919,L010,2,3,5,4,3,4,3,4,4,4,2024-04-06
LFB003920,L007,4,4,4,5,5,5,3,4,4,4,2024-04-06
LFB003921,L024,4,3,3,5,4,4,3,5,4,4,2024-04-06
LFB003922,L026,3,4,3,5,5,3,3,3,5,5,2024-04-06
LFB003923,L020,3,5,3,4,4,4,4,2,5,5,2024-04-06
LFB003924,L003,4,4,4,4,4,4,5,5,5,5,2024-04-06
LFB003925,L014,3,5,4,4,4,5,3,4,4,4,2024-04-06
LFB003926,L010,5,4,2,3,3,3,4,4,5,5,2024-04-06
LFB003927,L021,5,5,4,5,5,5,5,4,5,4,2024-04-07
LFB003928,L007,3,2,4,4,5,3,4,5,5,5,2024-04-07
LFB003929,L020,4,4,3,5,4,5,5,5,4,2,2024-04-07
LFB003930,L002,3,3,2,2,4,4,3,4,4,3,2024-04-07
LFB003931,L024,5,4,4,4,4,5,4,4,4,5,2024-04-07
LFB003932,L016,4,2,3,4,5,4,5,4,4,5,2024-04-07
LFB003933,L021,5,3,4,5,2,5,5,5,3,3,2024-04-07
LFB003934,L001,4,3,4,3,5,4,4,4,4,4,2024-04-08
LFB003935,L022,4,3,3,3,4,5,5,4,4,4,2024-04-08
LFB003936,L021,5,4,3,4,4,5,5,5,4,5,2024-04-08
LFB003937,L013,5,4,3,3,5,5,5,3,3,1,2024-04-08
LFB003938,L015,4,3,3,3,4,5,5,5,3,3,2024-04-08
LFB003939,L007,4,5,3,4,4,3,5,5,4,4,2024-04-08
LFB003940,L023,5,5,2,5,5,5,4,5,5,5,2024-04-08
LFB003941,L014,5,4,4,4,5,5,4,4,4,5,2024-04-08
LFB003942,L013,4,5,4,5,4,3,5,4,5,5,2024-04-08
LFB003943,L005,5,4,5,3,4,3,4,4,3,5,2024-04-08
LFB003944,L011,4,5,5,5,3,5,4,5,5,5,2024-04-08
LFB003945,L012,4,5,5,5,5,4,4,5,5,5,2024-04-08
LFB003946,L025,4,5,5,4,4,3,5,3,4,4,2024-04-08
LFB003947,L011,5,3,5,5,4,4,4,5,5,5,2024-04-09
LFB003948,L025,5,5,3,4,5,5,5,5,3,4,2024-04-09
LFB003949,L026,5,5,5,5,4,5,5,5,5,4,2024-04-09
LFB003950,L025,5,4,4,5,5,3,5,4,4,5,2024-04-09
LFB003951,L011,4,4,3,5,5,4,4,5,4,5,2024-04-09
LFB003952,L026,5,4,4,4,5,4,5,5,5,4,2024-04-09
LFB003953,L025,5,5,5,4,5,5,5,4,4,5,2024-04-09
LFB003954,L001,5,4,3,5,5,5,5,4,5,5,2024-04-09
LFB003955,L006,4,5,5,5,5,4,5,4,5,5,2024-04-09
LFB003956,L006,3,4,5,5,4,5,4,4,5,4,2024-04-09
LFB003957,L013,2,3,3,3,4,4,5,4,4,3,2024-04-09
LFB003958,L016,5,5,2,4,3,3,4,5,2,5,2024-04-09
LFB003959,L020,3,3,4,4,5,5,3,5,4,4,2024-04-09
LFB003960,L006,4,4,2,5,3,3,3,4,4,5,2024-04-09
LFB003961,L025,4,5,2,4,3,5,4,3,3,4,2024-04-10
LFB003962,L025,5,5,5,5,4,5,5,5,3,5,2024-04-10
LFB003963,L015,3,3,5,3,4,5,5,3,5,4,2024-04-10
LFB003964,L025,4,3,3,3,4,4,3,4,2,4,2024-04-10
LFB003965,L012,4,5,5,5,5,5,5,2,4,5,2024-04-10
LFB003966,L026,4,5,3,4,4,5,5,4,5,4,2024-04-10
LFB003967,L012,3,5,3,3,3,4,3,3,5,4,2024-04-10
LFB003968,L010,4,2,3,2,3,2,4,3,4,3,2024-04-10
LFB003969,L012,2,3,3,3,4,2,4,5,3,4,2024-04-10
LFB003970,L022,2,4,4,4,5,4,5,5,4,5,2024-04-10
LFB003971,L016,4,5,3,5,4,5,5,5,4,4,2024-04-10
LFB003972,L020,4,4,4,4,5,3,4,3,4,4,2024-04-11
LFB003973,L019,3,4,3,5,5,5,5,5,4,4,2024-04-11
LFB003974,L007,4,3,5,5,3,4,3,3,4,4,2024-04-11
LFB003975,L016,4,5,3,5,4,5,4,5,4,5,2024-04-11
LFB003976,L010,4,4,5,4,5,5,4,3,4,5,2024-04-11
LFB003977,L014,4,5,5,4,4,4,4,4,4,3,2024-04-11
LFB003978,L016,3,3,4,3,3,3,4,4,4,4,2024-04-11
LFB003979,L025,3,5,4,4,4,5,4,4,5,5,2024-04-11
LFB003980,L022,2,4,5,4,5,4,5,3,4,5,2024-04-11
LFB003981,L014,3,4,3,3,3,4,5,5,5,5,2024-04-11
LFB003982,L014,3,4,4,3,4,3,2,4,4,4,2024-04-11
LFB003983,L022,4,4,3,4,3,5,4,5,4,2,2024-04-11
LFB003984,L016,4,4,4,3,3,4,5,5,5,5,2024-04-11
LFB003985,L017,4,5,3,5,5,3,3,5,5,5,2024-04-11
LFB003986,L001,5,5,5,3,5,5,5,5,4,5,2024-04-11
LFB003987,L010,3,5,4,5,2,4,4,5,4,4,2024-04-11
LFB003988,L019,3,5,3,4,4,5,4,5,4,5,2024-04-11
LFB003989,L004,4,3,2,4,4,4,3,5,3,5,2024-04-11
LFB003990,L021,3,4,5,4,3,5,5,4,5,5,2024-04-12
LFB003991,L020,4,5,3,3,5,5,4,4,4,5,2024-04-12
LFB003992,L024,3,5,4,5,4,4,3,4,3,5,2024-04-12
LFB003993,L003,5,4,4,5,5,5,5,4,4,3,2024-04-12
LFB003994,L014,4,4,4,3,5,5,4,3,4,5,2024-04-12
LFB003995,L008,5,4,3,5,3,3,3,2,4,3,2024-04-12
LFB003996,L016,4,5,4,4,5,5,4,5,4,4,2024-04-12
LFB003997,L022,3,5,5,5,5,4,4,5,2,3,2024-04-12
LFB003998,L014,4,5,4,4,5,4,3,5,3,4,2024-04-12
LFB003999,L011,2,3,3,3,5,5,4,4,3,5,2024-04-12
LFB004000,L023,3,4,4,4,4,5,4,5,5,2,2024-04-12
LFB004001,L010,3,4,2,3,4,5,2,4,3,4,2024-04-12
LFB004002,L003,4,5,2,5,4,4,4,4,3,5,2024-04-13
LFB004003,L001,5,4,3,4,4,4,2,4,5,5,2024-04-13
LFB004004,L014,4,4,3,5,4,4,3,4,1,4,2024-04-13
LFB004005,L012,2,5,3,5,4,3,4,3,2,5,2024-04-13
LFB004006,L020,4,5,4,5,4,4,5,4,5,4,2024-04-13
LFB004007,L005,4,4,5,5,5,5,4,5,5,5,2024-04-13
LFB004008,L012,5,5,4,4,4,4,4,3,5,4,2024-04-13
LFB004009,L018,5,5,5,5,4,5,5,5,5,5,2024-04-13
LFB004010,L022,4,5,4,3,4,4,3,3,4,3,2024-04-13
LFB004011,L026,4,4,3,5,4,4,3,5,5,5,2024-04-13
LFB004012,L011,4,5,3,3,3,4,5,2,4,4,2024-04-13
LFB004013,L025,3,4,5,4,4,4,3,5,4,3,2024-04-13
LFB004014,L013,4,2,3,3,4,4,4,4,3,3,2024-04-13
LFB004015,L016,4,3,4,4,3,5,3,4,4,4,2024-04-13
LFB004016,L002,4,4,3,4,4,5,5,5,4,5,2024-04-13
LFB004017,L006,3,4,3,2,3,5,4,4,5,5,2024-04-13
LFB004018,L004,3,5,4,3,4,4,4,5,3,4,2024-04-13
LFB004019,L026,5,4,3,4,4,3,4,4,3,4,2024-04-13
LFB004020,L001,3,4,3,4,4,4,4,4,3,5,2024-04-13
LFB004021,L025,3,3,4,2,3,4,5,4,4,3,2024-04-14
LFB004022,L020,3,4,5,5,5,4,4,4,4,3,2024-04-14
LFB004023,L015,4,4,4,4,4,3,5,5,5,4,2024-04-14
LFB004024,L007,2,2,3,3,2,4,3,2,5,3,2024-04-14
LFB004025,L018,5,3,3,5,3,3,4,3,5,4,2024-04-14
LFB004026,L021,4,5,5,5,4,4,4,5,5,5,2024-04-14
LFB004027,L026,5,4,2,4,5,3,5,3,3,4,2024-04-14
LFB004028,L011,5,5,2,4,3,1,4,4,4,4,2024-04-14
LFB004029,L022,5,5,5,4,5,3,5,3,4,4,2024-04-14
LFB004030,L026,3,4,4,5,5,5,4,2,3,4,2024-04-14
LFB004031,L011,3,4,4,3,4,4,3,4,5,4,2024-04-14
LFB004032,L008,4,3,4,4,5,3,3,5,3,2,2024-04-14
LFB004033,L011,3,2,4,3,5,3,3,5,3,4,2024-04-14
LFB004034,L007,4,4,5,5,5,5,5,5,3,5,2024-04-15
LFB004035,L007,3,4,3,4,3,5,4,4,3,5,2024-04-15
LFB004036,L016,4,4,2,4,4,5,5,5,4,5,2024-04-15
LFB004037,L018,4,3,4,4,3,5,5,5,5,3,2024-04-15
LFB004038,L016,5,5,4,5,4,5,5,4,5,4,2024-04-15
LFB004039,L019,4,5,4,3,4,5,3,3,4,5,2024-04-15
LFB004040,L018,5,5,5,5,5,4,5,4,5,5,2024-04-15
LFB004041,L021,4,5,5,5,5,5,5,5,5,5,2024-04-16
LFB004042,L012,5,5,5,5,5,5,5,2,5,3,2024-04-16
LFB004043,L002,4,3,5,5,4,3,5,4,5,4,2024-04-16
LFB004044,L001,5,3,4,4,3,5,5,5,3,4,2024-04-16
LFB004045,L015,3,4,5,4,5,5,3,5,4,5,2024-04-16
LFB004046,L020,2,2,3,2,4,5,4,4,4,3,2024-04-16
LFB004047,L019,5,4,3,5,4,4,4,4,5,4,2024-04-16
LFB004048,L019,3,4,4,4,3,4,3,4,5,3,2024-04-16
LFB004049,L011,5,3,4,5,3,4,4,3,3,5,2024-04-16
LFB004050,L026,3,5,3,4,4,3,3,2,5,5,2024-04-16
LFB004051,L016,3,3,4,4,3,4,4,4,4,5,2024-04-16
LFB004052,L010,3,4,4,5,4,5,4,2,4,4,2024-04-17
LFB004053,L007,3,3,2,2,4,4,4,3,4,3,2024-04-17
LFB004054,L020,4,5,5,4,2,5,5,4,5,5,2024-04-17
LFB004055,L025,4,5,5,4,3,4,4,5,4,4,2024-04-17
LFB004056,L013,4,5,5,5,3,4,5,4,5,5,2024-04-17
LFB004057,L012,5,2,4,5,4,5,5,5,5,3,2024-04-17
LFB004058,L007,3,4,2,3,2,4,3,2,5,5,2024-04-17
LFB004059,L018,5,4,4,4,4,4,5,5,2,5,2024-04-17
LFB004060,L023,4,5,4,3,4,4,2,5,5,5,2024-04-17
LFB004061,L019,5,5,3,5,4,4,3,3,3,3,2024-04-17
LFB004062,L016,4,5,3,3,3,4,4,3,4,4,2024-04-17
LFB004063,L004,4,2,5,4,4,5,3,4,4,4,2024-04-17
LFB004064,L013,4,4,3,3,4,4,5,4,5,5,2024-04-17
LFB004065,L026,4,5,4,3,2,4,5,3,4,5,2024-04-17
LFB004066,L017,5,5,4,4,4,4,5,4,3,4,2024-04-17
LFB004067,L022,5,5,5,4,5,5,5,5,4,4,2024-04-18
LFB004068,L002,4,5,4,5,5,5,5,4,3,4,2024-04-18
LFB004069,L007,5,5,5,5,4,5,4,5,5,5,2024-04-18
LFB004070,L016,4,5,5,3,4,4,3,5,5,5,2024-04-18
LFB004071,L023,5,4,5,5,5,5,5,2,4,4,2024-04-18
LFB004072,L012,5,4,5,3,4,5,5,5,4,4,2024-04-18
LFB004073,L019,4,4,4,5,4,4,5,2,5,5,2024-04-18
LFB004074,L011,4,4,4,4,4,4,2,5,3,3,2024-04-18
LFB004075,L012,5,4,4,4,4,2,3,5,4,4,2024-04-18
LFB004076,L001,3,4,4,2,4,3,5,3,3,5,2024-04-18
LFB004077,L011,4,5,4,5,5,5,4,5,5,4,2024-04-18
LFB004078,L013,3,4,4,4,5,3,4,3,3,3,2024-04-18
LFB004079,L024,4,5,5,5,4,2,4,4,5,5,2024-04-18
LFB004080,L014,3,3,4,4,5,4,4,4,5,2,2024-04-18
LFB004081,L004,3,5,4,5,4,5,3,5,4,5,2024-04-19
LFB004082,L020,3,4,3,5,3,3,3,5,4,5,2024-04-19
LFB004083,L026,4,4,5,4,4,5,4,5,5,5,2024-04-19
LFB004084,L025,4,3,3,4,2,3,4,4,3,3,2024-04-19
LFB004085,L015,3,2,3,4,4,3,3,3,2,3,2024-04-19
LFB004086,L024,4,4,3,5,4,5,4,3,4,5,2024-04-19
LFB004087,L016,3,5,3,2,3,5,5,4,5,5,2024-04-20
LFB004088,L010,3,5,5,5,5,3,5,5,4,3,2024-04-20
LFB004089,L011,4,3,2,4,3,4,4,4,4,5,2024-04-20
LFB004090,L024,5,5,3,5,4,5,5,5,5,4,2024-04-20
LFB004091,L008,4,4,2,5,4,4,5,4,5,4,2024-04-20
LFB004092,L006,5,4,5,5,5,4,2,5,5,4,2024-04-20
LFB004093,L012,4,4,4,3,3,4,3,2,3,4,2024-04-20
LFB004094,L002,4,5,4,3,4,3,5,5,4,5,2024-04-20
LFB004095,L026,4,2,4,5,3,5,4,3,4,4,2024-04-20
LFB004096,L026,4,5,3,3,4,5,4,3,4,4,2024-04-21
LFB004097,L022,3,4,5,4,4,3,4,5,4,5,2024-04-21
LFB004098,L023,5,3,4,4,5,5,5,3,5,5,2024-04-21
LFB004099,L002,4,4,5,4,4,4,3,3,3,4,2024-04-21
LFB004100,L014,4,5,4,4,3,4,5,5,4,5,2024-04-21
LFB004101,L025,5,5,5,4,4,4,4,5,3,5,2024-04-21
LFB004102,L022,5,4,5,4,5,3,3,4,3,3,2024-04-21
LFB004103,L026,4,4,4,5,5,4,4,5,4,5,2024-04-21
LFB004104,L012,5,5,3,3,3,4,4,5,3,4,2024-04-21
LFB004105,L023,5,5,4,5,5,4,4,3,4,5,2024-04-21
LFB004106,L020,3,5,4,4,5,5,4,4,5,4,2024-04-21
LFB004107,L017,4,4,4,4,4,4,2,3,4,5,2024-04-21
LFB004108,L010,5,3,4,5,4,4,3,5,4,5,2024-04-21
LFB004109,L004,3,4,4,4,5,3,3,4,3,4,2024-04-21
LFB004110,L024,4,4,4,5,2,5,5,4,4,2,2024-04-21
LFB004111,L015,3,4,4,4,2,4,4,3,4,5,2024-04-21
LFB004112,L007,3,4,3,2,4,4,4,3,5,5,2024-04-21
LFB004113,L014,5,4,4,3,3,3,4,4,5,4,2024-04-21
LFB004114,L011,5,5,4,3,3,5,4,4,5,5,2024-04-22
LFB004115,L010,5,5,5,3,4,4,4,5,5,5,2024-04-22
LFB004116,L025,4,4,3,3,2,2,2,3,4,4,2024-04-22
LFB004117,L010,3,4,5,4,4,4,4,4,4,4,2024-04-22
LFB004118,L008,4,5,4,5,4,5,4,5,5,5,2024-04-22
LFB004119,L006,5,5,4,3,5,5,4,4,4,4,2024-04-22
LFB004120,L022,5,4,5,3,5,4,4,3,4,5,2024-04-22
LFB004121,L020,4,3,5,3,5,4,3,4,3,4,2024-04-22
LFB004122,L021,4,5,4,4,4,3,5,5,5,5,2024-04-22
LFB004123,L020,3,3,3,3,4,5,4,5,4,5,2024-04-22
LFB004124,L015,4,3,3,5,5,4,4,5,4,4,2024-04-22
LFB004125,L021,5,3,3,3,4,5,3,2,4,5,2024-04-23
LFB004126,L021,5,5,5,5,4,5,5,5,5,5,2024-04-23
LFB004127,L012,4,4,5,3,4,3,3,5,4,3,2024-04-23
LFB004128,L008,5,4,4,2,5,5,5,5,4,3,2024-04-23
LFB004129,L013,4,3,4,3,3,4,3,4,3,5,2024-04-23
LFB004130,L001,4,4,5,3,4,5,2,4,3,4,2024-04-23
LFB004131,L001,3,4,2,3,4,3,4,4,4,5,2024-04-23
LFB004132,L025,4,5,3,5,3,4,3,5,5,4,2024-04-23
LFB004133,L011,4,3,4,3,4,4,5,3,3,4,2024-04-23
LFB004134,L023,3,4,4,5,5,4,4,5,4,3,2024-04-23
LFB004135,L026,3,4,3,3,3,4,2,4,5,4,2024-04-23
LFB004136,L011,5,5,4,4,4,4,4,3,5,2,2024-04-23
LFB004137,L010,3,4,3,4,5,4,5,5,2,5,2024-04-23
LFB004138,L020,4,5,5,4,5,5,5,4,5,4,2024-04-23
LFB004139,L013,3,3,3,4,4,4,4,4,3,3,2024-04-23
LFB004140,L001,5,5,4,5,2,4,4,5,5,5,2024-04-24
LFB004141,L012,3,4,2,4,4,4,5,3,5,4,2024-04-24
LFB004142,L003,5,3,5,4,4,5,5,4,4,4,2024-04-24
LFB004143,L011,4,4,3,3,3,5,5,4,5,3,2024-04-24
LFB004144,L025,4,3,2,3,4,3,3,4,3,5,2024-04-24
LFB004145,L010,5,5,4,5,4,5,5,5,4,5,2024-04-24
LFB004146,L010,3,5,4,3,3,5,3,3,4,4,2024-04-24
LFB004147,L017,4,3,4,5,5,3,4,4,4,3,2024-04-24
LFB004148,L019,5,5,5,5,5,5,5,5,5,5,2024-04-24
LFB004149,L004,5,4,4,3,3,3,4,4,3,3,2024-04-24
LFB004150,L022,5,4,4,4,4,4,4,3,3,4,2024-04-24
LFB004151,L001,3,3,3,5,5,4,4,4,4,3,2024-04-24
LFB004152,L021,3,4,3,2,3,3,3,3,4,4,2024-04-24
LFB004153,L005,4,5,4,5,4,5,3,5,5,4,2024-04-25
LFB004154,L020,4,5,4,3,4,5,4,5,4,3,2024-04-25
LFB004155,L012,4,5,3,5,4,4,4,4,5,5,2024-04-25
LFB004156,L004,4,2,5,3,5,4,4,5,5,5,2024-04-25
LFB004157,L024,5,3,4,4,4,5,4,4,4,4,2024-04-25
LFB004158,L004,5,4,5,4,5,5,5,4,5,5,2024-04-26
LFB004159,L004,4,5,5,4,5,5,3,5,4,5,2024-04-26
LFB004160,L007,3,4,3,3,4,5,3,4,5,4,2024-04-26
LFB004161,L013,4,4,4,5,4,5,4,5,4,5,2024-04-26
LFB004162,L017,5,4,4,4,4,3,4,5,5,4,2024-04-26
LFB004163,L013,5,4,3,5,2,4,4,4,3,4,2024-04-26
LFB004164,L016,5,5,5,5,4,5,5,5,3,3,2024-04-26
LFB004165,L021,4,4,5,4,4,4,4,4,3,3,2024-04-26
LFB004166,L013,4,4,5,4,4,2,5,3,3,5,2024-04-26
LFB004167,L024,4,4,4,4,5,4,5,5,4,4,2024-04-26
LFB004168,L001,5,3,4,4,4,5,5,4,4,5,2024-04-26
LFB004169,L013,5,4,5,5,4,5,5,4,3,4,2024-04-26
LFB004170,L024,3,4,5,3,5,4,3,2,4,3,2024-04-26
LFB004171,L005,3,5,5,5,3,4,4,4,4,4,2024-04-26
LFB004172,L011,3,3,4,5,3,5,4,5,3,5,2024-04-26
LFB004173,L002,4,5,4,4,4,4,5,5,4,4,2024-04-26
LFB004174,L026,2,3,4,3,4,3,4,5,4,5,2024-04-26
LFB004175,L021,3,4,3,3,4,5,5,4,4,5,2024-04-27
LFB004176,L013,4,3,4,4,4,4,3,3,2,4,2024-04-27
LFB004177,L008,4,5,4,4,5,5,4,5,5,5,2024-04-27
LFB004178,L023,3,4,3,5,4,5,3,5,3,5,2024-04-27
LFB004179,L026,5,5,5,5,5,3,5,4,5,5,2024-04-27
LFB004180,L025,4,4,3,4,2,4,5,5,5,3,2024-04-27
LFB004181,L006,3,5,4,5,5,4,2,5,5,5,2024-04-27
LFB004182,L015,4,4,3,3,3,5,4,5,5,5,2024-04-27
LFB004183,L001,4,4,4,4,4,4,3,4,3,5,2024-04-27
LFB004184,L001,4,3,4,4,4,4,3,5,3,2,2024-04-27
LFB004185,L001,5,4,5,5,4,5,5,5,5,5,2024-04-27
LFB004186,L002,4,3,4,3,5,4,4,4,4,5,2024-04-27
LFB004187,L020,4,3,4,4,3,4,5,4,3,4,2024-04-28
LFB004188,L014,3,5,4,5,5,5,5,4,4,5,2024-04-28
LFB004189,L014,2,4,3,5,4,3,5,3,5,3,2024-04-28
LFB004190,L022,4,4,4,5,3,5,5,5,5,5,2024-04-28
LFB004191,L013,3,3,4,3,3,2,4,3,3,3,2024-04-28
LFB004192,L020,4,3,3,5,4,3,3,2,4,5,2024-04-28
LFB004193,L024,3,5,5,5,5,4,3,4,4,5,2024-04-28
LFB004194,L024,3,5,2,5,4,3,4,3,5,4,2024-04-28
LFB004195,L016,4,3,3,3,4,3,3,2,2,2,2024-04-28
LFB004196,L017,3,3,3,3,4,4,3,3,3,3,2024-04-29
LFB004197,L012,4,5,4,5,4,4,3,3,4,4,2024-04-29
LFB004198,L011,4,3,4,3,5,4,4,2,4,4,2024-04-29
LFB004199,L019,4,4,4,4,4,5,3,5,5,4,2024-04-29
LFB004200,L024,4,3,4,5,5,3,4,5,4,2,2024-04-29
LFB004201,L014,5,4,5,4,5,5,5,5,5,5,2024-04-29
LFB004202,L002,3,3,4,3,4,4,3,5,5,4,2024-04-29
LFB004203,L008,5,2,5,5,4,4,4,5,3,4,2024-04-29
LFB004204,L001,3,4,4,4,3,5,2,4,5,5,2024-04-29
LFB004205,L016,3,4,4,5,3,5,5,4,5,4,2024-04-29
LFB004206,L023,4,3,4,3,4,5,5,5,4,3,2024-04-29
LFB004207,L023,2,4,3,2,3,3,3,2,3,5,2024-04-29
LFB004208,L020,5,3,5,4,4,4,4,5,4,4,2024-04-29
LFB004209,L014,2,4,3,3,3,3,3,3,3,4,2024-04-29
LFB004210,L011,4,2,2,3,4,4,4,5,5,5,2024-04-29
LFB004211,L016,3,3,5,4,3,4,5,4,4,4,2024-04-29
LFB004212,L013,4,4,3,5,4,4,5,4,4,4,2024-04-29
LFB004213,L016,5,4,3,3,5,5,5,4,4,5,2024-04-30
LFB004214,L010,4,4,3,4,4,5,5,5,5,5,2024-04-30
LFB004215,L002,5,3,4,3,4,5,4,4,4,5,2024-04-30
LFB004216,L004,3,4,5,5,5,4,5,4,4,4,2024-04-30
LFB004217,L020,4,4,4,4,3,5,5,3,3,4,2024-04-30
LFB004218,L025,3,5,5,5,4,4,4,4,5,4,2024-04-30
LFB004219,L010,4,4,4,4,4,5,4,5,4,5,2024-04-30
LFB004220,L025,4,4,2,5,3,3,4,5,4,5,2024-04-30
LFB004221,L003,3,4,4,5,4,5,4,5,4,5,2024-04-30
LFB004222,L003,5,5,3,4,5,5,5,5,3,5,2024-04-30
LFB004223,L007,5,4,2,5,4,3,4,5,4,5,2024-04-30
LFB004224,L006,4,3,3,4,5,4,4,3,4,5,2024-04-30
LFB004225,L012,3,5,5,4,3,2,3,3,4,5,2024-04-30
LFB004226,L025,3,4,5,5,3,4,4,4,4,5,2024-04-30
LFB004227,L022,3,4,4,5,4,5,4,2,3,5,2024-04-30
LFB004228,L023,3,5,4,4,5,4,4,4,4,3,2024-04-30
LFB004229,L012,5,5,4,4,5,4,5,5,5,4,2024-05-01
LFB004230,L010,4,4,3,3,3,3,3,5,5,4,2024-05-01
LFB004231,L023,5,3,5,3,3,3,5,3,4,4,2024-05-01
LFB004232,L010,3,4,4,5,4,4,3,4,3,3,2024-05-01
LFB004233,L010,3,5,3,4,4,5,5,3,3,4,2024-05-01
LFB004234,L019,2,4,3,5,4,5,5,3,3,4,2024-05-01
LFB004235,L003,3,4,4,4,3,2,4,4,3,2,2024-05-01
LFB004236,L011,4,2,3,3,4,5,3,2,4,3,2024-05-01
LFB004237,L021,3,3,4,5,3,2,4,4,3,4,2024-05-02
LFB004238,L025,3,5,3,4,4,5,5,5,5,4,2024-05-02
LFB004239,L001,4,3,5,5,5,4,5,4,5,5,2024-05-02
LFB004240,L008,4,4,3,5,3,4,4,4,5,3,2024-05-02
LFB004241,L023,5,5,2,5,3,3,4,5,4,4,2024-05-02
LFB004242,L024,3,3,4,4,4,5,2,5,5,4,2024-05-02
LFB004243,L002,5,5,4,4,5,5,5,5,5,4,2024-05-02
LFB004244,L013,5,5,4,4,4,3,2,5,4,5,2024-05-02
LFB004245,L013,5,4,4,4,4,3,4,2,5,5,2024-05-02
LFB004246,L014,3,3,3,3,4,5,3,4,5,3,2024-05-02
LFB004247,L014,5,4,5,4,5,5,3,4,4,5,2024-05-03
LFB004248,L020,4,4,4,4,5,5,4,5,5,5,2024-05-03
LFB004249,L022,4,5,4,5,4,5,4,4,5,4,2024-05-03
LFB004250,L026,4,4,2,5,5,5,3,5,4,5,2024-05-03
LFB004251,L010,5,5,5,3,4,5,4,5,4,5,2024-05-03
LFB004252,L001,5,5,3,2,2,4,3,2,4,3,2024-05-03
LFB004253,L018,4,4,3,4,4,4,4,3,4,5,2024-05-03
LFB004254,L013,5,5,5,5,5,5,4,5,5,5,2024-05-03
LFB004255,L022,5,4,4,5,5,4,3,3,5,4,2024-05-03
LFB004256,L016,2,2,4,3,4,4,5,3,4,4,2024-05-03
LFB004257,L017,2,5,5,4,4,5,4,3,4,4,2024-05-03
LFB004258,L001,5,4,3,4,5,4,2,5,3,5,2024-05-03
LFB004259,L026,4,4,5,4,4,4,4,5,3,5,2024-05-03
LFB004260,L021,5,5,2,3,5,5,2,2,4,4,2024-05-03
LFB004261,L013,4,5,2,4,4,4,5,5,4,4,2024-05-04
LFB004262,L007,4,3,3,5,4,4,5,5,4,5,2024-05-04
LFB004263,L021,3,3,3,2,3,4,3,4,3,4,2024-05-04
LFB004264,L024,4,4,4,4,4,4,4,4,3,4,2024-05-04
LFB004265,L024,4,5,3,5,5,5,5,4,5,5,2024-05-04
LFB004266,L021,5,5,5,3,3,5,4,5,5,5,2024-05-04
LFB004267,L022,2,5,5,4,4,4,3,5,3,4,2024-05-04
LFB004268,L025,4,5,4,4,4,4,3,5,4,5,2024-05-04
LFB004269,L012,5,3,3,5,4,4,4,4,5,5,2024-05-04
LFB004270,L026,4,5,4,3,5,5,4,4,5,5,2024-05-04
LFB004271,L020,4,5,4,4,3,5,4,5,4,5,2024-05-04
LFB004272,L011,5,4,3,5,5,4,4,4,4,5,2024-05-04
LFB004273,L021,3,4,2,4,4,4,4,5,2,3,2024-05-04
LFB004274,L018,4,4,3,2,2,1,4,3,2,4,2024-05-04
LFB004275,L008,2,3,2,4,4,3,3,5,3,2,2024-05-04
LFB004276,L019,5,4,5,4,4,4,5,5,5,3,2024-05-04
LFB004277,L007,5,5,5,3,5,5,3,3,5,5,2024-05-05
LFB004278,L010,4,3,3,4,3,4,5,5,4,4,2024-05-05
LFB004279,L019,4,5,3,3,5,3,5,4,5,4,2024-05-05
LFB004280,L013,2,4,4,3,4,5,3,4,5,5,2024-05-05
LFB004281,L001,4,4,2,5,3,2,5,4,4,5,2024-05-05
LFB004282,L011,5,3,4,5,5,4,3,4,5,3,2024-05-05
LFB004283,L007,5,3,4,5,5,3,4,5,5,5,2024-05-05
LFB004284,L005,3,4,5,4,4,4,2,2,2,5,2024-05-05
LFB004285,L025,4,5,3,5,4,4,4,4,4,4,2024-05-05
LFB004286,L010,5,4,4,5,4,4,4,4,4,3,2024-05-05
LFB004287,L024,4,5,5,4,5,5,5,5,4,5,2024-05-05
LFB004288,L024,5,5,4,5,5,5,5,5,3,2,2024-05-05
LFB004289,L025,4,4,4,4,5,5,5,5,4,4,2024-05-05
LFB004290,L003,5,3,3,4,4,4,3,5,5,5,2024-05-05
LFB004291,L012,5,4,2,4,4,2,3,4,3,5,2024-05-06
LFB004292,L004,3,3,4,5,3,4,4,5,5,4,2024-05-06
LFB004293,L021,2,5,4,4,4,4,3,4,5,5,2024-05-06
LFB004294,L008,5,5,5,4,2,2,5,4,4,5,2024-05-06
LFB004295,L016,4,4,4,4,3,5,4,2,4,4,2024-05-06
LFB004296,L004,3,3,4,4,3,4,3,3,5,5,2024-05-06
LFB004297,L006,3,5,5,4,3,4,3,3,5,5,2024-05-06
LFB004298,L011,4,5,4,3,4,3,4,3,4,5,2024-05-06
LFB004299,L014,5,3,5,4,5,4,5,4,5,5,2024-05-06
LFB004300,L022,4,4,2,4,4,4,3,4,3,5,2024-05-06
LFB004301,L019,5,5,4,3,4,5,4,3,5,3,2024-05-07
LFB004302,L008,4,2,2,5,4,3,3,4,5,3,2024-05-07
LFB004303,L022,5,5,5,4,5,5,5,4,4,5,2024-05-07
LFB004304,L022,4,3,4,4,4,4,4,5,5,4,2024-05-07
LFB004305,L010,3,3,3,4,3,4,3,3,2,2,2024-05-07
LFB004306,L021,5,4,2,3,5,5,3,5,3,4,2024-05-07
LFB004307,L005,4,5,5,5,5,5,4,4,4,5,2024-05-07
LFB004308,L014,5,3,3,5,4,4,3,4,5,3,2024-05-07
LFB004309,L025,4,3,4,4,4,4,5,4,5,5,2024-05-07
LFB004310,L020,3,3,4,4,5,3,4,4,4,4,2024-05-07
LFB004311,L011,3,4,3,4,2,4,3,2,5,3,2024-05-07
LFB004312,L014,5,5,4,5,4,5,5,5,4,5,2024-05-07
LFB004313,L021,5,4,5,4,4,5,5,4,3,2,2024-05-07
LFB004314,L021,5,3,2,4,4,5,4,5,4,4,2024-05-07
LFB004315,L001,5,3,2,4,4,4,3,5,4,5,2024-05-07
LFB004316,L013,2,4,3,4,3,4,2,3,4,3,2024-05-08
LFB004317,L017,3,4,4,4,4,3,3,3,5,4,2024-05-08
LFB004318,L026,5,4,5,5,2,2,3,4,4,5,2024-05-08
LFB004319,L002,5,4,3,4,5,5,4,5,2,4,2024-05-08
LFB004320,L010,5,5,4,4,4,4,4,3,5,5,2024-05-08
LFB004321,L002,5,3,4,3,5,4,4,4,5,4,2024-05-08
LFB004322,L026,5,2,5,4,5,3,5,4,3,4,2024-05-08
LFB004323,L023,4,3,2,4,3,3,4,3,3,3,2024-05-08
LFB004324,L025,3,4,4,5,4,2,5,5,5,5,2024-05-08
LFB004325,L008,4,4,5,3,4,3,4,4,4,4,2024-05-08
LFB004326,L003,3,4,3,3,4,4,4,3,5,4,2024-05-09
LFB004327,L012,3,5,2,5,4,3,3,5,3,4,2024-05-09
LFB004328,L024,5,3,4,5,4,4,5,5,4,5,2024-05-09
LFB004329,L020,3,5,4,5,4,4,5,5,4,4,2024-05-09
LFB004330,L003,5,5,4,5,3,5,4,4,3,5,2024-05-09
LFB004331,L001,2,5,4,4,3,3,5,4,4,4,2024-05-09
LFB004332,L015,3,4,3,5,5,5,4,5,5,4,2024-05-09
LFB004333,L011,4,5,2,4,5,3,4,5,3,3,2024-05-09
LFB004334,L004,4,5,4,5,4,4,5,5,5,5,2024-05-09
LFB004335,L019,4,3,2,3,5,3,3,3,3,4,2024-05-09
LFB004336,L026,5,4,3,4,4,4,5,5,4,4,2024-05-09
LFB004337,L016,3,4,4,5,5,5,5,5,5,5,2024-05-09
LFB004338,L004,2,4,3,2,3,3,4,4,2,3,2024-05-10
LFB004339,L007,3,3,3,4,5,4,5,4,4,3,2024-05-10
LFB004340,L022,4,4,3,5,3,4,3,4,2,3,2024-05-10
LFB004341,L023,5,5,4,5,5,5,5,4,4,5,2024-05-10
LFB004342,L010,4,5,4,4,4,5,4,4,3,3,2024-05-10
LFB004343,L014,5,5,5,5,3,4,4,5,3,3,2024-05-10
LFB004344,L010,5,3,3,3,4,5,3,5,4,4,2024-05-10
LFB004345,L003,2,3,3,3,4,3,4,4,5,3,2024-05-10
LFB004346,L025,4,5,4,4,4,5,3,5,3,5,2024-05-10
LFB004347,L022,4,5,4,3,5,5,3,5,3,3,2024-05-10
LFB004348,L007,3,3,3,4,4,3,4,4,2,3,2024-05-10
LFB004349,L024,3,3,4,4,4,4,4,5,4,5,2024-05-10
LFB004350,L003,2,3,2,4,5,5,4,3,5,4,2024-05-11
LFB004351,L016,5,4,5,5,4,5,4,5,5,5,2024-05-11
LFB004352,L014,3,5,4,5,3,4,4,5,4,5,2024-05-11
LFB004353,L013,3,4,5,3,3,3,4,3,4,2,2024-05-11
LFB004354,L026,4,5,5,4,4,4,4,5,5,4,2024-05-11
LFB004355,L005,4,5,3,4,4,3,4,5,4,4,2024-05-11
LFB004356,L001,5,5,4,5,3,3,5,5,5,3,2024-05-11
LFB004357,L023,4,3,4,4,4,4,3,4,4,5,2024-05-11
LFB004358,L012,3,4,4,3,3,4,3,4,4,4,2024-05-11
LFB004359,L017,4,2,4,4,5,4,4,3,4,4,2024-05-12
LFB004360,L022,5,5,4,4,5,5,5,4,3,5,2024-05-12
LFB004361,L005,5,4,4,4,5,4,3,4,4,5,2024-05-12
LFB004362,L014,4,4,5,3,4,5,3,5,5,5,2024-05-12
LFB004363,L019,5,4,3,4,5,5,5,4,5,5,2024-05-12
LFB004364,L007,5,5,4,4,5,5,5,5,5,5,2024-05-12
LFB004365,L014,3,5,3,5,4,5,3,5,5,4,2024-05-12
LFB004366,L010,3,4,4,4,5,5,4,4,4,5,2024-05-12
LFB004367,L021,3,2,3,5,3,3,4,3,3,4,2024-05-12
LFB004368,L002,5,3,4,2,3,4,2,3,4,4,2024-05-12
LFB004369,L010,4,3,4,5,5,2,3,4,5,4,2024-05-12
LFB004370,L022,3,3,2,4,5,4,4,4,4,5,2024-05-12
LFB004371,L025,5,5,4,3,5,4,5,5,3,5,2024-05-12
LFB004372,L001,3,3,4,2,5,4,3,4,5,5,2024-05-12
LFB004373,L007,5,5,4,5,5,3,5,4,3,5,2024-05-13
LFB004374,L024,4,4,5,4,4,5,3,5,5,5,2024-05-13
LFB004375,L012,4,4,5,5,5,4,2,5,4,5,2024-05-13
LFB004376,L014,4,4,4,4,2,4,2,5,4,3,2024-05-13
LFB004377,L015,3,4,3,4,4,3,3,4,5,4,2024-05-13
LFB004378,L015,3,2,3,3,3,5,2,4,3,4,2024-05-13
LFB004379,L019,3,5,3,5,4,5,5,4,5,5,2024-05-13
LFB004380,L022,4,4,4,5,5,3,5,5,3,5,2024-05-13
LFB004381,L025,3,4,4,3,3,5,2,3,3,2,2024-05-13
LFB004382,L016,4,5,4,5,5,5,4,5,5,5,2024-05-13
LFB004383,L005,4,5,2,5,4,4,3,4,4,5,2024-05-13
LFB004384,L007,3,2,4,4,3,4,3,3,5,3,2024-05-13
LFB004385,L024,4,5,4,4,4,4,5,5,4,5,2024-05-14
LFB004386,L023,4,5,4,4,4,4,3,3,3,4,2024-05-14
LFB004387,L007,5,4,4,3,3,5,4,4,3,5,2024-05-14
LFB004388,L001,5,4,3,5,4,5,4,5,5,5,2024-05-14
LFB004389,L021,3,5,5,5,5,4,5,4,5,5,2024-05-14
LFB004390,L008,5,4,3,3,5,5,5,3,4,3,2024-05-14
LFB004391,L003,4,5,3,4,4,5,4,4,4,4,2024-05-14
LFB004392,L002,4,2,4,4,3,4,3,5,3,4,2024-05-14
LFB004393,L016,4,3,3,3,4,5,5,4,4,5,2024-05-14
LFB004394,L011,3,5,3,5,3,5,4,4,4,4,2024-05-14
LFB004395,L012,3,5,3,4,5,5,4,4,5,4,2024-05-15
LFB004396,L006,5,5,3,5,5,5,5,3,5,4,2024-05-15
LFB004397,L011,4,4,4,4,5,4,5,4,5,5,2024-05-15
LFB004398,L022,1,3,5,4,3,5,4,4,5,5,2024-05-15
LFB004399,L012,3,3,2,5,4,4,4,4,4,5,2024-05-15
LFB004400,L012,5,4,4,4,5,5,5,4,5,4,2024-05-15
LFB004401,L021,3,4,2,4,4,5,2,5,3,3,2024-05-15
LFB004402,L015,4,4,4,4,3,3,3,4,4,5,2024-05-15
LFB004403,L026,3,4,4,5,4,3,5,5,4,3,2024-05-15
LFB004404,L016,3,4,5,3,3,4,4,4,5,5,2024-05-15
LFB004405,L001,5,3,4,5,5,5,4,4,4,4,2024-05-15
LFB004406,L008,3,3,4,4,4,4,4,5,4,3,2024-05-15
LFB004407,L010,5,4,4,4,3,3,4,4,5,4,2024-05-15
LFB004408,L020,2,4,4,4,4,3,3,3,3,4,2024-05-15
LFB004409,L021,3,5,4,3,3,4,2,5,3,3,2024-05-15
LFB004410,L017,5,4,2,4,2,5,5,4,4,5,2024-05-15
LFB004411,L018,3,4,4,4,4,5,3,5,4,5,2024-05-15
LFB004412,L006,5,5,4,5,5,4,4,3,4,5,2024-05-15
LFB004413,L014,4,3,5,3,3,5,3,4,4,4,2024-05-15
LFB004414,L011,2,5,4,4,4,3,4,3,4,4,2024-05-15
LFB004415,L016,5,4,5,3,4,4,4,4,4,4,2024-05-15
LFB004416,L011,4,4,4,4,4,4,5,5,5,5,2024-05-16
LFB004417,L026,3,4,5,4,4,5,5,5,5,5,2024-05-16
LFB004418,L025,5,3,3,5,4,4,2,3,3,2,2024-05-16
LFB004419,L011,4,5,3,3,4,4,4,3,4,4,2024-05-16
LFB004420,L004,5,4,4,3,4,5,4,5,4,5,2024-05-16
LFB004421,L021,4,5,4,5,5,5,5,4,5,3,2024-05-16
LFB004422,L012,3,4,4,5,5,4,4,4,4,4,2024-05-16
LFB004423,L021,3,4,4,2,4,4,5,4,4,4,2024-05-16
LFB004424,L020,3,3,5,5,3,5,5,3,4,5,2024-05-16
LFB004425,L006,4,5,5,4,4,2,4,5,3,5,2024-05-17
LFB004426,L001,4,4,3,3,4,5,4,5,3,5,2024-05-17
LFB004427,L008,5,3,4,5,4,3,5,5,4,5,2024-05-17
LFB004428,L020,4,5,4,5,4,5,5,4,5,5,2024-05-17
LFB004429,L014,5,5,4,5,5,5,5,4,4,3,2024-05-17
LFB004430,L023,5,4,5,5,4,4,3,3,5,5,2024-05-17
LFB004431,L016,3,3,5,4,2,3,4,4,3,3,2024-05-17
LFB004432,L020,4,4,5,3,5,4,3,4,3,4,2024-05-17
LFB004433,L004,4,4,4,4,3,4,4,4,4,5,2024-05-17
LFB004434,L013,4,5,4,5,4,5,5,5,3,5,2024-05-17
LFB004435,L010,4,4,4,5,4,4,5,4,3,5,2024-05-17
LFB004436,L001,4,3,5,5,4,5,4,3,3,5,2024-05-17
LFB004437,L024,4,4,4,5,3,5,2,5,4,5,2024-05-17
LFB004438,L024,4,4,4,4,4,4,5,4,5,4,2024-05-17
LFB004439,L026,3,5,5,4,3,3,4,3,3,4,2024-05-18
LFB004440,L026,3,5,3,4,3,5,4,3,5,4,2024-05-18
LFB004441,L003,3,5,5,5,5,4,3,3,4,5,2024-05-18
LFB004442,L023,5,5,5,4,5,5,5,5,5,5,2024-05-18
LFB004443,L021,2,3,4,2,4,4,2,3,4,3,2024-05-18
LFB004444,L014,5,4,3,5,3,5,5,4,4,5,2024-05-18
LFB004445,L018,4,3,4,5,4,5,5,4,4,5,2024-05-18
LFB004446,L015,4,4,4,4,5,4,4,5,3,5,2024-05-18
LFB004447,L019,5,5,4,4,4,5,5,4,4,4,2024-05-18
LFB004448,L021,4,4,3,4,5,4,3,5,3,4,2024-05-18
LFB004449,L016,3,2,4,5,3,4,4,3,4,5,2024-05-18
LFB004450,L023,5,5,3,4,4,3,5,3,4,4,2024-05-18
LFB004451,L010,3,4,4,3,3,4,3,2,3,3,2024-05-18
LFB004452,L026,4,5,5,4,3,3,5,3,3,4,2024-05-18
LFB004453,L026,3,3,3,5,5,4,3,4,3,3,2024-05-18
LFB004454,L015,3,3,3,3,4,3,2,5,4,4,2024-05-18
LFB004455,L010,4,5,4,5,5,4,4,5,5,5,2024-05-18
LFB004456,L011,4,5,4,4,5,5,5,5,5,5,2024-05-19
LFB004457,L004,4,4,5,5,4,4,4,5,3,5,2024-05-19
LFB004458,L011,4,4,5,4,5,5,5,5,3,5,2024-05-19
LFB004459,L026,4,4,5,5,5,5,3,5,4,4,2024-05-19
LFB004460,L010,5,5,3,5,5,4,5,3,4,4,2024-05-19
LFB004461,L012,4,4,5,4,3,4,3,4,3,4,2024-05-19
LFB004462,L010,4,3,4,4,3,4,4,3,5,5,2024-05-19
LFB004463,L011,4,4,2,5,5,5,5,5,4,4,2024-05-19
LFB004464,L023,4,4,5,3,2,4,5,4,4,5,2024-05-19
LFB004465,L019,4,3,3,5,5,3,5,4,4,4,2024-05-19
LFB004466,L002,3,1,2,4,4,4,4,4,4,5,2024-05-19
LFB004467,L020,2,3,3,4,4,4,2,3,4,3,2024-05-19
LFB004468,L017,2,2,4,4,4,3,3,3,5,3,2024-05-19
LFB004469,L023,4,2,3,5,5,4,5,4,3,5,2024-05-19
LFB004470,L004,5,5,4,5,5,5,4,5,4,5,2024-05-19
LFB004471,L024,3,4,3,4,5,5,4,3,3,5,2024-05-19
LFB004472,L025,3,3,3,5,3,4,5,5,4,3,2024-05-19
LFB004473,L010,3,3,4,5,5,4,5,5,5,5,2024-05-19
LFB004474,L023,3,4,4,5,4,3,3,5,5,4,2024-05-19
LFB004475,L023,4,2,2,2,4,3,4,4,2,4,2024-11-10
LFB004476,L014,5,4,4,3,4,4,2,3,5,3,2024-11-10
LFB004477,L001,5,5,4,2,3,5,5,5,4,5,2024-11-10
LFB004478,L010,4,4,3,4,3,4,4,4,4,4,2024-11-10
LFB004479,L021,3,4,3,3,2,3,4,4,4,2,2024-11-10
LFB004480,L021,5,3,5,4,4,3,4,5,4,3,2024-11-10
LFB004481,L009,4,5,3,3,4,3,3,5,4,5,2024-11-10
LFB004482,L010,3,3,3,4,3,4,4,4,5,4,2024-11-10
LFB004483,L025,4,5,4,3,4,4,3,4,4,5,2024-11-10
LFB004484,L003,3,5,4,4,5,4,4,4,4,4,2024-11-10
LFB004485,L010,4,4,2,2,3,3,4,5,3,4,2024-11-10
LFB004486,L020,5,4,4,4,5,3,5,4,5,4,2024-11-10
LFB004487,L016,5,4,3,4,4,4,4,5,4,3,2024-11-10
LFB004488,L025,5,4,3,4,4,5,5,5,5,4,2024-11-10
LFB004489,L011,3,5,4,3,4,4,5,4,5,4,2024-11-10
LFB004490,L024,5,3,5,3,5,5,4,5,3,5,2024-11-10
LFB004491,L001,3,4,5,4,5,3,2,4,3,4,2024-11-10
LFB004492,L026,4,4,3,2,3,3,2,2,4,2,2024-11-10
LFB004493,L002,5,5,3,4,3,5,5,4,5,5,2024-11-11
LFB004494,L012,2,3,3,5,4,3,3,3,5,4,2024-11-11
LFB004495,L003,5,4,3,4,4,3,4,5,2,4,2024-11-11
LFB004496,L006,4,4,4,4,5,2,3,4,3,5,2024-11-11
LFB004497,L008,5,5,4,4,4,3,5,3,4,5,2024-11-11
LFB004498,L001,4,4,3,4,3,4,3,4,4,4,2024-11-11
LFB004499,L002,4,4,4,3,5,3,4,5,5,3,2024-11-11
LFB004500,L013,5,3,4,4,3,5,5,5,3,4,2024-11-11
LFB004501,L014,3,5,3,5,5,5,4,3,5,3,2024-11-11
LFB004502,L012,4,3,3,4,3,4,3,4,4,3,2024-11-11
LFB004503,L018,4,3,3,3,3,4,5,4,4,5,2024-11-11
LFB004504,L001,5,4,5,4,5,4,5,4,4,5,2024-11-12
LFB004505,L010,4,3,4,3,4,5,4,3,4,5,2024-11-12
LFB004506,L013,3,4,3,5,5,4,4,4,2,4,2024-11-12
LFB004507,L026,4,4,4,5,4,5,3,4,3,5,2024-11-12
LFB004508,L017,5,3,4,4,5,5,4,4,1,4,2024-11-12
LFB004509,L002,4,3,4,5,5,5,4,5,4,4,2024-11-12
LFB004510,L026,4,2,3,4,4,4,4,3,5,5,2024-11-12
LFB004511,L016,5,3,4,4,3,5,3,4,4,5,2024-11-12
LFB004512,L012,4,4,5,4,4,3,4,5,4,3,2024-11-12
LFB004513,L019,2,3,3,4,4,4,3,2,4,3,2024-11-12
LFB004514,L002,4,2,5,5,5,3,4,3,4,4,2024-11-12
LFB004515,L015,2,4,4,1,4,3,3,4,5,3,2024-11-12
LFB004516,L005,5,5,5,5,4,5,5,5,5,5,2024-11-12
LFB004517,L007,5,3,5,5,5,5,5,4,3,4,2024-11-12
LFB004518,L016,4,2,4,3,4,2,2,3,3,4,2024-11-12
LFB004519,L003,5,5,3,5,4,5,5,5,5,5,2024-11-12
LFB004520,L007,5,5,5,4,5,4,5,5,4,5,2024-11-12
LFB004521,L009,3,3,2,3,3,4,2,3,4,4,2024-11-12
LFB004522,L016,5,4,3,4,4,3,3,3,4,4,2024-11-12
LFB004523,L015,4,5,4,5,5,4,5,5,5,3,2024-11-13
LFB004524,L001,3,4,3,4,2,4,5,5,3,4,2024-11-13
LFB004525,L005,3,5,4,4,4,4,5,4,5,4,2024-11-13
LFB004526,L014,3,3,3,5,5,4,4,4,4,4,2024-11-13
LFB004527,L020,5,5,4,5,4,5,3,5,5,4,2024-11-13
LFB004528,L021,3,4,3,4,5,4,4,4,5,3,2024-11-13
LFB004529,L008,5,5,4,4,4,5,4,5,4,5,2024-11-13
LFB004530,L024,4,3,4,3,4,4,5,4,3,5,2024-11-13
LFB004531,L007,4,4,4,4,4,4,4,5,5,3,2024-11-13
LFB004532,L003,5,2,3,4,5,4,4,3,4,4,2024-11-13
LFB004533,L012,4,4,3,3,4,5,5,4,3,5,2024-11-14
LFB004534,L015,4,4,4,4,4,3,3,5,5,5,2024-11-14
LFB004535,L018,4,5,4,3,4,4,3,4,4,4,2024-11-14
LFB004536,L026,4,3,5,3,4,4,4,4,4,3,2024-11-14
LFB004537,L013,4,4,3,2,3,4,5,4,4,4,2024-11-14
LFB004538,L002,4,4,3,3,1,3,4,3,2,4,2024-11-14
LFB004539,L025,3,3,5,4,4,4,4,5,5,3,2024-11-14
LFB004540,L009,5,5,5,4,4,5,3,4,4,3,2024-11-14
LFB004541,L023,5,4,3,5,3,4,5,3,5,5,2024-11-14
LFB004542,L003,5,4,5,5,2,5,5,4,4,4,2024-11-14
LFB004543,L015,5,2,2,3,3,5,4,4,3,5,2024-11-14
LFB004544,L025,3,4,5,4,5,3,3,5,4,5,2024-11-14
LFB004545,L004,5,5,4,5,5,5,3,5,5,4,2024-11-14
LFB004546,L025,4,3,3,3,4,4,5,4,4,5,2024-11-14
LFB004547,L021,3,5,4,4,4,3,4,2,5,4,2024-11-14
LFB004548,L021,3,2,4,3,5,5,2,5,4,4,2024-11-14
LFB004549,L017,3,3,4,4,2,4,5,4,4,5,2024-11-14
LFB004550,L011,4,3,3,3,3,3,3,4,3,3,2024-11-14
LFB004551,L010,3,5,3,3,2,3,4,4,4,4,2024-11-15
LFB004552,L015,3,3,5,4,3,4,3,4,5,4,2024-11-15
LFB004553,L021,3,3,4,4,4,5,2,5,4,5,2024-11-15
LFB004554,L016,4,4,3,2,3,5,4,4,5,5,2024-11-15
LFB004555,L023,4,4,2,3,4,4,3,4,3,5,2024-11-15
LFB004556,L026,4,4,2,3,5,4,4,4,4,5,2024-11-15
LFB004557,L007,4,4,4,5,5,4,4,4,5,5,2024-11-15
LFB004558,L018,4,4,4,4,2,5,4,5,4,4,2024-11-15
LFB004559,L020,3,4,3,4,4,4,4,3,3,4,2024-11-15
LFB004560,L026,4,5,3,4,4,3,3,3,4,4,2024-11-15
LFB004561,L021,4,2,2,3,2,2,2,4,2,3,2024-11-15
LFB004562,L023,2,5,3,4,4,4,4,3,2,5,2024-11-15
LFB004563,L001,5,4,3,5,5,5,3,4,4,5,2024-11-15
LFB004564,L002,4,5,4,5,4,4,3,3,5,4,2024-11-15
LFB004565,L008,4,5,4,4,3,3,5,4,5,4,2024-11-15
LFB004566,L017,5,5,5,5,2,3,3,2,4,5,2024-11-15
LFB004567,L018,5,4,4,5,4,4,4,4,5,5,2024-11-15
LFB004568,L004,5,5,5,5,5,5,5,5,5,5,2024-11-16
LFB004569,L007,3,4,5,3,2,3,4,3,3,3,2024-11-16
LFB004570,L017,5,4,3,5,4,4,5,4,5,3,2024-11-16
LFB004571,L005,2,4,4,5,5,4,4,4,5,5,2024-11-16
LFB004572,L005,5,5,4,3,3,5,4,5,5,4,2024-11-16
LFB004573,L026,5,4,4,4,5,5,3,4,3,3,2024-11-16
LFB004574,L019,4,4,5,3,4,4,2,4,4,5,2024-11-16
LFB004575,L025,4,4,4,4,4,5,4,5,3,5,2024-11-16
LFB004576,L024,4,2,2,1,4,4,4,4,3,3,2024-11-16
LFB004577,L026,5,5,5,5,4,4,4,5,4,5,2024-11-16
LFB004578,L011,2,3,4,4,4,4,3,4,2,3,2024-11-16
LFB004579,L022,4,3,3,2,5,5,3,4,4,3,2024-11-16
LFB004580,L022,5,4,4,4,3,5,5,4,5,5,2024-11-16
LFB004581,L005,4,4,4,5,5,3,4,4,5,4,2024-11-16
LFB004582,L016,5,4,5,5,4,5,5,5,4,4,2024-11-16
LFB004583,L015,4,3,4,4,4,5,2,2,4,4,2024-11-16
LFB004584,L005,4,5,3,4,3,5,3,4,4,4,2024-11-17
LFB004585,L016,4,5,4,4,4,5,5,5,5,4,2024-11-17
LFB004586,L015,4,3,5,3,2,4,2,4,4,3,2024-11-17
LFB004587,L026,4,5,4,4,3,3,4,4,5,5,2024-11-17
LFB004588,L009,5,5,5,5,5,5,5,5,4,4,2024-11-17
LFB004589,L010,4,4,3,2,2,2,3,2,4,2,2024-11-17
LFB004590,L026,4,4,4,3,2,5,4,3,4,4,2024-11-17
LFB004591,L018,4,2,4,3,5,5,2,4,4,4,2024-11-17
LFB004592,L006,2,3,2,4,5,4,5,4,2,5,2024-11-17
LFB004593,L015,3,3,3,5,2,5,5,5,3,4,2024-11-17
LFB004594,L024,3,3,4,5,5,4,3,3,3,5,2024-11-17
LFB004595,L001,2,4,5,4,5,4,4,3,4,5,2024-11-17
LFB004596,L022,4,5,4,5,5,3,4,5,2,5,2024-11-18
LFB004597,L017,4,4,2,3,4,3,5,2,4,3,2024-11-18
LFB004598,L009,4,3,3,3,4,5,2,3,3,4,2024-11-18
LFB004599,L016,5,5,4,5,4,4,4,4,3,5,2024-11-18
LFB004600,L003,5,4,5,5,5,4,4,5,5,5,2024-11-18
LFB004601,L019,5,5,5,5,5,5,5,4,4,4,2024-11-18
LFB004602,L001,3,3,3,3,4,4,4,5,3,3,2024-11-18
LFB004603,L015,5,4,3,5,5,4,4,4,5,4,2024-11-18
LFB004604,L001,5,4,4,3,3,3,5,5,4,5,2024-11-18
LFB004605,L013,4,3,5,5,3,5,5,4,3,5,2024-11-18
LFB004606,L012,4,5,3,5,2,5,5,5,4,3,2024-11-18
LFB004607,L010,4,3,4,4,4,4,5,5,3,4,2024-11-18
LFB004608,L021,3,3,3,5,5,5,4,3,4,3,2024-11-18
LFB004609,L011,3,4,4,5,4,4,4,4,2,5,2024-11-18
LFB004610,L007,4,3,5,3,4,5,4,5,4,4,2024-11-18
LFB004611,L009,5,5,3,3,5,3,4,5,4,3,2024-11-18
LFB004612,L005,4,5,4,4,5,4,4,3,3,3,2024-11-18
LFB004613,L002,4,5,5,4,2,4,3,4,5,3,2024-11-18
LFB004614,L014,3,3,3,2,4,5,3,4,3,4,2024-11-18
LFB004615,L020,3,4,4,3,3,4,3,4,5,3,2024-11-18
LFB004616,L016,3,3,3,2,4,4,5,4,5,4,2024-11-18
LFB004617,L021,3,4,3,5,2,3,2,3,2,4,2024-11-19
LFB004618,L018,4,3,4,3,5,3,3,4,4,5,2024-11-19
LFB004619,L014,4,4,4,4,4,4,5,5,5,2,2024-11-19
LFB004620,L012,3,2,3,2,4,4,4,5,4,4,2024-11-19
LFB004621,L022,5,4,4,3,5,4,3,4,4,5,2024-11-19
LFB004622,L001,5,4,4,4,3,5,4,4,4,4,2024-11-19
LFB004623,L008,3,5,5,4,5,5,4,3,3,5,2024-11-19
LFB004624,L011,5,4,4,3,4,4,3,5,2,4,2024-11-19
LFB004625,L016,2,4,5,3,4,5,2,4,3,3,2024-11-19
LFB004626,L008,2,4,5,4,4,4,5,3,5,5,2024-11-19
LFB004627,L018,3,3,4,5,5,4,4,4,4,2,2024-11-19
LFB004628,L026,4,5,4,3,3,5,4,5,5,5,2024-11-19
LFB004629,L023,3,5,3,5,5,3,4,4,3,4,2024-11-19
LFB004630,L012,4,4,5,3,5,5,4,3,4,5,2024-11-19
LFB004631,L006,4,4,4,5,4,3,5,4,5,4,2024-11-19
LFB004632,L010,4,3,4,3,3,3,3,2,4,5,2024-11-19
LFB004633,L026,5,5,5,4,4,3,4,4,4,5,2024-11-19
LFB004634,L004,3,4,5,4,4,4,5,3,3,4,2024-11-19
LFB004635,L026,4,5,5,5,4,5,5,5,3,5,2024-11-19
LFB004636,L025,5,3,4,2,3,3,4,3,4,3,2024-11-19
LFB004637,L018,3,4,3,2,3,3,5,5,2,5,2024-11-19
LFB004638,L012,4,3,3,4,3,4,5,2,4,4,2024-11-20
LFB004639,L026,4,4,3,5,4,5,5,2,5,3,2024-11-20
LFB004640,L010,4,5,3,5,4,5,4,4,3,3,2024-11-20
LFB004641,L021,5,1,4,3,5,4,3,3,5,4,2024-11-20
LFB004642,L020,3,4,3,3,5,3,3,4,2,5,2024-11-20
LFB004643,L014,4,4,3,4,3,3,3,3,3,5,2024-11-20
LFB004644,L009,5,3,3,3,5,4,2,4,2,5,2024-11-20
LFB004645,L010,4,3,4,4,3,5,4,4,4,4,2024-11-20
LFB004646,L019,3,4,4,3,5,5,2,4,4,5,2024-11-20
LFB004647,L018,4,4,3,3,2,5,3,3,4,4,2024-11-20
LFB004648,L007,4,3,5,4,4,5,5,4,5,5,2024-11-20
LFB004649,L004,3,3,2,4,3,3,2,1,3,3,2024-11-20
LFB004650,L026,5,4,5,4,5,4,5,3,4,4,2024-11-20
LFB004651,L002,3,2,2,2,3,3,3,5,3,3,2024-11-20
LFB004652,L020,3,4,5,5,5,3,3,4,3,4,2024-11-20
LFB004653,L016,5,4,2,5,5,3,5,3,4,5,2024-11-21
LFB004654,L025,5,5,5,5,5,5,4,4,5,3,2024-11-21
LFB004655,L006,4,4,4,5,4,5,4,4,4,4,2024-11-21
LFB004656,L025,4,4,4,3,5,4,5,3,4,3,2024-11-21
LFB004657,L010,5,5,5,4,4,3,4,3,3,3,2024-11-21
LFB004658,L010,5,2,4,4,4,4,5,4,4,3,2024-11-21
LFB004659,L009,4,5,5,4,4,4,4,4,5,4,2024-11-21
LFB004660,L020,4,4,3,4,3,4,5,4,4,4,2024-11-21
LFB004661,L013,5,5,4,4,5,5,5,3,4,5,2024-11-21
LFB004662,L020,4,4,5,4,3,4,4,3,3,3,2024-11-21
LFB004663,L026,3,3,3,3,4,5,2,5,4,5,2024-11-21
LFB004664,L002,5,3,5,4,3,5,2,5,3,3,2024-11-21
LFB004665,L003,4,5,5,5,3,4,5,5,4,4,2024-11-21
LFB004666,L004,4,5,5,5,5,4,4,5,4,4,2024-11-21
LFB004667,L018,4,5,4,4,4,5,4,5,5,5,2024-11-21
LFB004668,L011,3,4,5,5,5,3,5,5,3,5,2024-11-21
LFB004669,L014,3,3,4,3,4,5,4,4,5,4,2024-11-21
LFB004670,L001,3,3,4,5,4,5,3,3,4,5,2024-11-21
LFB004671,L013,3,5,4,5,5,2,5,4,4,4,2024-11-21
LFB004672,L009,3,4,2,3,4,4,4,3,3,4,2024-11-22
LFB004673,L020,4,4,4,4,3,3,3,4,5,5,2024-11-22
LFB004674,L022,4,3,3,2,3,2,3,5,3,4,2024-11-22
LFB004675,L005,4,5,5,3,4,3,4,4,4,5,2024-11-22
LFB004676,L016,4,4,4,3,4,3,5,5,4,4,2024-11-22
LFB004677,L001,3,1,3,4,4,4,3,4,3,5,2024-11-22
LFB004678,L013,5,4,5,5,3,5,5,5,4,5,2024-11-22
LFB004679,L002,3,5,4,3,4,5,4,4,3,4,2024-11-22
LFB004680,L020,4,5,3,5,4,5,5,5,5,3,2024-11-22
LFB004681,L021,4,4,5,4,5,3,4,5,4,4,2024-11-22
LFB004682,L007,5,3,4,4,4,5,5,4,4,5,2024-11-22
LFB004683,L006,5,4,3,5,3,4,5,5,4,3,2024-11-22
LFB004684,L016,3,5,4,4,5,4,4,3,4,5,2024-11-22
LFB004685,L021,3,2,4,3,5,3,4,4,5,5,2024-11-22
LFB004686,L009,4,3,1,4,2,4,2,5,4,3,2024-11-22
LFB004687,L008,3,4,3,5,4,4,5,4,3,5,2024-11-22
LFB004688,L007,4,3,1,3,4,3,2,4,2,4,2024-11-22
LFB004689,L021,5,3,4,5,4,4,3,4,3,5,2024-11-22
LFB004690,L025,4,4,3,3,5,5,4,5,3,4,2024-11-23
LFB004691,L025,5,4,5,4,5,5,4,5,5,5,2024-11-23
LFB004692,L024,4,5,5,3,3,4,4,3,2,5,2024-11-23
LFB004693,L003,3,4,5,3,5,4,5,4,4,3,2024-11-23
LFB004694,L003,4,4,4,4,4,4,2,3,4,4,2024-11-23
LFB004695,L016,3,4,4,5,5,3,5,5,5,4,2024-11-23
LFB004696,L023,3,3,4,5,5,4,3,4,4,4,2024-11-23
LFB004697,L013,3,5,3,4,5,4,5,5,5,5,2024-11-23
LFB004698,L017,4,5,4,5,4,5,4,5,5,4,2024-11-23
LFB004699,L023,5,4,3,5,4,3,3,5,4,5,2024-11-23
LFB004700,L010,5,5,3,4,4,4,3,4,4,4,2024-11-23
LFB004701,L004,4,4,5,3,5,5,4,5,5,4,2024-11-23
LFB004702,L014,5,4,3,4,5,4,5,5,5,4,2024-11-23
LFB004703,L015,3,5,3,5,3,4,4,4,2,5,2024-11-23
LFB004704,L003,2,3,3,4,3,4,3,2,3,4,2024-11-23
LFB004705,L022,5,2,2,1,3,3,5,5,2,2,2024-11-23
LFB004706,L020,5,5,4,4,5,4,3,4,4,5,2024-11-23
LFB004707,L024,4,3,4,3,4,5,4,2,4,4,2024-11-23
LFB004708,L014,2,4,4,5,4,3,4,5,4,5,2024-11-23
LFB004709,L013,4,4,4,5,3,2,3,4,5,4,2024-11-23
LFB004710,L011,3,4,5,5,5,4,5,5,5,3,2024-11-23
LFB004711,L001,5,4,4,5,5,4,5,4,4,4,2024-11-24
LFB004712,L022,3,5,4,5,4,5,3,5,5,3,2024-11-24
LFB004713,L016,4,3,3,4,5,5,5,5,5,5,2024-11-24
LFB004714,L024,3,4,2,3,5,4,3,2,4,4,2024-11-24
LFB004715,L007,5,5,4,4,4,3,2,5,5,5,2024-11-24
LFB004716,L021,5,5,4,4,4,5,4,3,4,5,2024-11-24
LFB004717,L001,3,4,5,3,3,4,3,3,5,4,2024-11-24
LFB004718,L021,4,3,5,3,3,5,3,4,4,4,2024-11-24
LFB004719,L010,4,4,4,4,5,5,3,5,4,5,2024-11-24
LFB004720,L026,2,2,2,4,3,3,3,4,4,4,2024-11-24
LFB004721,L021,5,3,4,4,4,4,3,4,5,4,2024-11-24
LFB004722,L015,3,5,3,4,5,4,3,5,5,3,2024-11-24
LFB004723,L012,4,3,3,4,3,4,4,4,4,2,2024-11-24
LFB004724,L002,4,4,4,5,5,4,4,5,5,4,2024-11-24
LFB004725,L010,4,5,3,3,4,4,4,4,4,2,2024-11-24
LFB004726,L026,4,4,4,3,5,3,3,5,5,4,2024-11-24
LFB004727,L001,3,3,4,5,4,5,2,4,4,3,2024-11-24
LFB004728,L016,4,5,5,5,5,5,5,4,5,4,2024-11-24
LFB004729,L019,4,5,4,4,4,5,5,5,5,4,2024-11-24
LFB004730,L010,5,4,4,4,4,5,4,5,3,5,2024-11-24
LFB004731,L002,5,4,3,5,5,4,4,4,5,5,2024-11-24
LFB004732,L003,4,5,5,4,4,5,4,5,4,5,2024-11-25
LFB004733,L022,5,5,3,4,5,4,5,5,4,3,2024-11-25
LFB004734,L026,4,4,4,4,3,4,3,5,2,3,2024-11-25
LFB004735,L026,5,5,5,5,4,2,3,4,5,5,2024-11-25
LFB004736,L022,2,5,3,3,4,3,4,5,3,5,2024-11-25
LFB004737,L010,5,4,3,5,4,4,4,5,3,5,2024-11-25
LFB004738,L021,5,4,4,3,3,4,4,4,2,5,2024-11-25
LFB004739,L021,2,3,4,4,5,3,4,4,5,2,2024-11-25
LFB004740,L015,5,5,4,5,4,3,5,5,4,5,2024-11-25
LFB004741,L026,5,4,4,3,4,2,4,2,3,3,2024-11-25
LFB004742,L020,4,3,5,4,4,4,4,3,5,4,2024-11-25
LFB004743,L024,2,4,4,5,3,2,4,2,5,5,2024-11-25
LFB004744,L020,4,5,5,5,5,5,5,5,5,5,2024-11-25
LFB004745,L026,5,4,4,3,3,4,3,5,3,4,2024-11-25
LFB004746,L020,3,3,5,5,3,5,3,3,5,3,2024-11-26
LFB004747,L002,4,4,4,4,5,3,4,5,4,4,2024-11-26
LFB004748,L010,3,4,3,3,2,3,3,4,2,4,2024-11-26
LFB004749,L011,5,4,4,4,4,5,5,5,5,5,2024-11-26
LFB004750,L003,4,3,4,5,4,5,5,4,4,5,2024-11-26
LFB004751,L023,5,4,4,5,4,4,5,3,5,5,2024-11-26
LFB004752,L016,4,4,5,5,4,4,4,3,4,4,2024-11-26
LFB004753,L013,5,5,4,5,4,5,4,5,5,5,2024-11-26
LFB004754,L009,5,4,5,4,4,4,4,3,4,4,2024-11-26
LFB004755,L010,3,3,2,3,4,3,4,4,2,3,2024-11-26
LFB004756,L015,5,4,5,2,4,4,5,4,4,5,2024-11-26
LFB004757,L011,4,3,3,3,4,4,3,3,3,4,2024-11-26
LFB004758,L021,5,4,4,4,5,5,5,4,4,4,2024-11-26
LFB004759,L001,3,2,4,4,3,3,5,4,4,4,2024-11-26
LFB004760,L007,3,4,3,3,4,3,4,5,3,4,2024-11-26
LFB004761,L009,4,5,3,4,4,4,5,5,5,5,2024-11-26
LFB004762,L023,4,3,5,4,3,4,4,4,4,5,2024-11-26
LFB004763,L011,3,5,2,5,2,3,4,4,4,4,2024-11-26
LFB004764,L025,3,4,1,4,3,4,2,4,5,5,2024-11-27
LFB004765,L025,4,4,3,5,3,4,3,4,5,5,2024-11-27
LFB004766,L021,5,4,3,5,5,5,3,5,5,4,2024-11-27
LFB004767,L019,5,4,2,3,5,5,4,5,4,4,2024-11-27
LFB004768,L019,5,5,4,5,3,4,5,5,3,5,2024-11-27
LFB004769,L026,3,3,4,4,4,3,5,4,3,3,2024-11-27
LFB004770,L001,4,4,4,4,5,4,4,4,4,4,2024-11-27
LFB004771,L014,4,5,3,5,3,5,4,5,4,2,2024-11-27
LFB004772,L006,5,4,5,4,5,5,5,5,4,5,2024-11-27
LFB004773,L010,4,5,4,3,5,5,5,5,4,4,2024-11-27
LFB004774,L006,4,4,3,3,4,3,2,3,3,5,2024-11-27
LFB004775,L026,2,5,4,4,4,4,3,5,5,3,2024-11-27
LFB004776,L014,4,4,3,3,4,4,4,2,4,4,2024-11-27
LFB004777,L003,5,5,4,4,4,3,3,5,4,4,2024-11-27
LFB004778,L003,4,3,5,3,5,3,3,4,5,4,2024-11-27
LFB004779,L016,4,4,3,5,5,5,5,4,4,5,2024-11-27
LFB004780,L026,5,3,4,3,5,5,3,5,5,5,2024-11-27
LFB004781,L016,4,3,3,4,4,3,4,5,3,4,2024-11-27
LFB004782,L001,3,3,4,2,5,4,4,4,4,5,2024-11-27
LFB004783,L008,5,4,4,4,5,3,4,4,3,4,2024-11-27
LFB004784,L003,5,5,3,4,4,5,5,5,4,5,2024-11-27
LFB004785,L021,2,3,4,4,5,3,5,4,5,3,2024-11-27
LFB004786,L013,2,2,5,3,4,3,5,3,5,3,2024-11-28
LFB004787,L012,3,4,4,4,4,3,4,4,3,4,2024-11-28
LFB004788,L020,3,5,4,4,3,3,4,4,4,5,2024-11-28
LFB004789,L007,4,4,3,3,3,2,4,5,5,4,2024-11-28
LFB004790,L010,4,3,3,4,5,4,4,4,4,5,2024-11-28
LFB004791,L009,3,5,3,3,5,4,2,3,5,4,2024-11-28
LFB004792,L024,1,4,3,4,4,2,3,2,5,4,2024-11-28
LFB004793,L008,4,4,5,5,4,3,3,2,4,5,2024-11-28
LFB004794,L006,4,4,3,3,5,4,3,2,3,4,2024-11-28
LFB004795,L018,5,4,5,3,4,4,5,4,4,3,2024-11-28
LFB004796,L021,4,4,3,4,3,4,3,3,4,5,2024-11-28
LFB004797,L007,3,4,4,4,5,4,4,5,3,4,2024-11-28
LFB004798,L013,4,4,5,4,4,5,4,5,4,3,2024-11-28
LFB004799,L019,3,4,4,5,4,4,5,5,3,5,2024-11-28
LFB004800,L015,4,5,4,4,4,4,5,4,3,4,2024-11-28
LFB004801,L007,3,4,4,3,5,5,4,4,4,5,2024-11-28
LFB004802,L014,5,4,5,5,5,4,5,5,5,5,2024-11-28
LFB004803,L024,5,4,4,4,5,5,4,4,3,4,2024-11-28
LFB004804,L004,5,4,3,5,4,4,3,5,4,5,2024-11-28
LFB004805,L016,3,4,4,3,2,5,4,2,4,5,2024-11-28
LFB004806,L011,4,4,3,5,3,4,3,5,3,4,2024-11-28
LFB004807,L004,4,3,4,4,3,3,4,4,3,4,2024-11-29
LFB004808,L025,3,5,4,3,4,5,3,4,4,4,2024-11-29
LFB004809,L020,4,5,4,4,4,5,3,4,4,5,2024-11-29
LFB004810,L026,3,4,1,4,4,4,4,3,3,4,2024-11-29
LFB004811,L008,3,5,4,4,3,5,5,4,5,5,2024-11-29
LFB004812,L011,3,4,3,3,3,4,2,4,2,5,2024-11-29
LFB004813,L004,4,3,3,3,4,4,4,2,4,3,2024-11-29
LFB004814,L006,2,4,4,2,4,4,4,3,4,3,2024-11-29
LFB004815,L004,3,4,3,3,4,4,3,5,4,5,2024-11-29
LFB004816,L016,4,3,3,4,3,4,4,5,5,4,2024-11-29
LFB004817,L020,5,5,4,3,5,3,2,5,4,4,2024-11-29
LFB004818,L022,5,3,2,4,5,5,5,5,5,5,2024-11-29
LFB004819,L003,4,3,3,5,4,4,5,4,4,4,2024-11-29
LFB004820,L021,5,5,3,5,4,4,4,2,4,3,2024-11-29
LFB004821,L003,3,3,3,4,3,3,4,2,4,3,2024-11-29
LFB004822,L003,3,3,3,4,3,2,5,3,5,4,2024-11-29
LFB004823,L019,5,5,3,4,3,5,4,5,5,5,2024-11-29
LFB004824,L024,5,5,5,5,3,4,5,4,5,4,2024-11-29
LFB004825,L004,4,4,3,5,3,5,5,4,3,3,2024-11-29
LFB004826,L007,5,4,5,4,4,4,5,5,5,5,2024-11-30
LFB004827,L020,5,3,3,4,2,4,4,5,5,4,2024-11-30
LFB004828,L011,5,5,4,4,4,5,5,4,4,5,2024-11-30
LFB004829,L010,4,4,4,3,4,2,4,3,3,4,2024-11-30
LFB004830,L011,4,3,3,4,5,5,4,4,4,5,2024-11-30
LFB004831,L021,4,3,5,3,5,4,4,5,4,4,2024-11-30
LFB004832,L003,4,3,4,5,3,4,5,5,2,5,2024-11-30
LFB004833,L001,4,3,4,5,4,5,5,4,4,5,2024-11-30
LFB004834,L023,5,3,5,3,4,3,4,4,5,5,2024-11-30
LFB004835,L007,4,5,4,5,5,5,4,5,4,5,2024-11-30
LFB004836,L012,2,2,5,3,3,2,4,3,3,4,2024-11-30
LFB004837,L002,3,3,1,4,4,5,5,4,2,3,2024-11-30
LFB004838,L014,4,2,3,3,4,5,3,4,4,4,2024-11-30
LFB004839,L015,4,4,2,4,4,4,4,3,4,5,2024-11-30
LFB004840,L020,3,4,4,4,4,5,4,3,4,4,2024-11-30
LFB004841,L009,3,4,2,4,3,3,3,2,2,4,2024-11-30
LFB004842,L014,3,5,5,4,3,4,4,3,5,5,2024-11-30
LFB004843,L024,3,4,5,5,3,4,2,4,4,5,2024-11-30
LFB004844,L011,5,3,4,5,4,4,4,3,4,3,2024-11-30
LFB004845,L026,4,5,3,4,4,5,4,5,4,5,2024-11-30
LFB004846,L001,2,5,3,5,3,3,3,4,2,4,2024-11-30
LFB004847,L013,4,4,3,5,5,5,4,3,3,4,2024-12-01
LFB004848,L024,3,2,3,4,5,4,5,3,4,4,2024-12-01
LFB004849,L020,4,2,3,4,3,5,5,5,2,2,2024-12-01
LFB004850,L004,4,4,4,4,5,5,5,5,5,5,2024-12-01
LFB004851,L019,5,3,4,5,4,3,4,4,4,3,2024-12-01
LFB004852,L020,4,4,4,4,4,5,5,5,3,3,2024-12-01
LFB004853,L010,4,3,4,3,4,4,3,4,3,4,2024-12-01
LFB004854,L008,3,4,4,5,3,4,3,3,5,5,2024-12-01
LFB004855,L009,3,2,4,3,3,4,1,5,4,4,2024-12-01
LFB004856,L004,3,4,4,4,5,2,3,2,5,4,2024-12-01
LFB004857,L012,5,5,2,5,3,5,4,4,3,3,2024-12-01
LFB004858,L011,4,5,4,5,5,5,4,5,3,4,2024-12-01
LFB004859,L015,5,5,3,4,5,5,3,5,4,5,2024-12-01
LFB004860,L023,4,4,4,3,5,3,4,4,4,5,2024-12-01
LFB004861,L012,5,5,5,4,5,4,3,5,5,4,2024-12-01
LFB004862,L010,3,2,3,4,4,4,5,4,5,3,2024-12-01
LFB004863,L009,5,4,3,4,4,3,4,4,5,4,2024-12-01
LFB004864,L002,2,4,2,3,2,4,2,3,4,3,2024-12-01
LFB004865,L010,5,5,5,5,3,5,3,4,5,4,2024-12-01
LFB004866,L015,4,4,4,3,4,4,3,5,2,2,2024-12-01
LFB004867,L010,3,3,4,3,5,5,5,4,4,3,2024-12-01
LFB004868,L020,3,5,4,4,4,5,4,3,4,5,2024-12-01
LFB004869,L001,5,5,4,3,3,5,4,3,5,4,2024-12-01
LFB004870,L023,4,4,4,3,5,4,4,4,5,4,2024-12-02
LFB004871,L015,4,5,4,4,4,3,3,4,3,5,2024-12-02
LFB004872,L021,3,5,3,4,5,5,4,2,4,4,2024-12-02
LFB004873,L026,2,5,2,3,4,4,4,3,4,4,2024-12-02
LFB004874,L020,2,4,3,3,3,3,4,4,4,4,2024-12-02
LFB004875,L008,3,4,4,3,3,4,3,4,4,3,2024-12-02
LFB004876,L023,4,5,3,5,4,3,5,4,3,5,2024-12-02
LFB004877,L006,2,5,4,2,3,2,5,4,4,2,2024-12-02
LFB004878,L002,3,4,3,2,4,3,5,3,5,3,2024-12-02
LFB004879,L026,5,5,4,4,5,5,4,5,5,5,2024-12-02
LFB004880,L011,4,4,4,3,3,4,4,3,2,5,2024-12-02
LFB004881,L003,3,5,5,3,4,4,4,4,5,5,2024-12-02
LFB004882,L003,4,3,3,5,3,3,4,4,3,5,2024-12-02
LFB004883,L022,2,3,3,3,5,4,3,4,2,2,2024-12-02
LFB004884,L017,5,3,3,2,3,4,4,3,4,3,2024-12-02
LFB004885,L012,5,3,4,5,4,5,5,5,4,2,2024-12-02
LFB004886,L016,4,2,4,3,4,5,3,5,2,4,2024-12-02
LFB004887,L012,2,4,3,2,4,3,3,5,3,4,2024-12-02
LFB004888,L001,5,5,3,5,4,4,4,3,3,4,2024-12-02
LFB004889,L020,4,4,4,5,5,4,2,5,5,5,2024-12-02
LFB004890,L003,3,3,5,4,5,5,4,4,5,5,2024-12-02
LFB004891,L020,3,5,3,4,2,3,3,5,5,4,2024-12-02
LFB004892,L005,5,5,4,5,4,4,5,4,5,4,2024-12-02
LFB004893,L013,3,4,4,4,4,4,5,3,4,5,2024-12-02
LFB004894,L026,4,5,5,3,4,5,4,5,5,3,2024-12-03
LFB004895,L026,4,4,5,4,5,4,3,4,4,3,2024-12-03
LFB004896,L019,5,5,4,4,5,4,4,4,5,5,2024-12-03
LFB004897,L025,4,3,4,5,4,5,4,5,4,5,2024-12-03
LFB004898,L001,5,4,2,4,4,3,4,4,3,2,2024-12-03
LFB004899,L024,3,3,4,5,5,4,3,5,4,4,2024-12-03
LFB004900,L020,4,4,5,4,4,5,5,3,5,5,2024-12-03
LFB004901,L021,5,3,3,3,5,4,3,3,4,4,2024-12-03
LFB004902,L007,4,4,2,5,4,4,4,5,4,4,2024-12-03
LFB004903,L025,4,4,4,5,3,4,4,4,2,3,2024-12-03
LFB004904,L015,4,5,3,4,5,4,4,3,5,5,2024-12-03
LFB004905,L026,2,4,4,3,3,3,4,3,4,5,2024-12-03
LFB004906,L026,4,5,3,5,4,3,3,4,3,4,2024-12-03
LFB004907,L022,4,5,4,4,5,3,4,4,4,4,2024-12-03
LFB004908,L013,3,2,2,5,3,4,4,5,3,3,2024-12-03
LFB004909,L012,4,4,4,3,5,3,4,4,3,5,2024-12-03
LFB004910,L010,5,5,5,5,4,5,5,4,4,5,2024-12-03
LFB004911,L007,5,3,4,4,5,5,3,3,5,4,2024-12-03
LFB004912,L015,5,2,3,4,3,4,3,4,4,2,2024-12-03
LFB004913,L009,2,4,4,4,4,4,4,4,4,5,2024-12-04
LFB004914,L025,3,2,3,3,5,3,3,5,4,3,2024-12-04
LFB004915,L001,4,5,3,3,3,3,4,4,4,4,2024-12-04
LFB004916,L023,3,5,3,5,5,4,3,4,4,5,2024-12-04
LFB004917,L011,3,2,5,4,4,5,5,5,4,5,2024-12-04
LFB004918,L013,4,3,2,4,3,4,4,4,3,3,2024-12-04
LFB004919,L025,4,4,3,5,4,4,4,3,3,5,2024-12-04
LFB004920,L025,4,5,5,4,3,4,4,3,4,3,2024-12-04
LFB004921,L010,4,4,3,4,5,4,4,5,4,2,2024-12-04
LFB004922,L008,5,4,4,5,3,3,4,3,4,4,2024-12-04
LFB004923,L002,4,5,4,4,5,5,4,4,4,5,2024-12-04
LFB004924,L013,4,5,4,4,5,5,4,4,4,5,2024-12-04
LFB004925,L011,5,5,4,5,5,4,5,3,4,4,2024-12-04
LFB004926,L023,3,5,4,4,4,3,3,3,4,4,2024-12-04
LFB004927,L014,5,5,2,3,3,3,3,4,2,3,2024-12-04
LFB004928,L024,4,4,3,4,3,4,3,4,5,5,2024-12-04
LFB004929,L013,3,3,3,3,5,4,3,2,4,3,2024-12-04
LFB004930,L025,3,2,1,3,3,3,3,2,3,3,2024-12-05
LFB004931,L005,4,5,2,3,3,4,3,4,5,3,2024-12-05
LFB004932,L004,4,4,4,5,4,4,4,3,5,4,2024-12-05
LFB004933,L013,5,4,4,4,5,4,4,5,5,5,2024-12-05
LFB004934,L026,5,5,5,5,5,4,5,4,4,5,2024-12-05
LFB004935,L010,4,4,3,5,4,5,5,5,4,4,2024-12-05
LFB004936,L002,4,5,4,3,3,4,5,3,4,2,2024-12-05
LFB004937,L010,3,3,3,4,3,4,4,3,4,3,2024-12-05
LFB004938,L013,3,4,4,4,4,2,4,3,4,5,2024-12-05
LFB004939,L015,2,4,4,3,5,3,3,3,5,3,2024-12-05
LFB004940,L021,4,4,4,5,4,4,4,3,4,5,2024-12-05
LFB004941,L017,4,2,2,4,4,4,4,5,4,4,2024-12-05
LFB004942,L016,2,4,3,4,5,2,2,3,5,3,2024-12-05
LFB004943,L020,3,3,2,4,3,4,3,3,2,5,2024-12-05
LFB004944,L023,3,5,4,4,4,3,4,4,4,4,2024-12-05
LFB004945,L015,3,4,4,2,3,3,3,3,4,4,2024-12-05
LFB004946,L026,4,5,5,4,4,5,4,3,5,4,2024-12-05
LFB004947,L020,4,4,3,5,5,4,4,5,5,4,2024-12-05
LFB004948,L020,5,5,4,3,3,4,5,5,5,3,2024-12-06
LFB004949,L003,3,3,4,3,4,3,4,3,2,4,2024-12-06
LFB004950,L015,2,4,4,4,3,3,5,5,5,3,2024-12-06
LFB004951,L020,3,3,2,4,4,4,3,2,4,3,2024-12-06
LFB004952,L024,4,2,4,3,5,5,4,3,3,5,2024-12-06
LFB004953,L026,4,4,4,3,4,5,3,5,3,5,2024-12-06
LFB004954,L013,3,4,4,5,4,3,3,4,4,4,2024-12-06
LFB004955,L016,2,4,3,3,3,3,2,5,2,3,2024-12-06
LFB004956,L024,4,4,4,5,3,5,3,4,3,4,2024-12-06
LFB004957,L001,5,2,3,4,3,3,3,4,4,4,2024-12-06
LFB004958,L023,4,2,5,3,3,2,3,4,3,4,2024-12-06
LFB004959,L019,4,4,3,4,5,4,2,4,5,5,2024-12-06
LFB004960,L014,4,5,4,5,3,3,4,4,5,4,2024-12-06
LFB004961,L017,4,3,5,4,4,4,2,4,5,3,2024-12-06
LFB004962,L020,3,3,4,2,4,3,4,5,4,4,2024-12-06
LFB004963,L003,5,4,4,3,4,3,5,5,4,4,2024-12-06
LFB004964,L026,3,3,3,3,5,5,4,5,3,4,2024-12-06
LFB004965,L026,4,4,2,4,4,5,5,5,2,2,2024-12-06
LFB004966,L026,4,4,4,4,4,5,3,4,4,5,2024-12-06
LFB004967,L007,4,4,4,4,3,4,4,4,4,4,2024-12-06
LFB004968,L014,4,4,3,5,2,5,4,4,4,4,2024-12-06
LFB004969,L021,4,3,4,3,3,4,4,4,3,3,2024-12-06
LFB004970,L014,5,4,5,3,5,4,2,4,5,5,2024-12-06
LFB004971,L014,4,5,5,4,3,5,3,4,4,5,2024-12-06
LFB004972,L020,5,4,4,4,5,4,3,4,5,5,2024-12-06
LFB004973,L005,3,5,5,5,5,5,4,5,4,5,2024-12-07
LFB004974,L019,4,2,4,3,4,4,5,4,3,5,2024-12-07
LFB004975,L023,4,4,4,5,3,3,3,4,4,5,2024-12-07
LFB004976,L018,4,3,4,5,5,5,3,4,4,4,2024-12-07
LFB004977,L015,3,5,4,4,4,5,3,5,3,3,2024-12-07
LFB004978,L006,3,3,4,4,5,3,3,4,4,4,2024-12-07
LFB004979,L021,3,4,3,3,4,5,3,3,4,3,2024-12-07
LFB004980,L021,4,4,3,3,3,5,2,3,3,4,2024-12-07
LFB004981,L010,5,5,5,4,3,5,3,5,3,4,2024-12-07
LFB004982,L024,5,5,4,4,4,4,3,5,3,4,2024-12-07
LFB004983,L007,5,4,4,4,4,4,4,4,4,5,2024-12-07
LFB004984,L022,3,4,4,4,4,5,4,5,4,4,2024-12-07
LFB004985,L011,4,4,3,4,5,4,4,4,5,5,2024-12-07
LFB004986,L004,2,3,3,3,3,4,2,4,4,2,2024-12-07
LFB004987,L022,4,5,2,4,4,3,4,3,4,5,2024-12-07
LFB004988,L025,3,4,2,5,4,4,3,1,3,3,2024-12-07
LFB004989,L024,2,4,3,4,3,5,4,5,3,3,2024-12-07
LFB004990,L011,2,4,3,3,5,4,4,4,4,3,2024-12-07
LFB004991,L001,3,5,5,4,4,4,4,4,5,3,2024-12-07
LFB004992,L007,5,4,4,3,4,4,5,5,4,5,2024-12-07
LFB004993,L026,3,3,4,4,5,5,5,5,5,5,2024-12-07
LFB004994,L016,5,5,5,5,5,5,5,5,5,5,2024-12-07
LFB004995,L010,4,4,4,4,3,3,3,3,3,4,2024-12-07
LFB004996,L021,2,5,3,2,3,3,4,5,5,5,2024-12-08
LFB004997,L019,4,5,5,5,4,3,4,3,5,4,2024-12-08
LFB004998,L024,4,5,4,5,5,5,3,5,4,3,2024-12-08
LFB004999,L007,3,3,5,4,4,5,5,4,5,5,2024-12-08
LFB005000,L016,5,5,5,5,4,5,4,5,5,5,2024-12-08
LFB005001,L026,3,3,4,3,4,4,3,3,1,3,2024-12-08
LFB005002,L003,3,5,4,5,4,4,4,4,5,5,2024-12-08
LFB005003,L014,1,3,2,4,2,3,2,4,3,3,2024-12-08
LFB005004,L013,4,4,5,4,5,5,4,5,4,4,2024-12-08
LFB005005,L013,4,3,2,4,2,4,3,4,4,4,2024-12-08
LFB005006,L023,4,5,4,5,5,3,5,5,5,4,2024-12-08
LFB005007,L026,3,3,3,3,3,3,4,4,4,4,2024-12-08
LFB005008,L014,4,3,4,4,3,4,3,3,4,3,2024-12-08
LFB005009,L008,4,4,4,5,5,3,3,4,4,5,2024-12-08
LFB005010,L016,4,3,3,3,3,5,4,4,5,4,2024-12-08
LFB005011,L010,4,3,4,3,4,3,5,4,4,5,2024-12-08
LFB005012,L006,4,3,2,3,3,5,4,4,5,5,2024-12-08
LFB005013,L006,4,4,4,5,5,3,4,4,5,3,2024-12-08
LFB005014,L011,4,4,3,4,3,5,3,4,3,4,2024-12-08
LFB005015,L026,3,4,4,3,5,3,4,3,4,4,2024-12-08
LFB005016,L025,4,4,3,5,4,5,4,4,5,4,2024-12-08
LFB005017,L006,4,4,4,4,4,4,4,3,3,4,2024-12-08
LFB005018,L003,5,4,2,5,5,3,2,3,5,5,2024-12-08
LFB005019,L006,5,4,1,4,5,4,3,4,4,4,2024-12-08
LFB005020,L001,5,4,3,3,5,5,5,4,5,4,2024-12-08
LFB005021,L024,4,4,4,5,5,4,5,5,4,3,2024-12-08
LFB005022,L007,5,3,2,3,4,4,2,3,4,4,2024-12-09
LFB005023,L026,2,4,5,5,4,4,4,4,5,5,2024-12-09
LFB005024,L014,2,3,5,5,5,4,3,3,3,4,2024-12-09
LFB005025,L010,4,5,4,5,4,5,5,5,4,5,2024-12-09
LFB005026,L021,4,3,3,3,3,4,4,4,4,4,2024-12-09
LFB005027,L011,3,4,4,5,4,4,5,5,4,5,2024-12-09
LFB005028,L013,3,4,4,4,4,3,4,3,4,5,2024-12-09
LFB005029,L001,4,3,5,4,4,4,4,2,4,3,2024-12-09
LFB005030,L008,5,5,4,3,5,5,4,4,5,5,2024-12-09
LFB005031,L018,2,4,3,3,2,2,3,4,3,4,2024-12-09
LFB005032,L010,5,3,5,5,5,5,5,4,5,5,2024-12-09
LFB005033,L026,3,3,4,5,4,3,4,3,4,4,2024-12-09
LFB005034,L016,4,5,5,5,5,4,5,5,5,4,2024-12-09
LFB005035,L020,4,4,3,5,4,3,2,5,4,3,2024-12-09
LFB005036,L003,4,3,3,4,5,3,2,4,4,4,2024-12-09
LFB005037,L010,3,5,3,4,5,5,5,4,4,5,2024-12-09
LFB005038,L026,3,4,4,5,4,4,4,5,3,4,2024-12-09
LFB005039,L001,5,4,3,4,5,5,5,5,5,4,2024-12-09
LFB005040,L012,4,4,4,4,4,4,4,5,3,5,2024-12-09
LFB005041,L012,5,5,5,5,4,4,5,5,4,5,2024-12-09
LFB005042,L021,5,5,4,4,3,5,3,5,2,3,2024-12-09
LFB005043,L012,5,5,4,4,3,4,4,4,4,4,2024-12-10
LFB005044,L018,4,3,5,5,5,4,5,3,4,5,2024-12-10
LFB005045,L023,4,3,2,4,3,3,4,3,5,5,2024-12-10
LFB005046,L021,4,3,4,4,4,5,4,5,3,4,2024-12-10
LFB005047,L019,5,4,4,3,4,4,4,3,4,4,2024-12-10
LFB005048,L014,5,4,4,5,3,3,4,5,5,5,2024-12-10
LFB005049,L012,5,4,3,3,2,4,3,4,5,3,2024-12-10
LFB005050,L025,2,5,3,5,3,3,4,4,5,4,2024-12-10
LFB005051,L002,4,4,5,4,4,5,3,5,5,4,2024-12-10
LFB005052,L011,4,5,5,5,5,4,4,5,4,4,2024-12-10
LFB005053,L003,4,4,4,4,4,5,5,5,5,5,2024-12-10
LFB005054,L020,5,4,3,4,3,4,4,3,4,4,2024-12-10
LFB005055,L021,4,4,4,4,4,5,4,4,5,5,2024-12-10
LFB005056,L008,4,5,5,4,4,4,5,5,5,5,2024-12-10
LFB005057,L004,3,4,4,3,2,3,4,3,3,2,2024-12-10
LFB005058,L009,4,5,5,3,4,4,5,5,5,5,2024-12-10
LFB005059,L007,3,5,2,4,5,5,5,4,4,5,2024-12-10
LFB005060,L024,2,3,3,2,5,4,3,5,4,4,2024-12-10
LFB005061,L011,4,4,5,4,4,5,3,5,4,4,2024-12-11
LFB005062,L011,3,3,4,4,4,4,3,4,4,3,2024-12-11
LFB005063,L018,4,3,3,3,3,4,4,3,5,2,2024-12-11
LFB005064,L024,3,4,4,5,3,4,5,5,4,5,2024-12-11
LFB005065,L015,3,4,4,5,4,5,5,4,4,4,2024-12-11
LFB005066,L002,5,4,4,3,5,4,5,4,4,3,2024-12-11
LFB005067,L026,3,5,3,3,4,4,5,4,5,5,2024-12-11
LFB005068,L025,3,2,3,4,5,3,5,5,4,4,2024-12-11
LFB005069,L020,4,4,4,1,4,4,3,4,4,3,2024-12-11
LFB005070,L025,5,5,4,5,3,4,5,3,4,5,2024-12-11
LFB005071,L013,5,5,3,5,5,5,4,5,5,5,2024-12-11
LFB005072,L010,5,3,4,5,4,5,3,4,3,4,2024-12-11
LFB005073,L011,5,4,5,4,4,3,5,5,3,5,2024-12-11
LFB005074,L023,5,4,3,4,5,4,4,5,5,3,2024-12-11
LFB005075,L020,5,5,5,5,5,5,4,4,5,4,2024-12-11
LFB005076,L025,4,3,1,4,2,5,4,3,3,3,2024-12-11
LFB005077,L021,5,3,5,5,4,5,3,5,5,4,2024-12-11
LFB005078,L004,4,4,3,4,3,3,4,2,3,5,2024-12-11
LFB005079,L015,3,3,2,2,5,3,4,5,2,3,2024-12-11
LFB005080,L018,5,5,4,4,5,4,4,5,3,5,2024-12-11
LFB005081,L026,4,3,4,4,5,4,5,5,5,5,2024-12-11
LFB005082,L021,3,4,2,3,3,3,3,4,4,4,2024-12-11
LFB005083,L013,5,5,4,4,3,4,4,2,3,3,2024-12-11
LFB005084,L021,4,3,4,4,4,4,4,4,4,5,2024-12-11
LFB005085,L010,2,5,4,3,5,3,5,5,3,3,2024-12-12
LFB005086,L004,4,5,2,3,4,3,4,5,4,4,2024-12-12
LFB005087,L015,3,4,2,3,4,3,4,4,4,5,2024-12-12
LFB005088,L006,4,2,3,4,4,4,4,4,4,4,2024-12-12
LFB005089,L014,5,4,1,3,4,5,3,4,4,4,2024-12-12
LFB005090,L026,5,4,5,4,5,5,4,4,3,4,2024-12-12
LFB005091,L005,3,5,4,2,5,4,4,5,4,3,2024-12-12
LFB005092,L007,4,4,4,5,4,4,4,5,4,3,2024-12-12
LFB005093,L003,2,2,3,3,4,3,3,5,3,5,2024-12-12
LFB005094,L022,5,4,5,4,5,4,4,5,5,4,2024-12-12
LFB005095,L009,5,5,5,5,5,4,5,5,5,5,2024-12-12
LFB005096,L015,4,3,5,4,4,4,4,5,3,3,2024-12-12
LFB005097,L013,5,3,5,4,4,5,5,5,3,5,2024-12-12
LFB005098,L014,4,5,3,4,5,5,4,4,4,4,2024-12-12
LFB005099,L023,3,4,4,5,4,4,4,5,4,5,2024-12-12
LFB005100,L014,3,3,3,4,5,5,5,4,4,4,2024-12-12
LFB005101,L018,5,3,5,5,5,5,3,4,4,5,2024-12-12
LFB005102,L001,5,5,4,5,4,3,2,3,4,3,2024-12-12
LFB005103,L012,4,3,5,3,3,4,4,4,4,5,2024-12-12
LFB005104,L015,5,5,4,5,5,5,4,3,4,4,2024-12-12
LFB005105,L016,3,3,4,4,5,4,3,3,2,5,2024-12-12
LFB005106,L015,3,4,5,5,4,4,3,3,4,4,2024-12-13
LFB005107,L010,4,3,3,4,3,5,4,4,5,5,2024-12-13
LFB005108,L023,3,3,3,3,3,3,2,4,3,4,2024-12-13
LFB005109,L013,3,4,4,4,3,5,3,3,3,3,2024-12-13
LFB005110,L005,4,4,3,3,4,3,5,5,5,3,2024-12-13
LFB005111,L024,5,4,3,2,4,3,4,2,3,4,2024-12-13
LFB005112,L017,4,4,3,4,4,3,3,3,5,3,2024-12-13
LFB005113,L003,2,5,2,4,5,3,3,3,5,2,2024-12-13
LFB005114,L016,3,4,4,4,4,3,2,4,4,3,2024-12-13
LFB005115,L009,3,3,5,5,5,4,5,5,5,5,2024-12-13
LFB005116,L021,4,4,4,3,4,5,4,4,4,4,2024-12-13
LFB005117,L025,4,4,4,4,4,5,4,4,5,5,2024-12-13
LFB005118,L012,5,4,4,3,3,5,5,4,4,4,2024-12-13
LFB005119,L008,4,3,2,4,2,4,4,4,3,2,2024-12-13
LFB005120,L009,5,3,3,4,4,5,5,3,4,4,2024-12-13
LFB005121,L010,4,5,5,5,4,5,5,5,5,5,2024-12-13
LFB005122,L010,4,5,5,5,5,4,4,4,5,4,2024-12-13
LFB005123,L012,3,4,5,4,4,4,3,3,4,3,2024-12-13
LFB005124,L017,5,5,3,5,4,3,5,4,5,4,2024-12-14
LFB005125,L009,3,5,4,4,4,4,4,5,5,3,2024-12-14
LFB005126,L023,3,3,3,4,4,5,4,4,4,5,2024-12-14
LFB005127,L002,3,3,4,4,3,4,4,3,4,3,2024-12-14
LFB005128,L022,3,4,4,5,4,4,3,5,4,4,2024-12-14
LFB005129,L008,5,5,4,4,4,5,5,4,4,5,2024-12-14
LFB005130,L013,3,3,2,4,4,4,3,5,5,4,2024-12-14
LFB005131,L018,4,5,5,4,4,5,4,5,5,5,2024-12-14
LFB005132,L023,5,4,3,3,2,3,5,4,4,5,2024-12-14
LFB005133,L017,3,4,2,5,5,5,5,4,4,5,2024-12-14
LFB005134,L014,5,5,5,4,3,4,4,4,5,3,2024-12-14
LFB005135,L001,3,5,4,5,5,3,3,5,4,4,2024-12-14
LFB005136,L025,5,3,3,4,4,4,4,2,5,3,2024-12-14
LFB005137,L016,5,4,4,5,4,5,4,4,5,4,2024-12-14
LFB005138,L021,4,1,5,5,5,3,3,5,4,4,2024-12-14
LFB005139,L025,2,3,4,4,4,4,4,3,2,3,2024-12-14
LFB005140,L010,5,3,2,5,5,5,3,5,5,3,2024-12-14
LFB005141,L014,4,3,4,4,5,5,5,5,5,5,2024-12-14
LFB005142,L015,3,3,3,4,2,3,4,3,4,3,2024-12-14
LFB005143,L001,5,4,4,4,5,5,4,4,5,4,2024-12-15
LFB005144,L011,3,5,3,5,5,5,3,4,5,5,2024-12-15
LFB005145,L020,3,4,5,3,2,5,3,5,5,4,2024-12-15
LFB005146,L025,4,5,3,4,4,4,3,4,4,3,2024-12-15
LFB005147,L020,3,5,5,5,4,5,5,5,5,3,2024-12-15
LFB005148,L022,3,4,1,3,4,4,4,4,3,5,2024-12-15
LFB005149,L007,5,5,5,4,3,4,4,4,5,3,2024-12-15
LFB005150,L002,4,3,4,5,4,5,4,4,3,3,2024-12-15
LFB005151,L006,3,4,3,4,3,4,4,5,5,4,2024-12-15
LFB005152,L021,5,4,4,4,4,4,4,4,4,5,2024-12-15
LFB005153,L010,4,4,3,5,5,2,4,5,2,3,2024-12-15
LFB005154,L019,4,3,4,5,4,4,5,5,5,5,2024-12-15
LFB005155,L015,4,3,3,4,4,3,5,3,5,3,2024-12-15
LFB005156,L002,4,5,4,3,3,5,3,5,2,5,2024-12-15
LFB005157,L025,5,4,3,2,4,4,3,2,3,4,2024-12-15
LFB005158,L002,3,4,4,5,4,4,5,5,4,5,2024-12-15
LFB005159,L013,3,5,5,5,4,3,5,3,5,5,2024-12-15
LFB005160,L012,3,4,4,5,4,4,5,5,2,5,2024-12-15
LFB005161,L001,4,3,3,3,3,4,3,2,4,5,2024-12-16
LFB005162,L009,3,5,4,2,5,3,5,4,4,4,2024-12-16
LFB005163,L023,4,3,5,4,5,3,4,5,5,3,2024-12-16
LFB005164,L004,4,5,5,4,4,4,2,4,5,5,2024-12-16
LFB005165,L026,4,5,3,4,4,3,3,3,4,5,2024-12-16
LFB005166,L024,4,5,4,4,4,3,4,3,5,3,2024-12-16
LFB005167,L018,4,5,4,4,4,2,3,4,4,3,2024-12-16
LFB005168,L016,4,5,3,4,3,3,4,4,4,1,2024-12-16
LFB005169,L008,4,3,2,2,3,3,3,4,3,3,2024-12-16
LFB005170,L022,5,5,4,4,4,5,5,4,4,5,2024-12-16
LFB005171,L011,4,3,5,4,2,2,4,4,5,4,2024-12-16
LFB005172,L016,5,4,4,4,5,4,5,5,5,3,2024-12-16
LFB005173,L025,5,4,4,3,5,4,3,4,4,4,2024-12-16
LFB005174,L004,5,5,5,4,3,3,4,3,3,5,2024-12-16
LFB005175,L013,3,5,2,5,4,4,4,3,5,4,2024-12-16
LFB005176,L002,4,5,4,5,4,4,4,4,4,5,2024-12-16
LFB005177,L011,4,4,4,3,3,3,3,4,3,3,2024-12-16
LFB005178,L022,4,5,4,5,2,3,4,4,5,4,2024-12-16
LFB005179,L002,3,5,4,3,4,4,5,4,4,5,2024-12-17
LFB005180,L003,4,3,4,5,5,4,3,5,3,3,2024-12-17
LFB005181,L013,3,5,4,5,3,4,4,5,4,3,2024-12-17
LFB005182,L012,5,4,2,3,3,5,4,4,4,5,2024-12-17
LFB005183,L024,3,4,4,3,3,5,4,4,5,4,2024-12-17
LFB005184,L011,4,4,3,3,2,3,4,5,3,3,2024-12-17
LFB005185,L008,4,5,5,4,3,4,5,3,5,4,2024-12-17
LFB005186,L001,2,3,4,4,3,5,2,4,3,4,2024-12-17
LFB005187,L012,3,5,3,5,4,4,5,4,4,3,2024-12-17
LFB005188,L009,3,3,3,3,3,3,3,3,2,4,2024-12-17
LFB005189,L023,3,3,3,3,3,4,5,3,3,3,2024-12-17
LFB005190,L001,4,5,4,5,5,4,4,5,4,5,2024-12-17
LFB005191,L007,3,5,4,5,4,5,4,5,4,5,2024-12-17
LFB005192,L003,5,4,4,5,4,5,5,4,3,4,2024-12-17
LFB005193,L008,4,3,5,5,5,3,4,4,4,5,2024-12-17
LFB005194,L005,4,5,5,3,3,5,5,1,3,5,2024-12-17
LFB005195,L023,4,4,3,5,4,4,3,4,4,5,2024-12-17
LFB005196,L023,3,5,5,3,3,3,4,5,3,3,2024-12-17
LFB005197,L013,3,4,4,5,4,3,3,5,4,4,2024-12-17
LFB005198,L015,5,4,3,4,3,3,4,4,3,4,2024-12-17
LFB005199,L010,5,5,4,3,3,5,4,5,5,5,2024-12-17
LFB005200,L008,4,4,3,5,3,3,4,5,4,4,2024-12-17
LFB005201,L015,4,5,5,4,4,5,5,2,5,5,2024-12-17
LFB005202,L014,4,2,4,4,3,3,3,2,5,4,2024-12-18
LFB005203,L026,3,3,3,4,3,4,5,3,4,5,2024-12-18
LFB005204,L002,4,4,3,3,4,3,3,3,4,5,2024-12-18
LFB005205,L015,5,4,5,5,5,5,5,4,5,4,2024-12-18
LFB005206,L001,5,3,5,4,5,4,4,4,4,4,2024-12-18
LFB005207,L022,4,4,1,4,3,4,5,4,4,3,2024-12-18
LFB005208,L022,5,3,3,5,3,2,5,3,3,4,2024-12-18
LFB005209,L026,3,4,4,4,5,5,3,4,3,5,2024-12-18
LFB005210,L021,2,3,3,5,5,4,3,5,3,4,2024-12-18
LFB005211,L019,3,3,3,2,3,2,3,4,3,4,2024-12-18
LFB005212,L013,1,4,4,1,4,3,4,4,5,5,2024-12-18
LFB005213,L014,4,5,5,4,5,4,3,5,4,4,2024-12-18
LFB005214,L015,5,5,4,5,3,5,4,4,5,5,2024-12-18
LFB005215,L002,5,4,3,5,4,5,4,5,4,4,2024-12-18
LFB005216,L025,3,4,5,3,4,4,5,5,2,3,2024-12-18
LFB005217,L026,4,4,5,5,5,5,3,3,5,4,2024-12-18
LFB005218,L012,4,5,3,3,5,4,4,3,5,3,2024-12-18
LFB005219,L011,5,5,3,4,2,4,4,4,2,3,2024-12-18
LFB005220,L010,4,5,3,5,3,3,1,3,4,2,2024-12-18
LFB005221,L025,3,4,4,4,4,4,2,5,4,3,2024-12-18
LFB005222,L026,2,4,4,2,5,4,4,3,5,2,2024-12-19
LFB005223,L007,4,5,3,4,4,5,3,5,4,5,2024-12-19
LFB005224,L020,5,5,5,5,5,5,5,5,5,4,2024-12-19
LFB005225,L022,4,4,3,3,5,5,4,5,4,4,2024-12-19
LFB005226,L011,4,4,4,4,3,5,4,5,5,4,2024-12-19
LFB005227,L026,4,5,3,4,2,5,3,4,4,4,2024-12-19
LFB005228,L017,3,5,4,4,4,3,5,3,4,5,2024-12-19
LFB005229,L005,4,5,4,3,3,3,3,3,5,5,2024-12-19
LFB005230,L024,4,5,5,5,5,4,5,4,3,4,2024-12-19
LFB005231,L014,5,2,4,4,5,3,5,5,5,5,2024-12-19
LFB005232,L026,4,4,2,3,3,4,3,5,3,3,2024-12-19
LFB005233,L006,5,2,4,4,4,5,5,5,3,4,2024-12-19
LFB005234,L005,3,5,4,5,4,5,5,4,5,5,2024-12-19
LFB005235,L022,5,5,5,5,4,5,5,5,5,5,2024-12-19
LFB005236,L009,5,4,3,3,5,4,5,5,4,5,2024-12-19
LFB005237,L021,3,5,4,3,3,5,4,4,4,4,2024-12-19
LFB005238,L009,3,5,3,3,3,3,4,4,3,3,2024-12-19
LFB005239,L015,5,5,5,5,4,5,5,3,5,4,2024-12-19
LFB005240,L025,4,4,3,3,3,5,4,4,5,3,2024-12-19
LFB005241,L023,4,5,4,3,5,4,4,3,4,4,2024-12-19
LFB005242,L022,4,3,3,2,3,5,4,3,4,4,2024-12-19
LFB005243,L005,4,5,4,3,5,4,3,5,4,4,2024-12-19
LFB005244,L008,4,3,4,5,5,4,3,4,5,5,2024-12-19
LFB005245,L015,4,4,4,5,4,4,3,5,5,5,2024-12-19
LFB005246,L011,5,5,3,5,4,5,4,5,2,4,2024-12-19
LFB005247,L013,4,4,5,3,5,5,4,4,5,3,2024-12-19
LFB005248,L011,5,5,3,4,4,5,4,3,5,3,2025-01-01
LFB005249,L014,4,5,3,4,4,5,4,4,4,4,2025-01-01
LFB005250,L025,4,3,2,4,2,4,4,2,5,5,2025-01-01
LFB005251,L021,4,2,3,4,3,5,3,4,4,1,2025-01-01
LFB005252,L020,4,3,5,4,4,5,3,4,4,4,2025-01-01
LFB005253,L003,4,4,3,5,5,4,3,3,1,3,2025-01-01
LFB005254,L010,4,5,4,5,5,5,5,5,5,4,2025-01-01
LFB005255,L020,3,5,3,4,3,3,3,3,3,5,2025-01-01
LFB005256,L026,3,5,4,3,4,4,4,3,4,3,2025-01-01
LFB005257,L008,3,4,2,4,3,4,4,5,3,4,2025-01-02
LFB005258,L014,4,3,3,5,4,5,4,2,3,4,2025-01-02
LFB005259,L004,4,3,3,5,4,4,4,4,4,4,2025-01-02
LFB005260,L012,4,4,3,4,5,4,4,5,4,5,2025-01-02
LFB005261,L024,3,5,3,3,5,5,4,5,5,4,2025-01-02
LFB005262,L016,5,4,4,4,4,5,3,5,5,2,2025-01-02
LFB005263,L026,3,4,3,3,2,3,3,5,4,3,2025-01-03
LFB005264,L020,4,4,3,4,5,4,4,4,5,5,2025-01-03
LFB005265,L021,3,4,4,4,5,5,4,5,4,4,2025-01-03
LFB005266,L021,4,4,4,3,5,4,5,4,5,4,2025-01-03
LFB005267,L009,4,5,5,4,4,5,4,4,5,4,2025-01-04
LFB005268,L018,4,5,5,3,4,2,3,3,4,4,2025-01-04
LFB005269,L014,5,4,5,4,5,4,4,5,4,4,2025-01-04
LFB005270,L012,4,5,2,3,3,5,4,3,3,3,2025-01-04
LFB005271,L001,5,5,5,4,5,4,5,4,5,5,2025-01-04
LFB005272,L021,3,3,2,5,2,3,3,5,4,3,2025-01-04
LFB005273,L010,3,4,4,5,4,5,3,5,5,4,2025-01-05
LFB005274,L012,4,3,5,5,4,5,3,5,5,4,2025-01-05
LFB005275,L023,4,3,2,3,5,4,3,5,3,5,2025-01-05
LFB005276,L022,3,4,3,4,4,3,3,4,2,5,2025-01-05
LFB005277,L011,5,3,4,3,4,4,3,5,3,3,2025-01-05
LFB005278,L026,5,4,3,4,4,4,3,3,5,3,2025-01-06
LFB005279,L012,3,3,3,5,3,5,5,4,4,4,2025-01-06
LFB005280,L008,5,4,5,4,4,5,4,5,4,5,2025-01-06
LFB005281,L007,5,3,2,3,4,3,2,3,2,4,2025-01-06
LFB005282,L015,4,4,4,3,5,5,4,4,4,4,2025-01-06
LFB005283,L013,4,5,5,5,5,4,3,5,5,4,2025-01-07
LFB005284,L011,4,4,3,3,3,4,5,5,2,4,2025-01-07
LFB005285,L020,3,5,4,3,4,4,2,4,4,3,2025-01-07
LFB005286,L021,4,3,3,3,5,4,5,4,4,5,2025-01-07
LFB005287,L012,4,5,4,5,4,5,5,5,5,5,2025-01-07
LFB005288,L013,4,4,4,3,5,4,4,3,3,5,2025-01-07
LFB005289,L014,4,3,4,3,4,3,3,3,3,2,2025-01-07
LFB005290,L023,4,3,3,4,4,4,3,2,3,3,2025-01-08
LFB005291,L020,3,2,3,4,5,4,2,3,4,2,2025-01-08
LFB005292,L026,5,3,4,4,4,4,3,4,4,5,2025-01-08
LFB005293,L025,3,4,3,3,3,2,3,4,5,5,2025-01-08
LFB005294,L018,3,4,3,4,4,3,4,4,2,4,2025-01-08
LFB005295,L011,3,4,5,4,5,4,5,5,4,4,2025-01-08
LFB005296,L025,4,5,4,4,4,4,5,3,4,4,2025-01-09
LFB005297,L019,4,4,5,5,4,4,5,4,3,4,2025-01-09
LFB005298,L011,5,5,3,4,5,5,4,4,3,3,2025-01-09
LFB005299,L001,4,4,5,3,2,5,5,3,3,4,2025-01-09
LFB005300,L008,4,2,4,4,3,5,3,5,4,4,2025-01-10
LFB005301,L024,4,2,5,5,4,5,4,5,3,3,2025-01-10
LFB005302,L012,3,4,4,4,4,5,5,4,5,5,2025-01-10
LFB005303,L025,3,3,4,4,5,3,2,3,3,4,2025-01-10
LFB005304,L025,3,4,5,5,3,4,3,5,4,4,2025-01-10
LFB005305,L001,5,4,3,4,2,3,3,3,2,3,2025-01-10
LFB005306,L002,4,5,4,4,5,5,3,3,4,3,2025-01-11
LFB005307,L021,3,3,3,4,4,4,5,4,5,5,2025-01-11
LFB005308,L013,2,3,4,3,4,4,4,4,2,3,2025-01-11
LFB005309,L010,4,5,3,4,5,4,3,4,5,4,2025-01-11
LFB005310,L016,3,4,5,3,4,3,3,5,3,3,2025-01-11
LFB005311,L021,3,4,3,4,3,4,3,4,5,5,2025-01-12
LFB005312,L023,5,5,5,5,5,5,5,4,5,5,2025-01-12
LFB005313,L010,4,5,4,5,3,4,3,3,5,4,2025-01-12
LFB005314,L007,5,4,4,3,3,4,5,4,4,4,2025-01-12
LFB005315,L020,4,4,5,3,3,4,3,4,4,5,2025-01-13
LFB005316,L007,3,3,2,3,4,5,5,5,4,5,2025-01-13
LFB005317,L013,4,5,4,5,3,4,5,4,5,4,2025-01-13
LFB005318,L021,5,3,5,5,3,4,3,5,4,5,2025-01-13
LFB005319,L024,3,3,5,4,3,4,4,3,4,4,2025-01-13
LFB005320,L026,5,2,4,4,4,2,4,4,5,3,2025-01-13
LFB005321,L001,5,4,4,5,4,3,3,5,3,4,2025-01-13
LFB005322,L002,5,4,3,4,4,3,5,4,4,5,2025-01-14
LFB005323,L023,3,4,4,5,4,5,5,4,5,5,2025-01-14
LFB005324,L003,4,4,3,3,5,5,2,4,5,4,2025-01-14
LFB005325,L021,3,3,4,3,3,5,4,3,5,3,2025-01-15
LFB005326,L023,3,3,5,5,4,3,3,4,2,5,2025-01-15
LFB005327,L003,3,3,5,3,5,3,4,5,3,5,2025-01-15
LFB005328,L016,4,4,5,5,5,4,4,5,4,5,2025-01-15
LFB005329,L011,5,4,4,5,5,5,4,4,5,4,2025-01-16
LFB005330,L015,3,4,4,3,5,3,2,1,3,3,2025-01-16
LFB005331,L022,4,5,4,4,4,4,3,4,5,4,2025-01-16
LFB005332,L026,4,4,5,5,3,5,3,5,4,4,2025-01-16
LFB005333,L007,5,3,4,5,4,4,5,4,4,5,2025-01-16
LFB005334,L006,2,3,2,3,5,5,3,3,4,4,2025-01-16
LFB005335,L019,2,3,2,3,3,4,3,4,3,4,2025-01-16
LFB005336,L012,4,4,3,5,5,5,4,5,3,5,2025-01-17
LFB005337,L025,4,5,4,5,5,5,4,4,5,5,2025-01-17
LFB005338,L023,5,4,5,4,5,4,5,3,5,5,2025-01-17
LFB005339,L019,3,4,2,4,3,5,4,5,4,3,2025-01-17
LFB005340,L005,4,4,4,3,2,4,3,5,4,5,2025-01-17
LFB005341,L001,4,3,3,4,3,4,3,4,2,4,2025-01-17
LFB005342,L003,2,4,4,5,4,3,4,4,5,5,2025-01-19
LFB005343,L022,3,2,4,2,3,4,3,5,3,4,2025-01-19
LFB005344,L014,4,4,3,4,4,3,3,5,5,3,2025-01-19
LFB005345,L025,3,3,4,3,4,3,5,4,3,4,2025-01-19
LFB005346,L010,3,2,5,4,5,4,4,2,3,4,2025-01-19
LFB005347,L010,4,2,3,4,4,5,4,3,3,4,2025-01-19
LFB005348,L011,4,5,5,4,4,5,5,5,5,5,2025-01-19
LFB005349,L020,4,4,4,3,5,5,3,2,3,3,2025-01-19
LFB005350,L016,4,5,4,4,5,3,4,4,3,4,2025-01-20
LFB005351,L019,4,3,4,5,4,5,5,5,5,5,2025-01-20
LFB005352,L015,3,4,2,4,5,3,4,5,3,5,2025-01-20
LFB005353,L021,5,4,4,5,4,4,5,5,5,3,2025-01-20
LFB005354,L022,4,4,3,4,4,4,4,4,4,4,2025-01-21
LFB005355,L024,3,4,3,3,4,5,3,5,4,4,2025-01-21
LFB005356,L019,5,5,4,4,3,5,5,4,4,5,2025-01-21
LFB005357,L022,5,5,4,5,5,5,4,4,4,4,2025-01-21
LFB005358,L019,2,3,4,5,4,4,3,3,5,4,2025-01-21
LFB005359,L004,4,3,3,4,4,3,3,5,4,5,2025-01-22
LFB005360,L019,4,3,4,5,4,4,5,5,5,5,2025-01-22
LFB005361,L009,4,3,2,3,3,4,3,5,4,3,2025-01-22
LFB005362,L011,3,5,3,5,4,5,5,4,4,4,2025-01-22
LFB005363,L024,3,5,3,5,5,4,4,4,5,4,2025-01-22
LFB005364,L001,3,2,5,4,4,5,3,3,5,4,2025-01-22
LFB005365,L001,5,5,4,4,3,5,4,5,4,5,2025-01-23
LFB005366,L004,5,3,4,5,5,4,5,4,5,5,2025-01-23
LFB005367,L020,5,4,4,5,3,4,5,3,4,5,2025-01-23
LFB005368,L025,3,5,3,5,4,4,5,5,5,5,2025-01-23
LFB005369,L009,4,4,4,4,4,4,4,4,4,4,2025-01-24
LFB005370,L024,3,4,4,5,5,5,4,3,2,5,2025-01-25
LFB005371,L017,4,3,3,4,4,4,4,4,4,5,2025-01-25
LFB005372,L014,5,4,1,4,3,5,4,5,5,4,2025-01-25
LFB005373,L009,3,3,2,4,3,3,4,4,3,4,2025-01-26
LFB005374,L022,4,5,4,4,5,5,5,4,4,5,2025-01-26
LFB005375,L004,3,4,3,5,3,4,4,3,3,5,2025-01-26
LFB005376,L011,4,5,4,5,5,4,5,4,5,4,2025-01-26
LFB005377,L021,3,4,4,5,4,4,4,5,5,4,2025-01-26
LFB005378,L018,3,3,5,4,4,4,3,3,4,3,2025-01-26
LFB005379,L021,2,3,4,4,3,4,4,5,5,5,2025-01-27
LFB005380,L021,5,4,5,5,5,4,4,5,5,5,2025-01-27
LFB005381,L003,4,5,3,3,4,3,4,4,5,4,2025-01-27
LFB005382,L021,5,5,5,4,4,4,5,3,5,5,2025-01-27
LFB005383,L018,3,4,4,5,5,2,5,5,4,5,2025-01-27
LFB005384,L012,4,5,4,5,4,5,4,3,5,3,2025-01-28
LFB005385,L007,4,3,3,3,3,4,4,3,4,3,2025-01-28
LFB005386,L026,5,2,4,4,5,3,4,4,4,5,2025-01-28
LFB005387,L019,5,5,5,4,5,5,4,5,5,5,2025-01-28
LFB005388,L023,4,5,4,5,4,5,5,5,4,5,2025-01-28
LFB005389,L007,3,4,4,5,5,4,5,5,5,5,2025-01-28
LFB005390,L011,4,3,4,3,3,3,4,5,4,2,2025-01-28
LFB005391,L017,4,3,2,2,5,5,5,2,4,5,2025-01-29
LFB005392,L021,4,5,4,5,5,3,5,5,4,4,2025-01-29
LFB005393,L004,4,3,4,4,3,5,4,5,5,5,2025-01-29
LFB005394,L022,5,5,5,5,5,5,5,3,5,5,2025-01-30
LFB005395,L004,5,4,3,4,4,4,3,5,4,5,2025-01-30
LFB005396,L016,4,5,3,3,2,3,4,5,4,5,2025-01-30
LFB005397,L023,4,4,3,5,4,5,4,4,4,5,2025-01-30
LFB005398,L007,2,5,3,4,4,4,3,3,5,3,2025-01-30
LFB005399,L023,4,3,3,2,4,5,4,5,5,4,2025-01-30
LFB005400,L015,5,4,5,4,5,4,2,5,5,5,2025-01-31
LFB005401,L014,5,3,4,4,5,4,4,5,5,4,2025-01-31
LFB005402,L026,3,5,4,4,5,4,4,5,4,4,2025-01-31
LFB005403,L022,3,3,2,3,2,3,3,3,2,3,2025-02-01
LFB005404,L008,3,4,4,4,4,4,3,5,4,5,2025-02-01
LFB005405,L007,5,4,5,4,5,5,4,4,4,3,2025-02-01
LFB005406,L023,4,4,5,5,5,3,4,3,5,3,2025-02-01
LFB005407,L015,2,3,2,3,4,4,4,5,4,4,2025-02-01
LFB005408,L011,5,4,4,4,5,4,3,4,3,4,2025-02-02
LFB005409,L001,5,5,2,3,4,5,3,3,5,3,2025-02-02
LFB005410,L009,5,3,4,5,4,4,5,3,3,3,2025-02-02
LFB005411,L017,4,3,3,5,5,4,5,5,5,5,2025-02-02
LFB005412,L025,4,5,4,5,3,3,2,3,3,5,2025-02-02
LFB005413,L010,4,5,5,4,5,3,4,4,5,5,2025-02-03
LFB005414,L020,5,4,4,4,5,5,3,4,3,5,2025-02-03
LFB005415,L011,4,4,4,4,3,3,3,5,4,3,2025-02-03
LFB005416,L001,3,3,4,3,4,5,4,4,5,4,2025-02-03
LFB005417,L007,4,3,4,3,5,4,3,4,4,3,2025-02-03
LFB005418,L021,4,4,4,4,4,3,4,5,5,4,2025-02-03
LFB005419,L021,3,4,5,5,4,4,3,5,5,5,2025-02-03
LFB005420,L020,4,5,3,4,5,4,5,4,5,5,2025-02-03
LFB005421,L020,4,5,4,5,5,4,5,5,5,4,2025-02-04
LFB005422,L015,3,5,3,5,5,4,5,3,5,5,2025-02-04
LFB005423,L001,3,4,4,4,3,3,4,3,5,3,2025-02-05
LFB005424,L021,4,3,4,5,4,3,4,3,5,3,2025-02-06
LFB005425,L023,5,4,4,4,5,4,5,5,5,5,2025-02-06
LFB005426,L007,5,4,3,4,5,5,3,4,5,5,2025-02-06
LFB005427,L011,3,4,5,5,4,5,4,4,5,5,2025-02-07
LFB005428,L012,4,3,5,2,3,4,1,3,3,4,2025-02-07
LFB005429,L003,5,4,4,4,5,4,4,4,5,4,2025-02-08
LFB005430,L020,4,4,3,4,3,4,5,5,5,3,2025-02-08
LFB005431,L022,4,5,3,3,5,5,5,5,3,4,2025-02-08
LFB005432,L010,4,3,5,4,4,4,2,5,5,3,2025-02-08
LFB005433,L012,4,2,3,2,5,3,5,3,3,3,2025-02-08
LFB005434,L012,5,3,5,3,3,3,3,3,2,4,2025-02-08
LFB005435,L011,5,5,3,4,2,4,3,4,3,4,2025-02-09
LFB005436,L020,4,4,4,5,5,4,4,4,5,5,2025-02-10
LFB005437,L020,5,4,3,4,3,3,5,3,5,4,2025-02-10
LFB005438,L021,5,4,5,4,5,5,4,5,4,4,2025-02-10
LFB005439,L011,4,5,4,4,5,4,3,4,5,5,2025-02-10
LFB005440,L013,4,3,4,5,3,5,4,4,3,4,2025-02-11
LFB005441,L021,3,3,4,4,5,4,4,4,4,3,2025-02-11
LFB005442,L005,4,5,3,3,3,1,4,3,4,3,2025-02-11
LFB005443,L017,3,3,3,3,3,4,4,2,3,4,2025-02-11
LFB005444,L002,4,4,5,5,3,4,2,5,4,5,2025-02-11
LFB005445,L024,5,3,4,4,4,5,3,4,3,4,2025-02-13
LFB005446,L020,4,4,3,4,3,5,2,3,5,4,2025-02-13
LFB005447,L010,5,4,4,4,4,4,3,4,5,4,2025-02-14
LFB005448,L018,4,5,4,5,5,4,4,5,3,4,2025-02-14
LFB005449,L012,4,4,3,4,3,5,3,4,5,4,2025-02-14
LFB005450,L009,4,5,5,5,4,5,3,5,4,5,2025-02-15
LFB005451,L013,4,3,3,4,5,4,5,4,5,5,2025-02-15
LFB005452,L016,4,4,5,4,3,3,3,5,4,5,2025-02-15
LFB005453,L012,4,5,4,4,3,4,3,3,3,5,2025-02-15
LFB005454,L026,3,4,4,5,5,4,5,4,2,2,2025-02-16
LFB005455,L004,5,4,5,5,4,4,5,5,4,5,2025-02-16
LFB005456,L009,3,4,3,3,5,5,4,5,3,4,2025-02-16
LFB005457,L008,4,4,5,4,4,4,4,4,4,4,2025-02-16
LFB005458,L002,4,3,4,5,5,4,4,3,4,5,2025-02-16
LFB005459,L016,5,2,5,3,3,5,5,5,5,4,2025-02-16
LFB005460,L002,4,4,4,4,2,5,3,5,2,3,2025-02-16
LFB005461,L009,3,2,4,4,4,2,4,4,4,4,2025-02-16
LFB005462,L026,3,2,3,4,5,4,5,3,3,3,2025-02-17
LFB005463,L020,5,4,4,5,5,3,4,5,2,4,2025-02-17
LFB005464,L002,4,4,1,4,3,4,3,4,3,3,2025-02-17
LFB005465,L009,3,3,2,5,4,3,3,4,2,4,2025-02-17
LFB005466,L017,3,5,2,3,5,5,4,4,5,3,2025-02-17
LFB005467,L009,4,4,4,3,3,5,5,4,5,4,2025-02-18
LFB005468,L006,3,4,5,5,5,5,4,5,3,4,2025-02-18
LFB005469,L004,3,5,4,4,4,5,5,4,4,5,2025-02-18
LFB005470,L016,5,4,5,5,4,5,5,4,5,4,2025-02-19
LFB005471,L020,5,4,3,5,5,5,3,4,3,4,2025-02-19
LFB005472,L026,4,4,5,3,4,4,3,4,4,4,2025-02-19
LFB005473,L026,4,4,4,3,4,5,4,3,4,3,2025-02-19
LFB005474,L010,4,5,3,4,5,4,4,4,3,4,2025-02-19
LFB005475,L023,5,4,3,4,4,5,4,4,4,5,2025-02-19
LFB005476,L007,5,4,4,4,1,3,3,3,5,3,2025-02-20
LFB005477,L023,4,5,4,4,5,3,5,5,5,4,2025-02-20
LFB005478,L022,4,3,3,3,5,4,5,3,3,5,2025-02-20
LFB005479,L021,3,4,3,4,3,5,4,4,2,5,2025-02-21
LFB005480,L001,3,4,2,5,4,4,4,4,4,3,2025-02-21
LFB005481,L003,2,4,3,4,5,5,3,3,4,5,2025-02-21
LFB005482,L015,4,4,3,4,4,3,3,4,1,4,2025-02-21
LFB005483,L026,2,4,2,5,5,3,4,3,3,4,2025-02-21
LFB005484,L015,5,5,5,5,5,4,5,5,5,5,2025-02-22
LFB005485,L017,4,4,3,4,4,4,2,3,5,4,2025-02-22
LFB005486,L020,2,3,4,2,3,3,4,5,4,3,2025-02-22
LFB005487,L002,5,4,4,5,5,4,4,5,5,5,2025-02-22
LFB005488,L012,3,3,4,3,3,4,3,4,4,4,2025-02-22
LFB005489,L023,5,4,3,4,4,4,5,4,5,4,2025-02-22
LFB005490,L015,5,5,5,4,5,3,4,5,5,4,2025-02-22
LFB005491,L014,4,4,5,3,4,4,3,4,4,3,2025-02-23
LFB005492,L013,4,4,5,5,5,4,3,4,5,4,2025-02-23
LFB005493,L009,4,4,3,3,3,3,3,1,3,3,2025-02-23
LFB005494,L026,4,4,4,3,3,4,3,4,3,4,2025-02-24
LFB005495,L022,4,4,3,3,5,4,5,4,4,4,2025-02-24
LFB005496,L010,4,5,5,5,5,5,4,5,5,4,2025-02-24
LFB005497,L013,4,5,4,4,4,4,3,4,4,5,2025-02-25
LFB005498,L006,5,4,5,4,4,5,5,4,4,4,2025-02-25
LFB005499,L025,4,5,4,3,4,4,4,4,4,5,2025-02-25
LFB005500,L001,4,4,5,3,5,5,5,4,5,3,2025-02-25
LFB005501,L017,5,5,3,5,2,3,4,4,5,5,2025-02-25
LFB005502,L020,5,3,2,4,3,3,3,4,5,5,2025-02-25
LFB005503,L012,5,3,4,2,4,4,4,4,4,2,2025-02-26
LFB005504,L025,4,3,4,4,5,5,4,4,4,4,2025-02-26
LFB005505,L018,4,5,3,4,3,3,2,3,3,5,2025-02-26
LFB005506,L007,4,5,4,5,5,5,4,5,4,4,2025-02-26
LFB005507,L003,3,4,3,2,3,5,5,5,4,4,2025-02-26
LFB005508,L016,4,3,3,3,3,3,3,3,5,4,2025-02-26
LFB005509,L006,4,5,2,3,3,2,3,4,4,4,2025-02-27
LFB005510,L001,4,5,2,5,5,2,5,4,4,4,2025-02-27
LFB005511,L010,3,4,4,5,3,3,4,5,4,4,2025-02-27
LFB005512,L010,2,4,4,3,4,4,5,4,4,4,2025-02-27
LFB005513,L024,5,5,4,5,5,5,4,5,4,5,2025-02-27
LFB005514,L021,4,4,3,2,3,4,4,4,3,5,2025-02-27
LFB005515,L015,5,5,4,4,5,3,4,4,4,4,2025-02-28
LFB005516,L010,3,5,4,4,5,5,5,3,4,3,2025-02-28
LFB005517,L013,4,3,5,4,4,5,2,4,5,5,2025-03-01
LFB005518,L019,4,4,4,5,5,4,3,5,5,3,2025-03-01
LFB005519,L016,4,2,2,3,4,4,3,3,2,2,2025-03-01
LFB005520,L024,2,3,3,5,5,3,4,5,3,4,2025-03-02
LFB005521,L016,5,3,4,3,3,5,3,3,3,5,2025-03-02
LFB005522,L024,4,4,3,5,5,5,3,3,4,2,2025-03-02
LFB005523,L021,5,4,5,2,4,5,4,5,5,3,2025-03-03
LFB005524,L023,4,5,5,4,5,3,4,4,4,3,2025-03-03
LFB005525,L014,5,2,3,4,4,4,4,5,5,5,2025-03-04
LFB005526,L024,3,4,5,3,4,5,4,5,5,4,2025-03-04
LFB005527,L012,4,4,4,4,3,3,4,5,2,3,2025-03-05
LFB005528,L024,3,4,3,3,5,4,5,4,4,4,2025-03-05
LFB005529,L021,5,4,3,4,4,4,4,5,5,5,2025-03-05
LFB005530,L022,4,5,4,5,5,4,5,5,5,4,2025-03-05
LFB005531,L007,4,5,4,4,2,3,5,3,4,4,2025-03-05
LFB005532,L023,4,4,4,4,2,4,5,3,3,4,2025-03-05
LFB005533,L008,3,4,3,4,4,4,2,3,1,3,2025-03-05
LFB005534,L014,2,4,5,4,4,3,4,4,5,4,2025-03-06
LFB005535,L017,3,3,2,4,4,5,5,3,5,4,2025-03-06
LFB005536,L010,4,5,4,5,3,2,5,3,5,4,2025-03-06
LFB005537,L009,4,5,4,2,3,5,3,4,4,5,2025-03-06
LFB005538,L022,5,5,4,5,5,5,5,5,4,4,2025-03-07
LFB005539,L023,5,5,4,5,4,4,4,5,4,5,2025-03-07
LFB005540,L009,3,3,5,5,4,4,3,3,3,4,2025-03-07
LFB005541,L019,5,5,5,4,5,5,5,5,5,5,2025-03-07
LFB005542,L014,3,5,3,4,3,5,4,4,4,3,2025-03-07
LFB005543,L008,4,3,3,4,5,4,5,4,3,5,2025-03-07
LFB005544,L013,5,3,4,4,4,5,5,4,4,5,2025-03-07
LFB005545,L017,3,3,3,4,3,4,4,3,5,4,2025-03-07
LFB005546,L021,3,5,4,4,5,4,5,5,5,4,2025-03-08
LFB005547,L020,3,3,2,4,4,5,3,3,3,5,2025-03-08
LFB005548,L020,4,4,5,4,4,5,5,4,4,5,2025-03-08
LFB005549,L002,5,3,2,4,5,5,3,5,4,3,2025-03-08
LFB005550,L005,3,3,3,4,4,3,3,3,3,3,2025-03-08
LFB005551,L025,3,3,4,3,4,4,5,5,3,5,2025-03-08
LFB005552,L024,3,5,3,5,5,5,4,5,3,4,2025-03-08
LFB005553,L017,5,5,4,3,4,5,5,5,5,4,2025-03-09
LFB005554,L017,3,5,4,3,3,4,4,4,4,4,2025-03-09
LFB005555,L008,3,3,5,5,4,4,5,4,2,5,2025-03-09
LFB005556,L009,3,4,5,3,4,5,3,3,5,5,2025-03-09
LFB005557,L006,4,3,5,5,4,5,3,5,3,5,2025-03-09
LFB005558,L016,4,4,4,4,4,4,4,5,5,5,2025-03-09
LFB005559,L010,3,3,2,3,5,3,4,5,3,3,2025-03-10
LFB005560,L016,5,5,4,2,5,5,3,5,5,4,2025-03-11
LFB005561,L018,4,5,2,3,5,3,3,5,4,4,2025-03-11
LFB005562,L025,3,2,5,2,3,3,2,4,5,4,2025-03-12
LFB005563,L015,4,4,4,4,5,5,5,3,4,4,2025-03-12
LFB005564,L003,4,3,4,4,5,2,4,3,4,4,2025-03-12
LFB005565,L001,4,4,4,4,4,4,4,4,4,4,2025-03-12
LFB005566,L023,4,4,4,4,5,3,4,2,3,4,2025-03-13
LFB005567,L025,5,2,4,3,5,4,4,5,4,5,2025-03-13
LFB005568,L001,5,5,4,5,5,5,5,4,3,5,2025-03-13
LFB005569,L006,4,5,3,4,5,4,3,4,4,4,2025-03-13
LFB005570,L013,2,3,5,3,4,4,2,5,5,5,2025-03-13
LFB005571,L008,4,4,4,3,5,4,5,4,3,4,2025-03-13
LFB005572,L025,5,5,5,5,4,5,5,3,5,4,2025-03-13
LFB005573,L003,1,5,5,4,5,4,5,5,5,5,2025-03-13
LFB005574,L023,3,4,4,4,3,5,4,4,5,4,2025-03-13
LFB005575,L013,3,3,2,5,3,3,4,5,4,2,2025-03-13
LFB005576,L024,4,4,3,4,5,4,5,4,4,4,2025-03-13
LFB005577,L001,4,3,3,3,5,4,4,5,5,3,2025-03-14
LFB005578,L023,5,5,4,5,5,5,5,5,5,5,2025-03-14
LFB005579,L018,5,4,5,4,5,4,4,3,4,5,2025-03-14
LFB005580,L011,4,4,2,4,3,3,4,4,3,4,2025-03-14
LFB005581,L026,4,5,5,3,2,3,3,3,4,4,2025-03-14
LFB005582,L026,5,3,5,5,5,3,5,3,3,2,2025-03-15
LFB005583,L022,5,5,5,5,5,4,5,5,5,5,2025-03-15
LFB005584,L001,3,3,2,4,2,4,5,4,5,3,2025-03-15
LFB005585,L021,3,4,3,5,5,3,5,4,3,3,2025-03-15
LFB005586,L016,4,5,5,5,4,5,4,4,5,5,2025-03-15
LFB005587,L011,4,4,5,5,3,5,3,5,5,4,2025-03-15
LFB005588,L009,4,3,3,3,4,4,3,4,4,4,2025-03-15
LFB005589,L008,3,4,4,4,3,3,3,3,5,4,2025-03-16
LFB005590,L015,2,5,3,4,3,2,4,3,4,5,2025-03-16
LFB005591,L021,3,3,4,3,3,5,5,3,4,4,2025-03-16
LFB005592,L020,5,4,3,4,5,5,4,3,3,5,2025-03-16
LFB005593,L016,5,3,3,4,5,5,5,2,5,4,2025-03-16
LFB005594,L011,4,4,4,4,4,4,3,3,5,4,2025-03-16
LFB005595,L013,5,5,5,3,3,3,4,5,4,3,2025-03-16
LFB005596,L025,4,5,4,5,3,3,4,4,4,4,2025-03-17
LFB005597,L006,3,5,3,4,4,3,4,4,4,5,2025-03-17
LFB005598,L001,5,5,3,3,5,5,5,4,5,5,2025-03-18
LFB005599,L022,5,5,4,5,5,5,4,3,3,4,2025-03-18
LFB005600,L005,4,4,3,3,5,4,4,4,3,4,2025-03-18
LFB005601,L021,5,4,5,4,5,4,5,4,5,4,2025-03-18
LFB005602,L009,4,4,3,5,3,4,5,4,3,3,2025-03-18
LFB005603,L007,4,4,3,5,5,5,4,5,4,4,2025-03-18
LFB005604,L012,4,4,5,4,4,3,4,5,5,4,2025-03-19
LFB005605,L011,4,5,2,3,2,3,3,3,3,4,2025-03-19
LFB005606,L020,3,2,4,5,5,4,3,5,3,4,2025-03-19
LFB005607,L026,5,3,4,5,4,4,4,5,4,4,2025-03-19
LFB005608,L024,4,4,4,3,4,5,5,2,4,3,2025-03-19
LFB005609,L014,4,5,5,2,4,5,3,4,3,5,2025-03-19
LFB005610,L025,3,4,4,5,4,5,5,5,3,5,2025-03-19
LFB005611,L020,5,5,4,2,5,4,4,3,5,5,2025-03-19
LFB005612,L026,4,4,5,3,4,3,3,3,5,5,2025-03-20
LFB005613,L014,5,3,4,5,3,4,3,5,4,3,2025-03-20
LFB005614,L008,3,3,3,4,5,4,3,5,3,3,2025-03-20
LFB005615,L002,5,5,4,5,4,5,4,4,5,4,2025-03-20
LFB005616,L002,3,4,3,5,3,4,3,4,5,4,2025-03-20
LFB005617,L014,5,4,1,4,1,5,3,4,4,4,2025-03-20
LFB005618,L025,4,4,3,5,3,5,4,5,5,5,2025-03-21
LFB005619,L009,5,4,5,5,4,4,5,5,5,5,2025-03-21
LFB005620,L022,3,3,2,3,5,3,4,4,5,3,2025-03-21
LFB005621,L008,4,4,5,5,5,3,2,3,4,4,2025-03-22
LFB005622,L001,5,5,4,5,5,4,5,4,5,4,2025-03-22
LFB005623,L004,3,4,2,4,4,5,5,5,2,3,2025-03-22
LFB005624,L010,3,4,5,4,3,4,5,4,4,4,2025-03-22
LFB005625,L004,5,4,3,4,5,5,2,2,4,4,2025-03-23
LFB005626,L023,4,3,3,4,5,3,4,4,3,3,2025-03-23
LFB005627,L023,5,5,2,3,5,5,5,5,5,4,2025-03-23
LFB005628,L002,2,5,3,3,2,5,4,3,3,4,2025-03-24
LFB005629,L006,3,4,3,4,4,4,3,5,3,5,2025-03-24
LFB005630,L026,4,5,4,4,4,5,3,3,5,4,2025-03-24
LFB005631,L019,5,5,2,4,4,4,4,4,5,4,2025-03-24
LFB005632,L021,4,5,4,4,5,4,5,5,4,3,2025-03-24
LFB005633,L002,4,4,3,4,2,4,3,3,4,3,2025-03-24
LFB005634,L024,4,4,1,4,3,4,5,4,3,5,2025-03-24
LFB005635,L025,3,3,5,4,4,5,5,4,4,5,2025-03-25
LFB005636,L025,4,5,4,3,4,5,4,3,3,5,2025-03-25
LFB005637,L025,4,4,3,2,2,3,3,4,2,5,2025-03-25
LFB005638,L018,4,5,5,4,4,3,3,4,5,3,2025-03-25
LFB005639,L021,5,5,4,5,3,5,5,4,5,4,2025-03-26
LFB005640,L021,3,2,4,4,3,4,5,2,5,3,2025-03-26
LFB005641,L011,4,4,3,3,5,4,4,5,3,5,2025-03-27
LFB005642,L016,3,4,3,4,5,2,5,4,3,4,2025-03-27
LFB005643,L010,4,3,5,5,2,3,5,5,5,5,2025-03-27
LFB005644,L013,4,5,4,5,5,5,3,4,4,4,2025-03-27
LFB005645,L022,3,3,5,4,5,5,5,4,4,2,2025-03-27
LFB005646,L002,2,4,4,3,4,4,4,3,5,4,2025-03-28
LFB005647,L013,3,4,5,4,3,3,4,4,5,5,2025-03-28
LFB005648,L008,4,3,3,4,5,4,5,4,4,4,2025-03-28
LFB005649,L026,4,3,4,5,2,3,5,3,4,4,2025-03-28
LFB005650,L024,4,5,4,2,5,4,3,3,3,5,2025-03-29
LFB005651,L014,3,3,4,5,3,5,3,4,5,2,2025-03-29
LFB005652,L023,3,3,3,5,4,4,4,2,3,5,2025-03-29
LFB005653,L005,4,5,3,4,3,5,3,4,4,4,2025-03-29
LFB005654,L011,5,3,2,4,4,3,5,3,2,4,2025-03-29
LFB005655,L026,5,2,1,4,3,4,4,4,4,4,2025-03-29
LFB005656,L021,4,4,4,5,5,3,5,3,5,5,2025-03-30
LFB005657,L001,5,4,4,5,5,5,4,5,5,5,2025-03-30
LFB005658,L010,5,3,3,4,3,4,4,5,4,3,2025-03-30
LFB005659,L012,4,3,4,4,4,5,3,5,4,4,2025-03-30
LFB005660,L020,3,5,3,2,5,4,4,4,3,5,2025-03-30
LFB005661,L015,4,4,3,4,3,4,4,4,4,4,2025-03-30
LFB005662,L013,4,3,3,4,5,4,2,4,2,3,2025-03-30
LFB005663,L020,4,5,4,4,4,3,5,4,5,4,2025-03-31
LFB005664,L020,5,5,4,5,5,4,3,4,4,3,2025-03-31
LFB005665,L001,4,2,4,5,4,4,3,4,4,4,2025-03-31
LFB005666,L011,4,5,4,3,5,5,4,4,5,3,2025-04-01
LFB005667,L005,4,5,3,4,5,5,4,4,4,4,2025-04-01
LFB005668,L024,4,4,5,4,5,4,5,3,4,5,2025-04-01
LFB005669,L020,5,2,4,1,4,5,3,5,3,5,2025-04-01
LFB005670,L025,5,3,3,5,3,4,4,4,5,4,2025-04-02
LFB005671,L025,4,4,4,4,4,4,3,4,3,2,2025-04-02
LFB005672,L012,4,3,5,5,4,5,4,4,4,4,2025-04-02
LFB005673,L025,3,3,5,4,4,4,4,3,2,4,2025-04-02
LFB005674,L025,4,5,4,5,4,5,5,5,4,5,2025-04-02
LFB005675,L005,3,4,4,3,4,4,4,4,4,4,2025-04-02
LFB005676,L022,5,5,4,3,4,3,3,5,4,5,2025-04-02
LFB005677,L002,5,3,5,3,3,4,4,5,5,5,2025-04-03
LFB005678,L023,4,5,4,4,5,5,5,4,5,3,2025-04-03
LFB005679,L020,3,4,5,4,3,5,5,5,4,5,2025-04-03
LFB005680,L007,5,4,3,3,5,4,4,5,3,4,2025-04-03
LFB005681,L018,4,4,5,3,5,5,5,4,4,5,2025-04-03
LFB005682,L025,4,4,4,4,5,5,5,5,5,5,2025-04-03
LFB005683,L011,5,2,3,3,4,5,5,3,4,3,2025-04-04
LFB005684,L019,4,2,3,3,3,3,4,4,3,2,2025-04-04
LFB005685,L017,5,4,3,4,3,4,4,4,4,4,2025-04-04
LFB005686,L021,3,5,4,5,4,4,5,3,3,4,2025-04-04
LFB005687,L018,4,4,3,4,4,4,5,3,4,5,2025-04-04
LFB005688,L005,4,5,4,4,3,5,3,2,5,5,2025-04-04
LFB005689,L021,4,4,3,5,3,4,4,5,4,5,2025-04-04
LFB005690,L009,5,4,4,4,4,5,3,5,3,5,2025-04-05
LFB005691,L009,4,3,1,4,4,4,4,4,3,4,2025-04-05
LFB005692,L001,3,4,3,4,5,4,4,2,5,4,2025-04-05
LFB005693,L025,4,4,5,5,3,5,4,5,4,3,2025-04-05
LFB005694,L002,5,5,5,4,3,4,5,5,4,5,2025-04-05
LFB005695,L009,5,5,4,5,4,5,4,5,5,5,2025-04-05
LFB005696,L022,4,4,3,3,3,4,4,5,4,5,2025-04-05
LFB005697,L021,3,3,3,2,3,4,5,4,2,3,2025-04-05
LFB005698,L013,4,4,4,5,4,4,4,5,5,5,2025-04-05
LFB005699,L002,5,4,4,3,5,5,5,4,3,5,2025-04-05
LFB005700,L016,3,5,4,3,4,3,3,4,3,3,2025-04-05
LFB005701,L014,4,4,4,4,5,5,5,5,5,5,2025-04-05
LFB005702,L026,4,4,4,4,4,5,4,2,4,5,2025-04-05
LFB005703,L010,4,5,1,4,4,3,4,4,4,5,2025-04-05
LFB005704,L024,4,5,4,5,2,2,3,3,4,3,2025-04-05
LFB005705,L023,3,4,4,5,5,5,5,3,2,4,2025-04-05
LFB005706,L026,5,5,3,5,5,5,4,5,3,5,2025-04-05
LFB005707,L001,5,4,4,5,3,4,5,5,5,4,2025-04-06
LFB005708,L019,4,3,5,4,5,4,4,1,5,4,2025-04-06
LFB005709,L010,4,2,4,4,5,4,3,3,4,5,2025-04-06
LFB005710,L024,5,4,5,4,4,5,5,4,4,5,2025-04-06
LFB005711,L007,4,3,4,5,4,4,5,4,4,3,2025-04-06
LFB005712,L022,4,5,4,3,4,3,4,4,3,5,2025-04-06
LFB005713,L008,3,4,3,5,4,4,5,5,4,5,2025-04-06
LFB005714,L014,4,5,4,2,4,5,4,5,4,4,2025-04-06
LFB005715,L004,4,3,3,4,3,5,4,3,4,5,2025-04-06
LFB005716,L014,4,3,5,4,5,5,3,5,4,5,2025-04-06
LFB005717,L016,5,4,2,4,5,4,4,4,4,4,2025-04-06
LFB005718,L025,3,3,5,4,4,4,4,4,5,4,2025-04-06
LFB005719,L025,4,4,5,3,5,3,4,5,2,5,2025-04-06
LFB005720,L020,2,5,5,5,4,5,5,4,4,4,2025-04-06
LFB005721,L021,5,3,3,4,4,4,4,3,4,3,2025-04-06
LFB005722,L001,4,4,3,5,4,4,4,4,3,5,2025-04-06
LFB005723,L021,4,3,2,5,4,5,4,3,4,4,2025-04-07
LFB005724,L024,4,5,4,5,3,5,4,5,5,4,2025-04-07
LFB005725,L026,4,4,3,4,5,3,4,3,4,5,2025-04-07
LFB005726,L015,5,3,3,5,4,4,5,3,2,3,2025-04-07
LFB005727,L022,4,5,4,3,4,4,5,5,2,5,2025-04-07
LFB005728,L020,3,5,3,2,3,3,3,2,4,4,2025-04-07
LFB005729,L001,4,5,3,5,4,5,4,5,5,3,2025-04-07
LFB005730,L009,5,4,4,3,3,3,4,5,4,4,2025-04-07
LFB005731,L010,4,5,3,5,4,5,4,4,4,5,2025-04-07
LFB005732,L023,4,5,5,3,5,3,4,5,5,3,2025-04-07
LFB005733,L007,5,4,4,3,4,5,3,3,4,4,2025-04-07
LFB005734,L026,3,5,4,5,5,4,4,3,5,4,2025-04-07
LFB005735,L016,2,4,4,4,3,3,5,2,4,4,2025-04-08
LFB005736,L014,5,4,5,4,5,5,4,5,4,5,2025-04-08
LFB005737,L013,3,3,2,2,3,3,3,4,4,3,2025-04-08
LFB005738,L015,3,4,3,3,5,5,5,4,4,4,2025-04-08
LFB005739,L004,5,3,5,5,4,5,4,4,5,4,2025-04-08
LFB005740,L025,4,4,3,5,3,4,5,3,4,5,2025-04-08
LFB005741,L004,5,4,4,4,4,5,5,4,2,3,2025-04-08
LFB005742,L022,3,4,2,4,2,5,3,4,3,3,2025-04-08
LFB005743,L024,3,2,2,5,5,4,3,5,4,3,2025-04-08
LFB005744,L004,4,5,5,5,4,5,4,5,4,5,2025-04-08
LFB005745,L020,4,5,4,5,5,4,4,5,4,4,2025-04-08
LFB005746,L022,4,5,5,5,5,5,3,3,4,5,2025-04-08
LFB005747,L023,4,4,4,4,4,5,4,4,5,5,2025-04-08
LFB005748,L020,2,3,5,5,4,5,5,5,3,4,2025-04-08
LFB005749,L015,5,5,4,4,4,4,4,4,5,5,2025-04-08
LFB005750,L018,3,5,5,5,5,5,5,4,4,5,2025-04-08
LFB005751,L003,5,4,3,4,4,4,5,5,5,5,2025-04-09
LFB005752,L026,5,3,4,5,4,5,4,5,4,3,2025-04-09
LFB005753,L017,2,4,3,3,3,3,2,4,3,3,2025-04-09
LFB005754,L014,5,2,4,5,4,4,5,4,4,5,2025-04-09
LFB005755,L001,5,5,4,2,5,4,5,4,4,4,2025-04-09
LFB005756,L010,4,4,3,5,2,4,4,4,2,5,2025-04-09
LFB005757,L022,5,4,2,4,5,5,5,4,5,3,2025-04-09
LFB005758,L009,3,3,2,4,3,3,3,2,5,2,2025-04-09
LFB005759,L002,4,4,4,4,5,3,4,4,5,4,2025-04-09
LFB005760,L004,5,4,3,5,4,5,3,5,5,4,2025-04-10
LFB005761,L021,5,4,5,3,3,4,5,3,5,3,2025-04-10
LFB005762,L010,3,3,5,4,4,4,4,4,3,3,2025-04-10
LFB005763,L026,5,5,5,4,5,3,5,4,4,4,2025-04-10
LFB005764,L019,4,4,3,4,3,4,4,3,4,2,2025-04-10
LFB005765,L011,5,4,4,5,4,3,4,5,4,3,2025-04-10
LFB005766,L021,4,5,5,4,4,5,4,4,5,4,2025-04-10
LFB005767,L007,4,4,5,3,3,3,3,4,4,5,2025-04-10
LFB005768,L024,3,5,4,5,3,5,3,5,4,5,2025-04-10
LFB005769,L012,3,4,5,4,5,4,5,5,4,5,2025-04-10
LFB005770,L026,5,4,2,4,5,5,3,5,4,4,2025-04-10
LFB005771,L013,4,5,5,4,5,3,4,4,4,5,2025-04-10
LFB005772,L023,4,5,3,5,5,4,4,4,4,5,2025-04-10
LFB005773,L020,5,4,4,4,5,3,5,5,5,4,2025-04-10
LFB005774,L019,5,3,5,4,4,5,5,4,4,5,2025-04-10
LFB005775,L012,3,3,1,3,3,4,2,3,4,4,2025-04-10
LFB005776,L021,4,5,5,4,5,5,3,5,4,5,2025-04-11
LFB005777,L004,5,4,3,4,3,2,3,4,5,4,2025-04-11
LFB005778,L021,3,4,3,3,5,5,5,5,3,3,2025-04-11
LFB005779,L013,4,4,4,3,4,5,5,4,5,5,2025-04-11
LFB005780,L023,4,4,2,3,2,5,2,3,4,4,2025-04-11
LFB005781,L022,4,3,4,4,4,4,5,5,4,4,2025-04-11
LFB005782,L024,2,2,1,3,2,3,3,3,3,3,2025-04-11
LFB005783,L001,5,5,4,2,4,4,4,5,5,3,2025-04-11
LFB005784,L024,4,5,4,5,5,4,3,5,4,4,2025-04-12
LFB005785,L024,5,4,5,4,4,4,4,4,5,5,2025-04-12
LFB005786,L021,5,3,5,5,4,3,5,5,2,5,2025-04-12
LFB005787,L001,5,4,5,5,5,3,4,5,4,3,2025-04-12
LFB005788,L020,4,3,4,5,4,5,3,4,5,4,2025-04-12
LFB005789,L014,3,3,4,3,3,3,3,5,5,4,2025-04-12
LFB005790,L004,5,5,3,5,5,3,3,4,5,3,2025-04-12
LFB005791,L014,4,5,4,3,3,4,3,3,1,5,2025-04-12
LFB005792,L025,5,4,5,3,4,5,5,5,5,4,2025-04-12
LFB005793,L014,5,4,3,3,4,3,3,4,4,5,2025-04-12
LFB005794,L013,3,4,5,5,5,3,3,4,4,5,2025-04-12
LFB005795,L015,3,3,1,4,4,5,3,3,2,4,2025-04-12
LFB005796,L006,5,3,5,5,4,4,3,4,4,3,2025-04-12
LFB005797,L001,4,3,4,3,5,4,5,3,5,4,2025-04-12
LFB005798,L006,4,4,5,4,4,2,3,4,4,4,2025-04-12
LFB005799,L023,3,4,2,4,3,4,5,2,3,2,2025-04-12
LFB005800,L008,3,3,4,3,5,4,3,4,4,2,2025-04-12
LFB005801,L018,5,4,4,5,4,5,4,5,5,5,2025-04-13
LFB005802,L012,5,5,4,3,4,3,3,4,4,5,2025-04-13
LFB005803,L022,4,3,4,4,5,4,5,4,5,4,2025-04-13
LFB005804,L002,4,3,4,3,3,5,3,3,3,4,2025-04-13
LFB005805,L016,4,3,3,4,5,3,4,5,4,4,2025-04-13
LFB005806,L019,4,3,4,5,1,3,3,4,4,4,2025-04-13
LFB005807,L021,5,4,4,4,2,3,5,3,5,5,2025-04-13
LFB005808,L023,3,4,5,4,3,4,4,4,4,4,2025-04-13
LFB005809,L014,3,5,4,4,2,5,3,4,2,3,2025-04-13
LFB005810,L001,5,5,4,5,4,5,3,5,5,5,2025-04-13
LFB005811,L007,4,5,3,5,5,3,4,5,4,4,2025-04-13
LFB005812,L001,4,4,5,2,3,5,5,5,3,5,2025-04-13
LFB005813,L009,3,3,5,4,5,2,4,5,4,4,2025-04-14
LFB005814,L020,4,5,4,4,5,4,3,4,3,5,2025-04-14
LFB005815,L024,5,3,4,4,4,5,3,3,5,5,2025-04-14
LFB005816,L014,2,3,3,3,4,5,4,3,5,3,2025-04-14
LFB005817,L007,3,5,5,5,4,4,3,3,4,3,2025-04-14
LFB005818,L022,4,4,4,5,4,3,4,3,5,4,2025-04-14
LFB005819,L024,4,4,4,4,4,3,3,4,3,5,2025-04-14
LFB005820,L021,5,4,3,3,4,4,2,4,4,4,2025-04-14
LFB005821,L021,3,4,3,5,5,3,3,4,5,4,2025-04-14
LFB005822,L010,5,3,4,4,5,4,4,4,4,5,2025-04-14
LFB005823,L023,5,3,2,5,5,5,4,5,4,5,2025-04-14
LFB005824,L010,5,5,4,5,5,5,4,3,4,3,2025-04-14
LFB005825,L024,5,3,5,3,4,5,5,2,5,5,2025-04-15
LFB005826,L010,4,4,4,4,5,5,5,5,5,3,2025-04-15
LFB005827,L013,3,4,4,3,1,2,4,3,4,4,2025-04-15
LFB005828,L010,3,3,3,5,5,5,3,4,5,4,2025-04-15
LFB005829,L016,4,3,3,3,3,4,2,3,3,3,2025-04-15
LFB005830,L021,2,5,3,3,4,5,2,3,4,3,2025-04-15
LFB005831,L010,4,4,4,4,5,5,3,5,5,5,2025-04-15
LFB005832,L010,5,4,5,5,4,3,3,5,5,4,2025-04-15
LFB005833,L013,4,3,4,3,3,5,5,5,5,4,2025-04-15
LFB005834,L015,4,3,4,5,4,4,4,5,4,4,2025-04-15
LFB005835,L014,3,4,3,3,5,5,5,4,5,5,2025-04-16
LFB005836,L022,5,4,4,3,4,4,4,3,4,5,2025-04-16
LFB005837,L022,5,3,3,5,3,4,4,4,5,3,2025-04-16
LFB005838,L008,5,4,4,5,5,4,5,4,5,5,2025-04-16
LFB005839,L009,4,5,5,5,5,3,5,5,3,4,2025-04-16
LFB005840,L014,4,4,3,4,4,3,3,4,4,5,2025-04-16
LFB005841,L008,5,4,2,5,4,5,5,5,3,4,2025-04-16
LFB005842,L002,3,4,3,5,5,4,2,4,4,5,2025-04-16
LFB005843,L004,4,3,5,5,4,4,4,5,3,2,2025-04-16
LFB005844,L013,4,3,3,3,5,4,4,5,3,4,2025-04-16
LFB005845,L017,3,2,3,3,2,3,4,3,4,4,2025-04-17
LFB005846,L014,4,5,4,5,4,4,3,3,4,4,2025-04-17
LFB005847,L026,4,5,5,4,5,4,4,4,4,5,2025-04-17
LFB005848,L010,5,5,3,5,5,4,5,3,4,4,2025-04-17
LFB005849,L024,5,5,5,5,5,4,4,5,5,5,2025-04-17
LFB005850,L016,4,5,4,5,3,4,5,5,3,4,2025-04-17
LFB005851,L021,5,3,3,4,4,3,3,5,4,4,2025-04-17
LFB005852,L025,3,4,5,5,5,4,2,3,5,4,2025-04-17
LFB005853,L014,5,3,4,3,5,4,3,5,5,4,2025-04-17
LFB005854,L007,4,5,2,3,5,3,3,3,4,4,2025-04-17
LFB005855,L021,4,3,5,4,3,3,3,4,4,5,2025-04-17
LFB005856,L011,5,5,5,4,4,4,3,3,3,5,2025-04-17
LFB005857,L021,5,5,4,4,4,4,4,4,3,5,2025-04-17
LFB005858,L007,5,2,5,3,5,5,4,5,5,4,2025-04-17
LFB005859,L023,3,4,3,5,4,3,4,4,4,5,2025-04-17
LFB005860,L017,5,5,4,5,4,5,3,5,5,4,2025-04-17
LFB005861,L016,5,3,4,5,5,5,4,4,5,5,2025-04-17
LFB005862,L012,5,5,4,4,5,5,4,5,5,5,2025-04-17
LFB005863,L021,4,2,2,3,3,3,4,3,3,3,2025-04-18
LFB005864,L010,4,5,3,5,4,4,5,3,3,4,2025-04-18
LFB005865,L015,4,5,3,4,4,4,4,4,5,5,2025-04-18
LFB005866,L014,3,4,4,5,5,4,3,3,5,3,2025-04-18
LFB005867,L011,4,5,3,4,3,5,5,5,5,3,2025-04-18
LFB005868,L011,3,3,3,4,4,3,4,4,4,4,2025-04-18
LFB005869,L012,4,3,2,4,4,3,3,4,2,4,2025-04-18
LFB005870,L021,2,3,2,3,4,3,5,5,3,3,2025-04-18
LFB005871,L002,4,4,4,4,5,5,4,5,4,5,2025-04-18
LFB005872,L002,3,4,5,4,3,3,5,5,4,2,2025-04-18
LFB005873,L024,3,3,3,3,4,4,3,5,3,5,2025-04-18
LFB005874,L012,5,4,4,4,3,3,2,4,5,5,2025-04-18
LFB005875,L020,5,4,5,2,4,4,3,5,5,5,2025-04-18
LFB005876,L026,2,3,5,4,4,5,4,4,3,4,2025-04-18
LFB005877,L016,5,5,4,5,5,4,4,4,5,5,2025-04-18
LFB005878,L005,4,5,4,3,3,5,4,5,4,5,2025-04-19
LFB005879,L025,4,5,4,5,5,5,5,5,5,4,2025-04-19
LFB005880,L021,4,4,4,5,4,5,3,5,4,4,2025-04-19
LFB005881,L014,4,3,3,4,5,4,5,5,4,5,2025-04-19
LFB005882,L005,3,4,5,5,2,4,4,4,3,4,2025-04-19
LFB005883,L008,2,3,2,3,4,4,2,3,5,2,2025-04-19
LFB005884,L022,5,4,4,5,5,5,4,4,4,3,2025-04-19
LFB005885,L026,4,4,3,5,4,5,4,3,5,3,2025-04-19
LFB005886,L005,3,5,4,4,4,4,3,5,4,5,2025-04-19
LFB005887,L010,4,4,3,4,3,3,4,5,4,4,2025-04-19
LFB005888,L026,4,3,4,4,4,4,3,5,5,4,2025-04-19
LFB005889,L022,5,4,4,4,3,5,3,4,4,5,2025-04-19
LFB005890,L009,4,4,4,3,4,4,2,2,4,4,2025-04-19
LFB005891,L007,3,5,3,3,3,5,4,3,3,3,2025-04-19
LFB005892,L014,5,2,5,3,4,5,4,4,5,4,2025-04-20
LFB005893,L014,4,3,4,3,3,5,3,4,3,4,2025-04-20
LFB005894,L011,4,5,3,5,5,4,4,3,4,5,2025-04-20
LFB005895,L024,5,3,4,4,5,2,5,5,5,4,2025-04-20
LFB005896,L007,4,2,3,4,3,2,3,4,2,2,2025-04-20
LFB005897,L023,4,3,3,5,5,3,2,3,5,5,2025-04-20
LFB005898,L021,4,3,4,4,5,4,5,4,2,5,2025-04-20
LFB005899,L010,4,5,4,3,4,4,4,5,5,5,2025-04-20
LFB005900,L024,2,4,3,3,3,4,3,4,4,5,2025-04-20
LFB005901,L012,4,4,3,3,4,4,5,5,4,5,2025-04-20
LFB005902,L014,4,3,5,4,4,5,5,3,3,5,2025-04-21
LFB005903,L025,4,4,4,3,5,3,3,4,3,5,2025-04-21
LFB005904,L010,4,5,3,4,5,5,4,4,3,3,2025-04-21
LFB005905,L026,4,4,3,4,3,3,3,5,4,5,2025-04-21
LFB005906,L017,2,2,2,3,3,4,3,3,4,3,2025-04-21
LFB005907,L023,4,3,4,4,5,3,4,3,4,4,2025-04-21
LFB005908,L006,3,4,5,4,4,2,5,4,4,4,2025-04-21
LFB005909,L026,3,2,3,3,2,3,3,5,4,5,2025-04-21
LFB005910,L014,3,3,4,3,3,3,4,5,4,4,2025-04-22
LFB005911,L003,3,4,4,3,5,5,2,4,5,4,2025-04-22
LFB005912,L013,3,4,4,3,4,4,3,4,5,3,2025-04-22
LFB005913,L003,4,4,3,5,4,5,5,4,3,3,2025-04-22
LFB005914,L013,4,4,5,4,4,4,5,5,5,5,2025-04-22
LFB005915,L021,3,4,3,4,3,4,3,4,5,3,2025-04-22
LFB005916,L019,4,4,4,5,3,4,3,4,5,4,2025-04-22
LFB005917,L015,3,5,3,4,5,5,5,5,5,4,2025-04-22
LFB005918,L026,5,3,3,4,5,2,5,4,4,3,2025-04-22
LFB005919,L010,3,4,4,4,5,3,1,5,4,4,2025-04-22
LFB005920,L025,4,4,4,5,4,4,5,3,4,5,2025-04-22
LFB005921,L004,2,4,4,3,4,4,4,3,4,4,2025-04-23
LFB005922,L010,2,5,4,5,3,3,3,4,2,3,2025-04-23
LFB005923,L025,3,4,4,5,5,4,4,5,5,4,2025-04-23
LFB005924,L014,4,5,4,3,5,5,3,5,3,4,2025-04-23
LFB005925,L011,5,4,4,5,2,5,5,5,4,5,2025-04-23
LFB005926,L019,3,2,1,4,3,2,3,4,2,3,2025-04-23
LFB005927,L002,5,4,3,4,2,2,5,5,3,5,2025-04-23
LFB005928,L002,3,5,5,5,4,4,5,5,5,5,2025-04-24
LFB005929,L018,5,3,4,4,4,4,5,4,5,4,2025-04-24
LFB005930,L012,2,3,3,3,1,4,3,3,5,4,2025-04-24
LFB005931,L023,3,4,4,4,3,3,2,5,3,5,2025-04-24
LFB005932,L013,3,2,4,4,3,3,3,3,1,3,2025-04-24
LFB005933,L017,4,4,5,5,4,3,4,4,5,4,2025-04-24
LFB005934,L003,5,3,2,5,4,3,4,4,3,4,2025-04-24
LFB005935,L022,4,4,2,3,4,4,3,4,3,5,2025-04-24
LFB005936,L016,5,4,4,3,5,4,3,4,4,3,2025-04-24
LFB005937,L010,5,4,4,4,5,5,5,5,4,5,2025-04-24
LFB005938,L015,4,3,4,4,3,4,5,4,3,4,2025-04-24
LFB005939,L020,4,4,3,5,4,5,4,4,4,4,2025-04-24
LFB005940,L022,5,4,3,3,4,4,2,4,4,4,2025-04-24
LFB005941,L013,3,3,2,4,4,3,4,2,4,5,2025-04-24
LFB005942,L022,5,4,4,5,5,5,3,5,4,5,2025-04-24
LFB005943,L005,5,5,3,5,3,3,5,3,4,5,2025-04-24
LFB005944,L012,3,4,4,2,3,4,2,4,3,3,2025-04-24
LFB005945,L013,5,4,3,4,4,4,4,4,4,4,2025-04-24
LFB005946,L011,5,5,3,4,4,3,3,4,5,4,2025-04-24
LFB005947,L001,5,4,4,5,5,4,4,5,5,5,2025-04-24
LFB005948,L018,5,3,4,5,4,4,3,1,4,3,2025-04-25
LFB005949,L017,3,5,5,5,5,5,5,4,5,4,2025-04-25
LFB005950,L019,3,5,3,4,5,4,3,3,3,3,2025-04-25
LFB005951,L004,4,5,4,4,4,4,5,5,2,5,2025-04-25
LFB005952,L020,4,4,4,4,3,4,4,4,4,4,2025-04-25
LFB005953,L004,4,4,4,5,4,5,5,4,4,4,2025-04-25
LFB005954,L022,4,2,3,2,2,4,3,3,4,3,2025-04-25
LFB005955,L025,4,4,3,5,3,3,5,4,5,5,2025-04-25
LFB005956,L018,4,3,4,5,4,5,4,4,5,3,2025-04-25
LFB005957,L016,5,3,5,4,3,4,5,4,5,3,2025-04-25
LFB005958,L017,4,4,5,4,5,5,3,2,4,4,2025-04-25
LFB005959,L024,3,4,2,4,5,5,3,4,5,4,2025-04-25
LFB005960,L010,4,3,3,3,4,4,4,4,3,3,2025-04-25
LFB005961,L003,3,3,3,3,3,5,2,2,4,2,2025-04-25
LFB005962,L004,5,4,4,4,5,2,5,5,3,4,2025-04-25
LFB005963,L022,5,3,3,4,3,5,3,5,4,5,2025-04-26
LFB005964,L007,4,4,5,4,3,3,5,4,4,5,2025-04-26
LFB005965,L024,5,3,4,3,3,5,5,4,3,3,2025-04-26
LFB005966,L016,3,3,4,5,4,5,2,3,4,4,2025-04-26
LFB005967,L004,5,4,4,5,5,3,3,5,5,4,2025-04-26
LFB005968,L016,5,4,4,5,4,5,4,5,5,5,2025-04-26
LFB005969,L020,4,3,3,3,4,4,4,2,5,3,2025-04-26
LFB005970,L018,3,4,4,2,5,5,4,5,4,3,2025-04-26
LFB005971,L001,5,5,4,5,5,5,5,5,4,5,2025-04-26
LFB005972,L010,5,4,4,4,3,4,4,4,4,3,2025-04-26
LFB005973,L020,4,5,4,4,4,4,4,4,5,5,2025-04-27
LFB005974,L019,3,4,4,5,3,3,2,2,4,3,2025-04-27
LFB005975,L019,3,4,4,3,4,4,5,5,3,3,2025-04-27
LFB005976,L024,3,4,5,3,3,4,4,4,3,5,2025-04-27
LFB005977,L002,4,4,2,2,3,4,4,3,3,4,2025-04-27
LFB005978,L019,5,4,3,3,4,4,4,3,4,5,2025-04-27
LFB005979,L006,5,4,4,5,5,4,5,3,5,4,2025-04-27
LFB005980,L015,4,3,3,5,4,5,5,4,5,5,2025-04-27
LFB005981,L026,4,3,3,2,3,4,2,4,1,3,2025-04-27
LFB005982,L026,3,2,3,4,2,3,4,2,4,3,2025-04-28
LFB005983,L010,4,5,4,5,5,5,5,5,4,4,2025-04-28
LFB005984,L023,3,3,3,4,4,4,3,5,5,5,2025-04-28
LFB005985,L017,4,3,4,3,4,4,2,3,3,5,2025-04-28
LFB005986,L008,3,5,3,5,5,4,3,4,4,5,2025-04-28
LFB005987,L016,5,2,4,4,4,3,5,4,4,5,2025-04-28
LFB005988,L002,2,3,5,3,4,3,4,3,3,4,2025-04-28
LFB005989,L015,4,5,4,4,4,3,4,3,5,4,2025-04-28
LFB005990,L013,5,5,4,4,4,5,5,4,4,4,2025-04-28
LFB005991,L001,4,4,4,4,3,5,4,3,4,5,2025-04-28
LFB005992,L001,5,5,5,4,3,4,5,4,5,5,2025-04-28
LFB005993,L006,3,5,5,5,4,4,2,5,4,5,2025-04-28
LFB005994,L015,4,5,4,5,5,5,4,4,5,4,2025-04-28
LFB005995,L012,3,3,4,4,3,3,5,3,3,3,2025-04-28
LFB005996,L008,5,3,2,5,3,3,4,4,5,5,2025-04-28
LFB005997,L021,3,5,4,4,5,4,5,5,3,4,2025-04-28
LFB005998,L010,4,2,3,2,4,4,3,4,4,3,2025-04-28
LFB005999,L016,2,3,5,4,3,5,4,4,3,5,2025-04-29
LFB006000,L014,3,3,4,3,4,2,2,3,4,4,2025-04-29
LFB006001,L025,5,3,3,5,4,5,5,3,4,5,2025-04-29
LFB006002,L010,3,2,3,3,4,2,2,5,3,4,2025-04-29
LFB006003,L010,5,4,3,4,4,4,3,5,4,4,2025-04-29
LFB006004,L020,4,5,4,5,4,5,4,4,4,5,2025-04-29
LFB006005,L013,3,5,4,4,5,4,2,4,4,4,2025-04-29
LFB006006,L004,4,3,3,5,4,3,3,5,3,4,2025-04-29
LFB006007,L008,5,4,4,4,4,4,5,3,4,5,2025-04-29
LFB006008,L023,5,4,2,3,5,4,4,4,3,5,2025-04-29
LFB006009,L020,5,3,3,4,5,4,4,5,4,4,2025-04-29
LFB006010,L021,4,4,4,3,3,4,4,4,5,3,2025-04-29
LFB006011,L014,4,3,3,4,1,3,3,5,5,4,2025-04-29
LFB006012,L021,3,5,3,4,4,5,5,5,3,4,2025-04-29
LFB006013,L020,3,4,4,2,3,3,2,5,3,4,2025-04-29
LFB006014,L007,4,5,2,5,5,5,5,4,5,5,2025-04-29
LFB006015,L009,5,4,4,4,4,5,4,4,4,5,2025-04-29
LFB006016,L016,5,4,4,5,3,2,3,5,3,4,2025-04-30
LFB006017,L026,5,3,5,5,4,5,5,4,5,5,2025-04-30
LFB006018,L013,5,3,2,5,4,4,3,4,3,3,2025-04-30
LFB006019,L024,4,5,3,3,4,3,3,4,5,5,2025-04-30
LFB006020,L001,5,4,3,5,4,4,5,5,4,5,2025-04-30
LFB006021,L003,5,3,4,4,5,3,5,3,4,3,2025-04-30
LFB006022,L008,5,4,4,5,4,5,5,4,4,5,2025-04-30
LFB006023,L017,3,5,3,4,3,3,4,3,4,5,2025-04-30
LFB006024,L014,5,2,4,5,5,4,5,5,4,4,2025-04-30
LFB006025,L007,3,4,3,4,3,5,4,4,5,5,2025-04-30
LFB006026,L010,4,2,3,4,5,4,4,4,5,4,2025-05-01
LFB006027,L013,3,4,4,3,4,3,4,3,3,3,2025-05-01
LFB006028,L026,3,4,4,5,5,3,4,5,3,4,2025-05-01
LFB006029,L013,4,4,5,4,5,4,5,4,5,4,2025-05-01
LFB006030,L024,5,5,4,5,4,5,5,5,5,5,2025-05-01
LFB006031,L009,5,4,5,5,5,5,4,5,5,4,2025-05-01
LFB006032,L021,4,5,5,4,5,3,4,4,4,2,2025-05-01
LFB006033,L007,3,3,3,4,4,4,3,5,4,3,2025-05-01
LFB006034,L021,2,3,2,5,5,5,4,4,2,4,2025-05-01
LFB006035,L016,4,2,3,3,4,4,4,3,3,5,2025-05-01
LFB006036,L026,5,3,3,5,3,3,5,4,4,5,2025-05-01
LFB006037,L024,3,4,4,4,5,4,3,4,4,5,2025-05-01
LFB006038,L013,5,5,4,4,5,5,3,5,4,4,2025-05-01
LFB006039,L019,3,4,4,2,4,4,5,4,4,5,2025-05-01
LFB006040,L001,4,4,3,5,5,5,4,2,4,5,2025-05-01
LFB006041,L021,5,4,4,2,4,4,3,4,3,5,2025-05-01
LFB006042,L020,3,5,5,5,4,5,4,5,5,5,2025-05-01
LFB006043,L011,2,3,3,4,5,4,4,4,2,4,2025-05-01
LFB006044,L002,3,3,5,3,4,4,2,4,5,4,2025-05-01
LFB006045,L001,3,5,4,4,4,5,4,5,3,4,2025-05-01
LFB006046,L008,5,5,3,4,4,5,5,3,4,5,2025-05-02
LFB006047,L025,2,5,4,4,3,2,4,2,3,3,2025-05-02
LFB006048,L013,3,4,1,3,3,4,4,4,3,5,2025-05-02
LFB006049,L001,5,5,4,5,4,4,4,4,3,5,2025-05-02
LFB006050,L010,4,4,3,4,4,3,5,4,2,5,2025-05-02
LFB006051,L003,4,3,5,4,4,3,2,4,3,3,2025-05-02
LFB006052,L015,5,4,4,2,2,5,4,4,4,3,2025-05-02
LFB006053,L007,5,2,3,3,3,5,5,4,3,4,2025-05-02
LFB006054,L007,4,3,3,3,4,5,3,5,4,5,2025-05-02
LFB006055,L026,2,5,3,3,5,3,4,4,4,5,2025-05-02
LFB006056,L025,4,4,3,4,5,3,4,5,5,5,2025-05-02
LFB006057,L014,4,4,4,4,3,4,5,3,4,5,2025-05-02
LFB006058,L010,5,5,4,5,5,5,5,5,5,5,2025-05-02
LFB006059,L010,3,3,4,4,5,4,2,5,4,4,2025-05-03
LFB006060,L002,4,4,3,3,5,3,4,3,5,4,2025-05-03
LFB006061,L013,4,5,4,4,5,3,5,5,3,4,2025-05-03
LFB006062,L014,4,3,4,4,4,5,4,4,4,5,2025-05-03
LFB006063,L015,2,3,4,2,4,5,2,3,3,4,2025-05-03
LFB006064,L002,5,3,4,3,3,5,5,2,4,5,2025-05-03
LFB006065,L023,3,3,3,4,4,3,4,3,5,4,2025-05-03
LFB006066,L011,4,5,5,3,3,4,3,5,5,5,2025-05-03
LFB006067,L023,3,3,4,4,5,4,5,4,4,4,2025-05-03
LFB006068,L025,3,5,4,4,4,5,5,5,4,4,2025-05-03
LFB006069,L001,4,3,5,4,5,5,3,5,4,5,2025-05-03
LFB006070,L026,4,5,4,5,4,5,3,5,5,4,2025-05-03
LFB006071,L011,4,4,4,4,4,5,5,4,4,5,2025-05-03
LFB006072,L025,3,3,3,4,3,4,4,3,4,3,2025-05-03
LFB006073,L024,5,5,4,3,5,5,5,3,5,4,2025-05-04
LFB006074,L007,3,3,4,5,4,5,4,4,4,5,2025-05-04
LFB006075,L009,3,3,2,5,2,4,4,3,4,2,2025-05-04
LFB006076,L022,5,3,3,4,5,4,3,4,4,5,2025-05-04
LFB006077,L001,1,3,4,3,4,3,3,5,4,4,2025-05-04
LFB006078,L001,3,5,5,3,4,5,3,3,3,4,2025-05-04
LFB006079,L015,3,4,2,2,3,2,4,3,4,4,2025-05-04
LFB006080,L013,4,3,4,4,3,3,3,4,3,4,2025-05-04
LFB006081,L022,4,4,3,4,3,5,3,4,3,5,2025-05-05
LFB006082,L010,5,4,4,4,4,5,4,4,5,4,2025-05-05
LFB006083,L018,5,4,3,3,3,4,4,3,5,4,2025-05-05
LFB006084,L016,4,3,1,3,3,2,4,4,3,3,2025-05-05
LFB006085,L015,3,4,4,4,4,5,4,5,3,4,2025-05-05
LFB006086,L002,5,3,3,5,5,4,4,5,4,4,2025-05-05
LFB006087,L023,2,4,3,4,4,5,4,4,4,4,2025-05-05
LFB006088,L016,4,4,3,4,5,4,4,5,4,5,2025-05-05
LFB006089,L015,5,4,4,5,4,4,4,5,4,4,2025-05-05
LFB006090,L004,2,2,2,2,4,2,3,3,2,3,2025-05-05
LFB006091,L003,5,5,3,5,4,5,5,4,5,5,2025-05-05
LFB006092,L024,5,4,3,3,4,5,5,4,4,5,2025-05-05
LFB006093,L024,5,4,3,5,3,4,2,4,4,4,2025-05-05
LFB006094,L014,5,5,4,4,5,5,5,5,4,5,2025-05-05
LFB006095,L020,5,4,5,3,3,3,5,3,5,4,2025-05-06
LFB006096,L010,4,4,3,4,5,5,3,3,4,4,2025-05-06
LFB006097,L019,5,5,5,4,4,5,4,4,4,5,2025-05-06
LFB006098,L009,5,4,5,4,5,5,5,5,5,5,2025-05-06
LFB006099,L015,4,4,2,4,2,3,2,4,3,3,2025-05-06
LFB006100,L022,4,5,2,4,5,4,4,4,4,4,2025-05-06
LFB006101,L024,3,4,3,4,3,3,3,3,3,3,2025-05-06
LFB006102,L011,5,4,4,2,4,4,4,4,4,3,2025-05-06
LFB006103,L001,5,5,3,5,4,5,5,5,3,5,2025-05-06
LFB006104,L001,5,5,4,4,3,5,3,3,4,5,2025-05-06
LFB006105,L007,4,3,3,4,3,4,4,3,3,4,2025-05-06
LFB006106,L021,3,4,4,4,4,4,4,4,4,3,2025-05-06
LFB006107,L007,4,5,5,4,5,4,3,4,4,5,2025-05-07
LFB006108,L022,5,4,3,5,5,5,2,5,5,3,2025-05-07
LFB006109,L025,4,5,5,4,3,5,5,5,5,3,2025-05-07
LFB006110,L022,4,4,3,2,4,5,3,3,3,5,2025-05-07
LFB006111,L009,4,3,3,3,4,4,3,3,5,5,2025-05-07
LFB006112,L014,4,3,5,2,3,3,5,5,4,4,2025-05-07
LFB006113,L011,3,4,3,5,4,2,4,4,4,4,2025-05-07
LFB006114,L017,3,4,5,5,2,5,3,5,3,4,2025-05-07
LFB006115,L010,4,3,4,4,5,3,3,4,5,4,2025-05-08
LFB006116,L016,5,4,3,3,5,3,2,3,4,2,2025-05-08
LFB006117,L020,4,5,5,2,4,4,3,4,3,4,2025-05-08
LFB006118,L026,4,3,3,4,4,4,5,5,5,5,2025-05-08
LFB006119,L025,4,5,4,4,5,5,3,4,4,4,2025-05-08
LFB006120,L010,5,4,4,5,4,5,5,3,3,5,2025-05-08
LFB006121,L011,5,4,5,4,5,5,4,4,5,5,2025-05-08
LFB006122,L013,3,4,2,4,3,3,2,1,4,3,2025-05-08
LFB006123,L020,5,4,5,5,4,5,5,4,5,5,2025-05-08
LFB006124,L018,5,2,2,3,4,4,3,3,4,4,2025-05-08
LFB006125,L007,4,4,3,3,5,4,4,4,4,4,2025-05-08
LFB006126,L007,3,3,3,3,5,4,3,4,4,4,2025-05-08
LFB006127,L021,3,3,3,3,4,2,2,5,3,3,2025-05-08
LFB006128,L004,4,4,4,4,5,5,5,4,4,5,2025-05-08
LFB006129,L008,3,4,5,5,4,5,4,4,4,5,2025-05-08
LFB006130,L005,4,2,4,4,4,5,2,4,5,4,2025-05-09
LFB006131,L014,4,2,4,2,3,5,3,4,5,3,2025-05-09
LFB006132,L025,4,4,2,4,4,3,5,4,4,5,2025-05-09
LFB006133,L008,3,4,4,5,3,4,3,4,5,5,2025-05-09
LFB006134,L025,5,2,5,5,5,5,4,2,3,3,2025-05-09
LFB006135,L025,3,3,3,3,4,4,5,5,4,5,2025-05-09
LFB006136,L010,5,4,4,4,4,3,5,5,5,4,2025-05-09
LFB006137,L021,4,4,3,4,5,3,4,4,3,3,2025-05-09
LFB006138,L007,5,2,5,4,4,5,5,5,3,3,2025-05-09
LFB006139,L015,4,2,3,3,3,4,2,4,3,3,2025-05-10
LFB006140,L008,4,3,3,5,3,3,4,3,5,4,2025-05-10
LFB006141,L003,4,5,5,5,5,3,4,4,5,4,2025-05-10
LFB006142,L015,4,5,5,3,5,5,4,4,5,4,2025-05-10
LFB006143,L010,3,4,4,3,4,4,5,3,3,4,2025-05-10
LFB006144,L005,1,4,3,3,4,2,1,2,3,3,2025-05-10
LFB006145,L012,5,4,3,4,4,5,5,4,5,4,2025-05-10
LFB006146,L005,5,4,5,5,5,5,5,5,5,4,2025-05-10
LFB006147,L001,1,4,5,4,3,4,5,5,5,5,2025-05-10
LFB006148,L004,4,5,4,3,5,5,5,4,3,4,2025-05-10
LFB006149,L020,2,4,2,3,3,4,2,3,4,3,2025-05-10
LFB006150,L016,4,4,3,3,3,4,5,4,2,4,2025-05-11
LFB006151,L014,2,3,4,4,3,4,5,3,5,5,2025-05-11
LFB006152,L020,5,5,4,5,5,5,4,4,5,5,2025-05-11
LFB006153,L024,2,4,3,4,5,4,4,5,4,4,2025-05-11
LFB006154,L014,4,4,5,4,5,2,5,5,3,5,2025-05-11
LFB006155,L015,5,5,5,4,4,3,5,5,4,5,2025-05-11
LFB006156,L018,3,5,3,5,5,5,5,5,4,4,2025-05-11
LFB006157,L014,5,4,2,4,5,4,1,3,4,2,2025-05-11
LFB006158,L005,4,5,4,5,5,5,4,4,3,4,2025-05-11
LFB006159,L005,3,3,4,4,3,4,2,3,5,4,2025-05-11
LFB006160,L024,4,5,3,4,4,5,4,4,5,5,2025-05-12
LFB006161,L012,3,3,5,5,4,4,2,3,3,4,2025-05-12
LFB006162,L005,4,4,3,4,5,4,4,3,5,3,2025-05-12
LFB006163,L022,5,3,3,3,5,3,5,4,4,4,2025-05-12
LFB006164,L026,3,3,3,5,4,5,3,3,5,4,2025-05-12
LFB006165,L010,5,5,4,3,5,4,3,5,4,3,2025-05-12
LFB006166,L021,3,1,3,3,3,3,5,4,4,4,2025-05-12
LFB006167,L019,4,5,4,5,3,4,4,5,5,5,2025-05-12
LFB006168,L014,5,3,3,3,5,4,4,4,5,4,2025-05-12
LFB006169,L019,4,3,5,3,4,3,4,4,4,5,2025-05-12
LFB006170,L003,4,5,5,3,3,3,4,5,4,3,2025-05-12
LFB006171,L005,4,4,2,3,4,5,4,4,3,4,2025-05-12
LFB006172,L023,3,5,3,5,4,4,3,5,5,4,2025-05-13
LFB006173,L016,4,5,2,3,5,4,4,3,4,5,2025-05-13
LFB006174,L002,4,3,4,4,3,5,3,3,2,4,2025-05-13
LFB006175,L026,4,3,5,5,3,5,4,4,5,5,2025-05-13
LFB006176,L022,4,2,3,3,3,5,4,2,2,4,2025-05-13
LFB006177,L020,4,4,4,4,5,4,4,5,5,3,2025-05-13
LFB006178,L002,5,4,4,4,3,4,4,5,5,5,2025-05-13
LFB006179,L010,4,3,4,5,5,4,3,4,3,3,2025-05-13
LFB006180,L001,3,5,5,4,4,4,4,5,4,4,2025-05-13
LFB006181,L001,4,3,4,4,3,4,4,5,4,3,2025-05-13
LFB006182,L020,5,3,3,3,5,3,4,4,2,3,2025-05-13
LFB006183,L026,5,4,4,4,4,4,3,4,3,4,2025-05-13
LFB006184,L013,3,4,3,4,5,5,3,4,4,4,2025-05-14
LFB006185,L011,4,2,2,5,4,3,3,4,3,4,2025-05-14
LFB006186,L001,2,4,3,4,3,4,2,3,3,3,2025-05-14
LFB006187,L023,3,5,3,4,3,5,3,5,4,3,2025-05-14
LFB006188,L002,3,3,3,5,4,4,3,4,4,4,2025-05-14
LFB006189,L014,4,4,5,5,4,3,3,2,4,3,2025-05-14
LFB006190,L024,3,3,4,2,4,3,4,5,4,4,2025-05-14
LFB006191,L025,3,3,3,3,2,4,3,4,4,4,2025-05-14
LFB006192,L012,4,3,4,4,5,4,5,5,5,4,2025-05-14
LFB006193,L023,5,5,3,2,5,5,5,5,3,5,2025-05-14
LFB006194,L024,4,4,2,4,4,5,3,3,4,3,2025-05-14
LFB006195,L020,4,5,3,5,3,3,4,3,4,3,2025-05-14
LFB006196,L007,3,3,5,4,5,5,3,5,4,4,2025-05-14
LFB006197,L006,5,4,5,4,5,4,4,4,5,5,2025-05-14
LFB006198,L020,5,2,4,5,4,4,4,4,3,5,2025-05-14
LFB006199,L024,4,4,5,5,5,4,5,5,4,4,2025-05-14
LFB006200,L024,3,4,2,4,3,5,4,4,3,3,2025-05-14
LFB006201,L014,3,3,4,4,5,5,3,3,2,5,2025-05-15
LFB006202,L009,4,4,2,3,4,4,3,5,4,4,2025-05-15
LFB006203,L007,4,4,3,5,4,5,3,4,3,4,2025-05-15
LFB006204,L007,2,3,3,5,4,4,4,5,2,5,2025-05-15
LFB006205,L019,4,4,4,3,4,5,4,3,5,5,2025-05-15
LFB006206,L014,5,4,4,5,3,3,4,4,4,4,2025-05-15
LFB006207,L002,4,5,3,3,3,3,4,5,5,4,2025-05-15
LFB006208,L004,3,4,3,4,5,5,5,4,2,4,2025-05-15
LFB006209,L018,5,4,3,4,4,3,3,4,5,4,2025-05-15
LFB006210,L018,5,3,3,4,3,5,4,5,2,4,2025-05-15
LFB006211,L011,3,3,4,4,4,3,5,4,4,4,2025-05-15
LFB006212,L006,3,5,4,5,4,3,4,5,4,4,2025-05-15
LFB006213,L007,4,5,4,5,4,4,3,5,3,4,2025-05-15
LFB006214,L010,5,5,4,3,4,4,4,4,3,4,2025-05-16
LFB006215,L003,4,5,4,4,4,5,1,3,3,2,2025-05-16
LFB006216,L016,3,5,2,4,4,4,4,4,4,3,2025-05-16
LFB006217,L014,5,4,4,4,5,5,5,4,3,4,2025-05-16
LFB006218,L004,4,4,4,5,4,3,5,4,5,5,2025-05-16
LFB006219,L021,5,3,3,4,4,4,3,3,4,5,2025-05-16
LFB006220,L013,4,5,3,3,2,4,4,5,3,3,2025-05-16
LFB006221,L006,4,4,4,3,4,4,4,5,5,5,2025-05-16
LFB006222,L024,3,3,3,4,4,3,3,3,4,5,2025-05-16
LFB006223,L009,4,3,3,4,4,4,4,5,5,4,2025-05-16
LFB006224,L026,5,4,2,3,5,4,4,4,4,5,2025-05-16
LFB006225,L022,5,4,4,5,5,4,5,5,5,4,2025-05-16
LFB006226,L011,4,4,4,4,3,4,3,4,4,4,2025-05-16
LFB006227,L025,4,5,4,5,5,5,3,4,5,5,2025-05-16
LFB006228,L025,5,4,4,4,5,4,5,4,3,5,2025-05-17
LFB006229,L008,5,5,4,3,5,4,4,4,4,5,2025-05-17
LFB006230,L013,5,4,4,3,5,5,3,5,4,5,2025-05-17
LFB006231,L002,4,4,2,4,5,3,3,4,4,4,2025-05-17
LFB006232,L001,5,4,4,4,5,4,3,3,2,3,2025-05-17
LFB006233,L003,4,4,5,4,4,5,5,4,3,5,2025-05-17
LFB006234,L009,5,5,4,5,3,4,4,3,4,5,2025-05-17
LFB006235,L013,3,5,5,5,4,4,3,5,5,5,2025-05-17
LFB006236,L024,5,3,5,5,4,4,5,5,5,5,2025-05-17
LFB006237,L021,4,4,4,3,3,3,4,5,3,5,2025-05-17
LFB006238,L013,3,4,5,5,5,4,5,5,5,5,2025-05-17
LFB006239,L021,3,3,5,5,4,4,2,4,4,4,2025-05-17
LFB006240,L026,3,3,4,5,4,4,4,3,3,4,2025-05-17
LFB006241,L020,5,5,5,2,4,4,5,5,4,5,2025-05-17
LFB006242,L024,3,3,2,3,1,4,4,5,3,4,2025-05-17
LFB006243,L003,4,4,3,4,5,5,3,4,2,5,2025-05-17
LFB006244,L007,5,5,4,4,5,5,5,3,4,5,2025-05-17
LFB006245,L011,2,3,4,4,4,3,4,2,5,3,2025-05-17
LFB006246,L001,4,3,2,4,4,3,3,4,1,3,2025-05-18
LFB006247,L006,5,5,4,4,4,3,4,4,4,5,2025-05-18
LFB006248,L010,5,5,3,4,5,5,5,4,4,4,2025-05-18
LFB006249,L010,3,3,5,5,4,4,3,4,4,5,2025-05-18
LFB006250,L008,3,4,3,4,5,4,5,5,4,3,2025-05-18
LFB006251,L018,3,4,4,2,3,5,3,2,2,4,2025-05-18
LFB006252,L009,5,3,4,3,4,4,4,3,4,4,2025-05-18
LFB006253,L023,3,4,5,5,5,4,4,4,5,4,2025-05-18
LFB006254,L017,4,4,4,3,4,5,5,5,5,5,2025-05-18
LFB006255,L017,3,3,3,4,4,4,1,5,5,4,2025-05-18
LFB006256,L022,5,5,4,5,5,4,4,5,4,3,2025-05-18
LFB006257,L025,5,4,4,5,4,5,5,4,3,4,2025-05-18
LFB006258,L016,3,2,2,3,3,3,3,5,3,4,2025-05-19
LFB006259,L004,4,4,3,4,5,4,5,5,5,5,2025-05-19
LFB006260,L016,5,5,4,4,5,5,5,5,4,5,2025-05-19
LFB006261,L001,4,4,4,4,4,5,4,4,4,5,2025-05-19
LFB006262,L024,4,4,5,4,3,4,5,5,4,4,2025-05-19
LFB006263,L004,3,4,3,3,4,4,3,4,4,3,2025-05-19
LFB006264,L018,5,4,3,4,4,5,4,5,5,4,2025-05-19
LFB006265,L018,4,5,4,5,5,5,5,4,4,5,2025-05-19
LFB006266,L020,4,5,5,5,4,5,5,4,3,5,2025-05-19
LFB006267,L018,3,5,3,3,3,4,4,4,3,4,2025-05-19
LFB006268,L014,5,5,3,4,3,4,4,5,5,3,2025-05-19
LFB006269,L004,3,3,3,5,5,3,4,5,5,4,2025-05-19
LFB006270,L021,4,3,3,4,3,3,3,3,4,3,2025-05-19
LFB006271,L015,3,3,2,4,5,4,3,4,4,5,2025-05-19
LFB006272,L006,3,5,5,3,5,5,3,5,3,5,2025-05-19
LFB006273,L021,3,3,4,3,2,3,5,4,5,5,2025-05-19
LFB006274,L012,4,3,3,3,4,4,4,4,4,5,2025-05-19
LFB006275,L021,4,4,3,4,3,4,5,4,3,3,2025-05-19
LFB006276,L026,3,4,4,4,5,4,5,5,5,5,2025-05-20
LFB006277,L007,4,4,3,4,4,4,5,5,4,4,2025-05-20
LFB006278,L003,4,3,2,3,5,4,4,3,4,4,2025-05-20
LFB006279,L020,5,5,3,4,4,3,5,5,5,4,2025-05-20
LFB006280,L020,4,5,4,5,4,4,5,5,4,5,2025-05-20
LFB006281,L002,3,4,4,5,4,3,4,4,4,5,2025-05-21
LFB006282,L021,5,2,4,5,5,4,3,3,2,4,2025-05-21
LFB006283,L015,5,4,3,4,4,5,3,2,3,4,2025-05-22
LFB006284,L008,5,2,3,4,5,5,4,3,2,2,2025-05-22
LFB006285,L026,2,3,5,4,3,4,4,3,5,4,2025-05-22
LFB006286,L022,4,4,2,3,4,4,4,3,5,4,2025-05-22
LFB006287,L008,3,4,4,4,5,3,3,3,5,5,2025-05-22
LFB006288,L024,5,5,5,5,4,4,5,4,5,4,2025-05-22
LFB006289,L003,4,4,3,4,2,5,4,4,4,4,2025-05-22
LFB006290,L026,5,4,4,5,4,5,4,4,5,5,2025-05-23
LFB006291,L020,5,4,5,5,5,4,5,5,5,5,2025-05-23
LFB006292,L004,5,4,3,5,4,4,4,4,4,4,2025-05-23
LFB006293,L023,3,3,2,5,3,4,2,3,3,3,2025-05-23
LFB006294,L021,4,4,3,4,5,4,4,3,4,4,2025-05-24
LFB006295,L003,3,3,4,5,3,4,3,4,5,3,2025-05-24
LFB006296,L013,5,4,5,5,5,5,5,4,5,5,2025-05-24
LFB006297,L015,2,3,3,3,2,3,4,3,4,3,2025-05-25
LFB006298,L014,4,5,3,3,4,4,5,4,4,5,2025-05-25
LFB006299,L005,4,3,3,3,4,5,5,5,4,4,2025-05-25
LFB006300,L026,2,4,5,4,5,4,4,4,3,4,2025-05-25
LFB006301,L014,5,5,4,5,5,4,5,5,3,5,2025-05-25
LFB006302,L011,5,4,5,3,5,5,4,5,3,4,2025-05-25
LFB006303,L023,5,3,5,3,4,3,5,4,3,5,2025-05-25
LFB006304,L007,4,4,2,3,3,3,3,2,3,3,2025-05-25
LFB006305,L023,3,4,4,4,3,4,3,4,5,3,2025-05-26
LFB006306,L023,3,5,2,3,4,3,4,3,4,3,2025-05-26
LFB006307,L004,5,3,5,4,4,5,4,5,3,5,2025-05-26
LFB006308,L001,5,5,5,4,5,4,5,5,4,5,2025-05-27
LFB006309,L025,3,4,3,4,2,3,3,4,4,4,2025-05-27
LFB006310,L023,5,3,4,4,4,5,3,3,4,4,2025-05-27
LFB006311,L014,5,4,3,5,3,4,4,4,3,3,2025-05-27
LFB006312,L002,4,4,4,5,5,4,4,4,4,5,2025-05-27
LFB006313,L017,4,5,4,4,5,5,3,4,5,5,2025-05-27
LFB006314,L004,4,5,4,4,4,5,3,5,3,4,2025-05-27
LFB006315,L001,3,4,5,5,4,4,3,5,4,3,2025-05-27
LFB006316,L015,4,4,3,4,5,5,5,5,4,5,2025-05-28
LFB006317,L010,3,3,2,4,4,3,2,4,3,5,2025-05-28
LFB006318,L020,5,5,3,3,4,4,5,3,4,4,2025-05-28
LFB006319,L021,5,5,4,4,4,5,3,4,4,4,2025-05-28
LFB006320,L016,5,2,3,3,5,5,4,4,4,4,2025-05-28
LFB006321,L002,3,4,3,4,3,3,3,3,2,3,2025-05-28
LFB006322,L020,3,4,5,5,4,5,5,4,4,4,2025-05-28
LFB006323,L024,3,5,3,4,4,3,3,4,4,4,2025-05-28
LFB006324,L003,5,4,5,5,4,5,3,5,4,4,2025-05-29
LFB006325,L008,4,3,3,4,3,3,4,5,5,5,2025-05-29
LFB006326,L013,4,5,4,3,4,3,5,4,3,4,2025-05-29
LFB006327,L017,4,3,3,5,3,3,2,3,4,3,2025-05-29
LFB006328,L003,3,4,4,4,4,5,5,4,3,4,2025-05-29
LFB006329,L014,5,3,4,4,4,4,3,4,5,5,2025-05-29
LFB006330,L020,3,5,4,4,4,4,3,5,5,4,2025-05-29
LFB006331,L023,4,4,4,4,2,4,5,5,4,4,2025-05-29
LFB006332,L011,3,2,4,5,5,2,4,4,4,2,2025-05-30
LFB006333,L017,4,4,5,4,4,5,5,4,5,5,2025-05-30
LFB006334,L001,4,4,4,3,5,5,4,5,3,3,2025-05-30
LFB006335,L021,5,5,4,5,2,4,4,5,5,5,2025-05-30
LFB006336,L010,2,4,5,2,3,4,4,4,4,3,2025-05-30
LFB006337,L013,5,5,5,5,5,4,4,5,5,5,2025-05-30
LFB006338,L025,3,3,3,4,5,4,3,5,4,3,2025-05-30
LFB006339,L020,4,4,2,3,3,4,3,3,4,4,2025-05-31
LFB006340,L026,4,4,3,2,3,3,2,3,4,4,2025-05-31
LFB006341,L001,3,5,3,3,4,3,4,4,5,5,2025-05-31
LFB006342,L007,4,4,4,5,3,4,4,5,5,4,2025-05-31
LFB006343,L003,3,3,3,5,3,5,4,5,3,2,2025-05-31
LFB006344,L001,3,3,3,5,4,4,3,4,4,3,2025-06-01
LFB006345,L011,3,4,5,4,4,5,4,5,5,3,2025-06-01
LFB006346,L010,4,5,2,5,3,3,5,3,4,2,2025-06-01
LFB006347,L020,4,4,5,5,4,5,3,4,5,5,2025-06-01
LFB006348,L024,5,5,3,4,4,5,3,5,4,5,2025-06-01
LFB006349,L021,5,4,4,4,4,5,4,5,4,4,2025-06-01
LFB006350,L019,4,2,3,3,4,2,4,5,3,4,2025-06-01
LFB006351,L003,5,4,2,5,4,4,3,4,4,4,2025-06-01
LFB006352,L021,3,5,2,5,3,2,2,5,4,4,2025-06-02
LFB006353,L003,4,5,3,4,3,4,4,5,4,5,2025-06-02
LFB006354,L009,5,5,4,5,4,5,3,5,5,5,2025-06-02
LFB006355,L015,2,3,3,3,5,5,3,4,4,3,2025-06-02
LFB006356,L022,5,3,5,4,4,4,5,5,5,5,2025-06-03
LFB006357,L022,4,3,4,3,4,3,5,4,5,3,2025-06-04
LFB006358,L022,5,4,4,5,5,5,4,5,4,5,2025-06-04
LFB006359,L007,4,3,3,4,4,4,3,5,4,5,2025-06-04
LFB006360,L001,4,4,3,3,3,5,5,4,3,4,2025-06-05
LFB006361,L021,3,5,4,2,4,5,5,5,4,4,2025-06-05
LFB006362,L022,5,5,5,4,4,4,4,5,5,4,2025-06-05
LFB006363,L011,5,4,4,5,4,4,5,4,4,5,2025-06-05
LFB006364,L017,3,3,5,3,5,3,4,4,5,4,2025-06-05
LFB006365,L004,4,4,4,3,4,4,4,4,4,4,2025-06-05
LFB006366,L013,5,3,3,4,3,5,5,3,4,5,2025-06-06
LFB006367,L020,5,3,5,4,5,4,5,5,5,3,2025-06-06
LFB006368,L024,4,4,3,5,3,5,4,3,3,4,2025-06-07
LFB006369,L011,1,4,3,5,4,4,5,5,4,4,2025-06-07
LFB006370,L017,4,4,3,4,5,3,4,4,3,5,2025-06-07
LFB006371,L021,4,3,3,3,3,3,4,3,3,3,2025-06-07
LFB006372,L001,3,4,3,4,4,4,5,3,5,3,2025-06-07
LFB006373,L016,3,3,3,5,5,4,3,4,3,4,2025-06-07
LFB006374,L006,2,3,2,4,3,4,5,5,3,4,2025-06-08
LFB006375,L006,5,4,4,3,5,4,5,4,5,5,2025-06-08
LFB006376,L011,5,5,2,5,4,4,4,3,3,3,2025-06-08
LFB006377,L025,3,4,4,4,5,5,4,3,4,5,2025-06-08
LFB006378,L025,4,2,3,4,3,2,3,3,3,3,2025-06-09
LFB006379,L025,3,4,5,4,5,4,5,3,5,4,2025-06-10
LFB006380,L013,3,2,3,4,3,3,3,4,4,3,2025-06-10
LFB006381,L007,5,4,3,4,5,4,5,5,4,5,2025-06-10
LFB006382,L021,3,4,5,4,5,3,4,4,5,3,2025-06-10
LFB006383,L016,4,5,4,4,3,4,5,4,5,5,2025-06-10
LFB006384,L026,4,4,3,4,4,3,4,3,3,5,2025-06-10
LFB006385,L010,4,5,3,5,4,3,3,4,5,5,2025-06-10
LFB006386,L001,4,4,3,3,3,4,4,5,4,5,2025-06-11
LFB006387,L023,2,3,5,3,5,4,3,4,3,4,2025-06-11
LFB006388,L007,4,4,5,4,5,4,5,3,4,4,2025-06-11
LFB006389,L012,5,4,4,3,4,4,4,5,5,4,2025-06-11
LFB006390,L025,4,4,3,5,5,3,4,5,4,5,2025-06-11
LFB006391,L012,5,2,3,4,4,5,5,5,5,5,2025-06-11
LFB006392,L002,5,5,3,5,5,4,3,5,4,5,2025-06-11
LFB006393,L025,4,4,5,4,3,5,5,3,3,5,2025-06-11
LFB006394,L010,5,4,4,5,4,3,5,5,5,4,2025-06-12
LFB006395,L025,5,3,4,3,5,4,5,4,4,3,2025-06-12
LFB006396,L010,4,4,4,4,4,5,5,4,2,5,2025-06-12
LFB006397,L005,3,3,1,1,3,5,5,4,3,4,2025-06-12
LFB006398,L014,4,5,4,5,3,4,4,3,4,4,2025-06-12
LFB006399,L001,4,5,3,5,4,5,4,5,3,5,2025-06-13
LFB006400,L025,4,3,4,3,2,4,4,3,4,3,2025-06-13
LFB006401,L011,4,4,4,5,4,3,4,4,3,3,2025-06-13
LFB006402,L007,5,5,4,4,3,4,2,3,3,4,2025-06-13
LFB006403,L025,4,5,4,4,5,5,5,3,5,4,2025-06-13
LFB006404,L019,2,4,2,4,4,3,4,4,4,3,2025-06-13
LFB006405,L011,5,3,4,3,4,5,1,5,4,5,2025-06-14
LFB006406,L025,3,2,3,5,4,4,4,4,5,2,2025-06-14
LFB006407,L006,4,2,4,5,5,5,3,4,4,4,2025-06-14
LFB006408,L024,3,3,4,4,5,4,4,5,4,5,2025-06-14
LFB006409,L010,5,2,3,3,4,4,4,5,4,5,2025-06-14
LFB006410,L025,4,5,3,5,5,5,4,4,4,5,2025-06-14
LFB006411,L010,4,4,3,3,4,5,4,4,3,5,2025-06-14
LFB006412,L023,4,3,4,4,5,5,4,4,4,3,2025-06-15
LFB006413,L014,3,5,5,5,5,5,4,4,4,5,2025-06-16
LFB006414,L010,4,4,4,4,5,4,3,3,4,4,2025-06-16
LFB006415,L015,4,3,5,5,4,4,3,5,4,4,2025-06-16
LFB006416,L014,4,5,4,5,5,4,3,5,4,4,2025-06-16
LFB006417,L026,4,3,2,4,5,3,3,2,3,5,2025-06-17
LFB006418,L004,4,3,3,4,3,4,5,3,4,4,2025-06-17
LFB006419,L012,4,4,4,4,3,3,2,3,3,4,2025-06-17
LFB006420,L026,5,3,5,3,4,5,2,4,3,4,2025-06-17
LFB006421,L007,2,3,3,5,5,5,4,3,5,3,2025-06-18
LFB006422,L025,2,5,4,5,5,5,4,4,4,5,2025-06-19
LFB006423,L023,2,2,2,3,4,3,5,4,5,4,2025-06-19
LFB006424,L021,3,5,4,5,5,4,5,5,5,3,2025-06-19
LFB006425,L023,2,2,3,4,4,5,2,5,4,3,2025-06-19
LFB006426,L022,4,3,4,3,5,4,4,5,3,5,2025-06-20
LFB006427,L001,3,4,2,4,3,4,3,5,4,2,2025-06-21
LFB006428,L026,5,4,4,3,2,4,5,4,5,5,2025-06-21
LFB006429,L009,4,5,4,4,3,5,3,4,4,3,2025-06-21
LFB006430,L003,4,4,3,2,5,5,5,3,5,4,2025-06-21
LFB006431,L026,3,4,4,3,3,3,3,4,4,5,2025-06-21
LFB006432,L010,5,4,3,4,4,4,4,5,5,5,2025-06-22
LFB006433,L011,2,3,5,5,4,4,4,5,4,4,2025-06-23
LFB006434,L023,5,1,3,3,4,5,4,5,4,3,2025-06-23
LFB006435,L007,4,3,3,3,5,2,3,3,4,3,2025-06-23
LFB006436,L014,5,5,4,2,5,3,4,5,5,5,2025-06-23
LFB006437,L016,4,4,5,5,5,5,4,5,4,5,2025-06-23
LFB006438,L023,5,3,4,5,4,5,4,5,4,3,2025-06-23
LFB006439,L010,4,4,4,4,5,4,4,5,5,5,2025-06-24
LFB006440,L003,3,3,4,3,3,3,4,4,4,3,2025-06-24
LFB006441,L018,4,4,2,4,5,3,4,3,4,3,2025-06-24
LFB006442,L021,5,4,4,4,4,4,4,4,4,3,2025-06-24
LFB006443,L021,4,5,5,4,5,3,4,5,3,3,2025-06-25
LFB006444,L016,4,4,2,4,5,3,4,3,5,4,2025-06-26
LFB006445,L010,3,3,3,4,5,5,3,4,4,3,2025-06-26
LFB006446,L026,2,3,2,3,2,2,4,4,3,4,2025-06-26
LFB006447,L020,5,5,3,4,4,5,3,4,3,5,2025-06-26
LFB006448,L021,5,4,5,5,5,5,5,5,5,5,2025-06-26
LFB006449,L008,4,5,4,4,4,5,4,4,3,5,2025-06-27
LFB006450,L025,5,3,4,5,4,4,4,4,3,4,2025-06-27
LFB006451,L019,3,4,4,3,5,4,3,4,5,5,2025-06-28
LFB006452,L011,5,5,5,5,5,4,5,4,4,5,2025-06-28
LFB006453,L025,2,4,3,4,4,3,3,4,5,2,2025-06-28
LFB006454,L015,5,3,3,4,4,4,3,4,4,4,2025-06-28
LFB006455,L013,5,3,5,4,4,4,5,4,5,3,2025-06-28
LFB006456,L001,4,5,5,3,5,3,4,5,2,5,2025-06-29
LFB006457,L014,3,4,3,4,4,5,5,4,4,4,2025-06-29
LFB006458,L009,5,5,4,5,3,4,4,4,5,5,2025-06-29
LFB006459,L016,3,3,5,3,5,5,4,4,3,3,2025-06-29
LFB006460,L001,3,5,4,3,4,3,4,4,3,5,2025-06-29
LFB006461,L005,3,4,4,4,4,5,5,4,4,3,2025-06-29
LFB006462,L012,5,3,4,4,3,3,5,3,3,5,2025-06-29
LFB006463,L010,3,4,4,3,4,5,4,5,4,3,2025-06-29
LFB006464,L013,4,5,4,4,4,4,5,5,2,4,2025-06-29
LFB006465,L010,3,5,4,4,5,4,5,5,5,4,2025-06-29
LFB006466,L003,3,5,4,5,4,4,5,4,5,5,2025-06-30
LFB006467,L024,4,2,5,3,5,3,3,4,4,3,2025-06-30
LFB006468,L003,2,5,2,5,5,4,3,2,3,2,2025-06-30
LFB006469,L026,5,3,3,4,4,4,5,5,3,4,2025-07-01
LFB006470,L012,5,5,4,5,4,5,5,5,5,5,2025-07-01
LFB006471,L007,2,4,4,4,5,4,4,5,4,5,2025-07-01
LFB006472,L010,4,3,4,5,4,4,4,4,4,5,2025-07-02
LFB006473,L019,3,4,5,3,5,4,4,4,3,5,2025-07-02
LFB006474,L010,5,3,5,3,4,4,3,3,4,4,2025-07-02
LFB006475,L013,4,3,3,3,4,4,4,4,3,5,2025-07-02
LFB006476,L020,3,3,4,4,3,4,4,4,3,4,2025-07-03
LFB006477,L020,3,2,3,3,3,4,4,3,4,4,2025-07-03
LFB006478,L026,3,4,4,4,4,2,5,3,3,3,2025-07-03
LFB006479,L021,4,5,5,4,4,3,4,4,4,3,2025-07-03
LFB006480,L013,5,4,4,5,5,5,4,4,5,3,2025-07-03
LFB006481,L006,5,4,4,5,4,5,5,5,4,5,2025-07-04
LFB006482,L011,5,5,5,5,4,5,5,4,4,4,2025-07-04
LFB006483,L008,4,4,3,2,5,3,4,5,5,4,2025-07-04
LFB006484,L023,2,4,2,5,4,4,5,3,4,2,2025-07-04
LFB006485,L004,5,3,4,4,4,4,5,5,3,5,2025-07-05
LFB006486,L023,4,4,3,3,4,3,4,5,3,5,2025-07-05
LFB006487,L012,5,5,4,4,4,5,3,5,5,4,2025-07-05
LFB006488,L009,4,5,3,5,4,5,4,5,5,4,2025-07-06
LFB006489,L025,4,3,5,2,4,4,2,4,4,4,2025-07-06
LFB006490,L007,4,4,5,4,5,5,3,2,5,4,2025-07-06
LFB006491,L023,5,5,4,3,2,5,3,4,4,4,2025-07-06
LFB006492,L016,3,3,4,3,4,5,3,4,3,5,2025-07-06
LFB006493,L014,3,4,3,5,5,3,4,3,4,2,2025-07-06
LFB006494,L021,3,4,5,3,3,4,4,4,4,4,2025-07-06
LFB006495,L009,4,3,4,4,4,4,4,4,5,5,2025-07-07
LFB006496,L013,3,3,3,4,4,4,4,3,4,4,2025-07-07
LFB006497,L001,4,4,2,3,3,3,3,4,4,3,2025-07-08
LFB006498,L017,3,5,5,5,5,4,5,4,5,5,2025-07-08
LFB006499,L022,4,4,5,4,4,3,5,5,3,5,2025-07-08
LFB006500,L001,4,4,3,4,3,5,5,5,5,4,2025-07-08
LFB006501,L013,5,4,5,3,5,5,5,5,5,5,2025-07-08
LFB006502,L015,5,5,5,5,5,5,2,4,5,4,2025-07-09
LFB006503,L025,5,5,3,4,3,5,3,3,4,4,2025-07-09
LFB006504,L004,3,4,4,4,3,5,4,3,4,5,2025-07-09
LFB006505,L015,4,5,4,4,5,5,3,4,4,5,2025-07-10
LFB006506,L009,4,4,2,4,4,4,4,2,4,5,2025-07-10
LFB006507,L003,4,5,4,4,5,2,5,2,4,4,2025-07-10
LFB006508,L021,4,5,3,5,5,4,5,5,4,5,2025-07-10
LFB006509,L020,5,5,3,5,4,3,5,5,4,4,2025-07-10
LFB006510,L002,4,3,4,4,4,4,4,4,2,4,2025-07-11
LFB006511,L014,5,5,3,5,5,3,5,4,5,4,2025-07-11
LFB006512,L026,4,3,5,4,5,5,4,5,3,4,2025-07-12
LFB006513,L020,4,4,3,3,4,4,3,4,4,5,2025-07-12
LFB006514,L025,5,3,3,4,4,4,4,4,5,3,2025-07-12
LFB006515,L022,2,4,4,3,5,5,5,4,4,4,2025-07-12
LFB006516,L003,3,4,4,4,5,4,5,4,4,4,2025-07-13
LFB006517,L003,5,4,3,5,3,4,3,2,3,4,2025-07-13
LFB006518,L016,4,3,5,4,5,5,4,4,5,5,2025-07-13
LFB006519,L013,3,3,3,4,5,5,5,3,4,3,2025-07-14
LFB006520,L015,3,5,3,2,3,5,4,4,4,4,2025-07-14
LFB006521,L026,4,5,3,5,5,5,3,3,5,4,2025-07-14
LFB006522,L022,3,4,4,4,4,4,4,5,3,5,2025-07-14
LFB006523,L025,4,5,4,4,3,4,4,5,5,4,2025-07-14
LFB006524,L003,3,3,5,2,5,4,5,5,5,3,2025-07-14
LFB006525,L011,5,4,5,4,4,4,3,5,4,4,2025-07-15
LFB006526,L009,5,3,4,4,5,3,4,5,4,5,2025-07-15
LFB006527,L020,4,3,4,3,3,5,2,4,3,4,2025-07-15
LFB006528,L013,4,4,3,5,3,4,4,5,3,5,2025-07-15
LFB006529,L026,4,4,3,4,5,5,4,5,4,4,2025-07-16
LFB006530,L008,3,3,2,3,3,5,4,3,3,3,2025-07-16
LFB006531,L004,5,5,3,4,4,3,3,3,5,3,2025-07-16
LFB006532,L020,5,4,3,5,5,4,4,5,5,5,2025-07-16
LFB006533,L021,4,4,5,3,4,5,3,4,4,3,2025-07-16
LFB006534,L025,5,3,5,4,5,3,5,3,5,4,2025-07-16
LFB006535,L023,5,4,4,4,5,3,4,3,4,3,2025-07-17
LFB006536,L018,1,4,3,5,5,3,4,4,3,4,2025-07-17
LFB006537,L013,4,5,5,4,4,3,5,5,4,4,2025-07-17
LFB006538,L011,4,3,5,4,5,5,5,4,4,5,2025-07-17
LFB006539,L016,2,5,4,3,4,3,5,5,4,4,2025-07-17
LFB006540,L023,5,5,5,5,5,5,5,4,3,5,2025-07-17
LFB006541,L026,5,5,5,4,4,5,5,4,5,5,2025-07-17
LFB006542,L009,4,5,5,4,5,3,5,5,3,4,2025-07-17
LFB006543,L006,3,5,4,4,3,4,4,4,5,3,2025-07-18
LFB006544,L019,4,3,3,4,4,4,3,4,3,5,2025-07-18
LFB006545,L002,4,4,2,5,4,3,4,4,4,3,2025-07-18
LFB006546,L013,5,5,4,5,4,5,5,4,5,5,2025-07-18
LFB006547,L019,3,4,4,4,5,3,5,5,4,4,2025-07-19
LFB006548,L022,3,3,3,5,5,5,4,5,4,5,2025-07-19
LFB006549,L021,4,3,4,1,5,3,4,5,5,3,2025-07-19
LFB006550,L013,5,3,5,4,5,5,4,4,4,5,2025-07-19
LFB006551,L025,5,5,3,4,5,5,4,4,5,3,2025-07-19
LFB006552,L005,4,4,4,3,4,3,3,5,5,3,2025-07-20
LFB006553,L008,5,3,5,4,5,5,5,4,5,4,2025-07-20
LFB006554,L012,5,5,4,4,4,5,4,3,5,5,2025-07-20
LFB006555,L007,4,4,4,4,4,4,5,5,5,4,2025-07-20
LFB006556,L014,2,5,4,4,4,5,3,3,4,5,2025-07-20
LFB006557,L003,4,5,4,4,5,5,5,5,5,5,2025-07-20
LFB006558,L007,5,4,5,4,3,3,4,3,4,5,2025-07-21
LFB006559,L003,4,5,3,4,3,4,3,4,5,4,2025-07-21
LFB006560,L008,5,3,5,5,3,5,5,5,3,5,2025-07-21
LFB006561,L002,5,3,3,5,4,5,4,4,4,5,2025-07-21
LFB006562,L003,4,4,5,5,4,4,5,5,5,5,2025-07-22
LFB006563,L007,3,4,5,4,3,4,4,5,3,3,2025-07-22
LFB006564,L003,3,3,4,2,4,3,5,5,3,4,2025-07-22
LFB006565,L014,3,4,4,2,5,4,4,4,3,5,2025-07-23
LFB006566,L009,3,3,4,4,3,3,5,4,3,3,2025-07-23
LFB006567,L020,4,4,3,3,4,3,5,4,4,5,2025-07-23
LFB006568,L020,5,5,4,4,4,5,5,5,4,5,2025-07-23
LFB006569,L014,5,5,5,4,5,4,4,5,4,5,2025-07-23
LFB006570,L006,5,5,5,4,4,4,5,2,4,4,2025-07-23
LFB006571,L009,3,4,3,5,3,4,3,5,4,5,2025-07-24
LFB006572,L005,3,5,5,3,4,4,5,4,5,5,2025-07-24
LFB006573,L026,3,5,5,4,4,3,3,5,5,5,2025-07-24
LFB006574,L015,5,5,5,5,5,4,4,3,4,4,2025-07-24
LFB006575,L002,5,5,5,4,4,5,5,4,5,4,2025-07-24
LFB006576,L007,4,3,3,5,5,5,4,5,5,4,2025-07-25
LFB006577,L010,4,5,3,4,3,3,4,4,5,3,2025-07-25
LFB006578,L004,5,5,3,4,5,4,5,4,3,5,2025-07-25
LFB006579,L015,3,5,4,5,5,3,4,4,5,5,2025-07-25
LFB006580,L026,4,4,4,2,4,2,4,4,5,4,2025-07-25
LFB006581,L003,4,3,3,5,4,3,5,4,3,5,2025-07-25
LFB006582,L004,3,4,3,3,3,4,5,4,2,4,2025-07-26
LFB006583,L007,4,4,4,4,3,5,4,4,4,4,2025-07-26
LFB006584,L002,2,5,4,3,4,2,2,4,3,4,2025-07-26
LFB006585,L024,5,4,2,5,4,4,3,4,5,5,2025-07-26
LFB006586,L004,4,4,5,4,4,5,4,5,4,5,2025-07-26
LFB006587,L010,3,4,5,2,4,4,4,5,5,5,2025-07-27
LFB006588,L012,4,4,3,3,5,4,4,3,3,4,2025-07-27
LFB006589,L024,4,5,4,2,3,3,4,5,4,5,2025-07-27
LFB006590,L002,3,4,4,4,4,4,4,3,5,5,2025-07-27
LFB006591,L010,4,5,4,5,4,5,5,4,4,5,2025-07-27
LFB006592,L023,4,4,4,3,4,5,4,4,5,4,2025-07-28
LFB006593,L009,5,4,3,5,3,5,4,4,5,2,2025-07-28
LFB006594,L008,4,5,5,4,5,4,5,4,5,4,2025-07-29
LFB006595,L010,4,3,4,5,4,4,3,4,3,3,2025-07-29
LFB006596,L014,4,5,4,3,5,5,5,5,4,5,2025-07-29
LFB006597,L021,4,4,5,4,4,4,5,4,3,5,2025-07-29
LFB006598,L010,4,5,4,3,5,4,2,4,3,5,2025-07-30
LFB006599,L026,3,4,4,5,3,4,4,5,4,3,2025-07-30
LFB006600,L004,4,4,4,4,4,5,2,5,4,5,2025-07-30
LFB006601,L026,5,5,4,4,4,4,3,4,5,5,2025-07-30
LFB006602,L009,4,3,3,3,4,4,5,5,2,4,2025-07-31
LFB006603,L012,4,3,5,5,4,4,5,5,4,4,2025-08-01
LFB006604,L006,4,4,3,3,5,4,5,4,5,4,2025-08-01
LFB006605,L003,4,4,5,5,4,5,2,5,5,5,2025-08-01
LFB006606,L004,5,3,5,4,4,5,4,5,5,4,2025-08-01
LFB006607,L015,5,4,4,4,3,3,4,4,5,4,2025-08-01
LFB006608,L015,4,4,4,4,4,4,4,4,3,4,2025-08-01
LFB006609,L026,5,4,4,5,4,3,3,5,5,5,2025-08-01
LFB006610,L007,5,4,5,5,4,5,5,5,4,5,2025-08-01
LFB006611,L010,3,2,3,4,4,4,4,4,4,4,2025-08-01
LFB006612,L020,3,4,2,4,5,5,5,5,4,5,2025-08-02
LFB006613,L024,4,4,4,4,4,3,5,4,4,5,2025-08-02
LFB006614,L001,3,3,4,5,5,5,4,5,4,4,2025-08-02
LFB006615,L022,5,2,4,5,5,4,3,5,4,5,2025-08-02
LFB006616,L010,3,5,5,3,5,5,4,4,5,5,2025-08-03
LFB006617,L014,4,5,4,5,3,5,4,4,5,4,2025-08-03
LFB006618,L025,5,4,4,5,4,5,5,4,4,5,2025-08-03
LFB006619,L020,5,4,4,4,4,4,4,4,4,4,2025-08-03
LFB006620,L012,4,4,5,5,4,5,5,5,5,5,2025-08-03
LFB006621,L026,3,5,4,3,5,3,5,3,3,5,2025-08-04
LFB006622,L013,4,4,4,5,2,4,4,4,4,5,2025-08-04
LFB006623,L024,4,4,4,5,4,5,4,4,4,4,2025-08-04
LFB006624,L023,3,3,2,3,3,4,3,3,4,4,2025-08-04
LFB006625,L005,4,3,3,5,3,3,5,4,3,3,2025-08-04
LFB006626,L003,4,4,4,4,4,5,4,5,5,4,2025-08-05
LFB006627,L013,5,5,5,5,5,5,5,4,5,4,2025-08-05
LFB006628,L013,3,4,5,3,5,5,5,4,5,5,2025-08-05
LFB006629,L024,5,4,3,4,4,4,4,4,4,5,2025-08-06
LFB006630,L002,3,5,3,3,5,3,5,4,3,5,2025-08-07
LFB006631,L014,4,3,3,4,3,4,4,5,5,5,2025-08-07
LFB006632,L004,4,4,3,4,4,5,4,5,3,4,2025-08-08
LFB006633,L021,4,5,3,5,4,4,5,4,5,5,2025-08-08
LFB006634,L005,5,5,3,5,5,5,3,5,5,4,2025-08-08
LFB006635,L009,4,5,5,4,5,3,4,4,5,5,2025-08-09
LFB006636,L012,4,4,4,4,4,5,4,4,3,4,2025-08-09
LFB006637,L001,4,3,4,4,4,2,5,5,4,5,2025-08-09
LFB006638,L009,5,5,5,5,5,4,5,5,4,5,2025-08-10
LFB006639,L004,5,4,4,5,5,3,5,5,5,4,2025-08-10
LFB006640,L023,3,3,2,5,4,5,4,4,5,3,2025-08-10
LFB006641,L009,4,3,3,5,3,3,3,4,5,4,2025-08-10
LFB006642,L003,4,5,3,4,5,1,4,3,3,4,2025-08-11
LFB006643,L015,4,4,3,3,5,4,5,4,5,5,2025-08-11
LFB006644,L014,3,3,3,5,5,4,4,3,3,4,2025-08-11
LFB006645,L001,3,5,5,3,5,5,4,5,4,5,2025-08-11
LFB006646,L005,3,5,4,4,5,4,4,5,5,2,2025-08-11
LFB006647,L021,3,5,3,4,4,5,5,5,4,4,2025-08-11
LFB006648,L021,5,5,5,5,3,5,5,5,5,4,2025-08-11
LFB006649,L017,4,4,4,5,3,4,3,3,3,5,2025-08-12
LFB006650,L022,4,2,2,3,3,4,3,4,4,3,2025-08-13
LFB006651,L023,3,5,4,5,4,5,4,4,3,4,2025-08-13
LFB006652,L022,3,3,3,3,3,4,3,5,3,3,2025-08-13
LFB006653,L024,4,5,1,5,5,5,4,2,3,4,2025-08-13
LFB006654,L010,3,4,5,4,5,5,4,5,4,4,2025-08-13
LFB006655,L010,4,5,4,4,4,5,5,5,3,4,2025-08-13
LFB006656,L015,4,5,5,3,3,5,4,3,5,5,2025-08-14
LFB006657,L014,4,5,5,5,4,4,4,5,4,5,2025-08-14
LFB006658,L019,4,5,5,5,5,4,2,5,5,4,2025-08-14
LFB006659,L020,4,4,3,5,3,5,4,4,5,5,2025-08-14
LFB006660,L012,4,5,4,2,3,4,5,4,3,4,2025-08-14
LFB006661,L022,5,3,4,5,4,5,4,4,5,4,2025-08-15
LFB006662,L021,4,4,5,4,2,4,5,4,3,4,2025-08-15
LFB006663,L006,5,5,5,4,3,5,5,4,4,5,2025-08-15
LFB006664,L024,4,5,3,3,4,3,4,4,4,4,2025-08-15
LFB006665,L012,4,5,4,4,4,4,3,5,3,4,2025-08-15
LFB006666,L003,4,4,5,5,5,5,5,5,5,4,2025-08-16
LFB006667,L007,4,5,4,5,4,4,4,4,5,5,2025-08-16
LFB006668,L002,4,5,4,5,4,5,5,5,5,4,2025-08-16
LFB006669,L019,3,3,3,4,4,3,5,5,4,5,2025-08-16
LFB006670,L025,5,4,5,4,3,4,5,4,4,4,2025-08-17
LFB006671,L020,3,4,3,3,4,4,5,4,5,5,2025-08-17
LFB006672,L005,4,4,2,3,4,4,4,4,4,5,2025-08-17
LFB006673,L004,4,4,4,4,5,3,5,5,4,3,2025-08-17
LFB006674,L004,4,5,4,5,4,4,3,3,5,3,2025-08-18
LFB006675,L020,4,2,2,4,3,4,4,4,3,4,2025-08-19
LFB006676,L012,4,5,4,5,5,5,3,5,5,5,2025-08-19
LFB006677,L004,4,3,4,5,5,5,5,3,5,4,2025-08-19
LFB006678,L002,3,4,4,5,4,3,3,4,4,5,2025-08-20
LFB006679,L007,5,5,4,4,5,4,3,5,5,3,2025-08-20
LFB006680,L014,3,4,4,3,5,4,3,3,3,3,2025-08-20
LFB006681,L022,5,5,3,5,5,4,5,4,4,5,2025-08-20
LFB006682,L012,5,4,4,3,5,4,4,4,4,4,2025-08-20
LFB006683,L014,3,4,2,3,3,3,4,4,5,3,2025-08-20
LFB006684,L016,2,3,2,5,3,3,3,3,3,5,2025-08-21
LFB006685,L007,3,5,3,5,4,3,5,4,4,4,2025-08-21
LFB006686,L021,4,3,4,5,5,4,2,3,5,3,2025-08-21
LFB006687,L019,2,4,5,5,4,5,5,5,3,3,2025-08-22
LFB006688,L014,2,2,4,3,4,3,4,3,2,4,2025-08-22
LFB006689,L014,2,4,4,4,5,3,2,4,3,5,2025-08-22
LFB006690,L023,3,4,5,3,4,4,3,5,3,4,2025-08-22
LFB006691,L022,5,4,3,3,5,2,5,4,5,3,2025-08-23
LFB006692,L021,4,5,5,5,5,5,4,5,5,5,2025-08-23
LFB006693,L023,4,3,3,4,3,5,5,3,5,5,2025-08-23
LFB006694,L018,5,3,3,5,4,5,4,4,5,4,2025-08-23
LFB006695,L014,3,3,5,4,3,5,5,4,3,5,2025-08-23
LFB006696,L005,3,5,3,3,3,4,5,4,5,5,2025-08-23
LFB006697,L023,4,4,3,5,4,5,3,5,3,3,2025-08-23
LFB006698,L014,3,4,3,5,5,4,3,4,5,4,2025-08-23
LFB006699,L014,4,4,4,4,5,5,5,5,5,4,2025-08-24
LFB006700,L024,4,2,2,5,3,4,3,4,4,3,2025-08-24
LFB006701,L014,4,4,4,5,5,3,4,4,5,5,2025-08-25
LFB006702,L012,1,4,1,4,2,1,2,3,1,3,2025-08-25
LFB006703,L007,4,5,5,5,5,4,5,3,5,3,2025-08-25
LFB006704,L020,3,4,3,3,3,5,3,3,3,3,2025-08-26
LFB006705,L004,5,5,4,5,5,5,4,5,4,5,2025-08-26
LFB006706,L015,2,4,3,3,3,3,4,5,1,5,2025-08-26
LFB006707,L013,5,5,4,5,4,5,5,5,5,4,2025-08-26
LFB006708,L023,5,3,3,2,3,5,3,3,4,4,2025-08-26
LFB006709,L010,4,4,3,5,4,5,4,5,4,5,2025-08-26
LFB006710,L022,3,3,2,4,5,4,4,4,2,3,2025-08-26
LFB006711,L010,4,3,4,4,4,3,5,4,4,4,2025-08-27
LFB006712,L022,3,4,3,4,3,3,4,5,3,2,2025-08-28
LFB006713,L016,5,4,5,3,3,5,5,5,5,5,2025-08-28
LFB006714,L026,3,5,4,3,4,3,2,4,2,4,2025-08-28
LFB006715,L003,3,3,5,4,5,3,5,4,5,5,2025-08-28
LFB006716,L008,5,5,3,3,5,4,3,3,3,3,2025-08-29
LFB006717,L008,5,5,4,5,5,4,4,5,3,4,2025-08-29
LFB006718,L009,4,5,4,5,5,5,3,5,4,5,2025-08-29
LFB006719,L008,3,5,4,5,4,5,4,4,4,4,2025-08-29
LFB006720,L020,2,4,4,5,5,4,5,4,5,4,2025-08-30
LFB006721,L008,4,5,5,4,5,5,5,5,5,5,2025-08-30
LFB006722,L005,5,4,3,3,5,3,5,4,4,4,2025-08-30
LFB006723,L015,4,5,5,5,4,5,5,5,5,4,2025-08-30
LFB006724,L020,5,4,5,5,5,4,4,5,5,5,2025-08-30
LFB006725,L025,4,5,3,5,5,5,4,5,5,5,2025-08-30
LFB006726,L021,3,4,5,4,5,4,5,3,5,4,2025-08-31
LFB006727,L020,4,5,3,5,5,5,3,5,5,4,2025-08-31
LFB006728,L023,5,5,5,4,4,4,5,5,5,3,2025-08-31
LFB006729,L014,4,5,4,4,5,5,4,5,3,5,2025-08-31
LFB006730,L016,4,4,5,5,5,5,5,4,4,5,2025-08-31
LFB006731,L025,4,4,4,4,5,4,5,5,5,4,2025-08-31
LFB006732,L004,5,4,5,5,4,4,4,5,4,5,2025-09-01
LFB006733,L023,4,5,3,4,5,5,4,3,4,4,2025-09-01
LFB006734,L013,5,3,5,5,4,4,4,5,5,5,2025-09-01
LFB006735,L012,5,5,2,3,4,5,4,5,4,5,2025-09-01
LFB006736,L020,4,4,3,3,4,5,5,3,3,5,2025-09-01
LFB006737,L026,4,4,4,4,4,4,5,5,5,5,2025-09-01
LFB006738,L018,5,4,4,4,4,3,5,4,4,3,2025-09-02
LFB006739,L014,4,5,4,4,4,4,4,4,3,4,2025-09-02
LFB006740,L021,3,5,4,5,3,4,4,5,4,5,2025-09-02
LFB006741,L008,4,3,4,4,4,3,4,4,5,4,2025-09-02
LFB006742,L025,4,3,4,3,5,5,4,4,4,4,2025-09-02
LFB006743,L026,5,3,5,5,5,3,4,3,5,4,2025-09-02
LFB006744,L006,5,4,4,5,4,5,5,4,4,3,2025-09-03
LFB006745,L026,3,5,4,4,4,5,5,3,3,4,2025-09-03
LFB006746,L012,3,4,4,4,4,2,4,5,3,4,2025-09-04
LFB006747,L001,4,4,3,5,2,5,4,5,3,4,2025-09-04
LFB006748,L007,4,4,4,4,4,3,3,4,4,4,2025-09-04
LFB006749,L015,4,1,4,3,4,4,3,5,3,5,2025-09-04
LFB006750,L010,4,3,4,5,4,5,5,5,5,3,2025-09-04
LFB006751,L019,5,3,4,4,3,3,3,5,4,4,2025-09-04
LFB006752,L010,3,3,3,4,5,5,5,4,5,5,2025-09-04
LFB006753,L023,4,3,5,5,5,5,4,5,5,4,2025-09-05
LFB006754,L016,5,5,4,5,4,4,5,5,4,5,2025-09-05
LFB006755,L010,4,5,3,4,3,5,5,5,3,5,2025-09-05
LFB006756,L020,5,4,5,5,5,5,4,4,3,5,2025-09-05
LFB006757,L012,5,3,3,2,4,3,3,3,3,4,2025-09-05
LFB006758,L022,4,4,4,5,5,5,5,4,3,4,2025-09-06
LFB006759,L011,4,4,5,4,5,5,5,5,4,5,2025-09-06
LFB006760,L021,4,3,3,5,5,4,5,5,4,3,2025-09-06
LFB006761,L016,3,4,3,5,4,4,4,5,3,4,2025-09-07
LFB006762,L024,2,4,4,4,4,4,4,5,5,4,2025-09-07
LFB006763,L026,3,3,3,4,3,4,4,2,5,5,2025-09-07
LFB006764,L021,5,3,5,5,5,3,5,4,4,5,2025-09-07
LFB006765,L005,4,4,2,2,4,4,4,4,5,4,2025-09-08
LFB006766,L012,5,4,5,4,5,4,5,4,4,4,2025-09-08
LFB006767,L001,5,5,4,5,4,4,5,5,4,3,2025-09-08
LFB006768,L020,4,4,5,5,5,3,4,4,5,5,2025-09-08
LFB006769,L020,4,3,3,4,5,2,3,5,4,3,2025-09-08
LFB006770,L010,4,4,5,4,5,3,5,5,4,4,2025-09-09
LFB006771,L025,3,3,2,5,5,4,4,5,4,3,2025-09-09
LFB006772,L015,5,2,4,4,5,5,5,5,5,4,2025-09-09
LFB006773,L020,3,2,4,4,4,4,5,4,3,5,2025-09-09
LFB006774,L022,4,3,4,5,4,4,2,5,4,4,2025-09-09
LFB006775,L020,5,4,4,5,5,4,4,5,5,4,2025-09-09
LFB006776,L006,4,5,3,5,5,5,5,5,5,5,2025-09-10
LFB006777,L007,4,4,4,5,5,3,5,2,5,4,2025-09-10
LFB006778,L018,3,3,3,3,3,5,5,5,4,4,2025-09-10
LFB006779,L009,4,4,2,4,4,3,3,4,5,3,2025-09-11
LFB006780,L014,4,5,3,5,4,3,5,3,3,3,2025-09-11
LFB006781,L001,4,4,3,3,3,4,3,4,5,1,2025-09-11
LFB006782,L013,5,4,4,4,5,5,4,5,4,5,2025-09-11
LFB006783,L003,5,5,5,4,3,5,4,5,5,4,2025-09-11
LFB006784,L005,4,4,4,3,5,5,5,5,5,4,2025-09-11
LFB006785,L005,2,2,4,3,4,5,4,3,4,3,2025-09-12
LFB006786,L015,2,4,5,5,4,5,4,5,3,5,2025-09-12
LFB006787,L008,3,4,5,2,4,5,4,4,3,4,2025-09-12
LFB006788,L004,4,5,5,5,4,4,4,5,4,5,2025-09-13
LFB006789,L002,4,5,1,3,5,4,3,3,3,4,2025-09-13
LFB006790,L012,5,4,5,4,4,3,4,3,4,3,2025-09-13
LFB006791,L021,5,4,3,5,5,5,5,5,4,5,2025-09-13
LFB006792,L025,4,3,4,5,4,5,3,5,5,4,2025-09-13
LFB006793,L009,4,4,5,3,5,2,3,3,3,3,2025-09-13
LFB006794,L021,5,5,5,4,5,4,5,4,4,5,2025-09-13
LFB006795,L016,4,5,5,4,5,5,5,5,3,5,2025-09-13
LFB006796,L018,5,4,4,2,3,5,4,5,4,5,2025-09-13
LFB006797,L012,2,3,3,3,4,4,3,3,5,2,2025-09-13
LFB006798,L001,5,5,5,5,5,5,5,5,5,5,2025-09-13
LFB006799,L021,4,3,5,4,3,4,3,2,4,4,2025-09-14
LFB006800,L024,3,3,3,3,3,4,4,2,4,4,2025-09-14
LFB006801,L002,5,2,5,5,5,4,4,4,4,4,2025-09-14
LFB006802,L026,3,3,4,5,4,4,4,4,3,4,2025-09-14
LFB006803,L001,4,2,5,4,3,4,3,4,5,5,2025-09-14
LFB006804,L025,5,5,4,4,3,3,5,5,4,2,2025-09-14
LFB006805,L003,3,4,5,4,5,5,4,4,4,4,2025-09-15
LFB006806,L001,4,5,3,5,5,3,4,5,4,5,2025-09-15
LFB006807,L024,4,4,4,5,4,4,4,4,4,4,2025-09-16
LFB006808,L013,4,4,4,5,3,4,5,5,5,3,2025-09-16
LFB006809,L004,5,4,4,4,5,4,5,5,5,4,2025-09-16
LFB006810,L018,5,4,3,3,5,5,5,5,3,3,2025-09-17
LFB006811,L015,4,5,3,3,3,4,3,3,3,3,2025-09-17
LFB006812,L012,5,4,3,4,5,5,5,4,4,4,2025-09-17
LFB006813,L011,4,5,4,5,4,3,4,4,3,5,2025-09-17
LFB006814,L020,4,4,3,4,5,3,4,4,4,3,2025-09-17
LFB006815,L001,5,5,4,5,5,3,5,5,4,5,2025-09-17
LFB006816,L002,5,5,5,2,5,2,3,4,4,4,2025-09-18
LFB006817,L013,5,3,3,5,5,4,4,5,5,5,2025-09-18
LFB006818,L025,4,3,3,4,3,4,4,4,3,3,2025-09-19
LFB006819,L003,5,4,4,5,3,4,4,3,5,5,2025-09-19
LFB006820,L012,3,1,2,3,2,4,3,4,4,5,2025-09-20
LFB006821,L014,4,5,5,5,4,3,5,3,5,5,2025-09-20
LFB006822,L018,2,4,4,5,5,5,4,5,4,4,2025-09-20
LFB006823,L010,4,4,3,4,3,5,5,4,5,5,2025-09-20
LFB006824,L022,3,3,4,2,4,5,4,2,3,2,2025-09-20
LFB006825,L015,3,3,4,2,5,3,3,3,4,2,2025-09-21
LFB006826,L002,4,4,4,5,3,5,4,5,4,4,2025-09-21
LFB006827,L009,3,5,4,3,3,5,4,5,4,4,2025-09-21
LFB006828,L023,3,4,5,5,5,5,5,4,5,4,2025-09-21
LFB006829,L025,4,3,5,4,4,4,4,3,3,5,2025-09-21
LFB006830,L022,5,5,3,4,4,5,5,4,4,4,2025-09-22
LFB006831,L023,5,4,4,5,5,5,4,4,5,5,2025-09-22
LFB006832,L008,2,3,3,4,3,4,3,4,4,4,2025-09-22
LFB006833,L014,4,5,5,5,3,5,5,3,4,3,2025-09-23
LFB006834,L013,4,4,5,3,5,3,4,3,3,4,2025-09-23
LFB006835,L011,3,3,2,4,4,3,4,4,3,5,2025-09-23
LFB006836,L003,4,5,5,4,4,5,5,5,5,5,2025-09-24
LFB006837,L023,4,4,3,5,3,5,4,3,5,5,2025-09-24
LFB006838,L009,2,3,4,5,4,4,5,5,2,5,2025-09-24
LFB006839,L016,4,4,4,4,5,5,5,4,4,5,2025-09-24
LFB006840,L003,4,4,5,3,4,3,3,3,3,4,2025-09-24
LFB006841,L004,5,4,4,3,3,5,5,3,4,4,2025-09-24
LFB006842,L004,3,5,2,4,3,4,4,3,3,5,2025-09-25
LFB006843,L011,4,4,4,5,4,4,4,2,4,5,2025-09-25
LFB006844,L003,5,5,2,3,3,5,4,4,5,5,2025-09-25
LFB006845,L023,4,4,4,3,5,2,4,4,4,4,2025-09-25
LFB006846,L020,3,4,4,5,5,3,5,4,4,5,2025-09-25
LFB006847,L022,5,3,5,4,4,3,3,3,4,4,2025-09-25
LFB006848,L020,3,5,3,4,4,4,5,5,4,5,2025-09-25
LFB006849,L017,3,4,3,5,4,4,5,4,5,5,2025-09-26
LFB006850,L010,4,5,5,5,5,5,5,4,4,5,2025-09-26
LFB006851,L018,3,5,3,5,3,5,5,4,2,5,2025-09-26
LFB006852,L020,4,4,4,4,3,4,5,4,4,5,2025-09-26
LFB006853,L025,4,5,5,4,5,5,3,5,4,5,2025-09-26
LFB006854,L024,3,5,5,4,4,4,4,4,4,3,2025-09-27
LFB006855,L002,5,4,5,5,5,5,4,3,4,4,2025-09-27
LFB006856,L012,4,3,4,5,4,4,4,4,5,4,2025-09-27
LFB006857,L021,5,4,4,5,5,5,5,3,5,4,2025-09-27
LFB006858,L010,3,3,4,5,5,4,4,4,3,5,2025-09-27
LFB006859,L014,5,5,4,4,4,4,3,5,5,5,2025-09-27
LFB006860,L004,5,3,3,5,5,5,5,5,5,3,2025-09-27
LFB006861,L015,4,4,5,3,5,4,4,4,4,4,2025-09-27
LFB006862,L017,5,4,4,3,4,4,4,4,3,5,2025-09-28
LFB006863,L002,5,3,5,5,3,4,3,5,4,4,2025-09-28
LFB006864,L010,5,5,2,4,5,5,5,5,5,4,2025-09-28
LFB006865,L001,4,4,3,2,3,3,4,4,3,4,2025-09-28
LFB006866,L002,4,4,4,4,4,5,3,2,5,4,2025-09-29
LFB006867,L020,5,5,3,3,4,5,4,4,4,5,2025-09-30
LFB006868,L008,4,4,3,4,4,4,3,4,4,5,2025-09-30
LFB006869,L004,5,5,4,5,4,4,2,4,5,4,2025-09-30
LFB006870,L020,5,4,3,5,5,4,4,5,4,4,2025-10-01
LFB006871,L009,4,5,2,5,5,5,4,5,5,5,2025-10-01
LFB006872,L022,5,4,4,3,5,5,5,5,4,5,2025-10-01
LFB006873,L020,4,5,4,4,5,4,5,5,5,4,2025-10-01
LFB006874,L004,4,4,3,4,4,5,3,5,4,5,2025-10-01
LFB006875,L007,4,4,4,5,2,5,3,5,5,3,2025-10-02
LFB006876,L014,2,3,4,4,2,4,3,3,4,5,2025-10-02
LFB006877,L009,4,5,4,5,5,2,5,5,3,5,2025-10-02
LFB006878,L026,5,5,4,5,3,2,3,5,4,3,2025-10-02
LFB006879,L026,3,3,4,4,5,3,4,4,3,3,2025-10-02
LFB006880,L021,4,4,5,5,4,3,4,3,3,5,2025-10-03
LFB006881,L019,5,5,5,5,5,4,5,5,5,3,2025-10-03
LFB006882,L015,4,5,5,3,4,5,3,4,5,5,2025-10-03
LFB006883,L024,5,4,3,5,4,4,5,5,5,5,2025-10-04
LFB006884,L002,4,4,5,4,4,5,3,5,4,4,2025-10-04
LFB006885,L026,4,5,4,3,3,3,3,3,4,5,2025-10-04
LFB006886,L001,2,2,3,5,5,3,4,5,3,4,2025-10-04
LFB006887,L026,3,4,3,4,5,3,3,5,4,4,2025-10-04
LFB006888,L007,5,5,4,5,5,5,4,5,5,5,2025-10-04
LFB006889,L017,5,3,3,4,5,5,4,5,5,3,2025-10-04
LFB006890,L001,5,5,4,4,5,5,5,4,5,5,2025-10-04
LFB006891,L026,4,4,3,4,4,3,5,4,4,5,2025-10-05
LFB006892,L013,3,4,3,3,5,3,4,5,4,4,2025-10-05
LFB006893,L010,4,3,4,3,4,3,5,2,4,4,2025-10-05
LFB006894,L007,3,4,5,5,5,4,4,3,5,5,2025-10-05
LFB006895,L025,5,5,4,4,4,3,4,3,4,5,2025-10-05
LFB006896,L003,4,2,4,4,4,4,5,3,3,5,2025-10-05
LFB006897,L020,4,5,5,4,2,4,4,5,4,4,2025-10-05
LFB006898,L010,3,4,4,3,4,5,5,4,1,4,2025-10-06
LFB006899,L021,5,4,4,5,5,4,4,5,4,5,2025-10-06
LFB006900,L001,3,4,5,4,4,5,4,2,5,5,2025-10-06
LFB006901,L011,5,5,4,5,4,4,3,5,4,4,2025-10-06
LFB006902,L002,4,5,5,3,5,4,5,5,3,3,2025-10-06
LFB006903,L004,4,4,4,5,4,3,4,5,4,5,2025-10-07
LFB006904,L009,5,5,4,5,5,4,4,5,5,5,2025-10-07
LFB006905,L008,4,5,2,4,3,5,3,5,3,5,2025-10-07
LFB006906,L007,5,4,4,5,4,5,3,4,5,5,2025-10-07
LFB006907,L014,3,5,4,5,3,3,4,5,4,5,2025-10-07
LFB006908,L015,5,3,5,5,5,4,4,5,5,5,2025-10-07
LFB006909,L015,4,3,3,1,5,4,3,3,4,3,2025-10-07
LFB006910,L019,5,3,3,4,4,5,5,3,5,4,2025-10-07
LFB006911,L019,4,5,4,4,5,4,5,5,4,5,2025-10-08
LFB006912,L010,4,5,4,5,5,4,3,4,4,3,2025-10-08
LFB006913,L011,3,5,4,5,3,3,4,4,3,4,2025-10-08
LFB006914,L013,4,3,4,3,3,4,3,5,3,4,2025-10-08
LFB006915,L011,4,5,3,4,4,5,4,4,5,4,2025-10-08
LFB006916,L008,4,3,2,3,4,5,3,3,2,3,2025-10-08
LFB006917,L012,3,4,2,4,4,4,5,5,5,4,2025-10-08
LFB006918,L015,4,5,3,3,5,4,3,4,4,3,2025-10-09
LFB006919,L001,3,4,4,4,3,4,4,5,4,5,2025-10-09
LFB006920,L004,4,5,5,3,5,5,5,5,5,5,2025-10-09
LFB006921,L014,1,2,2,4,3,4,2,3,3,2,2025-10-09
LFB006922,L015,4,5,4,4,4,4,4,4,5,3,2025-10-09
LFB006923,L004,3,5,4,4,3,4,3,5,2,4,2025-10-09
LFB006924,L003,5,4,4,2,5,5,4,4,3,4,2025-10-09
LFB006925,L004,5,2,4,5,4,5,4,3,3,4,2025-10-10
LFB006926,L010,5,5,3,3,5,5,4,5,5,4,2025-10-10
LFB006927,L003,4,4,4,3,5,5,5,4,5,4,2025-10-10
LFB006928,L022,5,4,3,5,5,4,5,5,5,5,2025-10-11
LFB006929,L020,5,3,3,3,4,5,4,5,5,3,2025-10-11
LFB006930,L010,4,4,3,5,3,4,5,3,3,4,2025-10-11
LFB006931,L002,3,3,4,3,4,4,5,3,3,5,2025-10-11
LFB006932,L003,3,3,5,5,5,5,4,5,4,4,2025-10-11
LFB006933,L010,5,5,5,5,5,5,5,5,5,5,2025-10-11
LFB006934,L026,4,5,4,3,3,5,5,5,5,5,2025-10-11
LFB006935,L009,4,4,5,5,5,4,5,5,5,5,2025-10-11
LFB006936,L019,4,5,3,5,5,5,5,4,5,4,2025-10-11
LFB006937,L013,1,4,5,4,3,2,5,3,3,2,2025-10-11
LFB006938,L019,4,5,3,5,4,5,4,3,3,5,2025-10-11
LFB006939,L020,4,4,4,5,3,5,5,4,4,5,2025-10-12
LFB006940,L021,5,5,3,3,5,2,3,5,3,3,2025-10-12
LFB006941,L012,5,3,5,5,5,5,5,3,4,3,2025-10-12
LFB006942,L026,5,3,5,4,2,5,5,5,5,5,2025-10-13
LFB006943,L005,5,5,4,5,3,5,4,5,5,5,2025-10-13
LFB006944,L025,4,5,5,4,5,4,5,5,5,5,2025-10-13
LFB006945,L008,3,3,4,4,5,5,5,5,3,3,2025-10-14
LFB006946,L015,5,3,4,5,5,4,3,5,4,3,2025-10-14
LFB006947,L015,4,4,5,4,5,5,4,5,5,5,2025-10-14
LFB006948,L015,4,5,5,4,4,4,5,4,5,3,2025-10-14
LFB006949,L013,4,4,5,4,5,5,5,4,3,5,2025-10-15
LFB006950,L020,4,5,3,5,4,3,2,3,5,4,2025-10-15
LFB006951,L010,4,5,4,5,4,4,5,3,2,5,2025-10-15
LFB006952,L025,5,4,3,3,5,4,4,4,4,3,2025-10-15
LFB006953,L002,5,5,3,3,4,3,4,3,4,4,2025-10-15
LFB006954,L002,3,4,3,4,4,3,3,3,3,4,2025-10-15
LFB006955,L006,4,3,4,5,3,3,5,4,5,5,2025-10-16
LFB006956,L023,3,3,4,3,3,4,4,5,2,5,2025-10-16
LFB006957,L007,4,5,5,5,5,4,5,4,4,5,2025-10-16
LFB006958,L007,4,4,5,4,5,3,3,5,4,5,2025-10-16
LFB006959,L011,4,5,5,2,2,4,3,3,4,2,2025-10-16
LFB006960,L016,4,2,5,5,4,3,5,3,5,4,2025-10-17
LFB006961,L017,5,2,4,4,5,4,5,5,3,3,2025-10-17
LFB006962,L022,5,4,5,4,5,5,4,5,5,4,2025-10-18
LFB006963,L018,2,5,4,2,5,4,5,4,5,4,2025-10-18
LFB006964,L001,2,3,4,4,4,4,3,4,4,3,2025-10-18
LFB006965,L004,5,4,5,5,5,5,5,5,5,5,2025-10-18
LFB006966,L012,4,3,4,5,4,5,5,4,5,4,2025-10-18
LFB006967,L025,5,4,5,5,4,5,4,4,5,4,2025-10-18
LFB006968,L015,4,4,5,3,4,5,3,3,5,5,2025-10-19
LFB006969,L020,3,4,3,4,3,3,3,3,3,3,2025-10-19
LFB006970,L019,2,3,4,4,4,4,5,4,5,5,2025-10-19
LFB006971,L020,3,4,5,4,3,3,5,4,4,4,2025-10-19
LFB006972,L009,3,4,4,3,5,4,3,4,4,5,2025-10-19
LFB006973,L004,4,4,4,4,5,5,4,4,5,4,2025-10-19
LFB006974,L005,4,5,3,4,5,4,4,5,4,5,2025-10-20
LFB006975,L022,4,4,5,4,2,3,5,4,3,4,2025-10-20
LFB006976,L002,3,5,3,4,3,5,5,5,3,3,2025-10-20
LFB006977,L004,4,4,3,4,3,5,3,4,5,5,2025-10-20
LFB006978,L020,4,4,2,5,4,3,5,3,5,3,2025-10-20
LFB006979,L004,4,2,3,3,3,3,4,4,5,2,2025-10-20
LFB006980,L008,3,5,4,5,4,3,5,3,3,4,2025-10-20
LFB006981,L025,5,4,5,5,5,5,5,5,5,5,2025-10-20
LFB006982,L001,2,4,4,5,4,5,4,3,3,5,2025-10-21
LFB006983,L005,5,3,4,5,4,4,4,5,5,4,2025-10-21
LFB006984,L013,3,4,3,5,5,5,3,3,5,3,2025-10-21
LFB006985,L003,3,4,4,4,5,3,5,3,5,4,2025-10-21
LFB006986,L015,5,5,5,5,5,5,5,4,5,4,2025-10-21
LFB006987,L010,3,3,4,4,3,2,3,4,5,4,2025-10-22
LFB006988,L006,5,3,4,4,4,4,5,5,5,5,2025-10-22
LFB006989,L002,3,2,3,3,5,4,5,3,3,3,2025-10-23
LFB006990,L020,4,4,4,4,4,5,5,2,5,5,2025-10-23
LFB006991,L014,4,5,5,3,5,3,3,3,3,3,2025-10-23
LFB006992,L002,3,5,5,3,4,5,4,5,3,4,2025-10-23
LFB006993,L025,5,3,5,4,5,4,3,5,5,5,2025-10-23
LFB006994,L021,5,4,4,5,3,3,5,5,4,5,2025-10-24
LFB006995,L021,3,4,2,2,3,5,4,5,3,5,2025-10-24
LFB006996,L022,5,4,3,3,3,4,4,4,4,5,2025-10-24
LFB006997,L026,5,3,4,5,3,5,4,5,5,5,2025-10-24
LFB006998,L010,4,4,5,5,4,4,5,3,5,3,2025-10-24
LFB006999,L004,2,3,4,3,4,4,4,4,2,4,2025-10-24
LFB007000,L001,4,4,3,3,5,4,4,5,4,4,2025-10-24
LFB007001,L021,2,4,4,5,5,3,5,5,5,3,2025-10-25
LFB007002,L020,5,4,4,3,3,3,4,4,4,4,2025-10-25
LFB007003,L004,4,5,4,4,4,4,5,3,4,4,2025-10-25
LFB007004,L023,5,3,4,5,4,4,4,5,5,5,2025-10-25
LFB007005,L019,5,4,4,4,4,5,4,3,4,4,2025-10-26
LFB007006,L007,4,4,4,2,2,4,4,3,2,3,2025-10-26
LFB007007,L017,3,4,4,4,4,2,4,3,2,5,2025-10-26
LFB007008,L018,4,3,4,3,3,5,3,3,4,3,2025-10-26
LFB007009,L021,4,5,4,5,3,5,3,5,3,5,2025-10-26
LFB007010,L004,5,3,3,3,4,4,4,4,3,4,2025-10-27
LFB007011,L003,5,3,4,4,3,5,5,4,4,3,2025-10-27
LFB007012,L004,3,3,3,3,5,5,4,4,5,5,2025-10-27
LFB007013,L015,3,5,3,4,3,2,3,3,5,3,2025-10-28
LFB007014,L015,3,5,4,5,2,4,4,4,5,5,2025-10-28
LFB007015,L020,3,4,5,4,4,3,4,5,5,5,2025-10-28
LFB007016,L012,4,3,3,3,4,4,4,4,3,3,2025-10-28
LFB007017,L011,5,5,3,5,5,3,4,4,5,3,2025-10-28
LFB007018,L020,2,4,4,4,4,5,4,5,4,4,2025-10-29
LFB007019,L022,5,3,5,5,5,5,4,5,3,3,2025-10-29
LFB007020,L026,3,5,5,3,5,5,4,5,4,5,2025-10-29
LFB007021,L020,5,5,4,4,4,4,3,4,4,4,2025-10-30
LFB007022,L011,4,4,5,4,4,4,5,4,4,4,2025-10-30
LFB007023,L021,4,5,3,3,3,4,3,4,4,4,2025-10-30
LFB007024,L008,3,4,4,4,3,4,4,4,4,5,2025-10-30
LFB007025,L003,3,5,5,4,4,4,3,5,4,5,2025-10-30
LFB007026,L016,2,4,4,3,3,3,2,4,2,4,2025-10-31
LFB007027,L026,4,5,4,5,4,5,5,3,4,5,2025-10-31
LFB007028,L015,5,4,5,4,5,5,5,5,5,4,2025-10-31
LFB007029,L010,5,5,4,4,3,5,3,4,5,5,2025-10-31
LFB007030,L020,4,5,3,5,5,3,4,5,5,5,2025-10-31
LFB007031,L020,5,4,3,5,5,4,5,4,5,4,2025-10-31
LFB007032,L013,4,4,4,5,5,4,4,3,5,5,2025-11-01
LFB007033,L021,4,4,4,4,4,1,4,4,5,5,2025-11-01
LFB007034,L025,5,5,4,4,4,2,4,4,5,5,2025-11-01
LFB007035,L015,5,5,4,3,5,4,4,5,5,4,2025-11-01
LFB007036,L011,4,5,4,5,4,4,5,5,4,4,2025-11-01
LFB007037,L022,5,5,5,4,5,5,3,5,5,5,2025-11-01
LFB007038,L021,5,3,4,5,4,5,5,5,3,5,2025-11-01
LFB007039,L006,2,4,4,3,4,4,4,4,5,3,2025-11-02
LFB007040,L026,3,2,3,4,4,4,3,5,2,3,2025-11-02
LFB007041,L005,4,4,4,3,4,4,3,4,4,4,2025-11-02
LFB007042,L020,5,4,4,4,5,4,4,4,4,5,2025-11-02
LFB007043,L005,5,5,5,3,4,4,5,5,5,5,2025-11-02
LFB007044,L009,5,4,4,3,5,5,4,3,5,5,2025-11-03
LFB007045,L005,4,5,5,5,4,3,4,5,3,5,2025-11-03
LFB007046,L013,3,5,5,4,5,4,4,5,5,5,2025-11-03
LFB007047,L002,4,5,4,4,3,5,4,5,4,4,2025-11-03
LFB007048,L012,4,4,4,5,5,4,5,5,5,4,2025-11-03
LFB007049,L018,5,5,4,5,5,5,3,4,5,5,2025-11-03
LFB007050,L011,4,4,4,4,4,4,3,4,4,5,2025-11-03
LFB007051,L013,2,3,4,4,4,5,4,4,4,3,2025-11-03
LFB007052,L014,5,5,4,4,3,4,5,5,4,4,2025-11-04
LFB007053,L008,5,4,5,5,5,5,4,5,4,4,2025-11-04
LFB007054,L024,5,5,4,3,4,5,4,4,4,5,2025-11-04
LFB007055,L024,5,4,4,5,5,5,5,5,4,4,2025-11-05
LFB007056,L024,5,5,4,4,5,4,5,5,3,5,2025-11-05
LFB007057,L013,3,4,3,4,3,4,5,5,4,4,2025-11-05
LFB007058,L019,4,2,3,4,5,3,3,5,4,5,2025-11-06
LFB007059,L015,5,4,3,3,4,3,5,4,4,4,2025-11-06
LFB007060,L001,4,4,4,5,1,4,4,2,3,3,2025-11-06
LFB007061,L006,4,3,3,5,4,4,5,5,4,4,2025-11-06
LFB007062,L024,4,4,4,3,4,3,4,4,3,4,2025-11-07
LFB007063,L009,4,5,4,4,4,3,5,4,4,5,2025-11-07
LFB007064,L002,5,5,4,4,4,3,4,5,4,5,2025-11-07
LFB007065,L001,4,5,5,5,5,4,5,4,4,5,2025-11-07
LFB007066,L001,4,5,3,4,4,4,4,2,5,4,2025-11-07
LFB007067,L014,3,2,4,4,5,3,5,3,4,4,2025-11-07
LFB007068,L004,5,3,5,4,3,5,3,4,4,4,2025-11-07
LFB007069,L013,5,4,5,5,5,3,5,4,3,4,2025-11-07
LFB007070,L013,2,3,4,4,4,4,4,5,4,4,2025-11-07
LFB007071,L016,4,4,3,5,4,3,2,4,4,4,2025-11-08
LFB007072,L007,5,5,5,5,4,5,4,5,5,5,2025-11-08
LFB007073,L015,4,4,5,5,5,5,4,5,5,4,2025-11-08
LFB007074,L025,2,4,3,4,3,4,4,4,3,4,2025-11-08
LFB007075,L006,3,4,4,3,4,5,3,5,5,4,2025-11-08
LFB007076,L009,4,4,5,5,5,5,5,4,4,4,2025-11-08
LFB007077,L001,5,3,4,3,2,3,5,4,4,4,2025-11-08
LFB007078,L013,4,4,5,3,3,4,3,3,3,4,2025-11-08
LFB007079,L012,3,3,3,5,4,4,3,3,5,5,2025-11-08
LFB007080,L003,3,4,3,3,4,5,3,4,3,4,2025-11-08
LFB007081,L012,3,5,3,4,5,3,5,3,3,4,2025-11-09
LFB007082,L023,5,4,5,4,5,4,4,4,3,4,2025-11-09
LFB007083,L013,2,3,3,4,4,4,4,5,5,4,2025-11-10
LFB007084,L025,4,3,4,3,4,5,4,4,5,3,2025-11-10
LFB007085,L018,5,4,5,4,4,4,3,4,3,3,2025-11-10
LFB007086,L020,5,5,2,3,3,5,5,5,5,5,2025-11-10
LFB007087,L001,2,3,5,3,3,4,5,4,3,5,2025-11-10
LFB007088,L001,3,4,3,3,5,4,5,3,4,5,2025-11-10
LFB007089,L007,4,4,4,5,4,5,5,5,5,5,2025-11-10
LFB007090,L022,3,3,3,5,5,4,3,3,4,3,2025-11-10
LFB007091,L001,3,2,4,4,2,4,4,5,4,5,2025-11-10
LFB007092,L010,4,4,3,4,4,4,3,5,4,4,2025-11-10
LFB007093,L013,5,5,5,5,4,5,5,3,4,4,2025-11-10
LFB007094,L007,3,5,5,5,5,5,4,5,5,4,2025-11-10
LFB007095,L010,5,4,5,4,5,5,5,5,5,5,2025-11-10
LFB007096,L016,3,3,3,5,4,2,4,5,3,3,2025-11-10
LFB007097,L020,4,5,4,5,4,5,5,3,4,5,2025-11-10
LFB007098,L025,3,3,5,4,5,5,4,5,4,4,2025-11-10
LFB007099,L018,5,5,3,4,5,5,5,5,5,5,2025-11-10
LFB007100,L018,3,3,3,3,4,3,4,4,3,4,2025-11-10
LFB007101,L021,5,5,5,4,5,4,5,5,4,5,2025-11-10
LFB007102,L006,5,4,3,3,5,4,2,5,3,4,2025-11-10
LFB007103,L014,3,4,5,5,5,5,3,5,3,5,2025-11-10
LFB007104,L026,4,3,5,5,4,4,5,5,4,4,2025-11-10
LFB007105,L024,3,5,4,4,4,4,4,5,5,3,2025-11-10
LFB007106,L023,2,4,2,3,3,4,4,4,4,4,2025-11-10
LFB007107,L020,4,4,5,5,5,5,5,4,5,4,2025-11-10
LFB007108,L024,5,5,5,4,4,5,4,5,5,5,2025-11-11
LFB007109,L023,3,4,5,4,5,4,4,5,4,5,2025-11-11
LFB007110,L015,3,4,5,1,4,5,3,4,5,4,2025-11-11
LFB007111,L001,4,5,5,3,5,4,5,4,5,5,2025-11-11
LFB007112,L013,4,5,3,5,5,5,4,5,4,5,2025-11-11
LFB007113,L012,3,4,3,5,5,5,5,5,4,5,2025-11-11
LFB007114,L021,5,4,4,5,5,5,5,5,4,4,2025-11-11
LFB007115,L003,3,5,3,5,3,4,5,5,3,4,2025-11-11
LFB007116,L025,3,3,3,5,5,5,4,2,5,3,2025-11-11
LFB007117,L014,4,2,4,4,5,5,4,4,4,3,2025-11-11
LFB007118,L007,4,3,3,3,5,4,1,4,3,2,2025-11-11
LFB007119,L014,3,5,4,2,5,5,3,3,4,4,2025-11-11
LFB007120,L003,5,3,3,3,4,3,3,4,3,4,2025-11-11
LFB007121,L009,5,3,3,5,4,4,4,4,3,5,2025-11-12
LFB007122,L016,5,5,4,5,5,5,5,5,3,5,2025-11-12
LFB007123,L022,2,3,3,3,3,4,5,4,2,5,2025-11-12
LFB007124,L004,4,4,5,5,5,5,3,4,4,4,2025-11-12
LFB007125,L012,3,4,4,4,5,4,4,4,4,4,2025-11-12
LFB007126,L018,2,3,4,3,4,4,3,5,3,5,2025-11-12
LFB007127,L008,4,4,4,1,2,4,4,4,3,4,2025-11-12
LFB007128,L005,5,3,2,3,4,4,4,2,3,5,2025-11-12
LFB007129,L008,5,4,3,5,4,5,5,4,4,5,2025-11-12
LFB007130,L019,4,5,3,5,3,4,3,4,3,5,2025-11-12
LFB007131,L021,5,5,5,3,5,4,4,3,4,5,2025-11-12
LFB007132,L003,3,4,3,3,5,4,4,3,5,3,2025-11-12
LFB007133,L018,5,5,3,5,4,4,5,3,3,4,2025-11-12
LFB007134,L022,3,5,4,4,5,5,4,4,5,5,2025-11-12
LFB007135,L019,4,5,5,4,4,5,5,5,4,5,2025-11-12
LFB007136,L007,3,5,4,3,4,5,3,3,4,4,2025-11-12
LFB007137,L017,4,4,4,5,5,5,5,5,5,3,2025-11-12
LFB007138,L008,3,3,4,3,2,3,4,4,3,5,2025-11-12
LFB007139,L017,3,5,5,5,4,3,3,5,5,5,2025-11-12
LFB007140,L002,5,4,4,4,4,5,3,4,3,4,2025-11-12
LFB007141,L016,4,5,2,5,5,3,4,3,4,4,2025-11-12
LFB007142,L003,5,4,5,5,4,5,5,5,4,5,2025-11-12
LFB007143,L006,3,5,5,5,4,5,3,5,5,5,2025-11-12
LFB007144,L021,3,5,5,4,5,5,5,4,3,5,2025-11-12
LFB007145,L007,5,4,4,5,5,5,5,4,4,5,2025-11-13
LFB007146,L015,5,5,4,5,2,5,5,5,4,5,2025-11-13
LFB007147,L026,4,5,5,5,5,5,5,5,4,5,2025-11-13
LFB007148,L020,5,5,5,4,5,4,5,5,4,4,2025-11-13
LFB007149,L019,5,4,4,4,5,3,4,5,5,3,2025-11-13
LFB007150,L020,5,5,3,5,2,5,5,4,4,4,2025-11-13
LFB007151,L005,5,5,3,4,4,3,5,5,5,5,2025-11-13
LFB007152,L009,2,4,4,4,4,4,3,5,3,2,2025-11-13
LFB007153,L020,4,3,4,3,4,4,3,4,3,2,2025-11-13
LFB007154,L023,3,5,5,3,4,2,3,5,5,4,2025-11-13
LFB007155,L013,5,4,4,4,3,5,5,5,4,4,2025-11-13
LFB007156,L018,4,5,5,4,5,5,5,5,5,4,2025-11-13
LFB007157,L005,5,4,5,5,4,5,4,4,5,5,2025-11-13
LFB007158,L006,4,4,4,3,5,5,3,4,4,4,2025-11-13
LFB007159,L007,4,4,3,5,5,5,5,5,5,4,2025-11-13
LFB007160,L014,4,5,4,5,5,5,4,4,4,5,2025-11-13
LFB007161,L014,3,5,5,5,3,5,3,5,5,5,2025-11-13
LFB007162,L014,5,4,5,3,4,5,3,4,5,5,2025-11-13
LFB007163,L001,2,4,3,2,3,4,2,4,2,2,2025-11-13
LFB007164,L013,5,4,5,4,4,5,4,5,4,5,2025-11-13
LFB007165,L026,3,3,4,5,4,4,3,3,2,4,2025-11-13
LFB007166,L010,4,5,2,4,5,5,5,2,4,4,2025-11-14
LFB007167,L011,3,3,3,4,3,5,3,3,3,4,2025-11-14
LFB007168,L005,5,5,5,5,5,5,5,4,2,4,2025-11-14
LFB007169,L010,3,4,3,3,3,4,3,4,3,2,2025-11-14
LFB007170,L021,3,5,3,3,4,4,3,3,4,5,2025-11-14
LFB007171,L002,4,4,3,5,4,4,5,5,5,5,2025-11-14
LFB007172,L010,3,5,3,4,4,4,4,4,5,4,2025-11-14
LFB007173,L010,5,3,3,4,5,5,5,4,5,4,2025-11-14
LFB007174,L024,5,2,1,3,3,3,5,4,4,3,2025-11-14
LFB007175,L024,4,4,5,4,5,5,5,5,5,3,2025-11-14
LFB007176,L011,3,5,2,4,3,4,4,4,3,5,2025-11-14
LFB007177,L001,3,5,3,3,5,3,4,4,5,3,2025-11-14
LFB007178,L014,5,5,5,5,5,4,5,5,5,5,2025-11-14
LFB007179,L010,5,4,3,5,4,5,4,5,5,4,2025-11-14
LFB007180,L026,4,3,5,5,5,5,3,4,4,4,2025-11-14
LFB007181,L002,5,5,3,2,4,5,4,4,4,4,2025-11-14
LFB007182,L004,4,4,4,4,5,3,5,5,4,4,2025-11-14
LFB007183,L009,5,4,4,4,5,5,4,4,3,5,2025-11-14
LFB007184,L001,4,2,4,5,5,5,5,3,4,4,2025-11-14
LFB007185,L021,4,4,5,5,3,3,4,4,4,4,2025-11-14
LFB007186,L026,3,2,2,2,3,4,4,2,3,3,2025-11-15
LFB007187,L014,4,3,2,5,4,5,4,4,5,4,2025-11-15
LFB007188,L021,4,4,3,3,3,5,4,4,3,3,2025-11-15
LFB007189,L021,5,4,4,5,5,5,4,5,4,3,2025-11-15
LFB007190,L014,3,5,4,4,5,5,4,5,5,5,2025-11-15
LFB007191,L006,4,5,4,5,5,5,5,5,4,5,2025-11-15
LFB007192,L015,4,4,4,3,4,4,4,5,4,5,2025-11-15
LFB007193,L010,3,3,4,4,3,4,4,4,5,4,2025-11-15
LFB007194,L023,4,3,4,5,4,3,4,3,5,4,2025-11-15
LFB007195,L019,4,5,4,4,3,5,3,2,4,4,2025-11-15
LFB007196,L019,5,5,4,5,5,5,5,5,3,5,2025-11-15
LFB007197,L020,4,4,5,5,5,5,5,4,5,4,2025-11-15
LFB007198,L008,4,2,2,3,3,2,3,5,3,3,2025-11-15
LFB007199,L001,5,4,4,4,3,4,3,5,5,4,2025-11-15
LFB007200,L014,1,4,3,4,4,4,2,3,4,3,2025-11-15
LFB007201,L026,2,4,4,3,3,4,4,3,3,3,2025-11-15
LFB007202,L025,3,5,3,3,3,5,3,5,4,3,2025-11-15
LFB007203,L019,5,2,5,3,3,4,5,4,4,4,2025-11-15
LFB007204,L025,5,5,3,4,5,5,4,4,3,4,2025-11-15
LFB007205,L023,4,4,4,5,3,4,4,4,4,4,2025-11-15
LFB007206,L016,5,4,5,3,4,4,3,4,5,5,2025-11-15
LFB007207,L007,4,3,4,5,5,5,5,5,5,4,2025-11-15
LFB007208,L012,5,4,5,4,5,5,5,5,5,3,2025-11-15
LFB007209,L016,5,5,5,5,5,5,5,5,5,5,2025-11-15
LFB007210,L010,4,4,5,4,4,4,4,4,5,4,2025-11-15
LFB007211,L020,4,5,5,4,4,5,4,4,5,5,2025-11-15
LFB007212,L003,4,2,4,2,4,5,4,5,3,3,2025-11-15
LFB007213,L026,3,4,5,4,5,4,5,4,3,5,2025-11-15
LFB007214,L014,5,5,3,5,4,5,5,4,4,4,2025-11-16
LFB007215,L022,4,4,3,3,3,2,4,4,4,4,2025-11-16
LFB007216,L011,5,5,5,3,5,5,5,5,5,5,2025-11-16
LFB007217,L018,4,3,2,5,5,1,5,4,4,5,2025-11-16
LFB007218,L004,4,3,3,2,2,4,4,4,2,3,2025-11-16
LFB007219,L013,3,3,4,4,3,4,4,4,3,4,2025-11-16
LFB007220,L025,4,2,4,4,3,4,3,4,3,3,2025-11-16
LFB007221,L017,5,5,4,5,5,5,5,5,3,5,2025-11-16
LFB007222,L018,3,5,4,4,5,5,5,5,5,5,2025-11-16
LFB007223,L011,4,4,5,5,5,4,5,5,5,5,2025-11-16
LFB007224,L018,3,4,3,5,3,4,5,5,2,3,2025-11-16
LFB007225,L023,5,4,3,3,4,5,3,4,4,3,2025-11-16
LFB007226,L015,4,5,5,3,5,5,5,4,4,5,2025-11-16
LFB007227,L017,3,3,2,4,4,4,2,4,4,4,2025-11-16
LFB007228,L010,4,3,4,5,5,4,4,5,4,5,2025-11-16
LFB007229,L020,4,5,3,4,3,5,4,3,5,5,2025-11-16
LFB007230,L001,4,3,4,3,4,3,4,4,2,4,2025-11-16
LFB007231,L023,4,4,4,4,5,4,5,4,4,5,2025-11-17
LFB007232,L016,4,5,5,5,4,5,5,5,5,4,2025-11-17
LFB007233,L001,4,5,4,5,5,5,5,4,5,5,2025-11-17
LFB007234,L025,5,5,3,5,4,5,5,4,4,5,2025-11-17
LFB007235,L009,5,3,4,5,5,5,5,5,4,4,2025-11-17
LFB007236,L021,4,4,5,4,4,5,4,4,3,5,2025-11-17
LFB007237,L005,3,4,4,5,4,4,3,5,4,4,2025-11-17
LFB007238,L003,5,4,5,5,4,4,5,4,4,4,2025-11-17
LFB007239,L011,3,2,3,2,2,4,4,5,2,5,2025-11-17
LFB007240,L023,4,4,4,4,5,4,4,4,5,5,2025-11-17
LFB007241,L008,4,3,4,5,4,4,5,5,5,5,2025-11-17
LFB007242,L019,4,3,5,3,3,4,4,2,3,3,2025-11-17
LFB007243,L021,4,4,3,2,5,3,4,4,4,4,2025-11-17
LFB007244,L012,4,4,4,4,5,5,4,2,4,2,2025-11-17
LFB007245,L022,2,5,3,4,3,4,2,5,4,3,2025-11-17
LFB007246,L014,5,4,4,5,5,3,3,4,3,5,2025-11-17
LFB007247,L003,4,3,2,4,5,3,5,5,4,4,2025-11-17
LFB007248,L020,3,4,4,4,5,4,5,4,5,4,2025-11-17
LFB007249,L007,4,4,3,5,5,3,3,4,5,3,2025-11-17
LFB007250,L010,4,5,4,5,5,5,4,5,4,4,2025-11-17
LFB007251,L010,5,4,3,4,3,4,3,4,3,3,2025-11-17
LFB007252,L009,2,5,3,4,4,3,4,5,4,4,2025-11-18
LFB007253,L007,5,3,5,4,5,4,5,4,4,5,2025-11-18
LFB007254,L026,5,4,4,4,5,5,5,5,4,5,2025-11-18
LFB007255,L004,5,5,3,4,4,4,4,5,4,5,2025-11-18
LFB007256,L021,4,3,4,4,4,4,3,4,3,5,2025-11-18
LFB007257,L009,4,3,2,4,3,5,3,4,4,3,2025-11-18
LFB007258,L013,3,3,4,5,4,5,3,4,5,4,2025-11-18
LFB007259,L005,2,3,5,4,5,3,4,5,5,4,2025-11-18
LFB007260,L017,4,4,3,3,5,4,4,3,2,4,2025-11-18
LFB007261,L020,3,3,5,4,3,5,4,3,4,4,2025-11-18
LFB007262,L021,5,4,5,4,3,3,5,4,4,4,2025-11-18
LFB007263,L005,5,4,5,3,4,4,4,4,5,5,2025-11-18
LFB007264,L022,4,4,5,4,4,4,4,5,5,5,2025-11-18
LFB007265,L013,2,5,4,4,3,3,5,3,4,5,2025-11-18
LFB007266,L021,5,5,5,5,5,3,5,4,4,5,2025-11-18
LFB007267,L018,5,4,4,3,5,4,5,5,3,4,2025-11-18
LFB007268,L021,4,5,4,5,4,4,4,5,5,5,2025-11-18
LFB007269,L005,4,4,4,4,3,4,4,4,4,4,2025-11-18
LFB007270,L023,5,5,3,4,5,4,5,5,5,4,2025-11-18
LFB007271,L020,5,5,5,5,5,5,5,3,4,5,2025-11-18
LFB007272,L010,4,4,2,4,4,4,3,4,3,3,2025-11-18
LFB007273,L026,4,4,3,5,4,5,5,5,4,4,2025-11-18
LFB007274,L007,3,4,3,4,3,5,4,4,4,4,2025-11-18
LFB007275,L011,4,3,5,4,4,5,3,5,4,2,2025-11-18
LFB007276,L008,2,4,3,3,5,4,3,3,2,3,2025-11-18
LFB007277,L021,4,5,4,4,4,4,5,3,5,3,2025-11-18
LFB007278,L007,4,4,3,4,5,3,2,3,3,4,2025-11-19
LFB007279,L024,5,3,3,4,3,4,3,4,5,3,2025-11-19
LFB007280,L017,5,5,5,5,4,4,3,3,4,4,2025-11-19
LFB007281,L014,3,4,3,4,4,3,2,5,4,4,2025-11-19
LFB007282,L009,3,5,3,5,4,5,5,2,5,5,2025-11-19
LFB007283,L010,4,4,4,4,4,4,3,4,4,5,2025-11-19
LFB007284,L014,5,4,4,4,4,4,5,5,5,5,2025-11-19
LFB007285,L025,4,3,4,4,5,5,4,5,5,5,2025-11-19
LFB007286,L023,4,4,4,4,5,3,4,5,4,5,2025-11-19
LFB007287,L021,4,4,4,4,4,3,4,4,5,3,2025-11-19
LFB007288,L017,4,3,2,4,3,5,5,4,5,5,2025-11-19
LFB007289,L022,5,4,5,5,3,4,3,3,4,5,2025-11-19
LFB007290,L011,3,4,3,4,4,4,4,4,3,4,2025-11-19
LFB007291,L021,5,4,3,3,3,5,5,4,2,4,2025-11-20
LFB007292,L011,4,5,5,4,5,4,4,5,5,4,2025-11-20
LFB007293,L018,5,5,4,5,5,5,5,5,5,4,2025-11-20
LFB007294,L020,4,5,3,5,5,3,5,5,5,5,2025-11-20
LFB007295,L008,4,5,3,5,5,5,5,5,4,5,2025-11-20
LFB007296,L021,4,3,4,4,4,3,3,3,5,5,2025-11-20
LFB007297,L016,3,4,1,3,4,3,3,5,3,3,2025-11-20
LFB007298,L022,4,4,5,5,5,5,5,4,4,5,2025-11-20
LFB007299,L022,3,3,4,5,4,4,4,5,4,4,2025-11-20
LFB007300,L019,4,4,4,2,5,4,3,5,4,3,2025-11-20
LFB007301,L025,5,5,5,4,5,4,3,5,4,4,2025-11-20
LFB007302,L022,4,3,3,3,4,3,4,4,4,3,2025-11-20
LFB007303,L011,3,4,4,3,5,4,4,5,4,3,2025-11-20
LFB007304,L006,5,4,5,5,5,5,5,5,5,5,2025-11-20
LFB007305,L007,4,5,5,5,5,3,4,5,5,5,2025-11-20
LFB007306,L019,4,4,5,3,3,5,3,4,5,5,2025-11-20
LFB007307,L016,3,5,4,4,4,3,4,5,2,4,2025-11-20
LFB007308,L025,4,5,5,4,4,2,2,4,4,4,2025-11-20
LFB007309,L025,3,4,3,4,4,4,3,4,3,4,2025-11-20
LFB007310,L024,5,5,5,5,5,5,3,5,4,4,2025-11-21
LFB007311,L006,5,5,5,5,5,5,3,5,5,5,2025-11-21
LFB007312,L022,3,4,5,3,5,4,4,3,3,3,2025-11-21
LFB007313,L014,5,5,4,5,3,5,5,3,3,4,2025-11-21
LFB007314,L025,4,5,4,5,5,5,5,4,5,5,2025-11-21
LFB007315,L017,3,3,4,4,4,4,4,4,4,2,2025-11-21
LFB007316,L024,5,4,4,5,5,5,4,3,4,5,2025-11-21
LFB007317,L020,3,4,4,4,4,4,3,5,2,5,2025-11-21
LFB007318,L003,2,3,5,4,4,4,3,2,4,4,2025-11-21
LFB007319,L017,4,4,4,2,4,4,3,3,5,4,2025-11-21
LFB007320,L003,4,4,4,4,5,4,3,4,3,5,2025-11-21
LFB007321,L007,4,4,4,4,5,5,4,4,5,4,2025-11-21
LFB007322,L014,2,3,3,4,3,2,3,4,3,4,2025-11-21
LFB007323,L002,3,4,5,4,4,3,2,4,2,4,2025-11-21
LFB007324,L026,5,3,4,5,3,5,4,4,5,5,2025-11-21
LFB007325,L006,3,4,5,5,5,5,4,3,4,4,2025-11-21
LFB007326,L012,4,5,5,4,4,4,3,5,5,4,2025-11-21
LFB007327,L012,4,5,4,4,5,4,4,5,5,4,2025-11-21
LFB007328,L015,4,4,4,3,4,3,5,4,5,5,2025-11-21
LFB007329,L015,2,4,3,5,4,5,5,4,4,2,2025-11-22
LFB007330,L013,4,4,4,4,3,5,4,3,4,4,2025-11-22
LFB007331,L022,2,3,3,4,5,3,4,5,4,4,2025-11-22
LFB007332,L016,5,5,2,5,4,3,5,5,4,4,2025-11-22
LFB007333,L020,4,4,4,3,4,5,4,4,5,5,2025-11-22
LFB007334,L013,3,5,5,4,5,4,4,5,3,4,2025-11-22
LFB007335,L009,4,3,4,3,3,5,5,4,5,5,2025-11-22
LFB007336,L025,3,3,3,4,4,5,4,4,5,4,2025-11-22
LFB007337,L001,5,5,5,4,4,4,4,5,4,4,2025-11-22
LFB007338,L004,4,5,4,4,4,5,5,4,4,5,2025-11-22
LFB007339,L014,5,4,4,5,5,5,5,4,4,5,2025-11-22
LFB007340,L007,2,3,4,4,4,3,3,4,4,5,2025-11-22
LFB007341,L001,3,5,4,4,5,4,3,3,4,4,2025-11-22
LFB007342,L015,4,4,5,4,5,4,5,4,5,4,2025-11-22
LFB007343,L025,4,5,5,5,4,5,4,5,5,5,2025-11-22
LFB007344,L016,5,5,3,3,3,5,5,5,5,4,2025-11-22
LFB007345,L013,4,5,3,4,5,5,4,4,5,4,2025-11-22
LFB007346,L013,5,5,5,4,2,4,4,5,4,3,2025-11-22
LFB007347,L013,5,5,5,5,5,4,5,5,5,5,2025-11-22
LFB007348,L013,5,5,4,5,3,5,3,4,5,5,2025-11-22
LFB007349,L022,5,5,5,5,5,5,5,5,4,5,2025-11-22
LFB007350,L022,5,2,4,5,5,5,4,5,5,4,2025-11-23
LFB007351,L025,3,3,3,3,4,3,2,2,3,3,2025-11-23
LFB007352,L021,3,3,1,4,1,4,4,4,3,5,2025-11-23
LFB007353,L001,4,5,3,4,5,5,5,3,4,5,2025-11-23
LFB007354,L023,5,4,5,5,5,4,5,5,5,4,2025-11-23
LFB007355,L021,5,3,3,5,4,5,4,4,5,4,2025-11-23
LFB007356,L003,5,4,5,5,4,4,5,4,5,4,2025-11-23
LFB007357,L023,3,4,4,5,5,4,4,5,4,5,2025-11-23
LFB007358,L011,5,5,4,5,5,4,5,5,5,4,2025-11-23
LFB007359,L005,4,4,2,2,3,5,5,4,4,4,2025-11-23
LFB007360,L026,4,3,4,4,5,4,5,4,5,5,2025-11-23
LFB007361,L023,4,4,4,4,3,4,4,5,4,5,2025-11-23
LFB007362,L013,5,5,3,5,4,3,5,5,4,5,2025-11-23
LFB007363,L015,4,4,5,5,5,5,5,5,5,5,2025-11-23
LFB007364,L025,5,4,4,5,5,5,4,5,4,5,2025-11-23
LFB007365,L001,4,4,4,5,2,5,4,4,3,3,2025-11-24
LFB007366,L009,4,3,3,2,4,5,4,4,3,5,2025-11-24
LFB007367,L012,5,4,4,5,5,5,4,5,5,5,2025-11-24
LFB007368,L023,3,4,4,4,3,4,3,2,4,4,2025-11-24
LFB007369,L012,5,4,4,3,2,4,5,5,5,3,2025-11-24
LFB007370,L023,4,3,4,3,5,5,5,4,3,4,2025-11-24
LFB007371,L002,4,5,3,4,4,3,4,4,3,5,2025-11-24
LFB007372,L014,4,5,4,4,4,3,5,4,4,4,2025-11-24
LFB007373,L008,3,5,5,4,4,3,5,5,3,3,2025-11-24
LFB007374,L025,4,3,3,3,3,2,4,4,5,3,2025-11-24
LFB007375,L021,4,3,5,5,5,5,5,4,5,5,2025-11-24
LFB007376,L003,4,5,4,4,3,5,3,2,4,5,2025-11-24
LFB007377,L015,4,4,3,4,4,5,4,5,4,5,2025-11-24
LFB007378,L017,5,5,5,5,5,4,4,5,3,4,2025-11-24
LFB007379,L008,4,4,3,4,4,4,3,3,4,4,2025-11-24
LFB007380,L009,3,4,4,4,4,3,3,3,4,2,2025-11-24
LFB007381,L017,4,4,5,5,5,4,5,4,5,5,2025-11-24
LFB007382,L021,3,5,5,4,5,4,4,5,4,5,2025-11-24
LFB007383,L004,4,2,4,3,4,4,4,5,3,4,2025-11-24
LFB007384,L010,5,5,3,5,5,4,5,4,5,5,2025-11-24
LFB007385,L002,4,5,4,4,5,4,5,5,5,5,2025-11-24
LFB007386,L009,5,4,3,5,4,4,4,2,4,4,2025-11-24
LFB007387,L014,3,3,5,3,5,4,3,5,5,5,2025-11-24
LFB007388,L011,3,4,5,5,5,4,4,5,5,5,2025-11-24
LFB007389,L005,5,4,3,5,4,3,3,3,3,4,2025-11-24
LFB007390,L019,2,4,4,5,4,4,5,4,4,3,2025-11-24
LFB007391,L001,4,3,3,5,4,3,5,5,4,4,2025-11-24
LFB007392,L020,5,5,5,5,5,4,4,5,5,5,2025-11-24
LFB007393,L010,3,3,5,4,4,4,2,2,5,4,2025-11-24
LFB007394,L016,4,3,4,5,4,5,5,4,5,3,2025-11-24
LFB007395,L014,5,4,5,3,4,3,5,3,5,4,2025-11-24
LFB007396,L011,5,4,4,5,4,3,3,4,5,4,2025-11-24
LFB007397,L025,5,5,4,4,5,5,3,3,3,4,2025-11-24
LFB007398,L004,5,3,3,4,4,3,5,5,4,4,2025-11-25
LFB007399,L011,5,4,5,5,4,5,4,3,5,4,2025-11-25
LFB007400,L011,4,5,5,5,5,5,5,3,5,5,2025-11-25
LFB007401,L026,3,4,3,3,5,5,3,3,5,4,2025-11-25
LFB007402,L007,5,5,4,5,5,5,5,5,5,5,2025-11-25
LFB007403,L024,2,4,1,2,3,5,3,5,5,3,2025-11-25
LFB007404,L018,4,5,4,5,5,4,5,5,4,5,2025-11-25
LFB007405,L024,5,5,4,5,5,5,5,5,4,4,2025-11-25
LFB007406,L011,5,3,4,4,4,5,5,4,3,5,2025-11-25
LFB007407,L007,3,4,5,4,4,5,4,4,5,5,2025-11-25
LFB007408,L016,5,4,5,5,3,5,4,5,5,5,2025-11-25
LFB007409,L023,3,4,3,3,4,4,4,5,4,3,2025-11-25
LFB007410,L005,5,4,4,5,4,4,2,5,5,5,2025-11-25
LFB007411,L016,5,4,5,4,3,3,3,3,3,2,2025-11-25
LFB007412,L002,5,3,5,2,5,4,5,5,4,4,2025-11-25
LFB007413,L023,3,5,3,5,2,4,3,5,3,3,2025-11-25
LFB007414,L012,5,5,3,5,5,5,5,5,4,3,2025-11-25
LFB007415,L011,4,3,4,2,5,3,5,3,5,4,2025-11-25
LFB007416,L018,3,4,4,3,3,5,3,5,5,5,2025-11-25
LFB007417,L026,5,5,5,4,3,4,1,5,4,5,2025-11-25
LFB007418,L015,4,5,5,5,5,4,5,4,3,5,2025-11-26
LFB007419,L021,3,4,5,5,5,5,5,4,5,5,2025-11-26
LFB007420,L010,3,4,4,4,2,5,4,4,4,4,2025-11-26
LFB007421,L016,2,3,3,2,3,4,4,5,4,4,2025-11-26
LFB007422,L009,3,4,3,3,3,4,5,5,2,4,2025-11-26
LFB007423,L026,5,5,4,3,4,3,3,4,4,4,2025-11-26
LFB007424,L002,3,4,4,3,3,5,5,4,4,4,2025-11-26
LFB007425,L026,4,4,3,4,5,4,3,4,3,5,2025-11-26
LFB007426,L024,2,2,3,3,4,3,4,3,3,4,2025-11-26
LFB007427,L011,5,5,4,5,4,5,4,4,5,4,2025-11-26
LFB007428,L022,4,4,3,4,4,4,5,4,5,5,2025-11-26
LFB007429,L021,3,3,4,4,5,4,5,5,4,5,2025-11-26
LFB007430,L023,3,3,3,5,2,4,5,3,2,4,2025-11-26
LFB007431,L001,4,5,2,5,5,5,5,4,4,3,2025-11-26
LFB007432,L003,3,4,3,5,4,4,5,3,5,4,2025-11-26
LFB007433,L024,3,4,4,3,5,5,3,4,3,4,2025-11-26
LFB007434,L016,3,4,4,3,3,5,4,3,3,5,2025-11-26
LFB007435,L016,5,5,5,5,4,5,4,4,4,5,2025-11-27
LFB007436,L020,5,4,3,4,3,5,4,4,4,4,2025-11-27
LFB007437,L007,4,4,5,4,4,4,5,5,4,3,2025-11-27
LFB007438,L021,5,5,5,4,5,5,5,5,4,5,2025-11-27
LFB007439,L009,3,2,4,5,3,5,5,5,3,3,2025-11-27
LFB007440,L007,5,3,4,4,5,5,5,5,2,5,2025-11-27
LFB007441,L008,4,4,4,3,5,4,3,5,4,5,2025-11-27
LFB007442,L001,5,5,4,5,5,5,4,5,5,5,2025-11-27
LFB007443,L014,5,5,2,5,4,4,3,4,4,4,2025-11-27
LFB007444,L023,4,5,3,3,5,5,4,5,4,3,2025-11-27
LFB007445,L023,4,5,5,4,4,5,5,5,5,4,2025-11-27
LFB007446,L018,3,3,4,3,4,4,4,3,4,4,2025-11-27
LFB007447,L020,4,4,5,3,4,3,4,5,3,4,2025-11-27
LFB007448,L007,4,5,5,5,4,5,5,4,5,5,2025-11-27
LFB007449,L013,3,5,3,3,4,4,4,4,5,3,2025-11-27
LFB007450,L001,4,3,5,4,5,3,4,2,4,5,2025-11-27
LFB007451,L021,5,4,4,4,4,5,4,4,4,4,2025-11-27
LFB007452,L024,5,4,5,4,5,5,4,4,5,5,2025-11-27
LFB007453,L003,4,4,4,5,5,4,4,4,4,5,2025-11-27
LFB007454,L014,3,4,3,3,4,3,5,3,5,3,2025-11-27
LFB007455,L023,5,5,4,4,4,4,5,5,5,5,2025-11-27
LFB007456,L010,5,5,4,5,4,2,4,5,4,5,2025-11-28
LFB007457,L025,4,5,5,5,5,5,5,5,4,5,2025-11-28
LFB007458,L012,4,3,4,5,3,5,3,3,4,5,2025-11-28
LFB007459,L025,3,3,4,5,5,5,4,5,3,3,2025-11-28
LFB007460,L009,5,4,3,3,4,4,4,4,5,3,2025-11-28
LFB007461,L015,1,3,4,3,5,4,4,5,5,4,2025-11-28
LFB007462,L015,5,3,4,5,4,5,5,4,4,4,2025-11-28
LFB007463,L016,4,4,4,4,4,3,3,4,2,5,2025-11-28
LFB007464,L012,4,5,5,4,3,5,3,5,3,5,2025-11-28
LFB007465,L013,4,4,5,4,5,3,3,5,4,5,2025-11-28
LFB007466,L007,5,4,5,4,5,5,4,3,5,5,2025-11-28
LFB007467,L015,5,4,4,4,4,3,4,4,3,5,2025-11-28
LFB007468,L008,5,5,3,3,3,3,2,3,5,4,2025-11-28
LFB007469,L020,4,5,4,4,4,4,5,5,5,5,2025-11-28
LFB007470,L025,5,5,2,4,4,4,3,4,2,3,2025-11-28
LFB007471,L012,3,4,4,2,5,4,3,5,3,5,2025-11-28
LFB007472,L017,4,5,4,5,3,4,5,5,4,5,2025-11-28
LFB007473,L007,4,5,3,4,5,5,5,5,4,3,2025-11-28
LFB007474,L025,3,3,3,4,3,3,1,5,5,4,2025-11-28
LFB007475,L004,2,3,5,5,4,3,4,4,5,3,2025-11-28
LFB007476,L021,4,4,4,3,5,4,3,5,4,4,2025-11-29
LFB007477,L020,5,4,3,4,5,4,4,5,5,4,2025-11-29
LFB007478,L002,3,4,4,4,5,4,4,5,4,5,2025-11-29
LFB007479,L021,4,4,4,4,3,4,4,4,4,5,2025-11-29
LFB007480,L010,4,4,3,5,5,5,4,3,5,4,2025-11-29
LFB007481,L019,4,3,4,5,5,5,5,5,5,4,2025-11-29
LFB007482,L003,3,4,4,4,5,4,4,4,5,4,2025-11-29
LFB007483,L004,3,4,5,2,5,3,2,5,5,4,2025-11-29
LFB007484,L001,2,3,3,4,4,3,5,2,4,4,2025-11-29
LFB007485,L019,3,5,3,3,5,5,5,4,4,5,2025-11-29
LFB007486,L001,3,4,5,3,5,4,3,4,5,4,2025-11-29
LFB007487,L020,5,5,4,4,5,4,4,4,3,5,2025-11-29
LFB007488,L014,3,4,5,5,4,5,3,5,2,5,2025-11-29
LFB007489,L022,4,5,4,5,4,5,5,4,4,5,2025-11-29
LFB007490,L025,5,5,5,5,5,4,4,5,5,5,2025-11-29
LFB007491,L008,3,3,4,5,3,2,4,3,3,4,2025-11-29
LFB007492,L014,4,3,4,3,3,3,3,5,4,5,2025-11-30
LFB007493,L021,5,5,4,5,5,5,4,5,5,5,2025-11-30
LFB007494,L009,4,4,3,3,3,4,5,5,4,3,2025-11-30
LFB007495,L007,5,5,4,5,5,4,4,5,5,4,2025-11-30
LFB007496,L019,3,4,5,5,3,3,5,3,2,4,2025-11-30
LFB007497,L024,4,3,4,3,5,4,4,2,5,5,2025-11-30
LFB007498,L015,5,5,5,4,5,4,4,5,4,5,2025-11-30
LFB007499,L010,2,2,3,3,3,4,4,3,4,4,2025-11-30
LFB007500,L017,4,4,3,4,4,5,4,5,3,2,2025-11-30
LFB007501,L018,5,5,4,5,4,4,5,5,5,4,2025-11-30
LFB007502,L010,3,4,3,5,4,5,5,5,5,5,2025-11-30
LFB007503,L021,5,5,5,4,5,5,5,5,4,4,2025-11-30
LFB007504,L009,4,5,4,5,5,5,4,5,5,4,2025-11-30
LFB007505,L018,4,5,3,4,5,5,4,3,3,4,2025-11-30
LFB007506,L022,3,4,4,4,3,4,4,5,4,5,2025-12-01
LFB007507,L020,5,3,3,5,4,3,5,4,2,5,2025-12-01
LFB007508,L018,4,4,4,4,5,3,5,5,3,4,2025-12-01
LFB007509,L015,4,5,4,5,5,4,5,5,5,5,2025-12-01
LFB007510,L006,5,4,5,5,5,5,5,5,5,5,2025-12-01
LFB007511,L023,5,4,3,3,5,5,5,4,4,3,2025-12-01
LFB007512,L008,4,4,4,2,3,4,3,2,3,5,2025-12-01
LFB007513,L024,5,3,4,4,5,3,4,5,5,5,2025-12-01
LFB007514,L001,3,3,2,5,4,4,2,5,3,4,2025-12-01
LFB007515,L011,5,4,5,4,5,4,4,4,3,5,2025-12-01
LFB007516,L014,5,5,5,5,5,5,3,3,4,5,2025-12-01
LFB007517,L026,4,4,3,5,4,4,4,3,4,5,2025-12-01
LFB007518,L020,5,4,2,4,4,4,3,4,3,5,2025-12-01
LFB007519,L024,5,4,5,5,5,4,5,5,3,4,2025-12-01
LFB007520,L010,4,5,5,4,5,5,4,5,4,4,2025-12-01
LFB007521,L005,3,4,4,5,4,4,2,5,4,5,2025-12-01
LFB007522,L002,3,4,4,5,5,5,5,5,5,4,2025-12-01
LFB007523,L008,3,5,5,5,5,5,4,4,5,4,2025-12-01
LFB007524,L001,5,5,4,4,3,5,5,4,5,3,2025-12-01
LFB007525,L018,3,4,3,5,5,4,5,5,5,4,2025-12-01
LFB007526,L019,3,4,5,5,3,4,4,3,4,3,2025-12-01
LFB007527,L003,4,4,4,3,3,3,4,3,4,4,2025-12-01
LFB007528,L021,4,3,4,3,4,3,4,5,4,3,2025-12-01
LFB007529,L015,3,4,3,4,4,5,5,3,4,4,2025-12-02
LFB007530,L003,3,4,3,4,4,3,4,4,4,4,2025-12-02
LFB007531,L025,4,5,3,4,4,3,3,4,5,5,2025-12-02
LFB007532,L019,4,4,4,5,3,4,3,5,4,3,2025-12-02
LFB007533,L003,5,4,4,3,5,5,5,5,4,3,2025-12-02
LFB007534,L003,3,3,4,3,3,5,4,4,3,5,2025-12-02
LFB007535,L016,4,4,3,3,4,4,3,4,3,5,2025-12-02
LFB007536,L015,4,5,3,5,4,5,5,5,4,5,2025-12-02
LFB007537,L024,4,4,3,4,4,3,4,5,5,4,2025-12-02
LFB007538,L026,3,4,4,5,4,3,3,3,3,5,2025-12-02
LFB007539,L005,5,5,4,4,5,5,3,5,3,5,2025-12-02
LFB007540,L002,3,4,2,4,4,3,4,5,5,5,2025-12-02
LFB007541,L025,4,5,5,5,3,4,4,5,4,3,2025-12-02
LFB007542,L015,5,5,4,5,4,5,4,5,5,5,2025-12-02
LFB007543,L011,5,5,4,5,4,4,4,4,5,4,2025-12-02
LFB007544,L014,4,3,5,5,4,4,3,5,4,4,2025-12-02
LFB007545,L020,5,5,4,4,3,2,4,3,4,5,2025-12-02
LFB007546,L003,4,3,4,4,3,4,5,4,4,3,2025-12-02
LFB007547,L002,3,5,2,4,3,4,4,2,4,4,2025-12-02
LFB007548,L001,3,3,4,4,4,3,3,3,4,5,2025-12-02
LFB007549,L020,4,3,2,4,4,3,3,5,2,5,2025-12-02
LFB007550,L020,5,4,5,5,4,5,5,5,4,4,2025-12-02
LFB007551,L010,4,5,5,4,5,4,3,5,5,3,2025-12-03
LFB007552,L024,4,5,5,3,4,4,3,4,3,2,2025-12-03
LFB007553,L008,3,3,4,4,3,3,4,4,4,5,2025-12-03
LFB007554,L024,5,4,4,3,3,5,5,4,4,5,2025-12-03
LFB007555,L024,4,4,3,5,4,4,3,5,5,4,2025-12-03
LFB007556,L025,4,5,4,3,4,4,4,4,3,5,2025-12-03
LFB007557,L001,5,3,3,4,5,4,5,4,5,5,2025-12-03
LFB007558,L015,4,5,4,3,4,4,4,3,4,4,2025-12-03
LFB007559,L015,4,5,5,5,4,4,2,5,4,3,2025-12-03
LFB007560,L013,5,5,4,4,4,4,5,4,4,5,2025-12-03
LFB007561,L025,4,5,5,4,5,5,3,4,5,5,2025-12-03
LFB007562,L025,4,5,4,4,3,5,4,5,5,4,2025-12-03
LFB007563,L026,4,4,2,3,4,4,4,4,3,4,2025-12-03
LFB007564,L010,4,5,3,5,3,5,4,5,3,4,2025-12-03
LFB007565,L024,5,5,3,5,4,5,5,5,5,5,2025-12-03
LFB007566,L007,4,4,4,5,4,5,4,5,5,5,2025-12-03
LFB007567,L001,4,4,4,5,3,5,5,5,4,5,2025-12-03
LFB007568,L026,5,4,4,4,5,5,3,4,3,3,2025-12-03
LFB007569,L016,4,5,5,5,2,5,5,5,4,5,2025-12-03
LFB007570,L019,4,4,4,4,3,5,5,3,3,5,2025-12-03
LFB007571,L007,5,5,5,4,4,3,4,3,4,5,2025-12-03
LFB007572,L019,4,3,4,4,3,5,5,5,5,3,2025-12-03
LFB007573,L022,4,3,4,4,3,3,5,3,5,4,2025-12-03
LFB007574,L001,5,3,5,5,4,3,4,3,4,4,2025-12-04
LFB007575,L001,4,3,5,4,5,4,3,3,5,2,2025-12-04
LFB007576,L007,5,5,3,4,5,5,3,3,5,5,2025-12-04
LFB007577,L026,5,5,4,5,5,4,4,5,3,4,2025-12-04
LFB007578,L021,4,4,4,4,1,3,5,5,2,4,2025-12-04
LFB007579,L026,5,3,4,3,5,5,3,4,4,5,2025-12-04
LFB007580,L015,5,3,4,3,5,4,5,5,3,4,2025-12-04
LFB007581,L006,3,5,4,4,4,4,4,5,2,5,2025-12-04
LFB007582,L012,3,5,4,4,2,5,4,5,3,5,2025-12-04
LFB007583,L015,5,3,3,5,4,5,5,4,5,4,2025-12-04
LFB007584,L023,3,4,3,4,3,3,3,4,4,3,2025-12-04
LFB007585,L006,3,5,3,4,4,5,2,3,3,5,2025-12-04
LFB007586,L003,5,5,5,5,5,5,5,4,4,5,2025-12-04
LFB007587,L013,5,5,4,4,4,5,3,4,4,4,2025-12-04
LFB007588,L007,5,5,5,5,5,5,5,5,5,5,2025-12-04
LFB007589,L022,3,5,5,3,4,5,4,5,3,5,2025-12-04
LFB007590,L002,4,5,5,5,4,4,3,4,5,5,2025-12-04
LFB007591,L013,3,5,4,4,5,5,4,5,4,4,2025-12-04
LFB007592,L022,3,3,5,3,4,5,5,5,5,5,2025-12-04
LFB007593,L021,5,5,4,4,5,5,4,4,4,4,2025-12-04
LFB007594,L002,5,4,4,5,3,5,5,5,5,5,2025-12-05
LFB007595,L004,4,5,3,5,4,4,4,5,5,5,2025-12-05
LFB007596,L012,5,3,5,4,4,4,4,5,4,5,2025-12-05
LFB007597,L024,4,4,3,4,3,5,4,4,4,3,2025-12-05
LFB007598,L005,4,3,4,5,3,5,5,5,3,4,2025-12-05
LFB007599,L017,5,3,5,5,3,5,5,5,3,5,2025-12-05
LFB007600,L007,4,5,5,4,5,4,3,4,5,4,2025-12-05
LFB007601,L021,2,4,2,3,3,4,2,2,4,3,2025-12-05
LFB007602,L010,5,5,4,4,4,4,5,5,4,4,2025-12-05
LFB007603,L006,5,3,5,3,5,5,4,5,5,5,2025-12-05
LFB007604,L023,4,5,5,2,5,4,5,5,4,4,2025-12-05
LFB007605,L013,5,4,4,5,5,4,4,4,5,4,2025-12-05
LFB007606,L021,5,4,2,3,3,4,4,4,4,4,2025-12-05
LFB007607,L001,4,3,3,4,4,4,3,4,4,5,2025-12-05
LFB007608,L015,4,3,4,3,4,4,4,5,5,5,2025-12-05
LFB007609,L022,3,4,4,3,5,4,4,4,5,3,2025-12-06
LFB007610,L012,3,3,4,5,3,4,5,4,4,3,2025-12-06
LFB007611,L003,4,3,3,5,4,4,4,5,4,4,2025-12-06
LFB007612,L010,4,4,5,3,4,5,3,4,5,3,2025-12-06
LFB007613,L024,4,3,5,5,5,5,4,4,4,5,2025-12-06
LFB007614,L020,3,4,4,4,5,4,5,4,5,4,2025-12-06
LFB007615,L024,2,5,5,3,4,3,3,3,4,4,2025-12-06
LFB007616,L013,5,5,3,5,3,5,5,4,4,5,2025-12-06
LFB007617,L025,3,4,4,3,4,3,3,3,4,3,2025-12-06
LFB007618,L015,3,3,3,3,3,3,4,3,5,4,2025-12-06
LFB007619,L002,4,5,3,5,2,4,4,3,3,4,2025-12-06
LFB007620,L014,5,4,3,4,5,4,3,5,5,3,2025-12-06
LFB007621,L004,3,4,4,5,5,5,4,4,5,5,2025-12-06
LFB007622,L020,4,3,2,5,5,4,4,4,5,5,2025-12-06
LFB007623,L010,5,4,5,5,3,5,5,4,4,3,2025-12-06
LFB007624,L015,5,5,5,5,5,5,5,5,5,5,2025-12-06
LFB007625,L020,2,4,4,4,5,5,4,5,5,4,2025-12-06
LFB007626,L005,4,5,5,4,5,5,4,5,5,5,2025-12-07
LFB007627,L003,4,5,3,4,4,3,5,4,4,5,2025-12-07
LFB007628,L002,4,5,4,3,5,5,4,4,4,4,2025-12-07
LFB007629,L010,5,4,4,4,5,5,4,5,5,5,2025-12-07
LFB007630,L006,4,3,3,4,4,3,4,4,5,4,2025-12-07
LFB007631,L020,4,4,4,4,3,3,4,4,3,5,2025-12-07
LFB007632,L014,5,4,4,5,5,5,4,4,5,3,2025-12-07
LFB007633,L026,4,4,5,3,5,3,5,4,4,4,2025-12-07
LFB007634,L013,3,4,4,4,4,4,2,4,5,5,2025-12-07
LFB007635,L014,3,4,5,4,3,3,4,5,4,4,2025-12-07
LFB007636,L017,4,5,3,4,5,4,5,5,5,4,2025-12-07
LFB007637,L016,5,4,5,5,5,5,5,5,5,5,2025-12-07
LFB007638,L009,4,4,3,5,4,4,3,5,5,4,2025-12-07
LFB007639,L023,3,5,4,5,5,4,5,5,5,4,2025-12-07
LFB007640,L003,4,5,4,4,5,4,3,3,4,3,2025-12-07
LFB007641,L010,3,5,2,4,2,3,5,3,4,5,2025-12-07
LFB007642,L004,5,5,3,5,2,3,4,4,4,4,2025-12-07
LFB007643,L009,3,4,3,5,3,4,3,3,4,3,2025-12-07
LFB007644,L006,3,4,4,5,5,5,5,5,3,5,2025-12-07
LFB007645,L021,4,3,3,3,3,4,4,4,3,4,2025-12-08
LFB007646,L026,5,5,5,5,5,5,5,4,5,4,2025-12-08
LFB007647,L011,3,3,4,4,4,3,4,3,4,4,2025-12-08
LFB007648,L026,5,5,5,3,4,5,5,4,5,5,2025-12-08
LFB007649,L010,4,3,3,4,5,4,4,5,4,4,2025-12-08
LFB007650,L015,4,3,4,4,4,5,3,5,4,4,2025-12-08
LFB007651,L007,3,4,5,5,2,5,4,4,4,5,2025-12-08
LFB007652,L025,3,3,3,4,5,5,4,4,5,4,2025-12-08
LFB007653,L026,5,5,4,5,4,4,5,3,5,5,2025-12-08
LFB007654,L026,3,4,4,5,5,3,5,5,5,4,2025-12-08
LFB007655,L026,5,5,5,4,5,5,5,5,3,5,2025-12-08
LFB007656,L025,5,3,5,5,5,4,4,5,3,4,2025-12-08
LFB007657,L003,2,3,3,5,3,5,4,5,4,4,2025-12-08
LFB007658,L001,5,5,4,5,4,5,5,5,4,5,2025-12-08
LFB007659,L001,5,4,4,4,2,4,4,4,5,4,2025-12-08
LFB007660,L007,4,5,5,3,4,5,4,4,5,4,2025-12-08
LFB007661,L020,3,5,3,5,3,4,5,5,3,5,2025-12-09
LFB007662,L012,4,5,3,5,4,3,4,5,2,3,2025-12-09
LFB007663,L008,3,5,3,5,5,4,5,5,4,5,2025-12-09
LFB007664,L023,4,5,4,4,5,5,4,4,5,5,2025-12-09
LFB007665,L008,4,5,5,5,5,4,5,5,5,5,2025-12-09
LFB007666,L022,4,5,5,5,5,5,4,4,5,5,2025-12-09
LFB007667,L001,5,3,4,5,3,2,4,4,4,4,2025-12-09
LFB007668,L019,4,4,3,4,4,4,5,5,3,4,2025-12-09
LFB007669,L010,5,5,4,5,4,5,4,4,5,5,2025-12-09
LFB007670,L011,5,2,5,5,4,4,5,3,5,4,2025-12-09
LFB007671,L005,5,4,5,4,5,5,4,5,4,5,2025-12-09
LFB007672,L016,4,5,4,4,5,4,4,3,5,4,2025-12-09
LFB007673,L021,3,4,4,3,5,4,4,3,4,5,2025-12-09
LFB007674,L001,2,5,5,5,4,3,4,4,4,5,2025-12-09
LFB007675,L023,4,5,3,4,5,5,3,4,4,5,2025-12-10
LFB007676,L023,5,4,3,4,3,3,5,4,5,5,2025-12-10
LFB007677,L021,3,4,3,5,4,2,5,5,5,3,2025-12-10
LFB007678,L022,4,5,3,4,4,4,5,5,4,5,2025-12-10
LFB007679,L024,5,4,4,4,4,3,5,5,3,5,2025-12-10
LFB007680,L006,3,3,3,3,3,4,4,4,4,3,2025-12-10
LFB007681,L025,5,4,4,3,5,4,5,5,4,3,2025-12-10
LFB007682,L013,4,4,4,5,5,4,5,4,5,5,2025-12-10
LFB007683,L025,4,3,5,5,2,4,5,4,4,5,2025-12-10
LFB007684,L014,4,3,3,4,5,5,5,5,3,5,2025-12-10
LFB007685,L001,5,3,4,4,4,5,4,5,5,4,2025-12-10
LFB007686,L006,4,4,3,3,4,5,2,4,5,5,2025-12-10
LFB007687,L002,4,5,3,5,5,2,4,3,3,4,2025-12-10
LFB007688,L025,4,4,3,5,3,5,3,4,4,4,2025-12-10
LFB007689,L023,4,2,2,3,4,5,5,4,3,4,2025-12-10
LFB007690,L014,5,5,5,5,4,5,4,5,5,5,2025-12-10
LFB007691,L008,4,4,4,4,4,4,3,5,2,5,2025-12-10
LFB007692,L009,3,4,5,4,5,4,3,4,3,5,2025-12-10
LFB007693,L021,5,4,5,4,4,3,5,4,3,5,2025-12-10
LFB007694,L025,3,5,5,4,5,5,5,5,5,4,2025-12-10
LFB007695,L025,4,4,5,2,5,5,3,4,4,4,2025-12-10
LFB007696,L026,3,5,5,3,4,5,4,5,4,5,2025-12-10
LFB007697,L022,4,5,4,5,4,3,4,2,3,4,2025-12-11
LFB007698,L024,4,4,3,4,4,4,4,4,3,5,2025-12-11
LFB007699,L026,5,4,3,3,4,5,3,5,5,5,2025-12-11
LFB007700,L018,5,5,3,5,5,4,5,4,4,5,2025-12-11
LFB007701,L025,3,4,4,3,3,4,4,3,4,3,2025-12-11
LFB007702,L010,5,4,3,3,4,4,5,3,4,3,2025-12-11
LFB007703,L025,5,5,4,4,5,5,4,4,4,4,2025-12-11
LFB007704,L025,4,4,5,3,5,4,3,5,4,2,2025-12-11
LFB007705,L020,4,5,3,3,3,4,4,5,4,3,2025-12-11
LFB007706,L011,2,4,3,3,2,2,4,3,4,4,2025-12-11
LFB007707,L026,5,4,3,3,5,4,4,4,5,5,2025-12-11
LFB007708,L021,4,3,3,2,5,3,3,5,3,3,2025-12-11
LFB007709,L019,4,2,5,3,5,5,5,3,4,5,2025-12-11
LFB007710,L001,3,3,4,4,3,4,5,3,5,4,2025-12-11
LFB007711,L004,5,3,2,5,3,4,4,5,5,5,2025-12-11
LFB007712,L011,4,5,3,5,3,4,3,3,5,5,2025-12-12
LFB007713,L024,5,4,4,5,4,3,4,5,5,5,2025-12-12
LFB007714,L016,5,4,3,4,5,5,3,4,5,5,2025-12-12
LFB007715,L001,5,5,4,5,4,4,3,4,5,3,2025-12-12
LFB007716,L020,4,4,5,5,3,4,5,4,5,4,2025-12-12
LFB007717,L001,3,4,4,5,4,5,4,3,4,5,2025-12-12
LFB007718,L014,3,5,2,4,5,4,5,4,4,5,2025-12-12
LFB007719,L008,4,3,5,4,4,3,4,2,4,4,2025-12-12
LFB007720,L025,5,5,4,5,4,5,4,5,4,4,2025-12-12
LFB007721,L011,3,3,3,4,3,2,3,4,5,4,2025-12-12
LFB007722,L002,5,4,3,3,3,4,2,4,4,4,2025-12-12
LFB007723,L023,5,5,3,5,5,4,2,5,4,5,2025-12-12
LFB007724,L026,5,5,2,5,5,5,5,5,5,3,2025-12-12
LFB007725,L010,5,4,4,4,5,4,3,5,5,4,2025-12-12
LFB007726,L025,4,4,4,5,5,5,5,4,5,5,2025-12-12
LFB007727,L004,3,3,4,4,4,4,4,4,3,3,2025-12-12
LFB007728,L001,3,5,5,4,3,5,4,5,3,3,2025-12-12
LFB007729,L015,4,4,1,4,4,4,4,5,4,4,2025-12-12
LFB007730,L026,4,3,3,4,3,2,4,5,4,4,2025-12-12
LFB007731,L020,5,5,4,5,4,5,5,5,4,5,2025-12-12
LFB007732,L003,5,4,5,5,5,4,5,4,4,4,2025-12-12
LFB007733,L023,5,3,3,4,4,5,5,4,4,4,2025-12-12
LFB007734,L022,3,5,3,5,4,5,3,4,4,3,2025-12-12
LFB007735,L005,4,4,5,4,5,5,5,4,3,5,2025-12-12
LFB007736,L013,4,4,3,3,4,3,4,4,3,4,2025-12-12
LFB007737,L001,2,5,5,3,5,4,4,4,3,4,2025-12-12
LFB007738,L010,3,4,4,3,4,3,2,4,4,4,2025-12-12
LFB007739,L024,2,4,3,4,5,5,3,5,4,4,2025-12-12
LFB007740,L018,4,3,2,4,3,5,4,4,5,5,2025-12-12
LFB007741,L002,5,4,4,5,2,4,5,4,3,5,2025-12-13
LFB007742,L024,4,3,3,4,5,3,5,3,3,4,2025-12-13
LFB007743,L020,5,5,4,4,5,5,5,5,5,4,2025-12-13
LFB007744,L016,5,5,4,3,4,3,4,4,3,2,2025-12-13
LFB007745,L022,4,4,4,3,3,5,5,5,5,5,2025-12-13
LFB007746,L017,4,4,5,4,4,5,5,5,3,4,2025-12-13
LFB007747,L012,4,5,4,3,4,5,5,3,4,4,2025-12-13
LFB007748,L017,5,4,3,5,5,5,5,5,4,5,2025-12-13
LFB007749,L001,5,4,5,4,5,5,5,5,4,5,2025-12-13
LFB007750,L013,5,3,4,3,4,3,3,3,4,4,2025-12-13
LFB007751,L010,4,4,4,3,3,3,3,4,4,3,2025-12-13
LFB007752,L001,5,4,4,4,4,2,3,3,3,3,2025-12-13
LFB007753,L010,4,4,4,5,5,5,4,5,5,5,2025-12-13
LFB007754,L021,3,4,3,3,4,5,2,4,5,3,2025-12-13
LFB007755,L024,5,4,5,4,5,5,5,5,5,5,2025-12-13
LFB007756,L001,4,3,3,3,4,4,3,4,4,5,2025-12-13
LFB007757,L026,5,5,4,3,3,5,4,4,4,4,2025-12-13
LFB007758,L015,3,5,4,4,3,4,4,3,4,3,2025-12-13
LFB007759,L013,5,5,5,5,4,5,4,4,4,5,2025-12-13
LFB007760,L024,3,3,5,4,4,4,5,5,4,4,2025-12-13
LFB007761,L020,4,5,3,2,4,5,4,5,2,4,2025-12-14
LFB007762,L010,4,5,5,4,4,4,4,5,4,5,2025-12-14
LFB007763,L017,5,3,5,4,5,3,5,3,4,5,2025-12-14
LFB007764,L008,4,4,5,3,5,5,5,5,3,4,2025-12-14
LFB007765,L015,3,3,5,3,5,4,5,5,5,5,2025-12-14
LFB007766,L019,2,5,4,5,4,4,4,5,5,4,2025-12-14
LFB007767,L001,3,4,2,4,4,4,2,3,3,2,2025-12-14
LFB007768,L013,4,4,3,4,5,4,3,3,4,3,2025-12-14
LFB007769,L014,3,5,3,4,4,5,4,5,5,5,2025-12-14
LFB007770,L022,5,5,5,5,5,4,5,5,5,5,2025-12-14
LFB007771,L026,5,2,3,4,4,5,4,4,5,4,2025-12-14
LFB007772,L025,4,5,2,4,3,3,4,3,4,4,2025-12-14
LFB007773,L024,3,3,5,4,5,5,4,4,5,5,2025-12-14
LFB007774,L012,4,4,3,4,5,3,3,4,4,4,2025-12-14
LFB007775,L023,4,5,5,4,5,5,5,4,5,4,2025-12-14
LFB007776,L022,4,3,5,3,4,4,4,4,5,3,2025-12-14
LFB007777,L001,5,5,4,4,4,5,4,5,5,4,2025-12-14
LFB007778,L006,3,4,3,4,4,3,4,4,3,3,2025-12-14
LFB007779,L006,4,4,4,3,5,4,3,5,3,3,2025-12-14
LFB007780,L016,4,4,5,3,3,5,4,4,5,5,2025-12-14
LFB007781,L022,3,3,5,5,4,4,3,5,5,5,2025-12-14
LFB007782,L021,5,4,5,5,4,5,4,5,3,5,2025-12-14
LFB007783,L012,3,4,4,4,5,4,3,4,3,5,2025-12-14
LFB007784,L009,4,4,4,4,2,5,5,5,4,4,2025-12-15
LFB007785,L010,3,4,3,3,5,4,2,5,4,4,2025-12-15
LFB007786,L016,3,4,3,3,4,5,4,3,3,4,2025-12-15
LFB007787,L006,3,3,4,3,2,5,4,4,4,5,2025-12-15
LFB007788,L001,3,4,3,3,2,3,2,3,3,3,2025-12-15
LFB007789,L001,5,4,5,4,5,5,5,5,5,4,2025-12-15
LFB007790,L014,4,4,4,4,4,4,5,3,3,5,2025-12-15
LFB007791,L021,5,4,3,5,3,5,2,4,5,3,2025-12-15
LFB007792,L012,5,5,4,3,4,4,2,5,3,3,2025-12-15
LFB007793,L010,5,5,4,4,5,4,5,4,3,4,2025-12-15
LFB007794,L002,5,3,3,5,5,5,5,5,4,4,2025-12-15
LFB007795,L021,4,5,5,5,4,5,4,3,5,5,2025-12-15
LFB007796,L026,4,4,4,2,5,4,3,3,3,3,2025-12-15
LFB007797,L016,4,5,3,4,3,4,3,5,5,5,2025-12-15
LFB007798,L008,5,4,3,4,2,5,4,5,4,4,2025-12-15
LFB007799,L025,5,5,5,4,5,4,3,4,2,5,2025-12-15
LFB007800,L014,3,5,4,4,3,4,3,5,4,5,2025-12-15
LFB007801,L026,5,4,3,4,5,3,5,4,5,5,2025-12-15
LFB007802,L015,3,4,5,4,5,4,5,5,3,2,2025-12-15
LFB007803,L012,5,4,5,5,5,5,4,5,5,5,2025-12-15
LFB007804,L003,3,4,3,2,4,5,3,4,4,3,2025-12-15
LFB007805,L002,3,3,5,3,3,5,4,5,4,5,2025-12-16
LFB007806,L025,4,3,5,4,4,3,5,4,5,5,2025-12-16
LFB007807,L014,3,5,5,4,5,4,5,5,3,4,2025-12-16
LFB007808,L024,5,4,4,4,4,3,4,5,5,2,2025-12-16
LFB007809,L023,5,4,3,3,5,3,3,4,3,5,2025-12-16
LFB007810,L007,3,5,4,5,3,4,4,5,5,5,2025-12-16
LFB007811,L011,3,4,5,3,5,5,3,5,5,4,2025-12-16
LFB007812,L025,5,4,4,5,5,5,4,5,5,4,2025-12-16
LFB007813,L003,4,3,3,5,3,5,5,5,3,4,2025-12-16
LFB007814,L003,2,5,5,5,3,5,5,3,4,3,2025-12-16
LFB007815,L020,5,5,5,4,5,4,5,4,4,5,2025-12-16
LFB007816,L001,3,2,4,5,4,4,3,4,5,4,2025-12-16
LFB007817,L001,5,5,4,4,5,4,5,5,5,5,2025-12-16
LFB007818,L021,5,4,5,5,5,4,4,4,5,4,2025-12-16
LFB007819,L015,4,4,3,3,3,5,4,3,4,5,2025-12-16
LFB007820,L016,4,4,4,2,5,4,3,3,5,4,2025-12-16
LFB007821,L008,3,3,4,4,4,3,4,5,4,5,2025-12-16
LFB007822,L021,5,2,3,4,3,3,3,2,2,5,2025-12-16
LFB007823,L026,5,4,5,5,4,5,5,5,4,4,2025-12-16
LFB007824,L024,4,5,4,2,4,4,5,4,5,5,2025-12-16
LFB007825,L026,5,2,5,3,5,4,5,5,5,5,2025-12-16
LFB007826,L026,4,5,5,3,4,5,4,5,3,4,2025-12-16
LFB007827,L011,5,4,4,3,5,4,5,5,5,5,2025-12-16
LFB007828,L022,4,2,4,3,2,4,5,5,3,4,2025-12-16
LFB007829,L001,4,4,3,3,3,3,4,3,4,4,2025-12-16
LFB007830,L003,5,4,3,5,4,5,3,5,4,2,2025-12-16
LFB007831,L019,4,5,3,3,4,4,4,5,3,4,2025-12-16
LFB007832,L013,4,5,3,4,2,4,3,5,5,5,2025-12-17
LFB007833,L024,3,5,3,3,4,3,4,3,4,4,2025-12-17
LFB007834,L023,5,5,5,3,5,5,3,5,4,5,2025-12-17
LFB007835,L011,3,4,4,5,5,3,3,3,2,4,2025-12-17
LFB007836,L003,5,3,5,4,5,4,4,4,4,4,2025-12-17
LFB007837,L025,4,5,4,5,5,4,4,5,4,3,2025-12-17
LFB007838,L010,4,4,4,2,4,5,3,4,5,4,2025-12-17
LFB007839,L024,4,4,3,5,3,3,4,5,5,4,2025-12-17
LFB007840,L018,4,4,5,3,3,3,4,4,3,5,2025-12-17
LFB007841,L013,3,5,4,3,3,4,3,5,3,3,2025-12-17
LFB007842,L001,5,4,4,3,5,5,4,5,4,4,2025-12-17
LFB007843,L019,4,3,4,5,4,4,5,4,4,5,2025-12-17
LFB007844,L022,5,5,3,5,5,5,4,4,5,5,2025-12-17
LFB007845,L014,4,3,5,4,5,3,4,5,3,4,2025-12-17
LFB007846,L011,2,2,3,5,5,4,4,4,3,5,2025-12-17
LFB007847,L015,3,4,4,3,2,4,2,4,3,4,2025-12-17
LFB007848,L010,4,5,4,3,5,4,4,5,4,3,2025-12-17
LFB007849,L007,4,4,4,5,4,4,5,4,5,5,2025-12-17
LFB007850,L023,4,4,4,2,2,3,2,3,3,2,2025-12-17
LFB007851,L026,3,5,4,4,4,4,3,5,3,5,2025-12-17
LFB007852,L019,5,5,5,5,5,3,5,4,5,5,2025-12-17
LFB007853,L009,3,5,4,5,5,5,4,5,5,4,2025-12-17
LFB007854,L007,4,3,4,4,4,5,4,4,5,4,2025-12-17
LFB007855,L023,5,4,5,3,4,4,5,4,4,4,2025-12-17
LFB007856,L025,4,5,4,4,4,5,5,4,4,3,2025-12-18
LFB007857,L012,4,5,3,5,3,4,4,4,4,3,2025-12-18
LFB007858,L012,5,5,4,4,3,5,3,4,5,5,2025-12-18
LFB007859,L009,4,2,4,4,4,4,4,4,5,4,2025-12-18
LFB007860,L022,3,5,4,4,4,5,5,4,5,5,2025-12-18
LFB007861,L013,5,5,4,5,5,3,3,2,3,4,2025-12-18
LFB007862,L003,5,4,5,4,5,5,4,5,4,4,2025-12-18
LFB007863,L026,3,5,5,4,4,5,4,4,5,4,2025-12-18
LFB007864,L018,3,4,4,3,4,4,4,5,5,5,2025-12-18
LFB007865,L006,3,3,4,5,3,5,5,4,5,2,2025-12-18
LFB007866,L013,3,4,5,4,4,4,4,5,4,5,2025-12-18
LFB007867,L014,4,3,2,5,4,3,3,3,5,5,2025-12-18
LFB007868,L011,5,4,3,4,4,5,5,3,4,4,2025-12-18
LFB007869,L015,5,4,3,4,2,5,4,4,4,5,2025-12-18
LFB007870,L025,3,5,4,4,5,4,5,3,3,5,2025-12-18
LFB007871,L022,3,2,3,3,4,3,5,4,3,5,2025-12-18
LFB007872,L007,4,5,4,4,4,5,5,4,3,4,2025-12-18
LFB007873,L001,4,2,5,3,4,4,4,5,3,3,2025-12-18
LFB007874,L020,5,4,5,4,3,4,5,4,5,4,2025-12-18
LFB007875,L024,4,4,2,5,4,4,4,5,3,5,2025-12-18
LFB007876,L011,4,5,5,4,5,4,4,5,4,5,2025-12-18
LFB007877,L011,4,3,4,5,5,3,3,5,4,4,2025-12-18
LFB007878,L009,2,5,5,4,5,3,4,5,4,4,2025-12-18
LFB007879,L019,3,4,5,5,4,4,4,4,5,5,2025-12-18
LFB007880,L008,3,4,2,4,3,4,4,5,3,4,2025-12-18
LFB007881,L009,3,4,4,3,5,4,3,4,5,4,2025-12-18
LFB007882,L006,3,5,5,4,4,4,4,5,3,5,2025-12-18
LFB007883,L011,4,3,3,4,4,5,4,5,5,5,2025-12-18
LFB007884,L003,5,3,5,3,4,4,5,4,3,4,2025-12-18
LFB007885,L009,4,5,3,4,4,5,3,5,4,4,2025-12-18
LFB007886,L025,4,4,4,4,4,3,4,4,5,5,2025-12-19
LFB007887,L016,4,4,2,2,5,4,4,5,3,3,2025-12-19
LFB007888,L026,4,2,2,4,4,5,5,4,4,5,2025-12-19
LFB007889,L007,5,4,5,3,5,4,2,5,4,5,2025-12-19
LFB007890,L004,4,5,5,5,4,3,4,4,5,4,2025-12-19
LFB007891,L021,4,4,3,5,4,4,4,4,5,4,2025-12-19
LFB007892,L026,5,4,3,4,3,4,5,4,3,4,2025-12-19
LFB007893,L020,4,3,3,3,3,3,3,4,5,5,2025-12-19
LFB007894,L016,2,4,4,3,4,5,3,3,3,4,2025-12-19
LFB007895,L018,5,4,4,5,5,5,5,5,3,4,2025-12-19
LFB007896,L019,5,4,4,5,5,3,3,4,5,5,2025-12-19
LFB007897,L020,3,4,4,5,5,4,3,3,4,3,2025-12-19
LFB007898,L002,5,4,4,3,5,5,4,5,4,4,2025-12-19
LFB007899,L026,3,4,2,3,5,4,4,4,4,3,2025-12-19
LFB007900,L011,2,3,3,4,5,4,3,2,4,4,2025-12-19
LFB007901,L026,5,5,5,5,5,4,5,4,4,5,2025-12-19
LFB007902,L023,5,4,4,5,4,5,3,5,4,5,2025-12-19
LFB007903,L010,5,5,3,3,3,5,5,5,4,3,2025-12-19
LFB007904,L020,4,4,2,5,5,4,4,4,5,5,2025-12-19
LFB007905,L011,4,4,5,3,3,4,3,4,3,5,2025-12-20
LFB007906,L016,4,4,3,3,4,4,5,5,4,5,2025-12-20
LFB007907,L014,3,5,5,4,3,4,5,5,3,4,2025-12-21
LFB007908,L010,5,3,5,5,5,4,5,5,5,5,2025-12-21
LFB007909,L022,4,5,5,5,5,4,5,5,4,3,2025-12-21
LFB007910,L023,3,5,3,5,3,3,2,3,4,3,2025-12-21
LFB007911,L007,3,3,4,4,3,5,4,4,5,4,2025-12-21
LFB007912,L026,4,4,5,3,4,4,5,4,5,3,2025-12-22
LFB007913,L007,4,3,5,3,4,5,5,4,3,2,2025-12-22
LFB007914,L021,3,4,4,3,3,5,5,4,4,5,2025-12-22
LFB007915,L025,3,3,4,4,3,4,4,4,3,5,2025-12-22
LFB007916,L004,5,3,3,5,5,5,4,5,4,4,2025-12-22
LFB007917,L021,2,3,2,3,3,4,2,4,3,2,2025-12-23
LFB007918,L023,5,5,4,5,5,4,5,5,5,4,2025-12-23
LFB007919,L026,5,4,4,4,3,4,5,5,4,5,2025-12-23
LFB007920,L011,4,5,4,4,5,3,5,5,4,4,2025-12-23
LFB007921,L012,2,3,2,4,3,4,4,5,2,3,2025-12-23
LFB007922,L021,2,4,3,3,3,3,3,3,4,4,2025-12-23
LFB007923,L019,2,4,5,4,5,5,3,5,5,5,2025-12-24
LFB007924,L023,3,4,3,3,3,5,4,5,4,4,2025-12-24
LFB007925,L013,4,4,4,4,5,5,4,5,5,5,2025-12-24
LFB007926,L025,3,3,3,5,5,5,3,5,5,5,2025-12-25
LFB007927,L025,5,4,4,4,4,5,3,5,4,5,2025-12-25
LFB007928,L020,5,4,4,3,3,5,3,5,3,3,2025-12-25
LFB007929,L003,5,3,5,2,3,4,4,2,4,3,2025-12-25
LFB007930,L016,5,3,4,5,3,5,4,5,5,3,2025-12-26
LFB007931,L005,3,4,3,5,4,4,5,5,3,3,2025-12-27
LFB007932,L011,4,4,5,4,3,4,5,5,5,5,2025-12-27
LFB007933,L021,5,5,4,5,4,4,5,4,5,5,2025-12-27
LFB007934,L003,4,3,4,3,5,5,3,4,4,4,2025-12-27
LFB007935,L020,5,5,4,4,4,4,4,4,4,4,2025-12-27
LFB007936,L026,5,4,4,4,5,5,3,4,3,5,2025-12-28
LFB007937,L001,4,4,3,3,5,5,4,4,4,5,2025-12-28
LFB007938,L026,4,5,3,5,5,5,3,5,5,5,2025-12-28
LFB007939,L006,1,4,4,2,4,4,5,4,3,4,2025-12-28
LFB007940,L019,3,5,4,4,3,3,2,4,3,5,2025-12-29
LFB007941,L014,2,5,2,3,3,5,5,4,4,5,2025-12-29
LFB007942,L015,5,4,3,5,5,4,5,3,4,5,2025-12-29
LFB007943,L021,4,4,4,5,5,4,5,4,5,4,2025-12-29
LFB007944,L012,3,5,4,5,5,5,3,3,3,4,2025-12-29
LFB007945,L010,5,5,5,4,4,4,5,5,5,4,2025-12-29
LFB007946,L016,5,5,5,4,3,5,5,3,5,5,2025-12-30
LFB007947,L023,4,4,4,2,4,4,3,4,4,5,2025-12-30
LFB007948,L026,4,4,3,4,4,2,3,3,3,4,2025-12-30
LFB007949,L024,5,5,4,4,5,4,5,4,4,5,2025-12-30
LFB007950,L025,4,4,5,4,5,4,5,3,3,5,2025-12-30
LFB007951,L025,3,4,4,5,4,5,4,5,5,4,2025-12-30
LFB007952,L025,5,5,3,5,4,5,5,5,5,4,2025-12-30
LFB007953,L015,4,5,4,3,5,3,5,5,5,5,2025-12-30
LFB007954,L001,4,5,4,5,5,5,3,5,4,5,2025-12-31
LFB007955,L018,5,3,2,5,5,5,5,5,5,4,2025-12-31
LFB007956,L025,2,4,4,5,4,5,3,3,5,3,2025-12-31
LFB007957,L007,5,5,5,5,4,3,4,5,5,4,2025-12-31
LFB007958,L007,5,5,5,5,4,5,5,5,5,5,2025-12-31
LFB007959,L013,5,5,4,5,5,3,4,5,4,4,2025-12-31
LFB007960,L007,3,4,4,4,5,5,2,4,4,4,2025-12-31
LFB007961,L010,4,5,4,2,4,5,4,4,5,5,2025-12-31
LFB007962,L010,3,5,5,3,5,5,5,5,5,4,2025-12-31
LFB007963,L006,4,5,3,5,3,5,5,4,4,3,2026-04-05
LFB007964,L024,4,5,4,4,2,5,5,5,5,3,2026-04-05
LFB007965,L019,5,4,2,4,4,4,3,5,3,3,2026-04-05
LFB007966,L007,4,5,3,2,4,5,4,4,3,4,2026-04-05
LFB007967,L020,3,3,4,4,4,5,3,5,3,3,2026-04-05
LFB007968,L023,3,5,3,3,4,3,4,4,4,4,2026-04-06
LFB007969,L021,3,4,3,4,4,3,2,3,3,3,2026-04-06
LFB007970,L001,5,5,5,5,5,5,4,4,4,5,2026-04-06
LFB007971,L022,4,4,5,4,5,5,4,3,4,4,2026-04-06
LFB007972,L010,3,5,4,5,5,4,4,5,5,5,2026-04-07
LFB007973,L019,4,5,3,2,5,3,3,5,5,4,2026-04-07
LFB007974,L020,4,4,5,3,4,5,5,3,3,5,2026-04-07
LFB007975,L023,4,5,4,3,4,5,4,5,5,5,2026-04-07
LFB007976,L020,4,4,4,3,4,3,5,5,5,3,2026-04-07
LFB007977,L014,5,3,5,4,4,4,4,4,4,4,2026-04-07
LFB007978,L021,4,4,3,4,4,5,4,4,4,5,2026-04-07
LFB007979,L010,4,4,3,3,4,4,5,4,3,4,2026-04-08
LFB007980,L013,4,4,4,3,3,5,4,5,2,5,2026-04-08
LFB007981,L006,3,4,3,3,4,4,4,4,5,4,2026-04-08
LFB007982,L020,3,5,4,5,4,5,3,4,4,5,2026-04-08
LFB007983,L025,4,4,3,3,4,4,3,5,4,4,2026-04-08
LFB007984,L024,3,4,5,5,5,5,4,4,4,4,2026-04-08
LFB007985,L007,4,4,4,4,4,5,3,4,4,4,2026-04-08
LFB007986,L022,4,4,4,3,3,3,4,4,3,5,2026-04-08
LFB007987,L004,3,4,3,5,4,4,4,4,4,4,2026-04-08
LFB007988,L013,4,4,5,5,5,5,4,5,5,3,2026-04-08
LFB007989,L007,4,4,4,3,4,3,4,4,4,4,2026-04-09
LFB007990,L023,4,4,5,3,5,3,4,4,4,3,2026-04-09
LFB007991,L008,5,5,5,4,5,4,2,4,5,2,2026-04-09
LFB007992,L010,3,2,3,4,5,3,4,4,5,4,2026-04-09
LFB007993,L025,3,3,4,5,4,4,3,4,5,5,2026-04-09
LFB007994,L014,4,5,4,3,3,4,3,5,5,5,2026-04-09
LFB007995,L012,4,4,5,3,3,4,4,5,5,5,2026-04-09
LFB007996,L012,4,5,2,5,4,5,5,5,4,5,2026-04-09
LFB007997,L018,4,4,5,3,5,4,4,3,3,3,2026-04-10
LFB007998,L008,4,4,5,3,5,3,4,3,4,3,2026-04-10
LFB007999,L014,4,4,5,3,3,4,3,3,4,4,2026-04-10
LFB008000,L022,4,3,4,3,5,4,2,3,4,3,2026-04-10
LFB008001,L003,4,4,4,2,5,5,5,5,4,4,2026-04-10
LFB008002,L015,4,5,3,4,4,5,5,4,4,5,2026-04-11
LFB008003,L012,3,4,4,3,4,5,4,3,3,5,2026-04-11
LFB008004,L024,4,3,3,4,4,4,4,3,4,4,2026-04-11
LFB008005,L003,3,3,3,5,3,3,3,4,3,3,2026-04-11
LFB008006,L010,4,3,4,3,5,3,5,3,5,5,2026-04-11
LFB008007,L013,4,5,3,5,5,5,5,5,4,4,2026-04-11
LFB008008,L026,3,5,4,4,4,4,3,4,5,5,2026-04-11
LFB008009,L010,5,5,3,4,4,3,3,5,5,4,2026-04-11
LFB008010,L007,5,5,3,5,5,3,2,5,3,5,2026-04-12
LFB008011,L012,4,5,5,5,4,3,4,4,4,4,2026-04-12
LFB008012,L009,5,4,4,5,4,3,4,5,3,4,2026-04-12
LFB008013,L010,4,5,4,5,5,5,5,4,5,4,2026-04-12
LFB008014,L007,3,5,3,4,5,4,5,5,3,4,2026-04-12
LFB008015,L015,4,3,4,3,5,4,4,5,4,4,2026-04-13
LFB008016,L007,4,5,5,5,5,5,5,4,5,3,2026-04-13
LFB008017,L025,5,3,5,4,5,4,5,5,4,4,2026-04-13
LFB008018,L005,5,5,4,3,4,5,5,5,4,4,2026-04-13
LFB008019,L003,4,4,4,3,5,4,4,4,4,4,2026-04-13
LFB008020,L014,4,2,3,4,3,3,4,5,5,3,2026-04-13
LFB008021,L021,2,3,4,4,4,5,3,5,5,3,2026-04-13
LFB008022,L007,4,4,5,5,4,4,4,4,5,4,2026-04-13
LFB008023,L001,5,5,3,4,5,4,2,5,4,4,2026-04-13
LFB008024,L026,5,3,5,5,5,3,4,4,4,5,2026-04-13
LFB008025,L016,5,5,4,5,5,5,3,5,3,5,2026-04-13
LFB008026,L023,5,3,3,5,4,4,5,4,5,5,2026-04-14
LFB008027,L015,4,5,4,5,4,4,4,5,4,5,2026-04-14
LFB008028,L010,4,5,3,3,4,5,5,5,5,5,2026-04-14
LFB008029,L007,5,4,5,5,5,4,4,5,5,4,2026-04-14
LFB008030,L005,4,4,4,5,4,3,5,5,4,4,2026-04-14
LFB008031,L009,5,4,4,5,5,5,4,3,3,5,2026-04-14
LFB008032,L014,4,4,4,4,5,5,4,5,5,4,2026-04-14
LFB008033,L003,4,5,4,4,4,5,4,5,5,5,2026-04-14
LFB008034,L023,5,5,3,4,5,5,5,3,5,4,2026-04-15
LFB008035,L021,4,5,5,2,5,2,4,4,4,5,2026-04-15
LFB008036,L008,4,4,4,4,5,5,3,3,5,5,2026-04-15
LFB008037,L010,5,5,1,3,5,5,4,5,2,5,2026-04-15
LFB008038,L001,3,5,5,4,5,5,3,5,5,4,2026-04-15
LFB008039,L010,5,3,4,3,4,3,4,3,4,4,2026-04-15
LFB008040,L023,4,5,4,5,4,4,3,5,4,3,2026-04-15
LFB008041,L025,5,4,3,5,2,5,3,4,4,5,2026-04-15
LFB008042,L007,1,3,3,5,3,4,3,5,4,4,2026-04-15
LFB008043,L008,4,4,5,4,4,4,4,4,5,5,2026-04-15
LFB008044,L026,3,2,3,3,4,4,4,3,3,5,2026-04-16
LFB008045,L020,4,4,3,4,3,4,4,4,4,4,2026-04-16
LFB008046,L011,4,5,3,5,4,4,5,4,3,4,2026-04-16
LFB008047,L023,5,4,3,5,4,4,3,3,3,3,2026-04-16
LFB008048,L016,3,5,4,4,5,5,5,4,5,5,2026-04-16
LFB008049,L025,5,5,4,5,3,3,4,5,5,5,2026-04-17
LFB008050,L004,2,4,3,4,4,5,5,5,3,4,2026-04-17
LFB008051,L002,4,5,4,4,4,4,4,5,3,4,2026-04-17
LFB008052,L021,3,4,4,3,5,3,4,4,4,5,2026-04-18
LFB008053,L023,3,4,2,4,3,4,3,3,4,5,2026-04-18
LFB008054,L019,5,4,5,4,5,5,5,5,5,4,2026-04-18
LFB008055,L010,5,5,5,5,5,4,3,5,4,5,2026-04-18
LFB008056,L017,4,5,4,4,3,4,4,3,5,4,2026-04-18
LFB008057,L001,5,4,4,5,4,5,4,4,5,5,2026-04-18
LFB008058,L026,5,4,5,5,5,5,5,5,5,5,2026-04-19
LFB008059,L001,4,4,4,4,5,3,4,5,5,5,2026-04-19
LFB008060,L021,3,3,4,4,5,5,4,4,5,4,2026-04-19
LFB008061,L013,5,4,3,3,4,5,4,4,4,5,2026-04-19
LFB008062,L020,4,5,4,4,5,3,4,4,3,4,2026-04-19
LFB008063,L020,3,4,4,4,5,3,5,4,5,3,2026-04-19
LFB008064,L013,4,5,5,4,5,5,5,5,5,4,2026-04-19
LFB008065,L001,3,4,3,3,3,5,5,5,4,4,2026-04-19
LFB008066,L012,4,5,5,5,3,5,4,5,3,4,2026-04-20
LFB008067,L017,4,4,5,4,5,4,4,5,5,5,2026-04-20
LFB008068,L011,4,3,5,4,5,5,5,5,4,5,2026-04-20
LFB008069,L024,4,5,3,5,4,5,4,5,5,5,2026-04-20
LFB008070,L001,5,4,4,5,4,3,5,5,4,4,2026-04-20
LFB008071,L009,3,3,5,2,3,4,5,5,5,4,2026-04-20
LFB008072,L019,4,4,4,4,5,4,4,5,5,2,2026-04-20
LFB008073,L026,3,5,4,4,3,3,5,3,3,5,2026-04-20
LFB008074,L023,5,5,4,5,4,5,5,5,5,5,2026-04-21
LFB008075,L025,5,5,3,5,5,4,2,5,4,3,2026-04-21
LFB008076,L010,5,5,4,5,4,5,5,4,5,5,2026-04-21
LFB008077,L001,4,5,3,5,5,4,4,5,5,5,2026-04-21
LFB008078,L003,4,3,5,4,4,5,5,5,4,5,2026-04-21
LFB008079,L021,4,5,5,4,5,5,4,4,5,5,2026-04-21
LFB008080,L014,5,5,5,5,5,3,4,4,3,4,2026-04-21
LFB008081,L012,3,4,4,5,4,3,3,4,5,2,2026-04-21
LFB008082,L023,4,5,4,4,2,5,4,5,4,2,2026-04-21
LFB008083,L002,3,5,5,4,5,5,4,5,3,3,2026-04-22
LFB008084,L015,5,3,5,4,4,3,4,4,4,4,2026-04-22
LFB008085,L023,2,3,4,4,4,4,5,5,4,4,2026-04-22
LFB008086,L022,5,5,5,5,5,4,3,5,5,5,2026-04-22
LFB008087,L022,5,5,3,4,4,4,3,3,4,4,2026-04-22
LFB008088,L006,3,4,3,5,4,4,4,3,5,4,2026-04-22
LFB008089,L015,5,4,4,5,5,4,3,5,5,5,2026-04-22
LFB008090,L017,4,4,4,5,4,5,3,5,5,5,2026-04-22
LFB008091,L011,5,4,5,5,5,5,5,5,5,5,2026-04-22
LFB008092,L026,3,4,5,5,4,3,4,5,5,4,2026-04-22
LFB008093,L006,4,5,3,5,5,5,4,5,5,2,2026-04-22
LFB008094,L009,5,5,3,4,4,4,3,5,3,5,2026-04-22
LFB008095,L007,5,5,4,4,5,5,5,4,4,4,2026-04-23
LFB008096,L015,3,3,2,3,3,3,2,4,4,4,2026-04-23
LFB008097,L001,4,5,4,5,2,4,3,5,2,4,2026-04-23
LFB008098,L026,5,5,2,4,4,4,3,4,3,3,2026-04-23
LFB008099,L012,5,4,4,2,3,5,5,5,3,4,2026-04-23
LFB008100,L008,3,3,4,5,4,4,4,4,5,5,2026-04-23
LFB008101,L003,4,4,3,4,5,3,5,5,4,5,2026-04-23
LFB008102,L023,5,5,4,4,5,4,3,5,4,5,2026-04-23
LFB008103,L021,5,4,4,5,3,4,5,5,5,5,2026-04-23
LFB008104,L013,5,3,4,4,4,4,4,5,4,5,2026-04-24
LFB008105,L008,4,5,4,4,3,5,4,4,4,4,2026-04-24
LFB008106,L011,5,4,4,3,5,4,5,4,5,5,2026-04-24
LFB008107,L017,4,5,4,5,5,5,4,5,5,4,2026-04-24
LFB008108,L016,4,4,2,4,4,5,4,4,3,4,2026-04-24
LFB008109,L001,5,2,5,5,5,4,5,5,5,5,2026-04-24
LFB008110,L013,5,3,2,4,4,4,4,5,4,4,2026-04-24
LFB008111,L015,3,3,4,3,3,4,4,3,4,4,2026-04-25
LFB008112,L001,4,4,4,5,5,4,5,3,4,5,2026-04-25
LFB008113,L005,4,5,3,4,3,4,4,4,4,3,2026-04-25
LFB008114,L016,4,4,3,4,4,4,4,4,4,5,2026-04-25
LFB008115,L016,5,3,4,5,4,5,4,5,4,4,2026-04-25
LFB008116,L026,4,3,4,4,4,3,5,5,3,5,2026-04-25
LFB008117,L014,4,3,4,4,4,4,3,5,5,3,2026-04-26
LFB008118,L003,5,5,5,5,5,5,5,5,5,4,2026-04-26
LFB008119,L012,3,4,3,5,3,4,3,3,5,3,2026-04-26
LFB008120,L024,4,4,4,5,5,5,5,4,5,5,2026-04-26
LFB008121,L013,3,5,5,5,5,5,5,5,3,3,2026-04-26
LFB008122,L009,5,4,3,4,4,5,3,5,5,5,2026-04-26
LFB008123,L012,3,3,3,4,4,5,5,4,4,4,2026-04-26
LFB008124,L025,5,5,3,4,5,4,5,3,4,3,2026-04-26
LFB008125,L019,5,4,5,5,5,5,3,4,5,5,2026-04-26
LFB008126,L007,4,4,4,4,3,4,4,3,4,2,2026-04-26
LFB008127,L019,3,5,5,3,4,4,4,4,4,5,2026-04-27
LFB008128,L026,4,4,4,3,5,4,3,4,5,5,2026-04-27
LFB008129,L002,4,5,4,5,5,4,5,4,5,5,2026-04-27
LFB008130,L010,5,4,5,3,4,4,4,4,5,5,2026-04-27
LFB008131,L007,5,3,4,4,3,3,4,3,5,4,2026-04-27
LFB008132,L026,4,5,4,5,4,4,3,4,3,5,2026-04-27
LFB008133,L009,4,4,2,4,4,4,5,5,3,3,2026-04-27
LFB008134,L023,5,5,4,5,5,3,5,5,5,4,2026-04-27
LFB008135,L010,3,4,5,5,3,3,4,5,5,5,2026-04-27
LFB008136,L019,3,4,5,3,3,4,3,5,3,3,2026-04-27
LFB008137,L019,4,4,3,4,3,5,4,4,5,4,2026-04-27
LFB008138,L011,4,4,5,4,5,4,5,5,5,5,2026-04-27
LFB008139,L020,5,5,5,5,5,4,5,5,5,3,2026-04-27
LFB008140,L010,5,5,5,4,3,4,5,5,3,4,2026-04-27
LFB008141,L014,5,4,3,3,5,2,2,4,4,2,2026-04-28
LFB008142,L016,3,2,4,2,3,4,4,5,3,3,2026-04-28
LFB008143,L018,3,3,3,4,2,5,2,3,4,4,2026-04-28
LFB008144,L019,5,5,5,4,5,4,2,5,4,4,2026-04-28
LFB008145,L006,5,2,5,3,5,4,4,5,3,4,2026-04-28
LFB008146,L001,4,4,4,4,4,5,4,3,5,4,2026-04-28
LFB008147,L011,5,4,2,3,5,4,4,4,5,5,2026-04-28
LFB008148,L023,4,5,4,5,5,4,3,5,5,5,2026-04-29
LFB008149,L026,5,3,3,4,4,4,3,4,3,4,2026-04-29
LFB008150,L012,4,5,4,3,5,5,5,5,3,4,2026-04-29
LFB008151,L020,5,4,4,3,5,4,4,3,5,4,2026-04-29
LFB008152,L025,5,4,5,4,5,5,4,4,3,5,2026-04-29
LFB008153,L013,4,5,3,4,5,4,4,5,4,4,2026-04-29
LFB008154,L025,5,5,4,5,4,5,3,5,5,5,2026-04-29
LFB008155,L014,4,3,4,5,5,5,5,3,3,4,2026-04-29
LFB008156,L009,5,4,5,5,3,4,5,4,5,5,2026-04-29
LFB008157,L010,3,4,5,4,5,5,4,4,4,4,2026-04-30
LFB008158,L015,3,5,2,5,4,4,4,3,3,4,2026-04-30
LFB008159,L006,3,4,4,5,5,3,5,4,5,4,2026-04-30
LFB008160,L023,3,5,4,4,4,3,4,5,5,5,2026-04-30
LFB008161,L014,3,4,3,4,5,4,4,4,4,2,2026-04-30
LFB008162,L025,5,5,5,5,4,5,3,5,4,5,2026-04-30
LFB008163,L025,4,3,3,5,4,5,3,5,4,5,2026-04-30
LFB008164,L007,5,4,5,5,4,5,4,5,4,4,2026-04-30
LFB008165,L015,5,5,4,4,5,4,3,4,5,5,2026-05-01
LFB008166,L019,5,5,4,5,5,4,5,5,5,5,2026-05-01
LFB008167,L009,5,5,4,5,4,5,4,5,3,4,2026-05-01
LFB008168,L014,5,5,5,5,3,5,4,4,5,1,2026-05-01
LFB008169,L009,5,3,5,5,5,5,5,5,4,4,2026-05-01
LFB008170,L025,4,5,3,2,4,4,3,5,3,4,2026-05-01
LFB008171,L024,5,4,5,5,5,4,5,5,4,4,2026-05-02
LFB008172,L011,3,5,5,5,5,5,5,5,5,4,2026-05-02
LFB008173,L014,4,5,4,5,4,5,3,4,5,5,2026-05-02
LFB008174,L021,4,3,4,4,5,4,4,4,3,4,2026-05-02
LFB008175,L004,2,3,4,4,4,4,5,4,4,5,2026-05-02
LFB008176,L021,4,4,4,3,5,4,4,5,5,5,2026-05-02
LFB008177,L006,4,2,3,4,4,4,3,3,4,3,2026-05-02
LFB008178,L010,3,4,2,2,5,5,4,3,4,5,2026-05-02
LFB008179,L021,5,2,4,5,5,4,4,5,5,4,2026-05-02
LFB008180,L021,4,5,2,3,5,4,5,4,4,5,2026-05-02
LFB008181,L024,3,4,3,4,4,4,4,3,5,3,2026-05-02
LFB008182,L004,4,5,5,5,5,5,5,4,4,5,2026-05-02
LFB008183,L024,4,5,4,3,5,4,5,4,4,3,2026-05-02
LFB008184,L003,3,4,4,5,3,5,5,5,3,3,2026-05-03
LFB008185,L001,3,5,4,4,5,5,5,3,4,5,2026-05-03
LFB008186,L021,3,4,4,4,3,3,3,5,4,3,2026-05-03
LFB008187,L003,5,5,4,3,5,4,3,4,3,5,2026-05-03
LFB008188,L025,5,5,4,5,5,4,5,5,4,5,2026-05-03
LFB008189,L009,5,5,5,3,4,4,5,4,5,5,2026-05-03
LFB008190,L008,5,5,4,4,5,4,4,5,4,5,2026-05-04
LFB008191,L021,4,3,5,4,4,4,3,5,5,3,2026-05-04
LFB008192,L022,2,4,4,5,4,4,5,4,5,3,2026-05-04
LFB008193,L008,5,4,3,5,4,4,4,4,3,5,2026-05-04
LFB008194,L010,3,5,3,4,5,5,4,3,3,4,2026-05-04
LFB008195,L014,5,4,4,5,4,4,3,4,2,4,2026-05-04
LFB008196,L024,4,4,4,5,4,5,4,4,5,5,2026-05-04
LFB008197,L011,4,4,5,3,4,5,4,5,5,5,2026-05-04
LFB008198,L008,4,4,5,5,4,4,5,4,4,3,2026-05-04
LFB008199,L010,4,5,3,5,5,5,3,4,5,5,2026-05-05
LFB008200,L010,5,2,3,4,4,5,5,4,5,5,2026-05-05
LFB008201,L022,3,4,4,4,5,3,4,4,4,5,2026-05-05
LFB008202,L010,5,4,4,5,4,5,3,4,4,5,2026-05-05
LFB008203,L024,5,3,3,3,3,5,3,4,5,3,2026-05-05
LFB008204,L001,4,4,4,5,3,4,5,5,5,5,2026-05-05
LFB008205,L002,5,4,3,4,5,5,4,5,5,4,2026-05-06
LFB008206,L009,5,4,2,4,3,5,4,4,3,5,2026-05-06
LFB008207,L016,2,4,3,4,3,3,4,4,4,4,2026-05-06
LFB008208,L020,5,5,4,4,5,5,5,4,4,5,2026-05-06
LFB008209,L025,4,5,5,5,5,5,5,5,5,5,2026-05-06
LFB008210,L019,5,3,4,3,4,4,4,5,4,5,2026-05-07
LFB008211,L014,3,4,5,5,5,4,3,4,3,5,2026-05-07
LFB008212,L020,3,5,4,3,4,5,4,4,5,5,2026-05-07
LFB008213,L001,3,3,5,4,3,4,4,2,3,5,2026-05-07
LFB008214,L014,4,3,3,4,4,4,3,4,4,5,2026-05-07
LFB008215,L021,3,3,3,3,3,3,2,5,2,5,2026-05-07
LFB008216,L021,5,4,5,5,5,4,4,4,4,5,2026-05-07
LFB008217,L004,4,3,3,4,3,4,3,5,2,3,2026-05-07
LFB008218,L021,2,5,3,4,3,4,4,3,4,2,2026-05-07
LFB008219,L023,4,2,5,4,4,5,5,4,4,4,2026-05-07
LFB008220,L022,5,4,5,5,5,5,5,5,5,4,2026-05-08
LFB008221,L013,5,3,3,5,4,5,5,5,5,3,2026-05-08
LFB008222,L003,4,3,5,3,5,4,4,3,4,3,2026-05-08
LFB008223,L008,3,4,5,5,5,4,4,5,5,4,2026-05-08
LFB008224,L014,4,4,2,4,4,2,5,2,4,4,2026-05-08
LFB008225,L001,3,4,4,5,3,3,2,4,4,4,2026-05-08
LFB008226,L026,3,4,5,4,5,5,3,5,5,5,2026-05-08
LFB008227,L019,4,4,3,4,5,5,5,4,5,4,2026-05-08
LFB008228,L025,4,3,4,2,3,4,4,3,3,3,2026-05-08
LFB008229,L013,5,4,4,4,5,5,5,2,5,5,2026-05-08
LFB008230,L023,4,5,4,4,3,4,5,4,4,4,2026-05-08
LFB008231,L019,4,4,5,4,5,2,2,3,4,5,2026-05-09
LFB008232,L019,5,3,4,5,5,5,4,4,5,5,2026-05-09
LFB008233,L021,3,2,4,3,3,3,2,4,4,5,2026-05-09
LFB008234,L011,3,4,5,5,4,4,3,5,4,4,2026-05-09
LFB008235,L011,4,4,5,5,5,4,4,4,4,5,2026-05-09
LFB008236,L004,5,4,4,2,4,4,2,5,4,4,2026-05-09
LFB008237,L023,3,5,4,2,3,4,4,5,4,2,2026-05-09
LFB008238,L008,4,5,5,3,5,5,5,5,3,5,2026-05-09
LFB008239,L010,3,3,5,5,5,4,3,3,2,4,2026-05-09
LFB008240,L020,4,5,4,4,4,3,4,4,3,5,2026-05-09
LFB008241,L018,5,5,4,4,3,5,3,4,5,4,2026-05-09
LFB008242,L024,5,3,3,4,4,4,5,5,5,5,2026-05-09
LFB008243,L011,5,4,5,4,5,5,5,5,4,4,2026-05-09
LFB008244,L013,4,5,5,4,4,4,2,5,5,4,2026-05-10
LFB008245,L020,3,4,5,5,4,4,5,3,4,5,2026-05-10
LFB008246,L013,3,4,5,3,4,5,4,4,4,5,2026-05-10
LFB008247,L011,5,4,4,5,5,4,4,5,5,4,2026-05-10
LFB008248,L008,4,4,5,5,5,3,5,4,5,5,2026-05-10
LFB008249,L014,4,5,5,4,4,4,4,5,4,5,2026-05-10
LFB008250,L023,5,4,3,5,4,5,3,5,3,4,2026-05-10
LFB008251,L011,5,5,5,4,4,5,4,4,3,4,2026-05-10
LFB008252,L014,3,5,2,4,4,4,5,4,4,4,2026-05-11
LFB008253,L004,5,4,3,3,5,5,4,5,4,5,2026-05-11
LFB008254,L021,4,3,4,4,2,5,3,3,5,4,2026-05-11
LFB008255,L021,3,3,3,4,2,4,4,5,4,4,2026-05-11
LFB008256,L018,5,5,5,3,4,5,4,5,5,3,2026-05-11
LFB008257,L010,3,4,4,4,4,3,4,5,3,5,2026-05-11
LFB008258,L011,4,4,5,3,5,4,5,4,5,5,2026-05-12
LFB008259,L007,5,5,5,5,4,5,3,5,4,5,2026-05-12
LFB008260,L026,5,3,4,4,4,5,4,5,4,3,2026-05-12
LFB008261,L017,5,3,4,3,2,3,3,4,3,3,2026-05-13
LFB008262,L010,4,5,5,4,4,5,5,3,5,5,2026-05-13
LFB008263,L009,4,4,4,5,4,5,5,4,4,5,2026-05-13
LFB008264,L017,3,4,2,3,3,5,3,4,2,4,2026-05-13
LFB008265,L011,4,4,4,4,5,4,4,4,4,3,2026-05-13
LFB008266,L005,3,4,4,4,4,4,5,5,5,5,2026-05-13
LFB008267,L013,4,4,4,4,5,4,4,4,4,4,2026-05-13
LFB008268,L012,4,4,5,3,5,5,3,5,4,4,2026-05-13
LFB008269,L003,4,4,4,5,2,5,5,5,5,4,2026-05-13
LFB008270,L013,5,4,2,4,4,3,4,4,4,5,2026-05-13
LFB008271,L023,5,5,4,4,4,4,4,3,4,5,2026-05-13
LFB008272,L003,2,5,3,3,4,5,4,3,4,4,2026-05-13
LFB008273,L009,4,5,3,3,4,4,5,5,5,5,2026-05-13
LFB008274,L025,5,4,4,5,4,4,4,5,4,4,2026-05-13
LFB008275,L025,3,4,5,3,3,3,4,2,4,4,2026-05-14
LFB008276,L005,5,4,4,4,5,4,5,4,4,5,2026-05-14
LFB008277,L022,2,4,5,3,5,2,4,4,5,5,2026-05-14
LFB008278,L005,5,4,5,5,3,4,4,5,5,4,2026-05-14
LFB008279,L013,3,4,3,4,3,4,2,4,4,4,2026-05-14
LFB008280,L020,5,4,4,5,4,4,3,5,2,4,2026-05-14
LFB008281,L004,4,4,5,5,5,5,5,4,5,2,2026-05-14
LFB008282,L009,3,4,3,4,3,5,4,5,2,4,2026-05-15
LFB008283,L021,5,5,3,4,3,3,5,3,4,5,2026-05-15
LFB008284,L013,5,5,4,4,5,5,4,3,4,5,2026-05-15
LFB008285,L021,5,5,4,4,3,2,5,5,4,4,2026-05-15
LFB008286,L015,4,5,3,3,5,5,5,4,4,5,2026-05-15
LFB008287,L009,3,3,4,3,4,5,4,4,5,5,2026-05-15
LFB008288,L013,5,4,4,3,2,4,4,5,4,5,2026-05-15
LFB008289,L015,4,3,3,5,4,4,4,4,2,2,2026-05-15
LFB008290,L026,5,3,3,4,3,5,3,5,4,4,2026-05-15
LFB008291,L018,4,4,4,5,1,4,3,4,4,4,2026-05-16
LFB008292,L011,5,4,5,5,5,5,5,5,5,5,2026-05-16
LFB008293,L016,3,3,3,4,4,3,4,4,4,4,2026-05-16
LFB008294,L017,3,5,3,4,3,5,3,3,4,3,2026-05-16
LFB008295,L026,4,3,4,1,4,5,4,5,2,4,2026-05-17
LFB008296,L026,5,5,3,5,5,5,5,5,4,5,2026-05-17
LFB008297,L010,5,4,5,5,5,4,4,5,4,4,2026-05-17
LFB008298,L013,3,5,4,4,5,4,5,4,3,4,2026-05-17
LFB008299,L021,4,4,4,4,5,4,3,5,5,5,2026-05-17
LFB008300,L015,5,4,4,4,4,3,3,5,5,5,2026-05-17
LFB008301,L012,2,5,5,5,4,5,5,5,4,4,2026-05-17
LFB008302,L001,4,3,5,5,5,5,4,3,3,4,2026-05-17
LFB008303,L007,4,5,4,3,4,4,4,4,5,3,2026-05-17
LFB008304,L010,5,3,4,4,2,4,3,2,5,4,2026-05-18
LFB008305,L004,4,3,3,3,3,4,3,4,4,4,2026-05-18
LFB008306,L020,1,2,3,5,4,4,5,4,4,4,2026-05-18
LFB008307,L009,3,2,1,3,3,4,5,3,2,4,2026-05-18
LFB008308,L004,4,4,4,5,4,5,4,4,4,5,2026-05-18
LFB008309,L018,4,2,4,3,2,5,4,4,5,5,2026-05-18
LFB008310,L001,5,5,5,4,3,5,4,5,5,5,2026-05-18
LFB008311,L026,5,5,5,3,5,3,4,5,4,4,2026-05-19
LFB008312,L003,3,3,4,3,4,5,5,4,4,3,2026-05-19
LFB008313,L006,5,5,5,4,5,4,4,5,5,4,2026-05-19
LFB008314,L014,4,3,5,4,2,5,4,4,4,4,2026-05-19
LFB008315,L026,3,5,5,4,4,5,5,5,4,3,2026-05-19
LFB008316,L004,4,5,5,4,5,5,5,3,3,3,2026-05-19
LFB008317,L001,4,3,2,5,4,4,4,4,3,2,2026-05-19
LFB008318,L012,5,4,3,5,5,4,5,5,5,4,2026-05-19
