CFB_ID,Course_ID,Date,Course_Content,Practical_Learning,Course_Management,Course_Value,Course_Difficulty,Learning_Experience
CFB000001,C077,2021-11-10,4,1,3,3,3,5
CFB000002,C054,2021-11-10,2,4,4,4,2,3
CFB000003,C075,2021-11-10,2,3,4,4,3,4
CFB000004,C034,2021-11-10,2,4,3,3,3,3
CFB000005,C073,2021-11-10,5,1,3,3,2,4
CFB000006,C088,2021-11-10,3,5,3,3,3,2
CFB000007,C074,2021-11-10,2,2,1,1,3,2
CFB000008,C068,2021-11-10,2,4,2,4,3,3
CFB000009,C054,2021-11-10,5,5,4,4,3,4
CFB000010,C019,2021-11-10,3,4,4,3,1,4
CFB000011,C045,2021-11-10,3,4,4,3,4,3
CFB000012,C059,2021-11-10,5,4,3,3,3,3
CFB000013,C054,2021-11-10,3,2,3,3,3,3
CFB000014,C066,2021-11-10,4,3,3,3,4,5
CFB000015,C043,2021-11-10,2,5,4,4,2,4
CFB000016,C061,2021-11-10,2,3,2,2,2,4
CFB000017,C044,2021-11-10,4,4,4,5,2,5
CFB000018,C059,2021-11-10,3,5,4,5,3,3
CFB000019,C077,2021-11-10,4,2,2,4,2,3
CFB000020,C073,2021-11-10,3,2,4,3,2,3
CFB000021,C074,2021-11-10,5,4,4,3,2,3
CFB000022,C051,2021-11-10,3,3,5,5,4,3
CFB000023,C088,2021-11-10,3,2,2,4,4,4
CFB000024,C089,2021-11-10,3,3,3,3,3,5
CFB000025,C048,2021-11-10,3,2,3,3,4,3
CFB000026,C069,2021-11-10,5,2,3,2,3,2
CFB000027,C074,2021-11-10,4,3,3,4,3,4
CFB000028,C051,2021-11-10,3,2,4,3,3,3
CFB000029,C067,2021-11-10,4,2,4,4,3,5
CFB000030,C010,2021-11-10,3,3,5,2,4,2
CFB000031,C040,2021-11-10,3,5,5,2,5,4
CFB000032,C067,2021-11-10,4,3,5,3,4,2
CFB000033,C069,2021-11-10,5,3,4,4,2,4
CFB000034,C035,2021-11-10,4,3,3,3,5,4
CFB000035,C021,2021-11-10,4,2,4,4,5,4
CFB000036,C074,2021-11-10,4,3,4,5,5,3
CFB000037,C065,2021-11-10,2,4,4,4,3,3
CFB000038,C074,2021-11-10,4,3,2,3,3,1
CFB000039,C086,2021-11-10,5,5,3,4,5,4
CFB000040,C039,2021-11-10,4,2,3,4,3,3
CFB000041,C048,2021-11-10,4,3,4,5,3,5
CFB000042,C045,2021-11-10,3,2,3,3,3,4
CFB000043,C046,2021-11-10,4,2,3,3,2,4
CFB000044,C047,2021-11-10,4,2,4,5,2,3
CFB000045,C073,2021-11-10,5,3,5,5,4,5
CFB000046,C035,2021-11-10,4,4,4,3,4,5
CFB000047,C060,2021-11-10,5,2,4,5,4,4
CFB000048,C006,2021-11-10,5,3,1,4,3,4
CFB000049,C080,2021-11-10,3,4,4,3,1,2
CFB000050,C085,2021-11-10,3,2,3,4,4,1
CFB000051,C036,2021-11-10,4,3,3,4,4,4
CFB000052,C027,2021-11-10,4,2,4,3,2,2
CFB000053,C066,2021-11-10,4,4,4,5,4,4
CFB000054,C081,2021-11-10,5,5,2,3,4,4
CFB000055,C085,2021-11-10,2,4,4,3,2,4
CFB000056,C038,2021-11-10,5,4,4,5,2,4
CFB000057,C073,2021-11-11,4,4,4,1,3,2
CFB000058,C054,2021-11-11,3,3,4,3,3,2
CFB000059,C035,2021-11-11,3,2,2,4,2,4
CFB000060,C036,2021-11-11,4,3,3,3,3,4
CFB000061,C036,2021-11-11,3,3,3,4,3,3
CFB000062,C027,2021-11-11,4,3,4,3,1,4
CFB000063,C070,2021-11-11,4,3,3,3,3,3
CFB000064,C069,2021-11-11,2,3,3,3,3,2
CFB000065,C073,2021-11-11,3,3,3,4,3,3
CFB000066,C043,2021-11-11,4,3,3,4,2,3
CFB000067,C004,2021-11-11,5,4,5,4,3,4
CFB000068,C019,2021-11-11,4,2,5,4,4,3
CFB000069,C070,2021-11-11,3,2,3,2,2,3
CFB000070,C070,2021-11-11,3,1,3,2,3,2
CFB000071,C081,2021-11-11,2,4,3,4,2,2
CFB000072,C059,2021-11-11,4,4,2,2,2,3
CFB000073,C013,2021-11-11,2,2,2,3,2,3
CFB000074,C027,2021-11-11,2,4,4,2,1,3
CFB000075,C016,2021-11-11,3,3,4,4,2,5
CFB000076,C081,2021-11-11,4,5,3,4,4,4
CFB000077,C066,2021-11-11,2,3,3,3,4,2
CFB000078,C017,2021-11-11,4,5,5,3,3,5
CFB000079,C034,2021-11-11,4,2,3,2,3,1
CFB000080,C038,2021-11-11,4,2,4,3,4,3
CFB000081,C021,2021-11-11,5,3,3,4,4,4
CFB000082,C034,2021-11-11,3,4,4,3,3,4
CFB000083,C019,2021-11-11,5,3,5,3,3,5
CFB000084,C051,2021-11-11,3,3,3,5,4,4
CFB000085,C088,2021-11-11,3,2,3,3,2,4
CFB000086,C051,2021-11-11,3,3,4,5,3,3
CFB000087,C034,2021-11-11,4,3,3,4,1,3
CFB000088,C063,2021-11-11,3,5,4,4,3,3
CFB000089,C074,2021-11-11,5,4,4,4,4,4
CFB000090,C030,2021-11-11,2,3,4,3,3,4
CFB000091,C075,2021-11-11,3,3,3,3,5,4
CFB000092,C039,2021-11-11,3,3,4,3,3,3
CFB000093,C030,2021-11-11,5,5,4,4,5,3
CFB000094,C013,2021-11-11,4,3,3,4,4,4
CFB000095,C044,2021-11-11,4,4,4,5,4,4
CFB000096,C043,2021-11-11,4,4,5,5,3,3
CFB000097,C077,2021-11-11,4,4,4,5,4,5
CFB000098,C032,2021-11-11,2,2,3,3,3,2
CFB000099,C031,2021-11-11,2,3,3,3,3,5
CFB000100,C086,2021-11-11,5,4,4,4,2,5
CFB000101,C066,2021-11-11,3,4,3,4,3,4
CFB000102,C069,2021-11-11,4,4,3,5,4,3
CFB000103,C086,2021-11-11,3,2,4,3,2,2
CFB000104,C010,2021-11-11,5,4,4,5,5,5
CFB000105,C073,2021-11-11,4,4,4,3,1,1
CFB000106,C088,2021-11-11,4,3,3,3,2,4
CFB000107,C062,2021-11-12,2,2,3,3,3,2
CFB000108,C030,2021-11-12,4,3,2,3,2,4
CFB000109,C045,2021-11-12,3,4,3,3,2,3
CFB000110,C010,2021-11-12,3,2,3,4,3,2
CFB000111,C079,2021-11-12,2,3,3,4,3,2
CFB000112,C089,2021-11-12,4,2,3,2,3,4
CFB000113,C066,2021-11-12,3,3,3,3,5,2
CFB000114,C010,2021-11-12,3,2,3,2,3,3
CFB000115,C077,2021-11-12,4,4,5,3,2,4
CFB000116,C067,2021-11-12,4,2,3,4,2,4
CFB000117,C039,2021-11-12,5,3,2,3,2,3
CFB000118,C030,2021-11-12,3,3,3,4,2,5
CFB000119,C010,2021-11-12,4,3,4,4,4,5
CFB000120,C029,2021-11-12,3,3,2,4,3,5
CFB000121,C056,2021-11-12,5,3,3,3,4,3
CFB000122,C017,2021-11-12,4,5,5,4,4,3
CFB000123,C040,2021-11-12,3,3,4,5,5,4
CFB000124,C006,2021-11-12,3,4,3,3,3,4
CFB000125,C079,2021-11-12,5,4,4,3,2,5
CFB000126,C038,2021-11-12,2,4,3,3,4,3
CFB000127,C036,2021-11-12,3,5,5,3,4,4
CFB000128,C077,2021-11-12,3,4,3,3,3,3
CFB000129,C061,2021-11-12,2,2,3,3,3,3
CFB000130,C070,2021-11-12,3,3,3,4,4,4
CFB000131,C020,2021-11-12,4,4,5,4,3,5
CFB000132,C040,2021-11-12,4,4,3,3,4,4
CFB000133,C048,2021-11-12,2,3,3,3,3,3
CFB000134,C046,2021-11-12,4,3,1,4,4,3
CFB000135,C089,2021-11-12,5,2,3,4,4,5
CFB000136,C038,2021-11-12,4,3,3,4,4,3
CFB000137,C045,2021-11-12,3,3,5,4,3,5
CFB000138,C087,2021-11-12,3,3,5,4,4,4
CFB000139,C074,2021-11-12,4,4,4,3,2,3
CFB000140,C087,2021-11-12,4,2,4,5,3,3
CFB000141,C029,2021-11-12,5,5,5,5,3,3
CFB000142,C086,2021-11-12,5,5,5,5,4,5
CFB000143,C013,2021-11-12,2,4,3,4,3,2
CFB000144,C077,2021-11-12,5,3,4,3,2,3
CFB000145,C013,2021-11-12,5,4,4,4,3,4
CFB000146,C032,2021-11-13,3,4,3,5,4,4
CFB000147,C002,2021-11-13,4,2,4,2,2,2
CFB000148,C059,2021-11-13,2,1,3,2,3,3
CFB000149,C044,2021-11-13,2,1,2,4,3,3
CFB000150,C060,2021-11-13,3,4,4,5,3,4
CFB000151,C006,2021-11-13,3,1,4,3,3,1
CFB000152,C081,2021-11-13,2,2,3,3,3,3
CFB000153,C074,2021-11-13,4,3,4,3,3,2
CFB000154,C040,2021-11-13,3,2,4,4,1,4
CFB000155,C056,2021-11-13,3,3,3,3,4,2
CFB000156,C086,2021-11-13,3,2,3,2,3,4
CFB000157,C047,2021-11-13,3,4,2,5,5,3
CFB000158,C065,2021-11-13,1,3,3,1,2,3
CFB000159,C078,2021-11-13,4,3,2,5,3,4
CFB000160,C030,2021-11-13,3,4,4,4,2,4
CFB000161,C077,2021-11-13,3,2,4,4,4,3
CFB000162,C054,2021-11-13,5,4,4,5,2,3
CFB000163,C070,2021-11-13,3,3,4,2,4,3
CFB000164,C061,2021-11-13,2,4,3,4,3,3
CFB000165,C036,2021-11-13,4,4,4,2,3,3
CFB000166,C002,2021-11-13,4,2,2,4,2,5
CFB000167,C027,2021-11-13,3,3,3,2,3,2
CFB000168,C039,2021-11-13,3,4,4,3,3,3
CFB000169,C073,2021-11-13,4,1,4,2,4,3
CFB000170,C086,2021-11-13,4,3,3,2,4,5
CFB000171,C089,2021-11-13,4,4,3,3,5,4
CFB000172,C039,2021-11-13,3,4,4,2,4,4
CFB000173,C008,2021-11-13,4,4,4,5,3,1
CFB000174,C035,2021-11-13,4,3,4,3,2,3
CFB000175,C065,2021-11-13,5,5,4,2,3,4
CFB000176,C019,2021-11-13,3,3,2,5,4,2
CFB000177,C070,2021-11-13,1,3,4,2,3,3
CFB000178,C037,2021-11-13,5,3,5,5,3,3
CFB000179,C068,2021-11-13,4,2,2,5,5,3
CFB000180,C031,2021-11-13,4,3,5,3,2,4
CFB000181,C043,2021-11-13,4,2,2,4,2,2
CFB000182,C037,2021-11-13,4,2,2,3,4,2
CFB000183,C044,2021-11-13,4,4,3,3,5,3
CFB000184,C013,2021-11-13,3,2,2,3,2,2
CFB000185,C021,2021-11-13,4,2,4,3,3,1
CFB000186,C035,2021-11-13,4,5,3,3,5,3
CFB000187,C019,2021-11-13,5,2,4,2,2,3
CFB000188,C046,2021-11-13,3,3,4,4,4,3
CFB000189,C085,2021-11-13,4,3,2,3,4,3
CFB000190,C002,2021-11-13,4,4,4,5,3,4
CFB000191,C070,2021-11-13,4,3,4,3,2,4
CFB000192,C084,2021-11-13,4,3,3,4,2,3
CFB000193,C021,2021-11-13,5,4,4,4,3,3
CFB000194,C068,2021-11-13,3,3,5,4,3,4
CFB000195,C021,2021-11-13,3,4,4,4,3,5
CFB000196,C018,2021-11-13,3,4,3,3,2,3
CFB000197,C007,2021-11-13,4,5,2,3,2,3
CFB000198,C006,2021-11-13,3,3,4,4,5,4
CFB000199,C038,2021-11-13,4,3,5,4,3,4
CFB000200,C002,2021-11-13,4,3,3,4,2,3
CFB000201,C046,2021-11-13,3,5,2,5,2,4
CFB000202,C079,2021-11-13,4,5,3,3,2,4
CFB000203,C002,2021-11-13,5,3,4,4,2,4
CFB000204,C035,2021-11-13,3,1,2,3,2,3
CFB000205,C034,2021-11-13,3,4,3,3,3,3
CFB000206,C013,2021-11-13,5,4,2,3,3,4
CFB000207,C037,2021-11-13,5,3,4,5,2,4
CFB000208,C078,2021-11-14,4,3,4,3,2,3
CFB000209,C060,2021-11-14,2,2,4,3,2,4
CFB000210,C069,2021-11-14,2,4,5,5,2,4
CFB000211,C029,2021-11-14,3,3,5,2,2,4
CFB000212,C074,2021-11-14,2,3,3,4,4,4
CFB000213,C078,2021-11-14,4,3,2,4,2,3
CFB000214,C087,2021-11-14,2,2,2,4,2,4
CFB000215,C034,2021-11-14,2,3,2,4,1,4
CFB000216,C039,2021-11-14,3,3,2,5,3,3
CFB000217,C032,2021-11-14,5,3,2,3,4,2
CFB000218,C004,2021-11-14,2,3,4,4,4,3
CFB000219,C059,2021-11-14,5,3,3,4,4,3
CFB000220,C044,2021-11-14,3,2,3,5,2,4
CFB000221,C056,2021-11-14,4,3,4,3,1,4
CFB000222,C081,2021-11-14,3,2,3,2,2,4
CFB000223,C056,2021-11-14,3,3,4,5,3,4
CFB000224,C034,2021-11-14,5,4,4,4,2,5
CFB000225,C015,2021-11-14,5,5,4,5,3,5
CFB000226,C013,2021-11-14,3,4,4,3,3,3
CFB000227,C048,2021-11-14,3,4,1,5,3,2
CFB000228,C089,2021-11-14,4,3,4,4,3,4
CFB000229,C018,2021-11-14,5,3,4,5,2,5
CFB000230,C017,2021-11-14,3,3,3,3,4,2
CFB000231,C080,2021-11-14,4,2,3,4,4,3
CFB000232,C070,2021-11-14,4,4,4,5,3,4
CFB000233,C046,2021-11-14,3,2,2,3,4,3
CFB000234,C047,2021-11-14,3,4,4,3,2,3
CFB000235,C055,2021-11-14,3,5,3,4,3,3
CFB000236,C004,2021-11-14,3,3,4,3,2,2
CFB000237,C002,2021-11-14,4,3,4,3,2,3
CFB000238,C081,2021-11-14,5,3,5,4,5,4
CFB000239,C087,2021-11-14,3,3,3,3,2,4
CFB000240,C061,2021-11-14,4,5,5,5,2,5
CFB000241,C063,2021-11-14,2,4,4,3,3,2
CFB000242,C007,2021-11-14,5,1,2,2,3,3
CFB000243,C010,2021-11-14,4,4,4,5,4,5
CFB000244,C059,2021-11-14,3,5,5,5,4,5
CFB000245,C065,2021-11-15,4,4,4,3,4,2
CFB000246,C015,2021-11-15,4,3,4,4,4,3
CFB000247,C074,2021-11-15,3,2,1,2,1,3
CFB000248,C067,2021-11-15,5,4,3,3,2,4
CFB000249,C079,2021-11-15,2,2,1,3,3,2
CFB000250,C015,2021-11-15,1,2,2,1,3,2
CFB000251,C006,2021-11-15,4,5,3,3,3,3
CFB000252,C054,2021-11-15,3,2,3,4,3,2
CFB000253,C061,2021-11-15,4,3,2,3,4,3
CFB000254,C067,2021-11-15,2,4,4,4,4,3
CFB000255,C088,2021-11-15,3,2,3,4,2,2
CFB000256,C010,2021-11-15,4,3,5,3,2,3
CFB000257,C043,2021-11-15,4,4,2,3,4,4
CFB000258,C006,2021-11-15,4,3,3,2,3,3
CFB000259,C018,2021-11-15,4,3,5,3,1,3
CFB000260,C043,2021-11-15,4,4,5,4,3,5
CFB000261,C006,2021-11-15,5,2,3,4,3,4
CFB000262,C080,2021-11-15,3,4,3,4,3,4
CFB000263,C089,2021-11-15,3,3,5,2,1,2
CFB000264,C070,2021-11-15,2,3,3,2,3,2
CFB000265,C081,2021-11-15,4,4,2,2,2,4
CFB000266,C070,2021-11-15,3,3,3,5,4,3
CFB000267,C038,2021-11-15,4,4,5,3,5,2
CFB000268,C036,2021-11-15,4,3,3,4,4,2
CFB000269,C019,2021-11-15,5,4,3,2,3,3
CFB000270,C070,2021-11-15,2,3,4,3,3,1
CFB000271,C021,2021-11-15,3,4,3,4,3,3
CFB000272,C088,2021-11-15,3,4,3,4,3,3
CFB000273,C010,2021-11-15,4,4,3,3,3,3
CFB000274,C006,2021-11-15,4,4,4,4,2,3
CFB000275,C061,2021-11-15,4,2,5,3,3,3
CFB000276,C031,2021-11-15,5,4,4,3,5,4
CFB000277,C039,2021-11-15,4,2,3,3,5,5
CFB000278,C063,2021-11-15,4,3,4,4,2,4
CFB000279,C075,2021-11-15,3,2,4,3,4,3
CFB000280,C062,2021-11-15,4,2,4,3,4,3
CFB000281,C061,2021-11-15,3,5,1,4,4,3
CFB000282,C054,2021-11-15,3,3,4,5,3,3
CFB000283,C029,2021-11-15,3,4,3,3,3,3
CFB000284,C070,2021-11-15,5,1,3,1,3,3
CFB000285,C079,2021-11-15,4,3,4,4,4,2
CFB000286,C075,2021-11-15,2,2,3,2,2,2
CFB000287,C060,2021-11-15,3,2,4,3,4,3
CFB000288,C040,2021-11-15,4,2,2,4,4,3
CFB000289,C038,2021-11-15,4,4,2,3,4,5
CFB000290,C021,2021-11-15,4,4,4,4,4,4
CFB000291,C006,2021-11-16,4,3,4,3,1,4
CFB000292,C087,2021-11-16,3,3,2,3,5,2
CFB000293,C078,2021-11-16,4,3,3,3,1,5
CFB000294,C030,2021-11-16,3,3,1,3,2,2
CFB000295,C065,2021-11-16,3,2,3,3,4,4
CFB000296,C019,2021-11-16,2,2,3,3,3,3
CFB000297,C073,2021-11-16,4,3,5,3,3,4
CFB000298,C068,2021-11-16,4,2,3,3,5,2
CFB000299,C027,2021-11-16,2,1,3,2,4,3
CFB000300,C060,2021-11-16,2,3,5,2,1,4
CFB000301,C013,2021-11-16,2,4,3,4,3,4
CFB000302,C021,2021-11-16,4,4,3,5,4,3
CFB000303,C059,2021-11-16,4,4,4,3,3,4
CFB000304,C035,2021-11-16,4,2,4,3,3,3
CFB000305,C077,2021-11-16,4,3,4,4,3,3
CFB000306,C079,2021-11-16,2,3,4,2,3,4
CFB000307,C027,2021-11-16,3,2,4,4,2,3
CFB000308,C036,2021-11-16,3,4,3,5,4,4
CFB000309,C040,2021-11-16,4,4,5,4,3,5
CFB000310,C021,2021-11-16,4,2,4,3,2,1
CFB000311,C051,2021-11-16,1,2,2,3,2,2
CFB000312,C039,2021-11-16,3,3,4,5,5,4
CFB000313,C027,2021-11-16,2,1,2,3,2,3
CFB000314,C044,2021-11-16,3,4,2,5,4,2
CFB000315,C029,2021-11-16,2,4,3,3,3,3
CFB000316,C061,2021-11-16,3,5,3,5,4,3
CFB000317,C015,2021-11-16,5,4,3,3,4,4
CFB000318,C046,2021-11-16,5,3,4,3,1,4
CFB000319,C067,2021-11-16,3,3,3,5,1,4
CFB000320,C017,2021-11-16,4,4,4,4,2,5
CFB000321,C051,2021-11-16,4,3,2,4,3,4
CFB000322,C069,2021-11-16,5,3,5,4,2,5
CFB000323,C067,2021-11-16,3,3,3,4,3,4
CFB000324,C019,2021-11-16,3,3,4,4,3,4
CFB000325,C060,2021-11-16,4,3,3,5,4,4
CFB000326,C059,2021-11-16,5,5,2,3,3,4
CFB000327,C002,2021-11-16,3,4,5,3,3,2
CFB000328,C074,2021-11-16,3,2,3,4,3,4
CFB000329,C067,2021-11-16,5,2,3,4,3,3
CFB000330,C039,2021-11-16,4,3,3,4,3,4
CFB000331,C089,2021-11-16,2,3,3,4,5,5
CFB000332,C084,2021-11-16,5,2,3,5,4,4
CFB000333,C030,2021-11-16,4,4,4,4,2,3
CFB000334,C070,2021-11-16,3,4,4,5,5,2
CFB000335,C008,2021-11-16,5,2,5,4,4,5
CFB000336,C006,2021-11-16,2,3,3,4,3,2
CFB000337,C070,2021-11-16,2,1,4,4,2,3
CFB000338,C045,2021-11-17,4,2,4,1,4,3
CFB000339,C084,2021-11-17,3,3,4,1,3,2
CFB000340,C073,2021-11-17,3,3,3,2,4,5
CFB000341,C075,2021-11-17,2,2,3,4,3,3
CFB000342,C065,2021-11-17,3,4,3,3,3,2
CFB000343,C002,2021-11-17,3,3,1,2,1,3
CFB000344,C017,2021-11-17,4,3,4,3,3,3
CFB000345,C084,2021-11-17,4,2,3,1,3,2
CFB000346,C069,2021-11-17,5,4,5,3,3,4
CFB000347,C073,2021-11-17,4,2,5,2,2,4
CFB000348,C039,2021-11-17,4,3,4,3,3,2
CFB000349,C086,2021-11-17,3,4,4,5,3,5
CFB000350,C051,2021-11-17,3,1,1,3,2,2
CFB000351,C047,2021-11-17,4,2,3,1,3,2
CFB000352,C006,2021-11-17,4,2,3,4,4,2
CFB000353,C062,2021-11-17,4,3,5,4,3,4
CFB000354,C062,2021-11-17,3,4,2,4,4,3
CFB000355,C054,2021-11-17,4,3,4,2,1,4
CFB000356,C048,2021-11-17,3,3,1,3,3,3
CFB000357,C038,2021-11-17,4,4,3,3,4,5
CFB000358,C019,2021-11-17,5,2,1,3,5,4
CFB000359,C056,2021-11-17,3,3,2,2,2,2
CFB000360,C078,2021-11-17,2,3,2,3,3,3
CFB000361,C048,2021-11-17,2,5,2,3,5,3
CFB000362,C019,2021-11-17,4,3,3,4,4,3
CFB000363,C070,2021-11-17,3,4,5,4,2,3
CFB000364,C034,2021-11-17,4,5,4,3,1,3
CFB000365,C010,2021-11-17,4,3,3,3,3,4
CFB000366,C004,2021-11-17,4,3,4,4,2,4
CFB000367,C070,2021-11-17,3,2,4,1,5,3
CFB000368,C062,2021-11-17,4,4,5,3,5,5
CFB000369,C044,2021-11-17,5,4,5,4,3,4
CFB000370,C010,2021-11-17,4,3,4,5,3,4
CFB000371,C015,2021-11-17,5,3,4,4,4,4
CFB000372,C030,2021-11-17,3,4,2,4,3,4
CFB000373,C085,2021-11-17,5,4,5,4,4,4
CFB000374,C010,2021-11-17,4,3,3,4,4,3
CFB000375,C059,2021-11-17,4,2,3,4,4,4
CFB000376,C078,2021-11-17,3,2,2,3,2,3
CFB000377,C007,2021-11-17,5,5,3,5,4,5
CFB000378,C027,2021-11-17,2,3,3,4,4,3
CFB000379,C008,2021-11-17,3,3,4,3,5,3
CFB000380,C068,2021-11-17,4,4,4,5,4,3
CFB000381,C074,2021-11-17,3,3,3,3,3,4
CFB000382,C019,2021-11-17,4,5,4,4,3,4
CFB000383,C069,2021-11-17,4,5,4,5,3,4
CFB000384,C048,2021-11-17,2,2,4,4,3,4
CFB000385,C029,2021-11-17,5,4,4,4,4,4
CFB000386,C066,2021-11-17,3,4,5,2,3,3
CFB000387,C037,2021-11-18,3,5,5,3,3,5
CFB000388,C080,2021-11-18,4,4,3,5,4,5
CFB000389,C079,2021-11-18,5,2,3,4,2,4
CFB000390,C037,2021-11-18,2,3,3,4,2,3
CFB000391,C054,2021-11-18,2,2,3,2,3,4
CFB000392,C062,2021-11-18,4,2,1,4,3,3
CFB000393,C046,2021-11-18,4,3,3,2,2,2
CFB000394,C065,2021-11-18,3,4,4,3,4,3
CFB000395,C073,2021-11-18,3,4,3,4,2,3
CFB000396,C066,2021-11-18,4,5,4,3,3,2
CFB000397,C077,2021-11-18,3,3,2,3,2,4
CFB000398,C029,2021-11-18,4,3,3,3,4,3
CFB000399,C054,2021-11-18,5,3,3,3,4,4
CFB000400,C002,2021-11-18,3,4,2,3,4,2
CFB000401,C080,2021-11-18,3,3,4,4,2,4
CFB000402,C068,2021-11-18,3,5,3,4,2,3
CFB000403,C002,2021-11-18,5,4,4,3,5,3
CFB000404,C029,2021-11-18,5,3,4,4,3,3
CFB000405,C019,2021-11-18,4,4,3,4,4,3
CFB000406,C063,2021-11-18,4,3,2,3,2,4
CFB000407,C051,2021-11-18,3,2,3,3,3,3
CFB000408,C038,2021-11-18,4,2,4,2,4,4
CFB000409,C040,2021-11-18,5,2,3,2,4,3
CFB000410,C006,2021-11-18,2,1,2,1,3,3
CFB000411,C077,2021-11-18,3,4,4,2,2,2
CFB000412,C084,2021-11-18,4,4,5,4,2,4
CFB000413,C018,2021-11-18,4,3,3,3,4,2
CFB000414,C013,2021-11-18,5,3,5,2,1,5
CFB000415,C077,2021-11-18,3,2,3,3,3,3
CFB000416,C021,2021-11-18,5,2,3,5,3,4
CFB000417,C065,2021-11-18,5,3,2,4,4,4
CFB000418,C013,2021-11-18,3,4,4,5,3,4
CFB000419,C030,2021-11-18,4,3,3,4,5,3
CFB000420,C059,2021-11-18,5,4,5,4,4,5
CFB000421,C047,2021-11-18,3,3,2,3,3,4
CFB000422,C075,2021-11-18,4,3,4,4,3,5
CFB000423,C032,2021-11-18,3,3,4,3,5,4
CFB000424,C048,2021-11-18,4,4,5,4,2,4
CFB000425,C055,2021-11-18,4,4,3,4,5,4
CFB000426,C017,2021-11-18,3,3,2,2,1,4
CFB000427,C088,2021-11-18,3,4,2,4,3,5
CFB000428,C035,2021-11-18,4,2,4,3,3,3
CFB000429,C051,2021-11-18,4,3,4,4,4,4
CFB000430,C084,2021-11-18,5,3,5,4,4,5
CFB000431,C087,2021-11-18,4,4,3,4,2,3
CFB000432,C068,2021-11-18,4,5,3,2,3,3
CFB000433,C089,2021-11-18,5,4,3,3,4,3
CFB000434,C019,2021-11-18,5,5,4,4,4,4
CFB000435,C085,2021-11-18,4,4,3,3,1,1
CFB000436,C061,2021-11-18,4,3,3,3,3,3
CFB000437,C016,2021-11-19,2,5,4,4,3,3
CFB000438,C074,2021-11-19,4,2,3,2,2,3
CFB000439,C030,2021-11-19,3,3,3,2,3,3
CFB000440,C087,2021-11-19,4,4,4,4,3,4
CFB000441,C036,2021-11-19,3,5,4,2,4,4
CFB000442,C020,2021-11-19,3,3,3,4,1,3
CFB000443,C044,2021-11-19,5,5,4,4,1,5
CFB000444,C046,2021-11-19,3,3,4,5,4,3
CFB000445,C034,2021-11-19,3,3,4,1,3,3
CFB000446,C030,2021-11-19,4,1,3,4,5,4
CFB000447,C075,2021-11-19,4,3,5,4,1,3
CFB000448,C067,2021-11-19,3,2,3,4,2,1
CFB000449,C036,2021-11-19,4,4,3,4,3,4
CFB000450,C081,2021-11-19,3,5,2,4,3,2
CFB000451,C054,2021-11-19,4,4,3,3,3,3
CFB000452,C069,2021-11-19,3,3,2,3,2,1
CFB000453,C029,2021-11-19,3,2,2,2,3,3
CFB000454,C086,2021-11-19,1,2,2,3,3,2
CFB000455,C010,2021-11-19,1,3,3,3,2,3
CFB000456,C060,2021-11-19,2,4,5,5,4,4
CFB000457,C002,2021-11-19,4,2,3,3,4,2
CFB000458,C055,2021-11-19,2,3,1,2,2,2
CFB000459,C006,2021-11-19,4,5,3,4,3,5
CFB000460,C085,2021-11-19,5,4,4,4,3,4
CFB000461,C087,2021-11-19,3,4,3,4,2,4
CFB000462,C070,2021-11-19,3,5,4,4,5,3
CFB000463,C088,2021-11-19,3,2,4,1,2,3
CFB000464,C085,2021-11-19,4,4,3,3,2,5
CFB000465,C024,2021-11-19,4,3,4,3,3,4
CFB000466,C075,2021-11-19,3,3,3,3,4,5
CFB000467,C054,2021-11-19,2,4,5,4,3,3
CFB000468,C088,2021-11-19,5,5,2,3,3,5
CFB000469,C035,2021-11-19,4,3,4,5,3,5
CFB000470,C024,2021-11-19,4,3,4,5,3,3
CFB000471,C063,2021-11-19,5,3,4,4,2,4
CFB000472,C015,2021-11-19,2,3,4,4,4,2
CFB000473,C054,2021-11-19,3,3,3,4,5,3
CFB000474,C036,2021-11-19,5,4,4,5,2,3
CFB000475,C031,2021-11-19,5,5,4,5,3,5
CFB000476,C060,2021-11-19,2,3,2,4,5,2
CFB000477,C077,2021-11-19,3,2,3,3,5,4
CFB000478,C068,2021-11-19,4,1,4,3,2,5
CFB000479,C030,2021-11-19,5,4,4,4,3,4
CFB000480,C066,2021-11-19,4,2,3,3,2,4
CFB000481,C004,2021-11-19,5,4,4,4,3,4
CFB000482,C062,2021-11-19,4,3,3,2,2,5
CFB000483,C030,2021-11-19,3,4,2,4,3,4
CFB000484,C030,2021-11-19,3,4,3,2,3,4
CFB000485,C080,2021-11-20,3,2,1,3,4,3
CFB000486,C002,2021-11-20,2,3,2,3,3,4
CFB000487,C036,2021-11-20,1,3,1,3,5,3
CFB000488,C010,2021-11-20,3,1,2,3,1,4
CFB000489,C019,2021-11-20,5,3,2,4,4,4
CFB000490,C029,2021-11-20,3,4,4,3,3,3
CFB000491,C019,2021-11-20,3,3,2,3,5,5
CFB000492,C062,2021-11-20,4,2,2,3,5,5
CFB000493,C069,2021-11-20,3,2,2,2,2,3
CFB000494,C046,2021-11-20,4,4,4,3,5,2
CFB000495,C032,2021-11-20,3,2,2,3,2,3
CFB000496,C013,2021-11-20,3,3,5,4,3,3
CFB000497,C044,2021-11-20,5,3,4,5,3,5
CFB000498,C030,2021-11-20,4,4,5,3,4,3
CFB000499,C008,2021-11-20,2,2,3,2,3,3
CFB000500,C016,2021-11-20,3,3,4,3,4,2
CFB000501,C080,2021-11-20,1,2,4,4,4,5
CFB000502,C006,2021-11-20,5,4,3,4,2,5
CFB000503,C013,2021-11-20,5,2,4,5,3,5
CFB000504,C010,2021-11-20,3,2,3,3,2,4
CFB000505,C059,2021-11-20,3,3,5,2,2,2
CFB000506,C062,2021-11-20,4,2,3,2,3,3
CFB000507,C035,2021-11-20,3,4,1,4,5,3
CFB000508,C080,2021-11-20,4,5,4,5,5,5
CFB000509,C069,2021-11-20,1,4,4,4,3,3
CFB000510,C069,2021-11-20,4,4,5,5,3,4
CFB000511,C059,2021-11-20,4,2,4,5,3,5
CFB000512,C054,2021-11-20,4,4,3,3,4,4
CFB000513,C069,2021-11-20,1,5,4,4,1,2
CFB000514,C008,2021-11-20,5,3,4,4,5,4
CFB000515,C077,2021-11-20,5,3,4,4,1,2
CFB000516,C066,2021-11-20,4,4,4,2,4,3
CFB000517,C017,2021-11-20,3,3,4,2,4,3
CFB000518,C032,2021-11-20,5,4,4,4,3,4
CFB000519,C024,2021-11-20,4,3,3,3,3,3
CFB000520,C051,2021-11-20,3,3,3,2,5,4
CFB000521,C062,2021-11-20,3,3,4,4,2,3
CFB000522,C066,2021-11-20,4,3,5,3,4,5
CFB000523,C018,2021-11-20,4,3,4,3,5,5
CFB000524,C021,2021-11-20,1,4,4,3,3,3
CFB000525,C040,2021-11-20,3,4,5,4,5,4
CFB000526,C046,2021-11-20,3,3,4,4,4,4
CFB000527,C070,2021-11-21,3,2,3,3,1,3
CFB000528,C078,2021-11-21,2,3,3,3,4,3
CFB000529,C018,2021-11-21,2,3,2,3,4,3
CFB000530,C007,2021-11-21,4,2,2,5,3,3
CFB000531,C089,2021-11-21,4,1,1,2,2,2
CFB000532,C059,2021-11-21,5,3,4,3,4,4
CFB000533,C006,2021-11-21,4,2,3,3,3,4
CFB000534,C062,2021-11-21,5,4,4,5,2,4
CFB000535,C029,2021-11-21,3,3,3,4,2,3
CFB000536,C040,2021-11-21,4,3,3,3,3,3
CFB000537,C047,2021-11-21,3,1,4,4,5,4
CFB000538,C039,2021-11-21,4,2,4,5,3,3
CFB000539,C074,2021-11-21,3,3,3,2,2,2
CFB000540,C006,2021-11-21,4,2,3,3,2,3
CFB000541,C045,2021-11-21,5,4,2,4,3,3
CFB000542,C019,2021-11-21,3,3,4,4,1,4
CFB000543,C045,2021-11-21,3,2,3,2,2,4
CFB000544,C079,2021-11-21,4,3,3,3,2,3
CFB000545,C045,2021-11-21,4,3,2,2,2,2
CFB000546,C040,2021-11-21,2,5,3,3,2,4
CFB000547,C074,2021-11-21,3,3,4,4,4,2
CFB000548,C038,2021-11-21,4,3,5,3,5,4
CFB000549,C037,2021-11-21,3,3,4,5,5,4
CFB000550,C016,2021-11-21,4,2,4,2,4,3
CFB000551,C059,2021-11-21,2,2,3,4,4,2
CFB000552,C043,2021-11-21,3,2,2,3,4,3
CFB000553,C044,2021-11-21,3,4,4,5,4,4
CFB000554,C073,2021-11-21,2,2,3,3,4,2
CFB000555,C087,2021-11-21,4,5,3,4,2,5
CFB000556,C086,2021-11-21,5,3,4,5,1,4
CFB000557,C067,2021-11-21,4,3,3,5,4,3
CFB000558,C034,2021-11-21,5,5,4,3,5,5
CFB000559,C074,2021-11-21,4,3,2,3,3,3
CFB000560,C070,2021-11-21,4,5,3,5,4,3
CFB000561,C074,2021-11-21,2,5,4,4,2,4
CFB000562,C054,2021-11-21,2,3,3,4,2,2
CFB000563,C027,2021-11-21,3,3,3,3,3,2
CFB000564,C032,2021-11-21,5,2,4,2,2,4
CFB000565,C048,2021-11-21,5,3,5,4,2,4
CFB000566,C032,2021-11-21,3,3,3,2,3,3
CFB000567,C010,2021-11-21,4,5,3,4,3,3
CFB000568,C045,2021-11-22,3,3,4,3,1,2
CFB000569,C088,2021-11-22,3,5,4,3,3,3
CFB000570,C043,2021-11-22,3,4,4,3,3,3
CFB000571,C067,2021-11-22,4,4,4,4,3,4
CFB000572,C008,2021-11-22,3,3,3,3,3,3
CFB000573,C063,2021-11-22,3,3,3,1,3,3
CFB000574,C032,2021-11-22,3,3,3,4,3,3
CFB000575,C020,2021-11-22,4,3,3,4,3,3
CFB000576,C007,2021-11-22,2,4,3,3,3,3
CFB000577,C046,2021-11-22,2,3,3,3,3,3
CFB000578,C037,2021-11-22,3,2,3,5,2,4
CFB000579,C070,2021-11-22,5,3,3,2,1,3
CFB000580,C086,2021-11-22,4,2,4,2,3,5
CFB000581,C029,2021-11-22,5,4,3,2,2,4
CFB000582,C086,2021-11-22,5,2,2,4,2,1
CFB000583,C044,2021-11-22,4,4,2,5,4,2
CFB000584,C010,2021-11-22,3,2,2,2,4,1
CFB000585,C019,2021-11-22,3,4,4,5,4,3
CFB000586,C010,2021-11-22,5,3,5,5,3,3
CFB000587,C087,2021-11-22,2,3,2,3,4,2
CFB000588,C089,2021-11-22,4,3,3,2,1,4
CFB000589,C034,2021-11-22,4,4,2,4,3,4
CFB000590,C008,2021-11-22,4,2,4,5,5,4
CFB000591,C004,2021-11-22,4,2,4,3,4,4
CFB000592,C078,2021-11-22,4,2,3,3,3,3
CFB000593,C031,2021-11-22,5,4,3,2,5,4
CFB000594,C015,2021-11-22,3,3,4,3,3,2
CFB000595,C051,2021-11-22,4,3,2,2,4,3
CFB000596,C078,2021-11-22,4,4,4,4,4,3
CFB000597,C002,2021-11-22,2,3,3,2,4,2
CFB000598,C056,2021-11-22,4,4,3,5,5,3
CFB000599,C055,2021-11-22,4,4,4,4,4,4
CFB000600,C038,2021-11-22,4,3,4,5,1,3
CFB000601,C040,2021-11-22,5,4,3,4,3,4
CFB000602,C010,2021-11-22,5,5,4,4,5,5
CFB000603,C034,2021-11-22,5,4,5,3,3,4
CFB000604,C061,2021-11-22,4,4,3,3,4,2
CFB000605,C010,2021-11-22,3,3,3,3,5,3
CFB000606,C038,2021-11-22,4,3,3,2,4,3
CFB000607,C021,2021-11-22,3,2,3,2,2,3
CFB000608,C035,2021-11-22,4,4,3,5,3,3
CFB000609,C036,2021-11-22,3,4,4,4,4,4
CFB000610,C056,2021-11-22,5,5,4,4,2,4
CFB000611,C070,2021-11-22,5,4,2,4,4,5
CFB000612,C016,2021-11-23,4,5,4,3,2,4
CFB000613,C077,2021-11-23,3,3,3,4,3,3
CFB000614,C010,2021-11-23,3,4,4,3,2,1
CFB000615,C029,2021-11-23,3,2,3,2,4,4
CFB000616,C062,2021-11-23,4,4,4,3,4,3
CFB000617,C077,2021-11-23,4,5,4,5,4,4
CFB000618,C073,2021-11-23,4,3,4,4,3,3
CFB000619,C080,2021-11-23,2,2,2,4,4,3
CFB000620,C078,2021-11-23,2,2,1,4,3,2
CFB000621,C018,2021-11-23,3,3,2,4,1,3
CFB000622,C089,2021-11-23,2,4,4,3,5,4
CFB000623,C067,2021-11-23,4,4,2,2,4,3
CFB000624,C066,2021-11-23,3,2,2,5,5,3
CFB000625,C034,2021-11-23,4,4,4,5,1,4
CFB000626,C073,2021-11-23,4,3,2,4,3,3
CFB000627,C002,2021-11-23,2,1,4,3,3,3
CFB000628,C019,2021-11-23,4,4,3,3,4,3
CFB000629,C074,2021-11-23,3,4,3,4,5,4
CFB000630,C043,2021-11-23,3,3,3,3,2,4
CFB000631,C060,2021-11-23,2,3,3,4,4,4
CFB000632,C048,2021-11-23,3,3,3,3,3,3
CFB000633,C073,2021-11-23,4,4,5,3,1,5
CFB000634,C077,2021-11-23,4,4,3,3,5,5
CFB000635,C007,2021-11-23,3,3,5,4,5,2
CFB000636,C051,2021-11-23,4,2,1,3,1,3
CFB000637,C062,2021-11-23,2,2,1,4,1,3
CFB000638,C006,2021-11-23,3,3,4,2,2,2
CFB000639,C002,2021-11-23,4,2,5,3,2,3
CFB000640,C035,2021-11-23,5,3,4,3,3,4
CFB000641,C078,2021-11-23,5,4,5,3,4,3
CFB000642,C069,2021-11-23,5,4,5,5,3,5
CFB000643,C040,2021-11-23,2,5,4,5,3,3
CFB000644,C031,2021-11-23,5,5,5,4,4,4
CFB000645,C007,2021-11-23,3,4,2,4,3,4
CFB000646,C036,2021-11-23,3,4,2,3,3,3
CFB000647,C088,2021-11-23,3,4,5,4,3,2
CFB000648,C054,2021-11-23,4,5,3,4,3,5
CFB000649,C075,2021-11-23,3,4,2,4,2,2
CFB000650,C062,2021-11-23,3,3,4,4,3,2
CFB000651,C036,2021-11-23,5,4,5,5,4,4
CFB000652,C051,2021-11-23,4,3,4,5,4,3
CFB000653,C036,2021-11-23,3,3,3,3,3,3
CFB000654,C087,2021-11-23,4,3,5,4,2,5
CFB000655,C060,2021-11-23,3,4,3,4,2,3
CFB000656,C035,2021-11-23,3,3,1,2,2,3
CFB000657,C088,2021-11-23,4,4,4,3,4,5
CFB000658,C061,2021-11-23,3,3,2,2,3,3
CFB000659,C006,2021-11-23,3,3,4,3,4,2
CFB000660,C006,2021-11-23,3,4,2,1,3,4
CFB000661,C044,2021-11-23,3,2,4,2,2,4
CFB000662,C036,2021-11-23,3,3,4,4,4,3
CFB000663,C051,2021-11-23,4,4,5,5,4,5
CFB000664,C077,2021-11-24,3,2,3,4,2,4
CFB000665,C087,2021-11-24,5,2,3,4,3,4
CFB000666,C087,2021-11-24,4,4,5,3,4,4
CFB000667,C066,2021-11-24,2,3,5,3,2,4
CFB000668,C086,2021-11-24,4,3,4,4,3,4
CFB000669,C047,2021-11-24,4,3,4,5,3,2
CFB000670,C020,2021-11-24,4,5,4,4,3,4
CFB000671,C088,2021-11-24,2,3,2,4,5,3
CFB000672,C079,2021-11-24,3,2,2,2,3,2
CFB000673,C065,2021-11-24,4,3,2,3,4,4
CFB000674,C045,2021-11-24,3,5,4,3,3,5
CFB000675,C060,2021-11-24,3,3,2,2,3,2
CFB000676,C019,2021-11-24,4,4,3,3,4,3
CFB000677,C084,2021-11-24,2,3,4,3,3,3
CFB000678,C077,2021-11-24,5,3,2,2,2,5
CFB000679,C089,2021-11-24,3,3,2,5,1,4
CFB000680,C087,2021-11-24,5,3,4,4,3,3
CFB000681,C054,2021-11-24,4,4,2,1,3,3
CFB000682,C035,2021-11-24,3,4,3,2,2,4
CFB000683,C078,2021-11-24,2,2,3,3,4,2
CFB000684,C078,2021-11-24,4,3,5,2,5,4
CFB000685,C059,2021-11-24,4,2,3,3,3,2
CFB000686,C037,2021-11-24,4,4,5,3,3,3
CFB000687,C061,2021-11-24,5,3,4,5,2,3
CFB000688,C018,2021-11-24,4,3,3,4,3,3
CFB000689,C006,2021-11-24,4,4,4,5,3,3
CFB000690,C019,2021-11-24,3,4,3,4,4,5
CFB000691,C008,2021-11-24,4,2,4,4,3,3
CFB000692,C016,2021-11-24,4,4,4,5,4,2
CFB000693,C075,2021-11-24,3,2,4,4,3,3
CFB000694,C029,2021-11-24,4,3,5,5,2,4
CFB000695,C024,2021-11-24,3,4,3,3,3,4
CFB000696,C063,2021-11-24,2,2,4,4,2,3
CFB000697,C036,2021-11-24,3,3,3,4,3,3
CFB000698,C017,2021-11-24,4,3,5,4,4,4
CFB000699,C073,2021-11-24,3,4,3,4,4,4
CFB000700,C062,2021-11-24,3,4,4,3,4,4
CFB000701,C027,2021-11-24,4,2,4,4,2,3
CFB000702,C029,2021-11-24,3,4,3,4,3,4
CFB000703,C036,2021-11-24,2,3,3,3,2,3
CFB000704,C048,2021-11-24,5,3,4,4,3,3
CFB000705,C007,2021-11-24,5,4,3,4,4,4
CFB000706,C030,2021-11-24,3,3,3,4,4,1
CFB000707,C020,2021-11-24,2,2,4,4,3,4
CFB000708,C077,2021-11-24,4,4,5,5,3,3
CFB000709,C069,2021-11-24,3,3,4,4,5,3
CFB000710,C035,2021-11-24,4,4,4,4,5,4
CFB000711,C075,2021-11-25,3,3,2,1,2,3
CFB000712,C019,2021-11-25,4,4,3,3,5,3
CFB000713,C006,2021-11-25,2,3,2,4,5,3
CFB000714,C006,2021-11-25,4,4,3,3,3,2
CFB000715,C020,2021-11-25,3,3,2,4,3,5
CFB000716,C087,2021-11-25,1,3,1,2,3,2
CFB000717,C030,2021-11-25,2,3,3,1,1,4
CFB000718,C061,2021-11-25,2,3,2,4,2,4
CFB000719,C073,2021-11-25,5,2,4,5,1,3
CFB000720,C087,2021-11-25,3,3,3,3,5,3
CFB000721,C061,2021-11-25,3,3,4,3,2,4
CFB000722,C037,2021-11-25,4,2,3,3,2,4
CFB000723,C088,2021-11-25,4,5,5,4,1,4
CFB000724,C048,2021-11-25,4,4,3,3,4,5
CFB000725,C008,2021-11-25,4,4,3,5,3,3
CFB000726,C030,2021-11-25,2,4,3,1,2,4
CFB000727,C073,2021-11-25,4,3,4,3,2,5
CFB000728,C080,2021-11-25,2,1,3,3,3,2
CFB000729,C013,2021-11-25,2,4,4,3,3,3
CFB000730,C079,2021-11-25,3,4,4,4,4,4
CFB000731,C078,2021-11-25,2,3,2,3,2,3
CFB000732,C043,2021-11-25,4,4,5,4,4,3
CFB000733,C062,2021-11-25,4,3,4,5,3,2
CFB000734,C085,2021-11-25,4,3,2,3,3,4
CFB000735,C040,2021-11-25,4,3,4,3,3,4
CFB000736,C084,2021-11-25,4,2,4,3,2,2
CFB000737,C043,2021-11-25,5,5,5,5,3,3
CFB000738,C019,2021-11-25,5,3,3,3,2,3
CFB000739,C031,2021-11-25,5,4,3,5,3,4
CFB000740,C002,2021-11-25,3,3,5,2,4,4
CFB000741,C060,2021-11-25,4,4,5,3,4,3
CFB000742,C084,2021-11-25,3,5,3,2,1,5
CFB000743,C015,2021-11-25,4,4,3,4,1,2
CFB000744,C013,2021-11-25,4,5,3,4,1,4
CFB000745,C074,2021-11-25,4,4,4,3,3,4
CFB000746,C069,2021-11-25,5,2,4,4,3,3
CFB000747,C030,2021-11-25,5,4,3,3,4,2
CFB000748,C073,2021-11-25,5,5,5,4,3,5
CFB000749,C030,2021-11-25,4,5,2,3,3,4
CFB000750,C060,2021-11-25,4,4,4,4,1,3
CFB000751,C060,2021-11-25,5,3,4,4,4,3
CFB000752,C048,2021-11-25,4,4,2,2,2,5
CFB000753,C035,2021-11-25,2,4,3,2,5,3
CFB000754,C088,2021-11-25,4,4,4,5,4,5
CFB000755,C037,2021-11-25,3,4,3,2,5,4
CFB000756,C059,2021-11-25,3,3,2,4,5,3
CFB000757,C035,2021-11-25,3,2,4,3,4,3
CFB000758,C002,2021-11-26,2,2,3,4,3,5
CFB000759,C065,2021-11-26,5,3,3,4,3,2
CFB000760,C085,2021-11-26,5,3,4,2,1,3
CFB000761,C084,2021-11-26,3,2,2,3,3,3
CFB000762,C069,2021-11-26,3,5,4,3,2,3
CFB000763,C039,2021-11-26,3,3,4,3,3,4
CFB000764,C063,2021-11-26,5,4,4,4,2,1
CFB000765,C084,2021-11-26,3,3,2,4,5,1
CFB000766,C002,2021-11-26,2,2,3,4,1,3
CFB000767,C047,2021-11-26,3,3,4,4,3,2
CFB000768,C087,2021-11-26,3,3,3,5,2,4
CFB000769,C017,2021-11-26,3,3,3,5,4,2
CFB000770,C031,2021-11-26,5,4,4,3,3,3
CFB000771,C043,2021-11-26,2,3,2,2,2,3
CFB000772,C045,2021-11-26,4,3,3,3,4,3
CFB000773,C008,2021-11-26,4,3,3,4,3,3
CFB000774,C043,2021-11-26,2,3,3,2,2,5
CFB000775,C051,2021-11-26,4,4,4,3,1,4
CFB000776,C079,2021-11-26,4,3,4,3,3,2
CFB000777,C040,2021-11-26,3,3,3,4,4,2
CFB000778,C021,2021-11-26,2,2,4,2,3,3
CFB000779,C039,2021-11-26,2,3,3,5,3,4
CFB000780,C063,2021-11-26,4,5,4,4,4,2
CFB000781,C075,2021-11-26,4,2,4,4,2,3
CFB000782,C010,2021-11-26,4,2,4,4,3,3
CFB000783,C060,2021-11-26,5,3,3,5,3,4
CFB000784,C008,2021-11-26,4,3,3,4,2,3
CFB000785,C047,2021-11-26,3,1,2,4,5,2
CFB000786,C016,2021-11-26,3,3,2,4,3,2
CFB000787,C067,2021-11-26,2,4,4,2,4,3
CFB000788,C018,2021-11-26,4,4,3,3,3,3
CFB000789,C019,2021-11-26,4,3,3,4,2,5
CFB000790,C067,2021-11-26,3,2,3,3,3,3
CFB000791,C077,2021-11-26,4,4,4,5,3,3
CFB000792,C043,2021-11-26,3,2,3,4,3,3
CFB000793,C030,2021-11-26,4,3,3,3,3,3
CFB000794,C069,2021-11-26,3,4,4,2,3,3
CFB000795,C061,2021-11-26,2,3,5,2,3,3
CFB000796,C069,2021-11-26,4,3,3,3,4,3
CFB000797,C040,2021-11-26,3,2,3,3,2,3
CFB000798,C078,2021-11-26,5,4,4,3,3,5
CFB000799,C088,2021-11-26,4,3,5,5,2,4
CFB000800,C067,2021-11-26,5,4,5,3,4,4
CFB000801,C043,2021-11-26,4,4,4,3,3,5
CFB000802,C070,2021-11-26,2,4,3,3,3,3
CFB000803,C004,2021-11-26,3,4,3,3,4,3
CFB000804,C085,2021-11-26,4,4,4,3,3,5
CFB000805,C073,2021-11-26,4,3,4,3,1,3
CFB000806,C007,2021-11-26,3,5,5,4,4,4
CFB000807,C044,2021-11-26,3,4,5,3,2,4
CFB000808,C065,2021-11-27,1,2,3,3,4,3
CFB000809,C040,2021-11-27,2,2,2,4,3,1
CFB000810,C043,2021-11-27,4,1,4,3,3,4
CFB000811,C063,2021-11-27,4,3,3,2,1,3
CFB000812,C051,2021-11-27,2,3,2,4,2,5
CFB000813,C044,2021-11-27,3,2,3,3,2,3
CFB000814,C004,2021-11-27,4,4,2,3,2,4
CFB000815,C074,2021-11-27,3,2,4,4,4,2
CFB000816,C069,2021-11-27,3,2,2,4,3,3
CFB000817,C043,2021-11-27,4,3,1,3,4,2
CFB000818,C039,2021-11-27,4,3,2,3,3,2
CFB000819,C074,2021-11-27,3,2,3,3,3,4
CFB000820,C061,2021-11-27,3,4,4,4,3,4
CFB000821,C075,2021-11-27,2,4,4,4,3,5
CFB000822,C037,2021-11-27,5,3,3,4,2,2
CFB000823,C062,2021-11-27,3,2,4,4,2,3
CFB000824,C078,2021-11-27,3,3,2,3,3,4
CFB000825,C029,2021-11-27,2,2,1,5,1,3
CFB000826,C016,2021-11-27,4,4,3,4,3,3
CFB000827,C007,2021-11-27,3,3,3,2,2,4
CFB000828,C032,2021-11-27,4,4,4,4,2,5
CFB000829,C069,2021-11-27,3,4,3,4,2,2
CFB000830,C040,2021-11-27,4,3,4,4,3,5
CFB000831,C063,2021-11-27,4,2,3,3,4,3
CFB000832,C061,2021-11-27,3,4,3,5,3,5
CFB000833,C007,2021-11-27,4,2,2,3,2,2
CFB000834,C031,2021-11-27,4,5,4,4,3,4
CFB000835,C046,2021-11-27,3,3,3,5,2,4
CFB000836,C017,2021-11-27,5,3,3,4,3,4
CFB000837,C078,2021-11-27,4,4,4,5,1,4
CFB000838,C037,2021-11-27,2,4,3,4,3,3
CFB000839,C045,2021-11-27,3,3,4,5,5,3
CFB000840,C089,2021-11-27,4,2,2,3,5,3
CFB000841,C056,2021-11-27,5,4,4,5,4,4
CFB000842,C063,2021-11-27,3,5,3,4,3,4
CFB000843,C048,2021-11-27,4,2,3,5,5,4
CFB000844,C031,2021-11-27,4,2,4,4,5,3
CFB000845,C039,2021-11-27,5,5,4,4,2,4
CFB000846,C020,2021-11-27,3,4,4,3,2,5
CFB000847,C075,2021-11-27,5,3,4,4,3,3
CFB000848,C044,2021-11-27,4,3,4,3,3,4
CFB000849,C074,2021-11-27,4,2,4,2,2,4
CFB000850,C020,2021-11-27,3,2,3,4,3,4
CFB000851,C047,2021-11-27,4,4,3,3,2,3
CFB000852,C006,2021-11-27,4,3,4,4,4,3
CFB000853,C004,2021-11-27,3,2,4,4,1,3
CFB000854,C085,2021-11-28,4,2,3,3,2,2
CFB000855,C055,2021-11-28,3,3,3,3,3,2
CFB000856,C006,2021-11-28,3,1,4,3,3,4
CFB000857,C068,2021-11-28,3,2,4,2,3,4
CFB000858,C024,2021-11-28,4,2,1,3,2,2
CFB000859,C034,2021-11-28,3,4,5,5,2,4
CFB000860,C081,2021-11-28,4,2,3,3,2,3
CFB000861,C034,2021-11-28,4,4,4,2,4,3
CFB000862,C089,2021-11-28,5,4,4,5,3,5
CFB000863,C060,2021-11-28,3,3,4,2,3,2
CFB000864,C008,2021-11-28,1,2,4,3,4,3
CFB000865,C073,2021-11-28,5,4,3,4,2,4
CFB000866,C087,2021-11-28,3,3,3,3,4,3
CFB000867,C078,2021-11-28,4,3,4,3,3,2
CFB000868,C086,2021-11-28,4,2,3,2,3,3
CFB000869,C046,2021-11-28,2,3,4,3,3,4
CFB000870,C045,2021-11-28,1,3,4,2,2,4
CFB000871,C073,2021-11-28,3,3,4,3,2,3
CFB000872,C062,2021-11-28,3,2,4,5,3,4
CFB000873,C062,2021-11-28,3,3,5,3,2,5
CFB000874,C044,2021-11-28,2,4,3,3,2,3
CFB000875,C086,2021-11-28,5,5,3,4,3,4
CFB000876,C034,2021-11-28,4,1,3,5,3,3
CFB000877,C068,2021-11-28,5,2,4,4,4,3
CFB000878,C040,2021-11-28,5,3,3,4,5,3
CFB000879,C067,2021-11-28,2,4,3,3,3,2
CFB000880,C037,2021-11-28,3,3,2,1,3,4
CFB000881,C032,2021-11-28,4,3,3,3,2,4
CFB000882,C055,2021-11-28,3,2,2,5,3,2
CFB000883,C069,2021-11-28,5,2,3,3,4,5
CFB000884,C066,2021-11-28,5,4,3,4,3,3
CFB000885,C045,2021-11-28,4,2,2,3,2,3
CFB000886,C010,2021-11-28,5,2,4,4,2,3
CFB000887,C036,2021-11-28,4,3,3,4,3,4
CFB000888,C002,2021-11-28,2,2,2,1,3,3
CFB000889,C019,2021-11-28,3,4,3,3,3,3
CFB000890,C002,2021-11-28,5,1,4,4,1,3
CFB000891,C063,2021-11-28,4,3,3,5,4,3
CFB000892,C047,2021-11-28,4,3,4,4,4,5
CFB000893,C010,2021-11-28,3,4,5,4,3,3
CFB000894,C075,2021-11-28,4,3,3,4,2,4
CFB000895,C074,2021-11-28,4,4,5,4,4,5
CFB000896,C066,2021-11-28,2,4,3,3,2,1
CFB000897,C029,2021-11-28,4,2,3,3,2,2
CFB000898,C073,2021-11-28,4,2,3,4,4,4
CFB000899,C008,2021-11-28,4,5,4,4,3,5
CFB000900,C059,2021-11-28,5,4,3,4,5,3
CFB000901,C036,2021-11-28,2,3,4,2,4,3
CFB000902,C073,2021-11-28,3,4,2,4,4,2
CFB000903,C085,2021-11-28,4,2,3,4,3,3
CFB000904,C032,2021-11-28,4,5,4,4,4,5
CFB000905,C070,2021-11-28,4,2,5,2,4,4
CFB000906,C044,2021-11-28,3,3,3,3,3,3
CFB000907,C010,2021-11-28,4,2,3,4,5,2
CFB000908,C070,2021-11-28,5,5,5,3,4,5
CFB000909,C054,2021-11-28,5,3,3,4,3,4
CFB000910,C015,2021-11-28,5,1,3,3,3,3
CFB000911,C087,2021-11-28,3,5,4,4,2,4
CFB000912,C059,2021-11-28,4,4,4,3,2,5
CFB000913,C029,2021-11-28,2,3,4,4,3,5
CFB000914,C019,2021-11-29,1,2,2,3,4,1
CFB000915,C066,2021-11-29,2,4,5,3,2,4
CFB000916,C013,2021-11-29,4,4,2,3,1,4
CFB000917,C037,2021-11-29,2,3,3,4,2,3
CFB000918,C054,2021-11-29,3,4,2,4,4,3
CFB000919,C019,2021-11-29,4,2,2,4,5,3
CFB000920,C006,2021-11-29,3,3,1,3,5,2
CFB000921,C017,2021-11-29,3,3,3,4,4,3
CFB000922,C073,2021-11-29,5,4,2,3,2,4
CFB000923,C037,2021-11-29,3,2,3,2,3,3
CFB000924,C088,2021-11-29,4,2,2,1,3,3
CFB000925,C046,2021-11-29,4,3,3,3,3,3
CFB000926,C055,2021-11-29,4,3,3,4,2,3
CFB000927,C030,2021-11-29,4,3,4,4,2,5
CFB000928,C070,2021-11-29,2,2,2,3,3,2
CFB000929,C067,2021-11-29,3,1,3,3,3,3
CFB000930,C040,2021-11-29,4,4,3,4,2,4
CFB000931,C081,2021-11-29,3,2,2,2,2,4
CFB000932,C075,2021-11-29,5,4,4,4,3,3
CFB000933,C024,2021-11-29,4,4,3,5,1,4
CFB000934,C070,2021-11-29,3,3,4,5,5,5
CFB000935,C070,2021-11-29,2,4,3,3,2,3
CFB000936,C065,2021-11-29,3,1,4,5,4,3
CFB000937,C062,2021-11-29,3,4,3,2,4,3
CFB000938,C080,2021-11-29,3,3,2,3,2,3
CFB000939,C018,2021-11-29,4,4,5,4,2,3
CFB000940,C085,2021-11-29,4,3,4,4,4,2
CFB000941,C084,2021-11-29,3,3,2,2,3,3
CFB000942,C020,2021-11-29,1,5,4,3,2,3
CFB000943,C062,2021-11-29,3,2,4,4,4,3
CFB000944,C084,2021-11-29,4,2,3,3,1,3
CFB000945,C059,2021-11-29,3,5,4,4,4,3
CFB000946,C062,2021-11-29,3,3,4,3,5,3
CFB000947,C030,2021-11-29,5,4,5,5,5,3
CFB000948,C038,2021-11-29,3,4,4,4,3,3
CFB000949,C034,2021-11-29,3,3,3,4,4,3
CFB000950,C043,2021-11-29,3,2,2,2,5,3
CFB000951,C029,2021-11-29,3,3,3,4,3,3
CFB000952,C024,2021-11-29,5,5,4,4,3,4
CFB000953,C061,2021-11-29,4,4,5,5,3,5
CFB000954,C017,2021-11-29,2,3,2,3,5,4
CFB000955,C044,2021-11-29,4,1,3,4,3,3
CFB000956,C079,2021-11-29,3,3,3,4,3,3
CFB000957,C007,2021-11-29,3,3,3,5,2,4
CFB000958,C079,2021-11-29,3,4,4,5,2,3
CFB000959,C079,2021-11-30,4,4,3,4,1,3
CFB000960,C089,2021-11-30,4,3,2,3,2,4
CFB000961,C015,2021-11-30,2,4,3,5,4,3
CFB000962,C081,2021-11-30,3,5,3,3,2,2
CFB000963,C030,2021-11-30,3,4,3,4,1,3
CFB000964,C021,2021-11-30,4,2,4,4,3,4
CFB000965,C065,2021-11-30,4,4,3,3,4,4
CFB000966,C048,2021-11-30,2,3,4,4,1,2
CFB000967,C007,2021-11-30,2,4,3,2,5,4
CFB000968,C061,2021-11-30,2,2,4,3,3,3
CFB000969,C088,2021-11-30,4,4,2,2,3,2
CFB000970,C081,2021-11-30,3,3,3,4,3,4
CFB000971,C030,2021-11-30,4,3,4,3,4,4
CFB000972,C079,2021-11-30,4,4,4,5,3,3
CFB000973,C054,2021-11-30,4,5,5,5,5,5
CFB000974,C085,2021-11-30,4,4,3,2,4,4
CFB000975,C059,2021-11-30,4,3,2,2,1,4
CFB000976,C068,2021-11-30,4,3,4,3,4,3
CFB000977,C032,2021-11-30,3,5,5,4,3,4
CFB000978,C074,2021-11-30,3,3,3,4,4,4
CFB000979,C008,2021-11-30,3,2,3,3,2,2
CFB000980,C051,2021-11-30,3,3,4,3,3,3
CFB000981,C069,2021-11-30,5,2,2,3,4,2
CFB000982,C085,2021-11-30,3,3,3,3,3,2
CFB000983,C027,2021-11-30,5,4,3,5,4,5
CFB000984,C088,2021-11-30,4,2,4,4,2,3
CFB000985,C010,2021-11-30,2,3,4,4,3,1
CFB000986,C081,2021-11-30,5,5,2,1,3,4
CFB000987,C035,2021-11-30,2,3,5,4,2,3
CFB000988,C077,2021-11-30,3,3,4,3,4,4
CFB000989,C048,2021-11-30,3,2,4,4,4,4
CFB000990,C006,2021-11-30,5,3,5,2,4,3
CFB000991,C030,2021-11-30,5,3,5,5,3,4
CFB000992,C069,2021-11-30,4,4,4,3,2,4
CFB000993,C029,2021-11-30,4,3,3,4,3,3
CFB000994,C004,2021-11-30,2,2,4,4,3,2
CFB000995,C021,2021-11-30,3,1,2,3,3,3
CFB000996,C031,2021-11-30,3,5,5,4,4,4
CFB000997,C066,2021-11-30,3,4,3,3,3,4
CFB000998,C021,2021-11-30,5,2,2,3,2,3
CFB000999,C089,2021-11-30,5,5,4,5,2,4
CFB001000,C029,2021-11-30,4,5,5,3,2,4
CFB001001,C088,2021-11-30,3,2,3,4,3,4
CFB001002,C035,2021-11-30,3,2,3,3,2,2
CFB001003,C008,2021-11-30,2,4,3,4,3,3
CFB001004,C039,2021-11-30,4,3,3,4,2,5
CFB001005,C029,2021-12-01,4,4,3,4,2,4
CFB001006,C039,2021-12-01,3,2,3,4,3,3
CFB001007,C016,2021-12-01,3,3,4,2,3,3
CFB001008,C051,2021-12-01,3,2,4,3,4,3
CFB001009,C068,2021-12-01,3,3,4,4,4,3
CFB001010,C073,2021-12-01,4,4,3,2,3,2
CFB001011,C084,2021-12-01,4,3,2,2,3,4
CFB001012,C017,2021-12-01,4,3,4,4,3,4
CFB001013,C046,2021-12-01,2,3,3,4,3,4
CFB001014,C060,2021-12-01,4,3,5,5,3,2
CFB001015,C067,2021-12-01,3,4,4,3,3,4
CFB001016,C008,2021-12-01,2,4,2,4,3,5
CFB001017,C088,2021-12-01,3,3,4,4,2,2
CFB001018,C044,2021-12-01,2,3,3,2,1,3
CFB001019,C044,2021-12-01,2,2,4,3,3,3
CFB001020,C035,2021-12-01,4,3,5,3,2,5
CFB001021,C034,2021-12-01,2,4,3,3,4,3
CFB001022,C062,2021-12-01,3,4,2,4,2,2
CFB001023,C065,2021-12-01,5,1,3,4,2,4
CFB001024,C056,2021-12-01,3,4,4,4,3,4
CFB001025,C063,2021-12-01,5,3,5,4,3,4
CFB001026,C017,2021-12-01,4,2,4,3,5,3
CFB001027,C004,2021-12-01,3,3,3,3,4,2
CFB001028,C061,2021-12-01,4,4,4,4,5,4
CFB001029,C047,2021-12-01,3,4,3,3,3,3
CFB001030,C020,2021-12-01,3,2,2,5,5,3
CFB001031,C068,2021-12-01,3,5,5,4,2,4
CFB001032,C008,2021-12-01,4,3,3,3,3,2
CFB001033,C081,2021-12-01,4,3,4,4,2,3
CFB001034,C031,2021-12-01,4,4,4,4,2,3
CFB001035,C020,2021-12-01,3,3,5,3,2,2
CFB001036,C084,2021-12-01,5,4,4,3,3,5
CFB001037,C034,2021-12-01,4,3,5,5,3,2
CFB001038,C061,2021-12-01,5,3,4,5,4,3
CFB001039,C088,2021-12-01,5,3,4,4,3,4
CFB001040,C066,2021-12-01,5,4,5,5,4,4
CFB001041,C047,2021-12-01,3,4,4,3,4,3
CFB001042,C016,2021-12-01,3,3,3,2,3,4
CFB001043,C046,2021-12-01,4,2,3,3,3,4
CFB001044,C079,2021-12-01,3,4,4,4,3,5
CFB001045,C065,2021-12-01,5,4,5,4,4,5
CFB001046,C030,2021-12-02,4,2,4,3,3,4
CFB001047,C073,2021-12-02,3,3,5,3,4,5
CFB001048,C018,2021-12-02,3,2,3,3,3,1
CFB001049,C035,2021-12-02,4,3,3,2,4,4
CFB001050,C062,2021-12-02,4,3,3,4,5,4
CFB001051,C002,2021-12-02,2,2,1,1,3,3
CFB001052,C085,2021-12-02,2,3,3,3,1,3
CFB001053,C056,2021-12-02,3,4,3,4,4,2
CFB001054,C062,2021-12-02,1,3,2,4,3,3
CFB001055,C021,2021-12-02,4,1,3,3,3,4
CFB001056,C010,2021-12-02,5,2,2,4,4,4
CFB001057,C089,2021-12-02,4,3,3,3,3,4
CFB001058,C034,2021-12-02,3,4,4,3,3,4
CFB001059,C013,2021-12-02,2,2,5,3,3,2
CFB001060,C006,2021-12-02,4,3,4,5,2,3
CFB001061,C065,2021-12-02,4,4,3,5,5,3
CFB001062,C086,2021-12-02,4,4,5,4,4,4
CFB001063,C036,2021-12-02,4,2,3,3,2,2
CFB001064,C088,2021-12-02,4,5,5,5,1,4
CFB001065,C069,2021-12-02,4,4,4,2,3,4
CFB001066,C062,2021-12-02,4,5,5,5,3,4
CFB001067,C087,2021-12-02,2,3,4,2,2,4
CFB001068,C010,2021-12-02,4,4,3,4,3,3
CFB001069,C067,2021-12-02,3,3,2,4,3,3
CFB001070,C020,2021-12-02,4,4,4,4,4,4
CFB001071,C004,2021-12-02,3,3,3,3,2,4
CFB001072,C055,2021-12-02,3,2,2,4,5,3
CFB001073,C020,2021-12-02,5,2,3,5,4,4
CFB001074,C075,2021-12-02,3,2,1,2,3,4
CFB001075,C036,2021-12-02,4,2,5,4,5,4
CFB001076,C068,2021-12-02,2,4,3,3,4,3
CFB001077,C067,2021-12-02,4,4,2,3,3,4
CFB001078,C036,2021-12-02,2,4,4,4,3,2
CFB001079,C017,2021-12-02,4,3,3,3,3,3
CFB001080,C046,2021-12-02,3,3,3,4,1,3
CFB001081,C037,2021-12-02,5,4,2,4,3,4
CFB001082,C086,2021-12-02,2,2,3,4,3,3
CFB001083,C085,2021-12-02,4,4,5,5,5,4
CFB001084,C089,2021-12-02,4,3,4,3,3,4
CFB001085,C079,2021-12-02,4,3,3,3,4,4
CFB001086,C039,2021-12-02,5,2,4,4,4,2
CFB001087,C039,2021-12-02,5,5,5,5,4,4
CFB001088,C032,2021-12-02,3,1,4,2,3,4
CFB001089,C007,2021-12-02,2,3,2,3,3,5
CFB001090,C075,2021-12-02,2,3,5,5,2,4
CFB001091,C089,2021-12-03,5,3,4,4,2,3
CFB001092,C069,2021-12-03,4,3,3,4,4,3
CFB001093,C018,2021-12-03,2,3,3,2,2,1
CFB001094,C032,2021-12-03,4,4,3,3,2,3
CFB001095,C063,2021-12-03,4,3,3,3,3,2
CFB001096,C020,2021-12-03,2,3,3,3,2,5
CFB001097,C039,2021-12-03,3,4,5,3,2,3
CFB001098,C080,2021-12-03,4,3,2,3,1,2
CFB001099,C016,2021-12-03,5,1,3,4,3,3
CFB001100,C024,2021-12-03,3,4,4,4,2,4
CFB001101,C034,2021-12-03,4,4,4,3,2,4
CFB001102,C048,2021-12-03,5,2,4,4,2,4
CFB001103,C069,2021-12-03,3,2,4,3,2,3
CFB001104,C037,2021-12-03,2,2,2,1,3,2
CFB001105,C062,2021-12-03,3,4,2,3,3,2
CFB001106,C040,2021-12-03,4,4,4,5,3,4
CFB001107,C061,2021-12-03,5,4,4,5,2,3
CFB001108,C066,2021-12-03,3,2,3,3,3,4
CFB001109,C084,2021-12-03,3,2,4,4,2,4
CFB001110,C059,2021-12-03,4,2,3,5,4,4
CFB001111,C074,2021-12-03,5,5,4,5,3,5
CFB001112,C007,2021-12-03,4,5,4,4,3,5
CFB001113,C038,2021-12-03,3,4,3,3,4,3
CFB001114,C037,2021-12-03,4,4,2,4,3,5
CFB001115,C046,2021-12-03,1,4,3,3,5,4
CFB001116,C018,2021-12-03,3,4,1,4,2,2
CFB001117,C069,2021-12-03,5,4,5,4,4,5
CFB001118,C029,2021-12-03,4,2,4,4,2,3
CFB001119,C008,2021-12-03,3,4,5,3,2,5
CFB001120,C007,2021-12-03,3,3,3,3,4,2
CFB001121,C054,2021-12-03,3,4,3,4,3,3
CFB001122,C040,2021-12-03,4,3,2,3,4,4
CFB001123,C062,2021-12-03,5,3,3,3,2,2
CFB001124,C002,2021-12-03,4,5,5,5,3,2
CFB001125,C062,2021-12-03,3,4,5,5,1,3
CFB001126,C019,2021-12-03,3,4,2,4,3,4
CFB001127,C055,2021-12-03,4,4,5,3,4,4
CFB001128,C081,2021-12-03,4,4,2,4,2,2
CFB001129,C047,2021-12-03,4,5,4,4,3,4
CFB001130,C054,2021-12-03,2,3,4,4,3,2
CFB001131,C016,2021-12-03,4,4,3,5,3,2
CFB001132,C087,2021-12-03,4,5,3,3,4,5
CFB001133,C007,2021-12-03,3,4,4,4,3,3
CFB001134,C088,2021-12-03,5,3,3,4,3,3
CFB001135,C047,2021-12-03,3,5,5,4,4,4
CFB001136,C046,2021-12-04,4,3,3,4,3,3
CFB001137,C085,2021-12-04,4,3,4,4,2,3
CFB001138,C062,2021-12-04,3,2,2,3,3,4
CFB001139,C032,2021-12-04,4,5,5,4,4,5
CFB001140,C075,2021-12-04,3,2,5,4,2,5
CFB001141,C034,2021-12-04,3,4,3,4,2,3
CFB001142,C038,2021-12-04,2,3,3,4,2,4
CFB001143,C015,2021-12-04,3,4,3,3,3,3
CFB001144,C019,2021-12-04,3,2,4,3,5,3
CFB001145,C038,2021-12-04,3,2,3,5,4,4
CFB001146,C046,2021-12-04,3,4,3,5,3,2
CFB001147,C068,2021-12-04,3,3,2,2,2,5
CFB001148,C031,2021-12-04,3,4,3,4,4,4
CFB001149,C077,2021-12-04,4,3,3,4,3,4
CFB001150,C038,2021-12-04,4,4,4,4,5,3
CFB001151,C027,2021-12-04,2,2,4,5,4,4
CFB001152,C040,2021-12-04,3,4,3,5,2,3
CFB001153,C073,2021-12-04,4,3,5,5,2,4
CFB001154,C074,2021-12-04,2,2,2,5,4,4
CFB001155,C039,2021-12-04,2,4,4,3,3,4
CFB001156,C027,2021-12-04,2,3,4,5,3,3
CFB001157,C031,2021-12-04,3,3,5,4,4,2
CFB001158,C056,2021-12-04,3,4,5,3,2,4
CFB001159,C029,2021-12-04,4,3,5,5,2,4
CFB001160,C029,2021-12-04,3,3,5,3,3,5
CFB001161,C084,2021-12-04,5,3,3,5,3,3
CFB001162,C078,2021-12-04,2,3,2,3,3,4
CFB001163,C069,2021-12-04,3,4,3,3,3,4
CFB001164,C087,2021-12-04,4,3,4,4,4,3
CFB001165,C013,2021-12-04,2,2,3,3,4,3
CFB001166,C002,2021-12-04,3,2,3,2,3,3
CFB001167,C062,2021-12-04,4,5,4,5,3,3
CFB001168,C039,2021-12-04,5,3,4,2,1,1
CFB001169,C015,2021-12-04,3,4,4,3,3,3
CFB001170,C062,2021-12-04,5,4,3,4,4,4
CFB001171,C070,2021-12-04,4,4,3,4,3,5
CFB001172,C039,2021-12-04,2,4,3,3,5,5
CFB001173,C084,2021-12-04,4,5,4,5,4,5
CFB001174,C013,2021-12-04,5,3,2,4,2,4
CFB001175,C010,2021-12-04,3,4,5,5,3,5
CFB001176,C020,2021-12-04,3,5,5,3,4,4
CFB001177,C021,2021-12-04,4,4,4,5,4,5
CFB001178,C043,2021-12-04,3,1,4,3,4,3
CFB001179,C044,2021-12-04,3,1,3,3,3,3
CFB001180,C029,2021-12-04,2,2,4,4,2,3
CFB001181,C048,2021-12-04,2,2,3,4,4,4
CFB001182,C066,2021-12-05,4,2,4,2,4,4
CFB001183,C032,2021-12-05,4,4,2,4,2,4
CFB001184,C077,2021-12-05,3,2,2,4,1,3
CFB001185,C078,2021-12-05,2,3,4,2,3,2
CFB001186,C046,2021-12-05,4,4,4,3,4,3
CFB001187,C059,2021-12-05,5,3,2,3,2,3
CFB001188,C081,2021-12-05,2,4,2,3,2,3
CFB001189,C059,2021-12-05,4,4,3,2,2,2
CFB001190,C060,2021-12-05,3,3,4,4,4,4
CFB001191,C078,2021-12-05,4,3,3,2,2,3
CFB001192,C084,2021-12-05,3,3,3,4,3,3
CFB001193,C032,2021-12-05,4,4,3,3,3,3
CFB001194,C037,2021-12-05,4,3,3,5,1,4
CFB001195,C020,2021-12-05,4,5,5,5,4,5
CFB001196,C087,2021-12-05,3,1,3,2,2,4
CFB001197,C024,2021-12-05,2,3,3,2,2,3
CFB001198,C008,2021-12-05,5,4,3,4,5,5
CFB001199,C044,2021-12-05,4,5,5,5,4,4
CFB001200,C004,2021-12-05,4,3,3,3,5,4
CFB001201,C018,2021-12-05,3,3,3,5,4,5
CFB001202,C074,2021-12-05,4,3,3,5,4,3
CFB001203,C063,2021-12-05,2,1,2,2,3,2
CFB001204,C084,2021-12-05,4,3,4,3,3,4
CFB001205,C060,2021-12-05,4,3,3,5,3,2
CFB001206,C032,2021-12-05,5,4,3,3,4,5
CFB001207,C019,2021-12-05,3,2,3,3,3,4
CFB001208,C066,2021-12-05,3,4,3,4,4,2
CFB001209,C065,2021-12-05,4,3,4,3,3,3
CFB001210,C002,2021-12-05,3,3,4,3,2,4
CFB001211,C040,2021-12-05,2,3,4,4,2,3
CFB001212,C046,2021-12-05,4,3,4,2,4,3
CFB001213,C060,2021-12-05,4,3,2,4,4,3
CFB001214,C085,2021-12-05,1,3,3,4,4,3
CFB001215,C015,2021-12-05,3,3,4,3,2,3
CFB001216,C038,2021-12-05,2,2,3,2,4,3
CFB001217,C069,2021-12-05,3,3,4,3,2,3
CFB001218,C035,2021-12-05,3,4,3,4,4,3
CFB001219,C056,2021-12-05,3,2,2,3,5,3
CFB001220,C070,2021-12-05,5,3,4,4,4,4
CFB001221,C021,2021-12-05,3,2,3,4,4,5
CFB001222,C020,2021-12-05,3,3,2,4,4,2
CFB001223,C055,2021-12-05,3,3,3,3,4,4
CFB001224,C074,2021-12-05,2,3,1,2,2,3
CFB001225,C031,2021-12-05,3,2,4,4,4,4
CFB001226,C088,2021-12-05,2,2,3,4,3,2
CFB001227,C070,2021-12-05,4,3,3,4,4,2
CFB001228,C008,2021-12-05,4,3,3,2,3,5
CFB001229,C013,2021-12-05,3,2,5,4,5,4
CFB001230,C088,2021-12-06,2,3,2,4,5,3
CFB001231,C086,2021-12-06,4,3,4,2,3,3
CFB001232,C019,2021-12-06,4,2,3,1,3,2
CFB001233,C040,2021-12-06,2,2,3,3,1,3
CFB001234,C080,2021-12-06,3,3,3,3,3,3
CFB001235,C075,2021-12-06,4,3,3,3,2,3
CFB001236,C007,2021-12-06,5,4,5,4,2,3
CFB001237,C024,2021-12-06,1,3,3,3,2,3
CFB001238,C034,2021-12-06,4,3,5,3,3,3
CFB001239,C073,2021-12-06,3,4,3,5,3,5
CFB001240,C068,2021-12-06,1,4,4,4,5,3
CFB001241,C066,2021-12-06,4,3,3,3,3,4
CFB001242,C081,2021-12-06,4,2,3,3,2,4
CFB001243,C031,2021-12-06,4,2,4,3,2,3
CFB001244,C056,2021-12-06,3,4,3,3,3,4
CFB001245,C065,2021-12-06,2,2,2,3,1,3
CFB001246,C065,2021-12-06,2,3,5,4,3,3
CFB001247,C027,2021-12-06,3,2,3,3,3,1
CFB001248,C073,2021-12-06,3,3,3,5,1,4
CFB001249,C089,2021-12-06,2,3,3,2,2,5
CFB001250,C043,2021-12-06,3,3,2,4,4,2
CFB001251,C067,2021-12-06,4,3,2,2,2,3
CFB001252,C054,2021-12-06,2,3,4,3,2,4
CFB001253,C016,2021-12-06,3,3,3,3,4,1
CFB001254,C060,2021-12-06,3,2,3,3,2,3
CFB001255,C066,2021-12-06,5,5,5,5,3,4
CFB001256,C038,2021-12-06,4,3,2,3,3,4
CFB001257,C043,2021-12-06,5,4,5,3,4,5
CFB001258,C066,2021-12-06,4,3,4,5,3,3
CFB001259,C018,2021-12-06,4,3,3,3,4,3
CFB001260,C084,2021-12-06,3,4,4,4,5,4
CFB001261,C020,2021-12-06,3,2,3,3,2,3
CFB001262,C006,2021-12-06,3,3,5,5,4,4
CFB001263,C019,2021-12-06,4,3,3,5,2,3
CFB001264,C086,2021-12-06,3,5,5,4,4,5
CFB001265,C037,2021-12-06,5,4,4,4,3,3
CFB001266,C089,2021-12-06,4,4,4,4,4,4
CFB001267,C054,2021-12-06,3,3,2,3,4,4
CFB001268,C013,2021-12-06,5,3,3,3,4,3
CFB001269,C034,2021-12-06,4,3,3,5,3,4
CFB001270,C070,2021-12-07,3,1,3,2,3,1
CFB001271,C065,2021-12-07,3,3,2,3,1,3
CFB001272,C073,2021-12-07,4,3,4,3,1,4
CFB001273,C062,2021-12-07,2,1,2,1,2,3
CFB001274,C002,2021-12-07,3,3,3,2,3,2
CFB001275,C007,2021-12-07,2,1,3,3,3,2
CFB001276,C051,2021-12-07,3,2,4,4,2,4
CFB001277,C007,2021-12-07,2,3,2,4,3,3
CFB001278,C079,2021-12-07,2,3,3,2,4,4
CFB001279,C086,2021-12-07,3,4,2,2,2,2
CFB001280,C059,2021-12-07,4,3,4,4,1,4
CFB001281,C070,2021-12-07,5,3,3,3,2,3
CFB001282,C017,2021-12-07,4,3,2,5,1,4
CFB001283,C061,2021-12-07,3,1,3,2,2,3
CFB001284,C056,2021-12-07,5,4,4,5,2,5
CFB001285,C079,2021-12-07,4,4,4,3,4,4
CFB001286,C074,2021-12-07,4,3,3,4,1,2
CFB001287,C013,2021-12-07,4,3,3,2,3,4
CFB001288,C056,2021-12-07,4,3,4,3,3,3
CFB001289,C051,2021-12-07,5,3,4,4,1,4
CFB001290,C036,2021-12-07,5,4,4,3,3,4
CFB001291,C065,2021-12-07,3,3,4,3,3,3
CFB001292,C018,2021-12-07,3,3,4,4,4,1
CFB001293,C068,2021-12-07,4,4,4,5,2,3
CFB001294,C037,2021-12-07,4,4,4,4,5,5
CFB001295,C007,2021-12-07,5,2,3,3,3,4
CFB001296,C039,2021-12-07,1,2,3,5,3,4
CFB001297,C056,2021-12-07,3,2,3,4,4,4
CFB001298,C078,2021-12-07,2,5,3,2,3,3
CFB001299,C059,2021-12-07,4,3,2,2,3,3
CFB001300,C081,2021-12-07,3,4,4,4,1,5
CFB001301,C010,2021-12-07,3,5,4,4,3,4
CFB001302,C010,2021-12-07,4,4,5,4,5,5
CFB001303,C007,2021-12-07,4,4,1,3,3,3
CFB001304,C015,2021-12-07,3,3,3,3,2,3
CFB001305,C079,2021-12-07,3,4,3,3,4,4
CFB001306,C088,2021-12-07,3,4,3,5,5,4
CFB001307,C073,2021-12-07,2,3,2,2,4,3
CFB001308,C084,2021-12-07,3,2,3,2,3,2
CFB001309,C078,2021-12-07,5,5,3,3,3,3
CFB001310,C024,2021-12-07,3,3,4,4,2,3
CFB001311,C002,2021-12-07,2,4,3,5,4,3
CFB001312,C068,2021-12-07,1,2,3,5,4,5
CFB001313,C051,2021-12-07,5,5,4,3,2,5
CFB001314,C021,2021-12-07,3,3,4,4,5,4
CFB001315,C036,2021-12-07,4,3,4,4,4,3
CFB001316,C047,2021-12-07,4,4,5,5,2,3
CFB001317,C056,2021-12-07,2,4,4,3,3,4
CFB001318,C017,2021-12-07,4,4,3,5,4,3
CFB001319,C030,2021-12-07,4,5,5,5,5,5
CFB001320,C034,2021-12-08,4,2,4,3,2,3
CFB001321,C047,2021-12-08,5,3,3,4,4,3
CFB001322,C008,2021-12-08,3,2,3,3,3,4
CFB001323,C062,2021-12-08,3,5,3,4,1,2
CFB001324,C073,2021-12-08,2,5,2,2,3,4
CFB001325,C021,2021-12-08,3,2,2,2,3,4
CFB001326,C056,2021-12-08,2,4,3,5,2,5
CFB001327,C067,2021-12-08,3,4,4,4,4,2
CFB001328,C056,2021-12-08,3,3,3,4,4,2
CFB001329,C060,2021-12-08,3,3,3,3,2,3
CFB001330,C065,2021-12-08,3,3,2,4,2,3
CFB001331,C078,2021-12-08,3,5,3,2,2,4
CFB001332,C013,2021-12-08,3,3,3,3,1,3
CFB001333,C031,2021-12-08,3,3,2,1,3,1
CFB001334,C086,2021-12-08,4,3,3,3,4,3
CFB001335,C010,2021-12-08,4,3,5,5,3,2
CFB001336,C016,2021-12-08,2,2,3,1,3,2
CFB001337,C032,2021-12-08,2,2,4,3,1,4
CFB001338,C054,2021-12-08,4,4,4,5,1,3
CFB001339,C087,2021-12-08,4,4,3,4,2,4
CFB001340,C008,2021-12-08,4,3,2,4,4,2
CFB001341,C016,2021-12-08,3,2,3,4,3,5
CFB001342,C031,2021-12-08,2,4,3,2,4,4
CFB001343,C040,2021-12-08,4,3,4,5,4,3
CFB001344,C036,2021-12-08,3,3,3,4,3,5
CFB001345,C015,2021-12-08,3,5,5,3,4,4
CFB001346,C054,2021-12-08,4,3,3,3,4,3
CFB001347,C081,2021-12-08,4,4,3,3,4,3
CFB001348,C040,2021-12-08,3,4,2,3,3,4
CFB001349,C035,2021-12-08,3,3,3,3,4,4
CFB001350,C043,2021-12-08,4,3,4,4,5,2
CFB001351,C085,2021-12-08,3,2,2,3,3,2
CFB001352,C080,2021-12-08,3,4,5,4,3,3
CFB001353,C073,2021-12-08,4,3,4,4,3,3
CFB001354,C070,2021-12-08,4,3,3,4,2,3
CFB001355,C065,2021-12-08,1,3,3,2,3,4
CFB001356,C017,2021-12-08,4,2,1,1,2,3
CFB001357,C068,2021-12-08,3,4,3,4,5,4
CFB001358,C020,2021-12-08,2,3,5,3,5,2
CFB001359,C074,2021-12-08,3,4,4,5,4,4
CFB001360,C074,2021-12-08,3,2,2,4,3,3
CFB001361,C007,2021-12-09,2,1,1,3,3,3
CFB001362,C018,2021-12-09,2,3,4,4,3,3
CFB001363,C065,2021-12-09,4,4,4,4,4,3
CFB001364,C031,2021-12-09,3,5,4,3,3,5
CFB001365,C079,2021-12-09,4,3,2,3,4,4
CFB001366,C089,2021-12-09,5,2,3,2,2,3
CFB001367,C037,2021-12-09,3,5,4,4,3,4
CFB001368,C037,2021-12-09,4,3,4,2,4,4
CFB001369,C037,2021-12-09,4,3,4,3,3,4
CFB001370,C061,2021-12-09,3,4,3,3,3,4
CFB001371,C036,2021-12-09,3,3,4,3,1,4
CFB001372,C063,2021-12-09,4,3,3,2,5,3
CFB001373,C030,2021-12-09,4,3,2,4,4,2
CFB001374,C054,2021-12-09,4,4,4,4,4,3
CFB001375,C031,2021-12-09,4,5,4,5,3,3
CFB001376,C051,2021-12-09,2,3,4,3,4,4
CFB001377,C044,2021-12-09,4,3,4,4,5,3
CFB001378,C066,2021-12-09,3,3,2,2,4,2
CFB001379,C034,2021-12-09,4,2,3,4,3,3
CFB001380,C029,2021-12-09,3,3,4,3,4,4
CFB001381,C043,2021-12-09,2,3,3,5,3,4
CFB001382,C034,2021-12-09,2,3,3,2,4,2
CFB001383,C002,2021-12-09,5,2,5,3,5,4
CFB001384,C085,2021-12-09,4,4,3,5,4,4
CFB001385,C088,2021-12-09,4,5,4,4,5,4
CFB001386,C038,2021-12-09,4,3,3,4,4,3
CFB001387,C013,2021-12-09,4,4,4,3,5,4
CFB001388,C087,2021-12-09,4,4,4,4,4,3
CFB001389,C062,2021-12-09,2,3,2,4,1,4
CFB001390,C032,2021-12-09,5,4,4,5,4,5
CFB001391,C088,2021-12-09,2,3,4,5,2,5
CFB001392,C027,2021-12-09,5,2,5,4,2,5
CFB001393,C088,2021-12-09,4,4,4,5,4,5
CFB001394,C029,2021-12-09,5,3,4,5,4,5
CFB001395,C078,2021-12-09,5,4,5,3,5,3
CFB001396,C074,2021-12-09,5,4,4,4,3,5
CFB001397,C087,2021-12-09,5,3,5,5,5,5
CFB001398,C040,2021-12-09,4,1,3,4,4,1
CFB001399,C004,2021-12-09,4,2,5,3,4,4
CFB001400,C002,2021-12-09,4,4,4,5,3,4
CFB001401,C048,2021-12-09,3,3,2,4,2,4
CFB001402,C068,2021-12-09,4,3,5,4,5,3
CFB001403,C016,2021-12-09,5,4,4,4,4,5
CFB001404,C019,2021-12-09,4,4,2,5,2,4
CFB001405,C061,2021-12-09,4,5,3,3,4,5
CFB001406,C015,2021-12-09,3,4,4,5,4,5
CFB001407,C081,2021-12-10,4,3,2,3,4,2
CFB001408,C077,2021-12-10,4,5,4,5,2,3
CFB001409,C074,2021-12-10,3,3,2,2,3,3
CFB001410,C074,2021-12-10,3,3,4,3,3,2
CFB001411,C084,2021-12-10,3,3,5,3,2,4
CFB001412,C034,2021-12-10,2,3,3,3,1,4
CFB001413,C063,2021-12-10,5,4,3,3,3,4
CFB001414,C018,2021-12-10,3,4,3,5,2,3
CFB001415,C086,2021-12-10,3,3,4,2,4,2
CFB001416,C037,2021-12-10,3,3,3,2,5,3
CFB001417,C055,2021-12-10,2,2,3,3,4,4
CFB001418,C037,2021-12-10,4,4,4,5,2,5
CFB001419,C081,2021-12-10,4,2,4,3,3,1
CFB001420,C059,2021-12-10,1,4,3,4,3,3
CFB001421,C088,2021-12-10,3,2,4,4,4,4
CFB001422,C060,2021-12-10,3,3,4,3,3,3
CFB001423,C066,2021-12-10,4,3,5,4,5,4
CFB001424,C061,2021-12-10,5,4,4,5,3,5
CFB001425,C047,2021-12-10,4,4,4,3,4,4
CFB001426,C081,2021-12-10,3,3,4,4,3,3
CFB001427,C046,2021-12-10,4,3,4,3,3,2
CFB001428,C070,2021-12-10,3,4,3,4,3,4
CFB001429,C086,2021-12-10,4,3,4,5,4,4
CFB001430,C027,2021-12-10,4,3,4,2,4,4
CFB001431,C087,2021-12-10,4,3,3,5,3,3
CFB001432,C051,2021-12-10,3,3,3,2,3,3
CFB001433,C024,2021-12-10,4,4,4,3,2,5
CFB001434,C088,2021-12-10,5,3,5,5,4,5
CFB001435,C062,2021-12-10,2,2,3,2,4,3
CFB001436,C032,2021-12-10,5,2,2,3,3,4
CFB001437,C060,2021-12-10,3,3,3,4,3,2
CFB001438,C002,2021-12-10,4,3,3,3,3,2
CFB001439,C043,2021-12-10,4,4,5,3,2,3
CFB001440,C065,2021-12-10,4,3,2,3,4,2
CFB001441,C068,2021-12-10,4,5,3,4,5,5
CFB001442,C085,2021-12-10,3,2,3,3,3,4
CFB001443,C079,2021-12-10,5,2,4,4,3,4
CFB001444,C007,2021-12-10,4,4,5,4,4,4
CFB001445,C007,2021-12-10,5,3,4,3,4,4
CFB001446,C016,2021-12-10,2,3,3,3,2,5
CFB001447,C079,2021-12-10,3,2,4,5,3,3
CFB001448,C032,2021-12-10,4,5,2,3,2,3
CFB001449,C063,2021-12-10,5,4,3,1,3,1
CFB001450,C024,2021-12-10,4,3,3,2,3,4
CFB001451,C037,2021-12-10,5,4,1,4,4,4
CFB001452,C015,2021-12-10,3,3,3,3,5,3
CFB001453,C080,2021-12-10,4,3,3,4,1,4
CFB001454,C032,2021-12-10,4,5,3,5,2,4
CFB001455,C067,2021-12-10,3,4,5,5,4,4
CFB001456,C010,2021-12-10,5,3,3,5,5,5
CFB001457,C002,2021-12-10,5,4,4,3,2,4
CFB001458,C061,2021-12-11,4,3,3,4,3,4
CFB001459,C045,2021-12-11,3,5,4,5,4,3
CFB001460,C038,2021-12-11,2,3,3,3,1,2
CFB001461,C035,2021-12-11,3,2,3,3,2,3
CFB001462,C074,2021-12-11,2,1,1,3,3,3
CFB001463,C046,2021-12-11,2,4,4,3,4,3
CFB001464,C089,2021-12-11,1,2,2,3,1,4
CFB001465,C004,2021-12-11,3,3,2,3,4,4
CFB001466,C018,2021-12-11,2,3,4,3,3,3
CFB001467,C061,2021-12-11,4,4,2,1,4,1
CFB001468,C035,2021-12-11,3,3,4,4,3,3
CFB001469,C031,2021-12-11,5,5,4,4,3,4
CFB001470,C061,2021-12-11,2,3,2,4,3,5
CFB001471,C051,2021-12-11,4,3,2,3,1,3
CFB001472,C043,2021-12-11,2,2,2,3,4,4
CFB001473,C008,2021-12-11,2,5,5,5,4,4
CFB001474,C054,2021-12-11,4,3,4,4,5,2
CFB001475,C039,2021-12-11,4,3,2,3,3,4
CFB001476,C016,2021-12-11,1,2,1,2,1,1
CFB001477,C034,2021-12-11,2,2,3,2,2,3
CFB001478,C031,2021-12-11,5,4,3,4,5,4
CFB001479,C035,2021-12-11,3,4,3,4,4,3
CFB001480,C017,2021-12-11,2,2,2,2,2,1
CFB001481,C069,2021-12-11,3,2,4,4,4,3
CFB001482,C027,2021-12-11,4,5,5,4,2,4
CFB001483,C032,2021-12-11,3,4,4,4,3,4
CFB001484,C030,2021-12-11,3,5,4,3,5,4
CFB001485,C031,2021-12-11,4,1,2,1,3,3
CFB001486,C069,2021-12-11,5,3,4,5,4,4
CFB001487,C054,2021-12-11,3,3,3,3,4,2
CFB001488,C038,2021-12-11,3,3,3,1,1,4
CFB001489,C007,2021-12-11,5,3,3,3,3,3
CFB001490,C024,2021-12-11,4,4,2,3,4,3
CFB001491,C055,2021-12-11,5,2,4,5,4,5
CFB001492,C088,2021-12-11,3,5,4,3,3,5
CFB001493,C036,2021-12-11,4,3,4,3,2,5
CFB001494,C032,2021-12-11,3,4,3,5,3,4
CFB001495,C068,2021-12-11,5,3,3,4,3,4
CFB001496,C036,2021-12-11,4,5,4,4,3,4
CFB001497,C006,2021-12-11,3,2,3,4,1,4
CFB001498,C077,2021-12-11,5,4,3,3,4,4
CFB001499,C074,2021-12-11,3,4,3,3,1,4
CFB001500,C034,2021-12-12,3,3,4,2,2,3
CFB001501,C080,2021-12-12,3,3,4,4,3,4
CFB001502,C075,2021-12-12,3,5,3,3,4,5
CFB001503,C020,2021-12-12,3,4,4,4,2,3
CFB001504,C044,2021-12-12,3,2,2,2,1,3
CFB001505,C080,2021-12-12,4,4,2,4,1,4
CFB001506,C021,2021-12-12,2,4,2,2,1,4
CFB001507,C019,2021-12-12,4,4,4,3,3,3
CFB001508,C066,2021-12-12,4,4,2,3,3,4
CFB001509,C031,2021-12-12,3,2,4,3,3,1
CFB001510,C027,2021-12-12,4,2,2,4,4,4
CFB001511,C021,2021-12-12,5,3,5,4,3,5
CFB001512,C015,2021-12-12,3,2,3,2,4,3
CFB001513,C084,2021-12-12,3,2,3,5,3,4
CFB001514,C010,2021-12-12,4,3,4,4,2,4
CFB001515,C007,2021-12-12,4,4,2,2,4,3
CFB001516,C074,2021-12-12,2,3,3,4,4,3
CFB001517,C068,2021-12-12,2,3,2,5,2,4
CFB001518,C031,2021-12-12,4,3,4,3,3,3
CFB001519,C007,2021-12-12,5,3,4,3,2,4
CFB001520,C087,2021-12-12,5,4,4,4,4,5
CFB001521,C002,2021-12-12,3,3,4,4,2,3
CFB001522,C047,2021-12-12,4,5,5,3,2,5
CFB001523,C013,2021-12-12,4,4,4,5,3,5
CFB001524,C018,2021-12-12,5,3,4,5,3,5
CFB001525,C074,2021-12-12,5,3,4,5,3,4
CFB001526,C019,2021-12-12,4,4,3,3,3,4
CFB001527,C007,2021-12-12,3,5,5,4,3,5
CFB001528,C081,2021-12-12,3,3,4,3,3,4
CFB001529,C013,2021-12-12,3,4,4,4,4,4
CFB001530,C066,2021-12-12,3,1,3,3,3,2
CFB001531,C080,2021-12-12,4,2,4,1,4,3
CFB001532,C002,2021-12-12,4,3,4,5,3,5
CFB001533,C027,2021-12-12,4,5,2,3,2,4
CFB001534,C006,2021-12-12,5,3,3,3,5,3
CFB001535,C070,2021-12-12,3,3,4,4,5,4
CFB001536,C010,2021-12-13,3,2,2,4,3,2
CFB001537,C061,2021-12-13,5,3,4,2,4,3
CFB001538,C037,2021-12-13,2,1,3,3,3,3
CFB001539,C085,2021-12-13,2,3,2,2,5,3
CFB001540,C043,2021-12-13,2,1,1,4,2,3
CFB001541,C039,2021-12-13,3,2,3,4,4,4
CFB001542,C054,2021-12-13,2,3,2,2,3,4
CFB001543,C067,2021-12-13,3,2,3,3,2,3
CFB001544,C078,2021-12-13,3,3,4,4,3,3
CFB001545,C027,2021-12-13,3,2,2,2,5,3
CFB001546,C060,2021-12-13,3,3,3,1,3,2
CFB001547,C065,2021-12-13,3,3,5,3,1,4
CFB001548,C074,2021-12-13,4,1,3,2,3,5
CFB001549,C081,2021-12-13,3,2,3,2,2,3
CFB001550,C027,2021-12-13,2,5,3,2,4,4
CFB001551,C020,2021-12-13,4,2,3,4,3,4
CFB001552,C075,2021-12-13,2,3,4,2,3,1
CFB001553,C047,2021-12-13,3,2,4,1,1,3
CFB001554,C065,2021-12-13,2,4,5,2,2,3
CFB001555,C073,2021-12-13,4,2,4,3,5,4
CFB001556,C086,2021-12-13,3,4,3,5,2,3
CFB001557,C004,2021-12-13,2,3,5,4,3,3
CFB001558,C038,2021-12-13,4,3,3,4,2,3
CFB001559,C084,2021-12-13,4,3,4,3,2,4
CFB001560,C051,2021-12-13,2,3,4,4,4,2
CFB001561,C059,2021-12-13,2,4,4,5,4,4
CFB001562,C018,2021-12-13,2,1,2,3,3,4
CFB001563,C066,2021-12-13,4,3,2,4,2,5
CFB001564,C016,2021-12-13,3,3,5,3,2,3
CFB001565,C019,2021-12-13,2,2,2,4,5,4
CFB001566,C035,2021-12-13,3,3,2,4,4,2
CFB001567,C030,2021-12-13,5,3,3,4,2,3
CFB001568,C015,2021-12-13,2,4,4,5,5,4
CFB001569,C031,2021-12-13,4,3,4,3,3,4
CFB001570,C056,2021-12-13,4,3,4,4,3,3
CFB001571,C047,2021-12-13,4,4,5,3,4,4
CFB001572,C054,2021-12-13,4,3,2,3,3,5
CFB001573,C062,2021-12-13,3,1,3,4,5,2
CFB001574,C010,2021-12-13,2,4,3,4,3,2
CFB001575,C004,2021-12-13,4,3,3,5,5,5
CFB001576,C054,2021-12-13,4,4,4,4,4,4
CFB001577,C045,2021-12-13,4,3,5,3,2,3
CFB001578,C013,2021-12-13,4,3,4,3,1,4
CFB001579,C040,2021-12-13,3,3,5,3,4,3
CFB001580,C024,2021-12-13,3,5,4,5,4,5
CFB001581,C029,2021-12-13,4,3,3,4,3,3
CFB001582,C051,2021-12-13,3,3,3,4,4,4
CFB001583,C062,2021-12-13,5,2,4,3,3,3
CFB001584,C002,2021-12-13,4,3,5,3,4,4
CFB001585,C018,2021-12-13,4,3,4,4,5,3
CFB001586,C007,2021-12-13,5,4,3,5,5,3
CFB001587,C016,2021-12-13,3,3,2,5,3,5
CFB001588,C006,2021-12-14,3,2,3,3,4,3
CFB001589,C078,2021-12-14,2,4,4,5,2,3
CFB001590,C002,2021-12-14,4,3,2,4,4,3
CFB001591,C027,2021-12-14,4,3,3,3,2,3
CFB001592,C063,2021-12-14,1,2,1,4,3,3
CFB001593,C065,2021-12-14,4,4,3,3,2,4
CFB001594,C051,2021-12-14,2,1,3,3,3,5
CFB001595,C051,2021-12-14,3,3,5,2,2,2
CFB001596,C019,2021-12-14,4,5,4,5,4,5
CFB001597,C021,2021-12-14,5,4,2,4,4,3
CFB001598,C047,2021-12-14,4,4,5,4,3,4
CFB001599,C030,2021-12-14,4,2,5,4,3,4
CFB001600,C020,2021-12-14,4,4,4,3,3,3
CFB001601,C010,2021-12-14,2,4,3,4,3,3
CFB001602,C086,2021-12-14,3,5,2,4,3,3
CFB001603,C061,2021-12-14,3,3,2,3,1,3
CFB001604,C045,2021-12-14,3,2,4,3,2,3
CFB001605,C086,2021-12-14,4,3,4,1,3,3
CFB001606,C088,2021-12-14,3,3,3,4,3,3
CFB001607,C075,2021-12-14,4,4,3,5,2,4
CFB001608,C036,2021-12-14,4,3,3,4,5,2
CFB001609,C087,2021-12-14,3,4,3,3,3,5
CFB001610,C080,2021-12-14,4,2,4,2,3,3
CFB001611,C047,2021-12-14,3,2,3,3,3,3
CFB001612,C069,2021-12-14,4,3,3,2,2,1
CFB001613,C004,2021-12-14,3,5,3,4,4,4
CFB001614,C045,2021-12-14,4,4,3,4,4,3
CFB001615,C089,2021-12-14,5,4,5,4,2,4
CFB001616,C044,2021-12-14,3,4,3,2,3,3
CFB001617,C069,2021-12-14,3,3,3,3,3,3
CFB001618,C045,2021-12-14,4,4,4,2,3,3
CFB001619,C045,2021-12-14,4,4,4,4,3,2
CFB001620,C063,2021-12-14,3,2,4,3,4,4
CFB001621,C020,2021-12-14,3,2,3,3,3,2
CFB001622,C037,2021-12-14,3,3,4,3,1,3
CFB001623,C077,2021-12-14,3,3,3,2,2,3
CFB001624,C029,2021-12-14,4,4,4,5,3,4
CFB001625,C055,2021-12-14,4,3,3,3,3,3
CFB001626,C070,2021-12-14,4,4,2,4,2,2
CFB001627,C078,2021-12-14,3,4,3,4,3,3
CFB001628,C066,2021-12-14,2,3,5,2,3,4
CFB001629,C039,2021-12-14,5,3,5,3,4,4
CFB001630,C054,2021-12-14,2,4,3,3,3,3
CFB001631,C021,2021-12-14,2,4,5,3,2,4
CFB001632,C016,2021-12-14,3,2,4,3,3,3
CFB001633,C027,2021-12-14,4,4,4,5,5,4
CFB001634,C020,2021-12-14,4,3,5,3,3,4
CFB001635,C074,2021-12-14,2,2,3,3,4,3
CFB001636,C044,2021-12-14,4,2,3,3,3,3
CFB001637,C019,2021-12-14,4,4,5,3,3,4
CFB001638,C073,2021-12-14,4,4,4,4,3,3
CFB001639,C066,2021-12-14,3,3,2,4,3,4
CFB001640,C029,2021-12-14,5,4,5,5,4,5
CFB001641,C067,2021-12-14,4,3,4,4,4,3
CFB001642,C068,2021-12-14,4,5,2,3,2,3
CFB001643,C008,2021-12-14,3,2,3,5,4,4
CFB001644,C089,2021-12-15,2,1,2,3,2,3
CFB001645,C040,2021-12-15,3,2,2,3,3,3
CFB001646,C086,2021-12-15,3,2,2,4,3,2
CFB001647,C073,2021-12-15,4,4,4,5,4,3
CFB001648,C067,2021-12-15,3,3,3,2,1,2
CFB001649,C070,2021-12-15,3,3,3,3,4,3
CFB001650,C047,2021-12-15,5,3,3,4,4,4
CFB001651,C032,2021-12-15,3,2,4,2,5,5
CFB001652,C039,2021-12-15,4,3,4,4,2,5
CFB001653,C073,2021-12-15,3,1,3,3,1,4
CFB001654,C020,2021-12-15,4,4,4,4,4,2
CFB001655,C084,2021-12-15,4,2,3,3,2,3
CFB001656,C060,2021-12-15,2,1,3,2,2,2
CFB001657,C062,2021-12-15,4,3,3,3,2,4
CFB001658,C062,2021-12-15,3,4,5,3,2,4
CFB001659,C027,2021-12-15,2,2,3,3,3,3
CFB001660,C013,2021-12-15,3,3,2,3,2,3
CFB001661,C047,2021-12-15,5,3,5,1,1,3
CFB001662,C034,2021-12-15,3,4,3,5,3,4
CFB001663,C040,2021-12-15,4,4,3,5,3,4
CFB001664,C031,2021-12-15,3,3,1,3,3,3
CFB001665,C065,2021-12-15,3,3,3,2,3,2
CFB001666,C044,2021-12-15,2,2,3,3,3,4
CFB001667,C043,2021-12-15,5,2,3,4,3,2
CFB001668,C027,2021-12-15,3,3,3,5,3,2
CFB001669,C077,2021-12-15,5,3,3,4,5,3
CFB001670,C059,2021-12-15,5,4,3,2,2,3
CFB001671,C081,2021-12-15,4,3,2,3,4,2
CFB001672,C070,2021-12-15,4,5,4,5,3,4
CFB001673,C062,2021-12-15,5,1,2,4,1,2
CFB001674,C035,2021-12-15,4,4,2,4,3,4
CFB001675,C021,2021-12-15,4,4,4,4,4,5
CFB001676,C030,2021-12-15,3,2,3,4,5,4
CFB001677,C006,2021-12-15,5,4,4,5,3,5
CFB001678,C013,2021-12-15,3,2,4,4,3,3
CFB001679,C027,2021-12-15,2,3,3,2,2,4
CFB001680,C006,2021-12-15,4,2,2,3,3,3
CFB001681,C051,2021-12-15,4,5,4,5,5,3
CFB001682,C047,2021-12-15,3,2,4,4,3,4
CFB001683,C045,2021-12-15,3,2,4,2,4,4
CFB001684,C010,2021-12-15,4,3,4,5,4,3
CFB001685,C062,2021-12-15,3,3,4,3,4,5
CFB001686,C067,2021-12-15,4,5,4,3,2,5
CFB001687,C031,2021-12-16,1,3,2,3,5,4
CFB001688,C087,2021-12-16,4,4,3,5,3,3
CFB001689,C074,2021-12-16,4,4,3,5,2,1
CFB001690,C086,2021-12-16,3,4,3,4,3,3
CFB001691,C020,2021-12-16,4,5,5,3,4,4
CFB001692,C004,2021-12-16,3,3,2,2,3,4
CFB001693,C035,2021-12-16,4,2,4,4,2,2
CFB001694,C006,2021-12-16,4,2,4,3,3,3
CFB001695,C075,2021-12-16,4,3,3,3,4,3
CFB001696,C079,2021-12-16,5,4,4,3,3,4
CFB001697,C065,2021-12-16,3,1,1,2,3,2
CFB001698,C078,2021-12-16,3,3,2,2,1,4
CFB001699,C029,2021-12-16,2,3,5,5,3,2
CFB001700,C021,2021-12-16,3,2,3,2,3,3
CFB001701,C032,2021-12-16,2,2,2,3,3,3
CFB001702,C031,2021-12-16,1,2,4,3,4,3
CFB001703,C043,2021-12-16,2,4,3,4,2,4
CFB001704,C062,2021-12-16,4,4,4,3,3,4
CFB001705,C065,2021-12-16,3,2,3,3,2,3
CFB001706,C074,2021-12-16,5,4,5,3,1,4
CFB001707,C067,2021-12-16,4,3,3,1,1,4
CFB001708,C061,2021-12-16,4,4,3,5,1,5
CFB001709,C054,2021-12-16,3,4,2,4,3,3
CFB001710,C017,2021-12-16,3,3,3,4,4,3
CFB001711,C029,2021-12-16,5,3,4,5,1,4
CFB001712,C068,2021-12-16,4,3,4,3,3,4
CFB001713,C077,2021-12-16,5,3,4,3,3,2
CFB001714,C016,2021-12-16,5,3,5,5,3,4
CFB001715,C077,2021-12-16,3,2,4,3,5,2
CFB001716,C027,2021-12-16,4,4,4,4,2,5
CFB001717,C078,2021-12-16,4,5,4,3,3,4
CFB001718,C038,2021-12-16,3,3,3,3,4,3
CFB001719,C068,2021-12-16,4,5,4,5,3,3
CFB001720,C015,2021-12-16,4,4,4,4,4,3
CFB001721,C007,2021-12-16,3,4,4,4,4,3
CFB001722,C060,2021-12-16,4,2,1,3,3,3
CFB001723,C054,2021-12-16,5,4,4,3,2,4
CFB001724,C047,2021-12-16,3,4,4,3,3,3
CFB001725,C030,2021-12-16,5,5,4,3,2,4
CFB001726,C060,2021-12-16,5,5,4,5,3,5
CFB001727,C002,2021-12-17,4,2,3,1,2,3
CFB001728,C074,2021-12-17,2,3,3,4,5,4
CFB001729,C084,2021-12-17,3,2,2,4,3,3
CFB001730,C066,2021-12-17,1,1,4,3,4,3
CFB001731,C039,2021-12-17,3,2,3,3,2,2
CFB001732,C018,2021-12-17,4,2,3,3,3,5
CFB001733,C063,2021-12-17,3,2,2,3,2,1
CFB001734,C004,2021-12-17,5,4,3,4,5,4
CFB001735,C019,2021-12-17,5,3,4,4,2,3
CFB001736,C048,2021-12-17,3,3,3,3,3,3
CFB001737,C018,2021-12-17,3,2,2,2,3,2
CFB001738,C020,2021-12-17,3,3,5,3,3,4
CFB001739,C002,2021-12-17,3,2,2,2,1,2
CFB001740,C062,2021-12-17,5,3,3,3,2,3
CFB001741,C079,2021-12-17,4,4,3,2,2,2
CFB001742,C031,2021-12-17,3,3,4,4,3,3
CFB001743,C067,2021-12-17,3,3,4,3,1,5
CFB001744,C068,2021-12-17,2,4,3,4,4,3
CFB001745,C069,2021-12-17,4,3,3,3,5,3
CFB001746,C055,2021-12-17,4,4,2,4,1,4
CFB001747,C073,2021-12-17,1,2,3,4,2,2
CFB001748,C030,2021-12-17,4,4,4,1,4,3
CFB001749,C089,2021-12-17,3,4,4,3,2,2
CFB001750,C073,2021-12-17,4,4,3,4,2,5
CFB001751,C006,2021-12-17,5,3,4,4,2,3
CFB001752,C061,2021-12-17,5,5,2,4,2,4
CFB001753,C062,2021-12-17,4,3,3,5,3,3
CFB001754,C077,2021-12-17,3,4,4,3,3,3
CFB001755,C045,2021-12-17,3,4,2,4,5,2
CFB001756,C061,2021-12-17,4,3,3,2,2,4
CFB001757,C067,2021-12-17,3,3,3,4,5,3
CFB001758,C075,2021-12-17,3,3,3,4,4,3
CFB001759,C063,2021-12-17,3,4,2,4,2,4
CFB001760,C032,2021-12-17,4,3,4,1,2,3
CFB001761,C081,2021-12-17,3,5,2,4,2,4
CFB001762,C088,2021-12-17,5,3,2,3,4,4
CFB001763,C065,2021-12-17,5,3,4,5,2,3
CFB001764,C075,2021-12-17,3,2,5,4,3,2
CFB001765,C077,2021-12-17,5,4,4,4,5,3
CFB001766,C040,2021-12-17,5,4,5,2,4,3
CFB001767,C044,2021-12-17,5,2,3,4,5,2
CFB001768,C034,2021-12-17,4,4,3,4,4,4
CFB001769,C016,2021-12-17,5,1,3,4,4,3
CFB001770,C061,2021-12-17,5,3,4,4,4,4
CFB001771,C034,2021-12-17,4,5,5,4,2,3
CFB001772,C035,2021-12-17,4,2,4,4,3,4
CFB001773,C086,2021-12-17,4,3,4,4,4,3
CFB001774,C062,2021-12-18,3,4,5,3,3,3
CFB001775,C002,2021-12-18,2,3,3,1,4,2
CFB001776,C065,2021-12-18,4,2,3,5,3,4
CFB001777,C067,2021-12-18,5,5,3,5,3,4
CFB001778,C075,2021-12-18,2,2,3,5,4,3
CFB001779,C067,2021-12-18,2,3,3,4,2,3
CFB001780,C024,2021-12-18,4,2,4,3,4,3
CFB001781,C061,2021-12-18,3,1,3,2,3,2
CFB001782,C067,2021-12-18,3,5,4,3,4,3
CFB001783,C073,2021-12-18,3,4,4,4,3,4
CFB001784,C013,2021-12-18,3,3,2,4,2,5
CFB001785,C037,2021-12-18,5,4,5,4,2,4
CFB001786,C066,2021-12-18,4,3,4,3,2,3
CFB001787,C048,2021-12-18,4,3,3,2,4,5
CFB001788,C037,2021-12-18,3,4,2,4,4,4
CFB001789,C054,2021-12-18,3,3,4,3,3,3
CFB001790,C070,2021-12-18,4,3,3,3,2,4
CFB001791,C048,2021-12-18,4,4,3,5,3,5
CFB001792,C059,2021-12-18,3,3,3,3,3,4
CFB001793,C051,2021-12-18,5,5,5,5,4,4
CFB001794,C051,2021-12-18,5,4,3,4,5,5
CFB001795,C075,2021-12-18,5,4,4,5,3,3
CFB001796,C002,2021-12-18,2,3,4,4,5,2
CFB001797,C088,2021-12-18,5,4,4,4,3,4
CFB001798,C020,2021-12-18,5,3,2,3,4,4
CFB001799,C079,2021-12-18,5,5,5,4,3,2
CFB001800,C027,2021-12-18,2,4,2,3,3,3
CFB001801,C020,2021-12-18,4,3,2,3,3,3
CFB001802,C002,2021-12-18,3,5,3,4,3,4
CFB001803,C081,2021-12-18,4,4,4,4,5,3
CFB001804,C069,2021-12-18,5,2,5,5,3,5
CFB001805,C067,2021-12-18,3,4,3,4,2,4
CFB001806,C046,2021-12-18,3,3,3,4,3,4
CFB001807,C030,2021-12-18,5,5,4,4,3,5
CFB001808,C004,2021-12-18,4,5,4,3,3,4
CFB001809,C017,2021-12-18,3,4,5,5,5,4
CFB001810,C084,2021-12-18,3,2,5,2,3,3
CFB001811,C088,2021-12-18,5,4,4,4,3,4
CFB001812,C069,2021-12-18,4,3,3,4,4,4
CFB001813,C020,2021-12-18,4,3,4,4,3,5
CFB001814,C035,2021-12-18,5,4,4,2,3,4
CFB001815,C040,2021-12-18,5,4,4,3,4,5
CFB001816,C015,2021-12-18,2,3,2,4,2,2
CFB001817,C035,2021-12-18,4,2,3,3,3,4
CFB001818,C069,2021-12-19,3,4,5,4,2,3
CFB001819,C080,2021-12-19,4,3,4,4,2,4
CFB001820,C073,2021-12-19,4,3,3,5,3,3
CFB001821,C034,2021-12-19,5,3,4,3,2,5
CFB001822,C080,2021-12-19,4,4,3,1,3,3
CFB001823,C079,2021-12-19,3,2,3,3,1,3
CFB001824,C063,2021-12-19,5,4,3,2,2,2
CFB001825,C038,2021-12-19,3,3,4,2,3,4
CFB001826,C038,2021-12-19,4,2,4,2,5,4
CFB001827,C077,2021-12-19,4,4,4,4,2,4
CFB001828,C035,2021-12-19,3,4,5,3,1,3
CFB001829,C056,2021-12-19,4,2,4,4,1,3
CFB001830,C044,2021-12-19,5,3,4,3,4,4
CFB001831,C066,2021-12-19,3,2,2,3,2,2
CFB001832,C062,2021-12-19,5,4,5,5,4,4
CFB001833,C065,2021-12-19,2,3,1,3,2,2
CFB001834,C048,2021-12-19,4,3,4,3,5,2
CFB001835,C020,2021-12-19,4,3,3,2,2,5
CFB001836,C043,2021-12-19,5,3,4,3,3,4
CFB001837,C078,2021-12-19,4,5,4,4,3,3
CFB001838,C037,2021-12-19,2,2,5,3,3,2
CFB001839,C017,2021-12-19,1,1,2,3,3,2
CFB001840,C068,2021-12-19,3,3,3,4,4,2
CFB001841,C010,2021-12-19,4,4,1,2,3,4
CFB001842,C065,2021-12-19,4,4,2,3,4,5
CFB001843,C075,2021-12-19,5,2,4,5,4,4
CFB001844,C040,2021-12-19,5,4,5,4,2,4
CFB001845,C006,2021-12-19,4,4,3,4,3,4
CFB001846,C043,2021-12-19,4,3,3,5,3,2
CFB001847,C059,2021-12-19,5,5,4,5,3,4
CFB001848,C056,2021-12-19,3,3,3,4,3,2
CFB001849,C066,2021-12-19,1,4,3,3,2,2
CFB001850,C088,2021-12-19,4,4,4,4,4,5
CFB001851,C045,2021-12-19,5,4,5,4,4,5
CFB001852,C061,2021-12-19,4,5,3,5,3,3
CFB001853,C059,2021-12-19,3,2,3,3,1,3
CFB001854,C088,2021-12-19,4,4,4,4,4,3
CFB001855,C006,2022-04-05,5,3,4,5,3,5
CFB001856,C085,2022-04-05,4,4,3,3,2,4
CFB001857,C034,2022-04-05,4,4,4,3,3,4
CFB001858,C020,2022-04-05,5,4,4,4,2,5
CFB001859,C039,2022-04-05,5,5,5,5,2,4
CFB001860,C032,2022-04-05,3,2,4,2,3,4
CFB001861,C046,2022-04-05,3,5,5,5,5,4
CFB001862,C034,2022-04-05,3,4,4,5,2,4
CFB001863,C004,2022-04-05,3,5,4,3,4,4
CFB001864,C048,2022-04-05,4,3,2,3,3,3
CFB001865,C054,2022-04-05,3,2,3,2,4,3
CFB001866,C040,2022-04-05,2,4,3,2,2,3
CFB001867,C063,2022-04-05,5,4,4,4,3,5
CFB001868,C048,2022-04-05,4,3,4,4,4,4
CFB001869,C037,2022-04-05,4,4,3,3,2,4
CFB001870,C030,2022-04-05,3,4,4,5,4,4
CFB001871,C065,2022-04-05,5,5,5,5,4,4
CFB001872,C054,2022-04-05,5,3,3,1,2,2
CFB001873,C020,2022-04-05,1,3,4,3,4,4
CFB001874,C021,2022-04-05,4,4,5,4,3,5
CFB001875,C030,2022-04-05,3,4,4,4,4,2
CFB001876,C080,2022-04-05,3,2,3,5,4,3
CFB001877,C067,2022-04-05,3,2,5,4,3,3
CFB001878,C084,2022-04-05,4,4,4,2,4,3
CFB001879,C075,2022-04-06,4,3,3,2,4,4
CFB001880,C010,2022-04-06,4,4,5,4,3,4
CFB001881,C059,2022-04-06,4,4,5,5,4,4
CFB001882,C056,2022-04-06,5,5,5,4,3,5
CFB001883,C029,2022-04-06,3,4,2,4,5,4
CFB001884,C051,2022-04-06,4,3,4,3,3,3
CFB001885,C024,2022-04-06,3,3,5,5,5,4
CFB001886,C037,2022-04-06,5,2,5,3,4,3
CFB001887,C066,2022-04-06,2,2,2,2,1,1
CFB001888,C029,2022-04-06,5,3,4,5,4,4
CFB001889,C062,2022-04-06,5,3,4,3,3,4
CFB001890,C013,2022-04-06,5,4,4,4,4,4
CFB001891,C070,2022-04-06,5,4,3,5,4,5
CFB001892,C068,2022-04-06,4,4,4,4,4,5
CFB001893,C031,2022-04-06,5,4,4,4,2,4
CFB001894,C007,2022-04-06,3,2,4,4,3,3
CFB001895,C030,2022-04-06,4,3,3,1,3,5
CFB001896,C006,2022-04-06,4,3,5,5,5,3
CFB001897,C004,2022-04-06,4,3,3,4,4,3
CFB001898,C035,2022-04-06,3,5,4,3,2,4
CFB001899,C055,2022-04-06,5,3,5,5,4,4
CFB001900,C024,2022-04-06,5,3,4,4,5,5
CFB001901,C040,2022-04-06,4,4,4,4,3,4
CFB001902,C080,2022-04-06,3,3,3,4,2,4
CFB001903,C039,2022-04-06,5,4,3,4,3,3
CFB001904,C021,2022-04-06,3,4,4,4,3,4
CFB001905,C021,2022-04-06,5,4,4,4,4,5
CFB001906,C007,2022-04-06,3,3,4,5,4,4
CFB001907,C051,2022-04-07,3,3,2,4,3,3
CFB001908,C065,2022-04-07,4,4,4,4,3,1
CFB001909,C055,2022-04-07,1,3,3,1,5,2
CFB001910,C060,2022-04-07,4,4,3,5,3,3
CFB001911,C019,2022-04-07,4,5,3,5,4,3
CFB001912,C081,2022-04-07,3,4,2,2,2,4
CFB001913,C056,2022-04-07,4,3,5,3,4,3
CFB001914,C069,2022-04-07,3,3,3,2,3,3
CFB001915,C085,2022-04-07,4,4,3,3,5,4
CFB001916,C029,2022-04-07,3,4,4,3,4,5
CFB001917,C031,2022-04-07,3,5,5,5,2,2
CFB001918,C055,2022-04-07,5,3,2,4,3,5
CFB001919,C019,2022-04-07,4,4,2,2,4,2
CFB001920,C075,2022-04-07,3,3,4,3,4,3
CFB001921,C004,2022-04-07,4,4,5,4,5,3
CFB001922,C017,2022-04-07,4,4,2,4,3,4
CFB001923,C073,2022-04-07,5,4,4,4,5,5
CFB001924,C086,2022-04-07,5,3,5,5,2,3
CFB001925,C013,2022-04-07,3,1,5,4,5,5
CFB001926,C087,2022-04-07,3,4,5,3,3,3
CFB001927,C075,2022-04-07,3,3,3,3,1,4
CFB001928,C039,2022-04-07,2,4,3,4,5,2
CFB001929,C002,2022-04-07,3,4,4,4,3,4
CFB001930,C010,2022-04-07,3,3,4,4,3,4
CFB001931,C038,2022-04-07,4,3,4,5,4,5
CFB001932,C010,2022-04-07,4,3,3,5,2,3
CFB001933,C060,2022-04-07,4,2,3,4,2,3
CFB001934,C087,2022-04-08,5,2,5,4,4,5
CFB001935,C031,2022-04-08,5,5,3,4,4,4
CFB001936,C002,2022-04-08,4,4,4,3,3,3
CFB001937,C069,2022-04-08,4,2,4,3,5,5
CFB001938,C013,2022-04-08,2,2,4,2,4,4
CFB001939,C074,2022-04-08,5,3,3,5,3,4
CFB001940,C067,2022-04-08,4,3,3,4,3,4
CFB001941,C081,2022-04-08,5,5,3,2,4,3
CFB001942,C068,2022-04-08,5,5,4,4,2,4
CFB001943,C061,2022-04-08,4,3,3,3,2,4
CFB001944,C047,2022-04-08,4,3,4,4,4,4
CFB001945,C020,2022-04-08,3,4,3,5,5,4
CFB001946,C051,2022-04-08,3,2,5,3,3,4
CFB001947,C088,2022-04-08,4,4,4,3,4,3
CFB001948,C019,2022-04-08,4,4,4,5,3,4
CFB001949,C089,2022-04-08,3,2,4,4,4,4
CFB001950,C040,2022-04-08,3,3,4,4,5,3
CFB001951,C060,2022-04-08,2,4,3,2,4,4
CFB001952,C073,2022-04-08,4,3,4,4,4,4
CFB001953,C073,2022-04-08,3,3,3,5,3,3
CFB001954,C051,2022-04-08,3,4,5,5,5,4
CFB001955,C037,2022-04-08,3,4,3,4,3,3
CFB001956,C007,2022-04-08,2,2,3,2,3,4
CFB001957,C019,2022-04-08,3,3,4,5,4,5
CFB001958,C078,2022-04-08,3,3,4,2,1,3
CFB001959,C075,2022-04-08,5,5,5,5,3,4
CFB001960,C010,2022-04-09,3,3,3,3,3,4
CFB001961,C059,2022-04-09,4,3,3,2,4,5
CFB001962,C066,2022-04-09,4,3,4,4,5,3
CFB001963,C075,2022-04-09,3,3,4,4,3,3
CFB001964,C007,2022-04-09,3,4,5,3,4,4
CFB001965,C059,2022-04-09,3,5,4,4,5,4
CFB001966,C077,2022-04-09,3,4,3,5,5,4
CFB001967,C007,2022-04-09,4,5,3,5,3,4
CFB001968,C030,2022-04-09,3,2,4,4,2,2
CFB001969,C068,2022-04-09,3,5,5,3,3,4
CFB001970,C020,2022-04-09,4,3,3,4,4,4
CFB001971,C007,2022-04-09,5,4,5,4,4,5
CFB001972,C089,2022-04-09,4,3,2,4,5,3
CFB001973,C031,2022-04-09,4,5,4,4,3,5
CFB001974,C002,2022-04-09,5,4,2,4,3,4
CFB001975,C063,2022-04-09,5,3,3,3,4,4
CFB001976,C006,2022-04-09,2,2,2,4,4,5
CFB001977,C015,2022-04-09,5,3,4,5,3,5
CFB001978,C045,2022-04-09,3,4,4,5,4,2
CFB001979,C007,2022-04-09,5,3,3,4,4,4
CFB001980,C078,2022-04-09,4,5,4,3,4,3
CFB001981,C065,2022-04-09,5,3,3,4,4,4
CFB001982,C060,2022-04-09,3,3,4,4,2,5
CFB001983,C030,2022-04-09,3,3,4,4,3,3
CFB001984,C067,2022-04-09,2,3,3,4,4,4
CFB001985,C030,2022-04-09,4,3,4,4,1,3
CFB001986,C070,2022-04-09,4,4,4,5,3,5
CFB001987,C088,2022-04-09,2,2,4,3,3,4
CFB001988,C004,2022-04-09,4,4,5,5,4,4
CFB001989,C044,2022-04-09,2,4,4,4,4,1
CFB001990,C016,2022-04-09,5,4,4,4,3,4
CFB001991,C060,2022-04-09,5,2,3,3,2,3
CFB001992,C065,2022-04-09,4,3,3,3,3,4
CFB001993,C085,2022-04-09,5,3,5,3,2,2
CFB001994,C081,2022-04-09,4,3,3,4,3,4
CFB001995,C032,2022-04-09,3,4,4,4,3,4
CFB001996,C084,2022-04-09,3,4,3,4,2,3
CFB001997,C037,2022-04-09,4,4,5,3,3,4
CFB001998,C081,2022-04-09,4,3,5,5,5,3
CFB001999,C088,2022-04-09,4,2,2,4,4,4
CFB002000,C078,2022-04-10,4,4,4,4,1,4
CFB002001,C035,2022-04-10,2,5,5,4,3,4
CFB002002,C087,2022-04-10,3,2,2,4,3,3
CFB002003,C016,2022-04-10,4,4,3,4,5,5
CFB002004,C055,2022-04-10,2,3,3,3,3,3
CFB002005,C065,2022-04-10,5,4,5,5,4,5
CFB002006,C043,2022-04-10,5,2,5,4,2,4
CFB002007,C020,2022-04-10,4,5,4,3,2,3
CFB002008,C079,2022-04-10,2,3,5,3,2,3
CFB002009,C048,2022-04-10,4,2,3,4,2,4
CFB002010,C037,2022-04-10,4,3,4,3,2,3
CFB002011,C044,2022-04-10,4,3,4,5,3,3
CFB002012,C086,2022-04-10,4,4,3,4,2,4
CFB002013,C037,2022-04-10,5,4,4,4,3,4
CFB002014,C017,2022-04-10,4,5,4,3,5,5
CFB002015,C065,2022-04-10,3,3,2,2,3,2
CFB002016,C044,2022-04-10,5,3,5,3,3,5
CFB002017,C061,2022-04-10,2,2,2,2,1,2
CFB002018,C074,2022-04-10,4,5,3,3,3,5
CFB002019,C020,2022-04-10,4,4,5,5,4,3
CFB002020,C089,2022-04-10,3,5,2,2,4,4
CFB002021,C020,2022-04-10,4,3,5,4,2,2
CFB002022,C055,2022-04-10,3,2,3,3,3,2
CFB002023,C085,2022-04-10,4,3,4,3,5,4
CFB002024,C027,2022-04-10,4,5,3,5,1,4
CFB002025,C065,2022-04-10,5,2,3,4,3,5
CFB002026,C024,2022-04-10,4,5,4,5,5,4
CFB002027,C088,2022-04-10,4,3,3,4,4,3
CFB002028,C016,2022-04-10,5,5,5,5,2,5
CFB002029,C027,2022-04-10,3,3,2,4,3,3
CFB002030,C002,2022-04-10,3,5,5,4,3,3
CFB002031,C086,2022-04-11,3,4,4,4,4,3
CFB002032,C074,2022-04-11,4,3,3,4,3,4
CFB002033,C080,2022-04-11,5,4,3,4,4,5
CFB002034,C085,2022-04-11,3,4,5,3,3,2
CFB002035,C032,2022-04-11,5,4,2,4,3,5
CFB002036,C062,2022-04-11,4,4,3,3,4,5
CFB002037,C067,2022-04-11,4,3,3,3,3,4
CFB002038,C047,2022-04-11,3,5,5,3,3,5
CFB002039,C066,2022-04-11,5,3,3,3,5,3
CFB002040,C081,2022-04-11,3,2,4,4,2,3
CFB002041,C067,2022-04-11,3,5,4,4,3,4
CFB002042,C037,2022-04-11,5,3,5,3,4,3
CFB002043,C067,2022-04-11,4,5,1,5,4,2
CFB002044,C073,2022-04-11,4,2,3,4,5,5
CFB002045,C017,2022-04-11,4,3,2,5,4,3
CFB002046,C036,2022-04-11,4,4,3,1,4,3
CFB002047,C089,2022-04-11,3,4,3,3,2,3
CFB002048,C085,2022-04-11,2,4,3,3,3,4
CFB002049,C087,2022-04-11,4,5,3,5,4,4
CFB002050,C002,2022-04-11,4,4,5,4,4,5
CFB002051,C039,2022-04-11,4,2,3,4,5,5
CFB002052,C065,2022-04-11,4,3,3,3,1,3
CFB002053,C037,2022-04-11,4,4,2,4,4,3
CFB002054,C007,2022-04-11,5,5,3,5,3,4
CFB002055,C006,2022-04-11,4,3,2,2,5,4
CFB002056,C013,2022-04-11,3,4,4,5,4,4
CFB002057,C019,2022-04-11,3,5,3,2,2,3
CFB002058,C035,2022-04-11,4,4,5,4,3,4
CFB002059,C024,2022-04-12,2,4,4,5,3,5
CFB002060,C031,2022-04-12,4,5,5,3,4,5
CFB002061,C051,2022-04-12,5,4,4,3,4,4
CFB002062,C034,2022-04-12,4,3,5,3,4,5
CFB002063,C060,2022-04-12,3,3,5,4,4,4
CFB002064,C046,2022-04-12,4,4,5,4,3,5
CFB002065,C079,2022-04-12,5,1,4,4,3,4
CFB002066,C048,2022-04-12,3,3,3,2,3,4
CFB002067,C029,2022-04-12,4,5,2,4,4,2
CFB002068,C063,2022-04-12,3,3,4,4,4,4
CFB002069,C065,2022-04-12,4,3,2,3,3,2
CFB002070,C069,2022-04-12,5,3,4,1,3,3
CFB002071,C030,2022-04-12,3,2,4,2,2,2
CFB002072,C079,2022-04-12,4,3,4,5,4,3
CFB002073,C036,2022-04-12,3,2,5,5,4,5
CFB002074,C030,2022-04-12,4,3,5,3,2,5
CFB002075,C068,2022-04-12,4,5,5,4,2,4
CFB002076,C021,2022-04-12,3,3,4,4,3,4
CFB002077,C078,2022-04-12,4,2,3,4,3,2
CFB002078,C048,2022-04-12,3,2,3,4,4,4
CFB002079,C010,2022-04-12,5,4,5,5,4,4
CFB002080,C018,2022-04-12,4,3,3,5,4,3
CFB002081,C061,2022-04-12,3,5,5,4,5,5
CFB002082,C055,2022-04-12,3,4,4,3,4,4
CFB002083,C036,2022-04-12,3,2,5,4,2,3
CFB002084,C031,2022-04-12,4,2,4,3,2,4
CFB002085,C054,2022-04-12,4,4,3,3,4,4
CFB002086,C078,2022-04-12,5,3,4,4,3,2
CFB002087,C008,2022-04-13,2,4,3,2,3,4
CFB002088,C070,2022-04-13,3,3,2,4,2,3
CFB002089,C047,2022-04-13,3,4,4,3,2,5
CFB002090,C065,2022-04-13,3,3,2,4,4,4
CFB002091,C019,2022-04-13,4,3,3,4,3,4
CFB002092,C067,2022-04-13,4,3,4,3,4,4
CFB002093,C055,2022-04-13,3,2,2,3,2,2
CFB002094,C043,2022-04-13,4,4,5,2,4,5
CFB002095,C055,2022-04-13,4,4,5,4,3,4
CFB002096,C002,2022-04-13,3,2,3,4,1,4
CFB002097,C055,2022-04-13,3,3,3,4,2,4
CFB002098,C036,2022-04-13,4,3,4,5,2,5
CFB002099,C075,2022-04-13,4,3,3,2,4,3
CFB002100,C031,2022-04-13,3,4,4,5,4,4
CFB002101,C081,2022-04-13,3,1,4,4,4,1
CFB002102,C048,2022-04-13,5,2,3,2,4,3
CFB002103,C061,2022-04-13,4,4,3,4,2,3
CFB002104,C044,2022-04-13,3,5,3,3,5,3
CFB002105,C019,2022-04-13,3,3,4,3,2,4
CFB002106,C048,2022-04-13,4,3,4,3,3,4
CFB002107,C027,2022-04-13,4,4,5,4,3,4
CFB002108,C006,2022-04-13,4,4,4,3,4,5
CFB002109,C030,2022-04-13,4,2,3,3,4,3
CFB002110,C067,2022-04-13,4,4,5,4,2,4
CFB002111,C078,2022-04-13,4,2,3,3,4,2
CFB002112,C047,2022-04-13,4,2,4,3,2,3
CFB002113,C051,2022-04-13,2,3,3,5,1,3
CFB002114,C084,2022-04-13,3,5,5,3,3,4
CFB002115,C063,2022-04-14,4,4,4,4,3,4
CFB002116,C039,2022-04-14,3,4,4,4,5,5
CFB002117,C027,2022-04-14,2,4,3,3,4,5
CFB002118,C078,2022-04-14,4,3,3,4,3,5
CFB002119,C010,2022-04-14,5,5,5,5,4,5
CFB002120,C074,2022-04-14,3,2,2,2,2,3
CFB002121,C043,2022-04-14,3,4,3,4,3,3
CFB002122,C078,2022-04-14,2,5,3,4,5,2
CFB002123,C055,2022-04-14,3,2,4,2,4,2
CFB002124,C046,2022-04-14,4,5,4,4,2,5
CFB002125,C084,2022-04-14,2,2,3,3,3,2
CFB002126,C055,2022-04-14,3,2,2,4,3,5
CFB002127,C087,2022-04-14,3,2,4,5,4,3
CFB002128,C035,2022-04-14,2,3,5,5,3,4
CFB002129,C055,2022-04-14,3,4,5,5,5,5
CFB002130,C036,2022-04-14,5,2,3,3,4,5
CFB002131,C027,2022-04-14,4,5,4,5,4,5
CFB002132,C084,2022-04-14,5,2,4,5,4,3
CFB002133,C051,2022-04-14,5,3,4,3,3,4
CFB002134,C006,2022-04-14,4,4,5,4,1,4
CFB002135,C088,2022-04-14,3,3,4,4,5,3
CFB002136,C067,2022-04-14,3,2,3,3,3,4
CFB002137,C085,2022-04-14,3,3,4,3,4,3
CFB002138,C069,2022-04-14,3,4,4,4,5,5
CFB002139,C060,2022-04-14,3,3,4,4,4,5
CFB002140,C038,2022-04-14,5,3,2,4,4,4
CFB002141,C074,2022-04-14,3,3,2,2,2,3
CFB002142,C031,2022-04-14,3,3,2,2,1,3
CFB002143,C062,2022-04-14,2,4,3,4,3,3
CFB002144,C040,2022-04-14,3,4,4,4,2,4
CFB002145,C085,2022-04-14,3,3,3,3,4,5
CFB002146,C061,2022-04-15,4,3,3,5,4,2
CFB002147,C070,2022-04-15,3,5,4,4,3,4
CFB002148,C038,2022-04-15,4,3,2,2,3,3
CFB002149,C036,2022-04-15,3,4,5,3,5,4
CFB002150,C016,2022-04-15,4,3,4,4,2,4
CFB002151,C018,2022-04-15,4,2,4,3,4,5
CFB002152,C002,2022-04-15,4,4,5,5,2,5
CFB002153,C043,2022-04-15,3,3,4,5,4,5
CFB002154,C030,2022-04-15,4,3,4,4,4,5
CFB002155,C018,2022-04-15,2,3,4,5,1,4
CFB002156,C046,2022-04-15,2,3,3,1,2,2
CFB002157,C085,2022-04-15,3,4,3,3,4,4
CFB002158,C084,2022-04-15,3,4,2,3,5,4
CFB002159,C027,2022-04-15,3,5,3,4,3,5
CFB002160,C029,2022-04-15,4,4,3,4,4,3
CFB002161,C086,2022-04-15,5,4,4,3,3,5
CFB002162,C060,2022-04-15,3,5,4,4,3,4
CFB002163,C031,2022-04-15,5,3,2,2,3,4
CFB002164,C051,2022-04-15,4,3,4,4,3,3
CFB002165,C007,2022-04-15,3,2,4,4,4,3
CFB002166,C088,2022-04-15,3,4,4,3,3,5
CFB002167,C029,2022-04-15,3,4,3,4,3,2
CFB002168,C047,2022-04-15,4,3,5,3,2,4
CFB002169,C002,2022-04-15,3,2,4,2,4,3
CFB002170,C054,2022-04-15,3,3,3,2,2,2
CFB002171,C079,2022-04-15,4,5,3,3,3,4
CFB002172,C020,2022-04-15,2,3,3,5,3,5
CFB002173,C084,2022-04-15,4,3,4,4,3,5
CFB002174,C019,2022-04-15,2,4,4,3,3,4
CFB002175,C069,2022-04-16,4,4,3,3,2,4
CFB002176,C060,2022-04-16,2,3,4,3,3,4
CFB002177,C081,2022-04-16,5,4,2,3,2,3
CFB002178,C032,2022-04-16,4,4,3,4,3,4
CFB002179,C040,2022-04-16,4,2,4,3,4,3
CFB002180,C078,2022-04-16,5,4,5,4,4,3
CFB002181,C045,2022-04-16,2,1,4,3,4,3
CFB002182,C062,2022-04-16,4,4,3,4,3,3
CFB002183,C080,2022-04-16,4,3,4,4,2,4
CFB002184,C088,2022-04-16,5,3,5,5,4,5
CFB002185,C075,2022-04-16,4,2,4,5,4,5
CFB002186,C040,2022-04-16,4,4,4,5,3,4
CFB002187,C087,2022-04-16,4,5,3,3,1,4
CFB002188,C062,2022-04-16,4,3,3,3,5,4
CFB002189,C075,2022-04-16,3,3,2,4,4,2
CFB002190,C086,2022-04-16,3,5,3,2,3,4
CFB002191,C070,2022-04-16,5,4,5,4,3,3
CFB002192,C007,2022-04-16,4,3,2,3,3,4
CFB002193,C067,2022-04-16,4,2,2,2,4,4
CFB002194,C031,2022-04-16,5,4,5,4,3,5
CFB002195,C030,2022-04-16,3,2,3,4,4,4
CFB002196,C045,2022-04-16,3,1,2,3,4,3
CFB002197,C018,2022-04-16,3,5,5,4,3,3
CFB002198,C065,2022-04-16,3,5,3,5,4,3
CFB002199,C048,2022-04-16,3,4,4,3,3,3
CFB002200,C048,2022-04-17,5,5,3,5,3,5
CFB002201,C066,2022-04-17,3,2,3,4,3,4
CFB002202,C016,2022-04-17,4,3,5,4,2,4
CFB002203,C013,2022-04-17,2,4,3,4,3,3
CFB002204,C074,2022-04-17,4,4,3,4,3,3
CFB002205,C007,2022-04-17,3,4,3,4,2,2
CFB002206,C013,2022-04-17,2,2,2,4,3,2
CFB002207,C065,2022-04-17,3,3,4,3,3,4
CFB002208,C046,2022-04-17,4,4,5,4,3,5
CFB002209,C059,2022-04-17,4,3,3,4,4,5
CFB002210,C056,2022-04-17,5,4,5,5,2,4
CFB002211,C031,2022-04-17,3,2,3,5,3,3
CFB002212,C034,2022-04-17,4,5,4,3,3,3
CFB002213,C027,2022-04-17,3,3,3,3,4,3
CFB002214,C046,2022-04-17,3,3,3,4,5,3
CFB002215,C043,2022-04-17,4,5,3,3,3,5
CFB002216,C040,2022-04-17,3,5,4,2,4,4
CFB002217,C040,2022-04-17,2,3,4,2,4,4
CFB002218,C015,2022-04-17,4,3,5,4,3,4
CFB002219,C084,2022-04-17,4,3,5,4,3,4
CFB002220,C002,2022-04-17,4,4,2,2,5,1
CFB002221,C054,2022-04-17,4,3,2,4,2,4
CFB002222,C046,2022-04-17,2,3,5,5,3,5
CFB002223,C040,2022-04-17,3,4,4,3,2,4
CFB002224,C062,2022-04-17,5,5,3,5,4,5
CFB002225,C006,2022-04-18,4,5,4,3,5,3
CFB002226,C079,2022-04-18,3,4,5,5,4,5
CFB002227,C063,2022-04-18,4,4,5,4,5,2
CFB002228,C056,2022-04-18,5,5,5,4,3,4
CFB002229,C010,2022-04-18,3,3,3,4,2,3
CFB002230,C085,2022-04-18,3,4,3,3,3,3
CFB002231,C024,2022-04-18,2,4,4,3,1,3
CFB002232,C006,2022-04-18,4,3,4,2,4,3
CFB002233,C002,2022-04-18,4,3,5,5,3,5
CFB002234,C010,2022-04-18,4,4,4,5,2,4
CFB002235,C089,2022-04-18,4,3,4,3,4,3
CFB002236,C054,2022-04-18,4,3,3,4,2,3
CFB002237,C056,2022-04-18,2,3,2,2,4,1
CFB002238,C079,2022-04-18,5,3,5,4,2,4
CFB002239,C035,2022-04-18,4,4,3,4,5,3
CFB002240,C040,2022-04-18,5,3,3,3,2,5
CFB002241,C075,2022-04-18,3,3,3,4,4,1
CFB002242,C069,2022-04-18,4,4,5,2,3,4
CFB002243,C010,2022-04-18,3,2,3,4,4,4
CFB002244,C010,2022-04-18,3,3,3,4,3,4
CFB002245,C056,2022-04-18,3,4,5,3,1,3
CFB002246,C047,2022-04-18,5,3,3,3,3,3
CFB002247,C062,2022-04-18,5,2,5,5,2,3
CFB002248,C074,2022-04-18,3,3,3,5,2,3
CFB002249,C039,2022-04-18,4,3,4,4,3,4
CFB002250,C073,2022-04-18,3,4,5,5,5,5
CFB002251,C018,2022-04-18,3,2,4,4,5,2
CFB002252,C070,2022-04-18,2,2,2,3,3,3
CFB002253,C018,2022-04-18,5,5,5,4,3,4
CFB002254,C027,2022-04-18,4,3,4,4,2,1
CFB002255,C081,2022-04-19,5,1,4,3,4,4
CFB002256,C063,2022-04-19,4,5,3,5,4,4
CFB002257,C060,2022-04-19,4,5,2,5,4,3
CFB002258,C037,2022-04-19,3,4,3,2,3,3
CFB002259,C037,2022-04-19,4,4,3,5,4,5
CFB002260,C015,2022-04-19,3,4,3,3,3,4
CFB002261,C075,2022-04-19,4,4,4,4,4,3
CFB002262,C067,2022-04-19,4,4,2,4,2,4
CFB002263,C065,2022-04-19,2,5,4,5,3,3
CFB002264,C084,2022-04-19,5,5,4,4,4,4
CFB002265,C029,2022-04-19,4,4,5,5,5,5
CFB002266,C032,2022-04-19,5,4,5,4,3,5
CFB002267,C034,2022-04-19,5,4,4,5,5,5
CFB002268,C006,2022-04-19,3,4,2,4,3,4
CFB002269,C024,2022-04-19,3,2,2,2,3,3
CFB002270,C088,2022-04-19,4,2,3,3,3,5
CFB002271,C084,2022-04-19,4,3,3,3,3,4
CFB002272,C068,2022-04-19,3,3,3,4,4,4
CFB002273,C078,2022-04-19,3,2,4,3,3,4
CFB002274,C085,2022-04-19,4,5,3,5,5,5
CFB002275,C087,2022-04-19,5,4,3,5,2,4
CFB002276,C074,2022-04-19,4,4,4,4,2,4
CFB002277,C032,2022-04-19,3,4,3,3,3,5
CFB002278,C079,2022-04-19,3,2,3,4,5,3
CFB002279,C004,2022-04-19,3,3,4,3,3,4
CFB002280,C073,2022-04-19,3,3,5,4,3,4
CFB002281,C065,2022-04-19,3,3,5,4,4,3
CFB002282,C089,2022-04-19,3,4,3,2,3,3
CFB002283,C069,2022-04-19,4,3,3,5,3,3
CFB002284,C037,2022-04-19,4,4,4,3,3,5
CFB002285,C079,2022-04-19,4,3,3,5,3,5
CFB002286,C047,2022-04-19,4,4,5,3,2,3
CFB002287,C013,2022-04-19,5,4,2,4,4,3
CFB002288,C035,2022-04-19,3,4,4,5,3,5
CFB002289,C035,2022-04-19,3,3,5,2,5,5
CFB002290,C047,2022-04-19,3,2,5,3,2,4
CFB002291,C007,2022-04-19,4,3,3,2,3,3
CFB002292,C021,2022-04-19,4,5,4,4,3,4
CFB002293,C070,2022-04-19,3,5,5,4,4,5
CFB002294,C086,2022-04-19,4,3,3,3,2,3
CFB002295,C020,2022-04-19,5,3,4,4,2,5
CFB002296,C066,2022-04-20,5,2,3,3,3,4
CFB002297,C074,2022-04-20,4,2,3,4,2,4
CFB002298,C044,2022-04-20,5,4,4,5,3,5
CFB002299,C034,2022-04-20,4,4,5,4,3,5
CFB002300,C006,2022-04-20,4,2,2,3,3,4
CFB002301,C067,2022-04-20,5,3,4,3,5,5
CFB002302,C051,2022-04-20,5,3,5,4,4,4
CFB002303,C013,2022-04-20,4,2,3,4,5,4
CFB002304,C002,2022-04-20,3,3,5,4,5,3
CFB002305,C010,2022-04-20,5,2,1,4,4,5
CFB002306,C077,2022-04-20,4,2,2,3,3,5
CFB002307,C078,2022-04-20,5,5,4,5,3,5
CFB002308,C068,2022-04-20,5,3,3,3,3,2
CFB002309,C087,2022-04-20,4,5,5,4,3,5
CFB002310,C061,2022-04-20,3,4,3,2,2,4
CFB002311,C077,2022-04-20,5,5,3,4,3,3
CFB002312,C086,2022-04-20,5,4,5,4,3,4
CFB002313,C020,2022-04-20,3,3,3,3,4,2
CFB002314,C062,2022-04-20,5,4,4,2,4,4
CFB002315,C075,2022-04-20,3,5,5,4,3,3
CFB002316,C066,2022-04-20,4,3,4,3,3,4
CFB002317,C045,2022-04-20,5,2,3,3,3,3
CFB002318,C030,2022-04-20,3,3,4,4,3,4
CFB002319,C020,2022-04-20,3,3,4,3,4,3
CFB002320,C027,2022-04-20,4,4,4,3,3,3
CFB002321,C048,2022-04-20,3,4,5,3,3,4
CFB002322,C027,2022-04-20,4,5,4,5,4,4
CFB002323,C074,2022-04-20,3,3,3,3,3,3
CFB002324,C029,2022-04-20,4,4,2,2,4,4
CFB002325,C045,2022-04-20,4,2,4,4,4,1
CFB002326,C006,2022-04-20,4,4,3,3,4,4
CFB002327,C045,2022-04-20,3,4,1,1,3,3
CFB002328,C032,2022-04-20,5,3,3,4,4,3
CFB002329,C089,2022-04-20,4,4,3,3,2,3
CFB002330,C039,2022-04-20,3,4,4,5,4,4
CFB002331,C043,2022-04-21,4,4,2,4,3,2
CFB002332,C032,2022-04-21,5,3,4,4,2,3
CFB002333,C051,2022-04-21,3,1,4,2,4,4
CFB002334,C040,2022-04-21,5,3,5,5,5,2
CFB002335,C081,2022-04-21,4,2,2,4,3,5
CFB002336,C010,2022-04-21,5,4,5,5,3,4
CFB002337,C039,2022-04-21,3,4,5,4,3,3
CFB002338,C027,2022-04-21,5,5,5,4,3,3
CFB002339,C081,2022-04-21,5,3,4,3,2,5
CFB002340,C039,2022-04-21,4,4,1,5,1,4
CFB002341,C007,2022-04-21,5,5,3,4,5,4
CFB002342,C002,2022-04-21,3,4,4,3,4,4
CFB002343,C024,2022-04-21,3,3,3,4,5,4
CFB002344,C030,2022-04-21,5,3,5,2,3,5
CFB002345,C063,2022-04-21,3,4,3,3,3,3
CFB002346,C020,2022-04-21,5,5,4,5,2,3
CFB002347,C065,2022-04-21,4,5,4,5,2,4
CFB002348,C079,2022-04-21,3,4,5,4,4,3
CFB002349,C010,2022-04-21,4,3,4,3,3,4
CFB002350,C089,2022-04-21,4,5,5,4,4,4
CFB002351,C048,2022-04-21,3,4,4,4,2,4
CFB002352,C051,2022-04-21,3,2,3,4,4,3
CFB002353,C054,2022-04-21,4,3,3,5,2,3
CFB002354,C062,2022-04-21,4,3,4,4,3,4
CFB002355,C070,2022-04-21,3,3,4,3,2,3
CFB002356,C045,2022-04-21,4,3,4,5,4,4
CFB002357,C077,2022-04-21,4,5,4,4,4,3
CFB002358,C038,2022-04-21,5,5,3,5,2,5
CFB002359,C089,2022-04-21,4,3,4,3,1,3
CFB002360,C084,2022-04-21,4,4,3,2,3,2
CFB002361,C087,2022-04-21,4,4,3,2,2,3
CFB002362,C017,2022-04-21,4,4,2,3,4,2
CFB002363,C038,2022-04-21,3,2,4,4,4,3
CFB002364,C060,2022-04-21,4,3,2,2,4,4
CFB002365,C034,2022-04-21,2,2,3,3,4,3
CFB002366,C037,2022-04-21,4,4,4,3,3,2
CFB002367,C054,2022-04-21,4,1,4,4,3,3
CFB002368,C027,2022-04-21,3,3,3,3,3,2
CFB002369,C065,2022-04-21,4,4,4,4,2,4
CFB002370,C085,2022-04-22,4,4,3,1,2,3
CFB002371,C002,2022-04-22,4,4,4,5,4,4
CFB002372,C062,2022-04-22,5,5,3,4,4,4
CFB002373,C066,2022-04-22,4,4,4,4,3,5
CFB002374,C017,2022-04-22,3,4,4,4,5,5
CFB002375,C089,2022-04-22,4,3,4,3,3,4
CFB002376,C078,2022-04-22,5,4,5,4,2,4
CFB002377,C047,2022-04-22,5,2,3,4,1,2
CFB002378,C030,2022-04-22,5,2,5,4,3,4
CFB002379,C068,2022-04-22,3,2,3,5,2,5
CFB002380,C068,2022-04-22,4,2,3,4,4,3
CFB002381,C029,2022-04-22,3,3,3,3,5,4
CFB002382,C074,2022-04-22,4,3,2,4,2,4
CFB002383,C002,2022-04-22,4,5,4,5,2,5
CFB002384,C088,2022-04-22,5,5,5,4,3,4
CFB002385,C044,2022-04-22,5,3,5,4,5,3
CFB002386,C087,2022-04-22,4,4,3,4,4,4
CFB002387,C032,2022-04-22,2,3,5,4,2,3
CFB002388,C035,2022-04-22,4,5,3,4,3,4
CFB002389,C061,2022-04-22,4,3,3,2,2,3
CFB002390,C027,2022-04-22,4,3,4,3,3,5
CFB002391,C037,2022-04-22,4,3,4,5,4,2
CFB002392,C075,2022-04-22,4,3,5,4,4,3
CFB002393,C063,2022-04-22,5,3,3,4,4,5
CFB002394,C067,2022-04-22,5,1,3,4,1,2
CFB002395,C066,2022-04-22,3,3,3,4,3,2
CFB002396,C004,2022-04-22,4,5,5,4,4,3
CFB002397,C045,2022-04-22,4,3,4,5,5,4
CFB002398,C016,2022-04-23,3,2,5,5,3,4
CFB002399,C061,2022-04-23,3,4,4,3,4,4
CFB002400,C040,2022-04-23,5,4,4,4,4,3
CFB002401,C036,2022-04-23,1,2,4,5,4,3
CFB002402,C074,2022-04-23,4,3,5,5,1,4
CFB002403,C031,2022-04-23,4,3,5,5,3,3
CFB002404,C063,2022-04-23,4,3,3,5,3,3
CFB002405,C032,2022-04-23,3,2,2,3,4,4
CFB002406,C040,2022-04-23,4,2,5,3,2,5
CFB002407,C037,2022-04-23,4,5,5,3,2,3
CFB002408,C008,2022-04-23,3,2,4,5,2,3
CFB002409,C054,2022-04-23,3,3,5,4,4,3
CFB002410,C039,2022-04-23,2,3,4,2,3,4
CFB002411,C010,2022-04-23,3,4,3,4,4,4
CFB002412,C040,2022-04-23,3,4,3,4,2,4
CFB002413,C046,2022-04-23,5,5,5,5,4,5
CFB002414,C089,2022-04-23,4,3,4,3,3,3
CFB002415,C077,2022-04-23,3,3,4,3,2,4
CFB002416,C018,2022-04-23,4,5,3,5,5,4
CFB002417,C065,2022-04-23,5,3,4,4,3,4
CFB002418,C068,2022-04-23,5,2,2,3,3,3
CFB002419,C067,2022-04-23,3,4,2,5,3,3
CFB002420,C034,2022-04-23,5,2,3,4,3,3
CFB002421,C067,2022-04-23,4,3,4,5,3,5
CFB002422,C074,2022-04-23,3,3,5,4,3,3
CFB002423,C018,2022-04-23,4,2,3,4,5,4
CFB002424,C068,2022-04-23,3,3,5,5,3,5
CFB002425,C059,2022-04-23,3,3,3,5,4,5
CFB002426,C065,2022-04-23,5,3,3,2,3,5
CFB002427,C018,2022-04-23,3,4,2,4,3,4
CFB002428,C040,2022-04-23,3,4,4,4,3,4
CFB002429,C002,2022-04-23,4,4,5,4,3,4
CFB002430,C010,2022-04-24,3,4,3,5,4,3
CFB002431,C086,2022-04-24,4,4,3,5,1,2
CFB002432,C081,2022-04-24,3,4,4,4,4,3
CFB002433,C045,2022-04-24,5,3,5,4,4,3
CFB002434,C080,2022-04-24,2,3,3,3,2,3
CFB002435,C034,2022-04-24,4,5,4,3,2,4
CFB002436,C029,2022-04-24,4,3,4,2,3,3
CFB002437,C010,2022-04-24,4,3,2,3,4,5
CFB002438,C067,2022-04-24,4,2,4,4,5,4
CFB002439,C061,2022-04-24,5,3,5,3,3,4
CFB002440,C040,2022-04-24,4,4,4,4,3,3
CFB002441,C020,2022-04-24,3,2,3,5,4,3
CFB002442,C067,2022-04-24,5,2,4,4,2,3
CFB002443,C030,2022-04-24,5,4,3,4,3,3
CFB002444,C013,2022-04-24,3,4,3,3,3,4
CFB002445,C069,2022-04-24,4,4,3,4,2,4
CFB002446,C010,2022-04-24,4,3,5,3,3,3
CFB002447,C074,2022-04-24,4,3,3,3,3,2
CFB002448,C067,2022-04-24,2,4,4,4,2,2
CFB002449,C016,2022-04-24,5,3,4,4,5,3
CFB002450,C024,2022-04-24,4,4,3,4,3,1
CFB002451,C045,2022-04-24,4,4,3,4,2,4
CFB002452,C070,2022-04-24,4,2,4,3,1,2
CFB002453,C045,2022-04-24,4,4,4,4,3,5
CFB002454,C065,2022-04-24,4,3,4,2,4,5
CFB002455,C017,2022-04-24,3,4,2,3,2,4
CFB002456,C068,2022-04-24,5,4,3,2,4,3
CFB002457,C080,2022-04-24,2,3,3,4,5,3
CFB002458,C016,2022-04-24,4,3,5,3,3,4
CFB002459,C054,2022-04-24,3,3,3,4,2,3
CFB002460,C087,2022-04-24,3,4,3,3,4,3
CFB002461,C015,2022-04-24,4,3,4,3,5,3
CFB002462,C062,2022-04-24,3,4,5,3,4,5
CFB002463,C067,2022-04-25,3,5,5,5,2,4
CFB002464,C010,2022-04-25,5,5,4,4,1,4
CFB002465,C031,2022-04-25,5,5,4,5,3,5
CFB002466,C070,2022-04-25,4,4,4,3,5,4
CFB002467,C019,2022-04-25,5,4,5,5,3,4
CFB002468,C020,2022-04-25,3,4,4,4,2,5
CFB002469,C069,2022-04-25,3,4,4,5,3,4
CFB002470,C027,2022-04-25,4,4,5,4,3,4
CFB002471,C032,2022-04-25,4,3,3,4,4,3
CFB002472,C036,2022-04-25,3,3,4,4,1,4
CFB002473,C019,2022-04-25,4,5,5,3,5,5
CFB002474,C086,2022-04-25,3,3,3,2,3,3
CFB002475,C016,2022-04-25,4,4,4,5,3,4
CFB002476,C047,2022-04-25,3,5,4,3,3,3
CFB002477,C080,2022-04-25,4,3,4,4,4,3
CFB002478,C007,2022-04-25,4,3,5,4,3,4
CFB002479,C024,2022-04-25,5,3,3,3,2,5
CFB002480,C035,2022-04-25,4,3,2,5,3,3
CFB002481,C017,2022-04-25,4,4,4,5,3,5
CFB002482,C086,2022-04-25,4,5,3,3,3,2
CFB002483,C088,2022-04-25,2,4,3,3,4,4
CFB002484,C066,2022-04-25,4,4,4,4,5,4
CFB002485,C075,2022-04-25,4,3,4,2,4,2
CFB002486,C061,2022-04-25,5,3,4,5,4,4
CFB002487,C002,2022-04-25,4,2,2,4,2,4
CFB002488,C070,2022-04-25,4,3,4,4,4,3
CFB002489,C068,2022-04-25,5,2,3,4,3,4
CFB002490,C067,2022-04-25,3,3,2,5,3,5
CFB002491,C004,2022-04-25,3,4,1,4,2,5
CFB002492,C037,2022-04-25,3,2,3,2,3,4
CFB002493,C078,2022-04-25,5,3,4,3,2,4
CFB002494,C006,2022-04-25,4,4,4,4,4,4
CFB002495,C047,2022-04-25,2,3,3,3,4,4
CFB002496,C018,2022-04-26,2,5,4,5,4,4
CFB002497,C085,2022-04-26,4,4,4,4,3,3
CFB002498,C040,2022-04-26,4,5,4,3,4,4
CFB002499,C006,2022-04-26,4,4,4,4,2,3
CFB002500,C013,2022-04-26,4,4,5,5,3,5
CFB002501,C043,2022-04-26,3,3,5,4,4,3
CFB002502,C027,2022-04-26,2,2,3,4,3,3
CFB002503,C079,2022-04-26,4,4,5,4,3,4
CFB002504,C007,2022-04-26,4,4,3,4,2,5
CFB002505,C085,2022-04-26,5,3,5,4,3,4
CFB002506,C080,2022-04-26,4,4,5,3,5,4
CFB002507,C036,2022-04-26,4,3,3,4,2,4
CFB002508,C031,2022-04-26,4,5,4,5,4,2
CFB002509,C062,2022-04-26,3,3,3,4,5,4
CFB002510,C024,2022-04-26,4,3,5,4,3,3
CFB002511,C051,2022-04-26,3,5,3,5,4,4
CFB002512,C013,2022-04-26,1,2,3,2,3,3
CFB002513,C043,2022-04-26,4,2,3,3,4,1
CFB002514,C056,2022-04-26,2,2,5,3,3,3
CFB002515,C062,2022-04-26,4,2,4,3,4,2
CFB002516,C079,2022-04-26,3,3,4,5,3,5
CFB002517,C074,2022-04-26,4,4,3,5,2,4
CFB002518,C088,2022-04-26,3,3,4,2,3,3
CFB002519,C081,2022-04-26,4,2,4,4,4,3
CFB002520,C070,2022-04-26,4,4,2,3,4,3
CFB002521,C059,2022-04-26,4,4,4,5,5,3
CFB002522,C069,2022-04-26,3,3,5,3,3,3
CFB002523,C075,2022-04-26,5,4,4,4,4,5
CFB002524,C051,2022-04-26,5,3,4,3,2,3
CFB002525,C035,2022-04-26,3,3,5,5,1,4
CFB002526,C061,2022-04-26,5,2,5,4,3,5
CFB002527,C039,2022-04-26,4,3,3,4,4,3
CFB002528,C018,2022-04-26,3,4,4,4,4,4
CFB002529,C067,2022-04-26,4,4,3,4,3,3
CFB002530,C056,2022-04-26,3,4,3,3,3,4
CFB002531,C019,2022-04-26,2,2,2,4,4,3
CFB002532,C047,2022-04-26,4,5,4,3,1,3
CFB002533,C086,2022-04-26,5,4,5,2,4,4
CFB002534,C010,2022-04-26,4,4,3,3,2,3
CFB002535,C054,2022-04-26,4,4,4,3,3,3
CFB002536,C038,2022-04-26,4,4,4,5,3,2
CFB002537,C029,2022-04-26,3,5,3,4,3,4
CFB002538,C035,2022-04-27,4,3,4,3,3,5
CFB002539,C061,2022-04-27,4,5,3,4,4,4
CFB002540,C055,2022-04-27,3,2,3,3,4,5
CFB002541,C040,2022-04-27,4,5,4,5,3,5
CFB002542,C063,2022-04-27,4,3,3,3,4,2
CFB002543,C035,2022-04-27,5,4,5,4,3,4
CFB002544,C038,2022-04-27,4,4,3,3,4,4
CFB002545,C086,2022-04-27,4,4,4,5,5,4
CFB002546,C007,2022-04-27,4,4,2,5,4,4
CFB002547,C037,2022-04-27,4,4,4,2,4,4
CFB002548,C004,2022-04-27,4,3,4,5,3,3
CFB002549,C060,2022-04-27,5,3,3,5,5,5
CFB002550,C043,2022-04-27,5,4,4,4,2,3
CFB002551,C084,2022-04-27,4,3,3,5,4,3
CFB002552,C079,2022-04-27,4,3,4,4,3,5
CFB002553,C086,2022-04-27,3,5,3,5,2,4
CFB002554,C087,2022-04-27,4,3,4,3,4,3
CFB002555,C002,2022-04-27,2,1,2,4,2,4
CFB002556,C059,2022-04-27,3,3,5,4,3,4
CFB002557,C018,2022-04-27,4,4,3,2,2,3
CFB002558,C013,2022-04-27,4,3,5,5,2,3
CFB002559,C047,2022-04-27,3,5,4,3,4,2
CFB002560,C038,2022-04-27,3,4,4,4,4,5
CFB002561,C089,2022-04-27,4,3,3,4,4,4
CFB002562,C024,2022-04-27,4,4,4,4,4,4
CFB002563,C010,2022-04-27,3,3,3,3,3,4
CFB002564,C074,2022-04-27,4,4,4,4,2,5
CFB002565,C081,2022-04-27,2,5,4,4,3,4
CFB002566,C020,2022-04-27,4,4,2,4,4,4
CFB002567,C081,2022-04-27,3,3,3,3,3,4
CFB002568,C084,2022-04-27,3,3,5,3,4,4
CFB002569,C047,2022-04-27,4,3,2,3,2,4
CFB002570,C048,2022-04-27,3,4,4,4,4,3
CFB002571,C017,2022-04-27,5,3,3,5,3,4
CFB002572,C019,2022-04-28,5,3,5,5,2,5
CFB002573,C065,2022-04-28,4,3,3,4,5,4
CFB002574,C081,2022-04-28,3,4,5,3,1,4
CFB002575,C016,2022-04-28,5,3,5,3,3,5
CFB002576,C063,2022-04-28,4,2,3,5,3,4
CFB002577,C038,2022-04-28,4,4,4,5,5,5
CFB002578,C046,2022-04-28,4,2,3,4,2,4
CFB002579,C016,2022-04-28,4,4,3,5,4,5
CFB002580,C074,2022-04-28,3,3,4,3,3,4
CFB002581,C054,2022-04-28,3,5,2,4,5,3
CFB002582,C063,2022-04-28,3,2,3,1,3,3
CFB002583,C081,2022-04-28,3,1,3,3,3,3
CFB002584,C054,2022-04-28,3,4,4,1,3,3
CFB002585,C006,2022-04-28,3,5,3,4,4,2
CFB002586,C078,2022-04-28,4,1,4,3,3,2
CFB002587,C007,2022-04-28,4,3,3,5,5,5
CFB002588,C040,2022-04-28,5,3,3,4,3,2
CFB002589,C074,2022-04-28,5,3,3,3,3,4
CFB002590,C024,2022-04-28,3,5,3,2,4,3
CFB002591,C030,2022-04-28,4,3,3,5,3,5
CFB002592,C035,2022-04-28,3,4,2,2,4,4
CFB002593,C002,2022-04-28,4,3,4,3,2,3
CFB002594,C081,2022-04-28,4,3,5,4,3,3
CFB002595,C031,2022-04-28,3,3,4,3,3,3
CFB002596,C039,2022-04-28,4,1,4,3,4,3
CFB002597,C051,2022-04-28,4,4,4,4,2,3
CFB002598,C038,2022-04-28,4,3,3,4,2,5
CFB002599,C086,2022-04-28,3,4,5,4,4,3
CFB002600,C030,2022-04-28,4,5,5,4,3,4
CFB002601,C081,2022-04-28,3,2,4,3,3,4
CFB002602,C054,2022-04-29,3,4,4,5,4,4
CFB002603,C044,2022-04-29,5,2,2,4,1,3
CFB002604,C088,2022-04-29,4,2,3,1,3,2
CFB002605,C054,2022-04-29,5,4,5,5,4,5
CFB002606,C040,2022-04-29,4,4,3,3,2,4
CFB002607,C006,2022-04-29,5,3,5,5,1,5
CFB002608,C020,2022-04-29,3,4,4,4,2,4
CFB002609,C061,2022-04-29,4,3,3,3,3,5
CFB002610,C018,2022-04-29,3,3,3,4,3,4
CFB002611,C018,2022-04-29,4,3,3,4,3,3
CFB002612,C054,2022-04-29,4,3,3,5,3,5
CFB002613,C087,2022-04-29,3,4,3,5,2,4
CFB002614,C063,2022-04-29,4,3,4,5,4,5
CFB002615,C006,2022-04-29,4,4,4,4,4,5
CFB002616,C079,2022-04-29,4,4,3,4,3,5
CFB002617,C069,2022-04-29,3,4,4,5,3,4
CFB002618,C062,2022-04-29,4,2,2,4,2,2
CFB002619,C078,2022-04-29,3,4,3,3,4,5
CFB002620,C078,2022-04-29,4,2,3,4,3,3
CFB002621,C070,2022-04-29,3,3,1,2,3,3
CFB002622,C067,2022-04-29,4,4,4,3,4,3
CFB002623,C081,2022-04-29,5,4,5,5,4,5
CFB002624,C020,2022-04-29,5,4,3,4,4,3
CFB002625,C048,2022-04-29,3,3,4,3,3,4
CFB002626,C031,2022-04-29,3,5,3,4,2,4
CFB002627,C078,2022-04-29,3,4,3,4,3,5
CFB002628,C006,2022-04-29,5,5,3,4,3,4
CFB002629,C045,2022-04-29,4,5,4,4,3,3
CFB002630,C073,2022-04-29,5,3,5,3,3,4
CFB002631,C013,2022-04-29,3,2,4,4,3,2
CFB002632,C055,2022-04-29,3,5,3,2,2,3
CFB002633,C087,2022-04-29,4,3,3,3,4,5
CFB002634,C027,2022-04-29,2,2,3,5,5,5
CFB002635,C038,2022-04-29,4,3,4,4,4,4
CFB002636,C032,2022-04-30,4,3,5,5,3,5
CFB002637,C040,2022-04-30,5,5,5,4,4,5
CFB002638,C054,2022-04-30,5,3,3,4,3,4
CFB002639,C062,2022-04-30,5,3,3,4,4,5
CFB002640,C084,2022-04-30,4,5,4,5,2,4
CFB002641,C002,2022-04-30,3,2,3,3,4,3
CFB002642,C065,2022-04-30,5,3,3,2,4,5
CFB002643,C047,2022-04-30,5,4,4,5,3,5
CFB002644,C074,2022-04-30,5,4,5,4,5,3
CFB002645,C061,2022-04-30,5,3,4,4,3,4
CFB002646,C080,2022-04-30,3,3,4,3,2,4
CFB002647,C040,2022-04-30,3,3,4,4,1,4
CFB002648,C056,2022-04-30,4,3,4,5,4,3
CFB002649,C078,2022-04-30,4,3,5,3,3,3
CFB002650,C084,2022-04-30,4,4,4,4,3,3
CFB002651,C051,2022-04-30,3,3,4,3,3,4
CFB002652,C015,2022-04-30,3,2,5,3,4,2
CFB002653,C045,2022-04-30,3,4,3,5,3,2
CFB002654,C018,2022-04-30,3,3,3,4,4,5
CFB002655,C059,2022-04-30,4,5,4,4,3,5
CFB002656,C020,2022-04-30,3,4,4,3,3,3
CFB002657,C088,2022-04-30,3,2,5,4,2,3
CFB002658,C015,2022-04-30,5,5,3,4,2,4
CFB002659,C027,2022-04-30,3,3,3,4,3,2
CFB002660,C060,2022-04-30,5,3,3,5,4,3
CFB002661,C032,2022-04-30,2,3,3,2,4,1
CFB002662,C035,2022-04-30,4,3,2,4,1,5
CFB002663,C027,2022-04-30,3,5,3,3,1,4
CFB002664,C039,2022-04-30,5,4,4,5,4,4
CFB002665,C060,2022-04-30,2,4,3,3,2,2
CFB002666,C085,2022-04-30,3,3,3,3,4,4
CFB002667,C073,2022-04-30,4,2,4,4,5,4
CFB002668,C061,2022-04-30,3,3,4,3,5,5
CFB002669,C087,2022-04-30,2,3,4,2,2,1
CFB002670,C079,2022-04-30,3,4,2,4,5,3
CFB002671,C060,2022-04-30,3,1,3,2,1,1
CFB002672,C085,2022-04-30,4,3,5,4,3,4
CFB002673,C047,2022-04-30,4,3,5,5,5,5
CFB002674,C068,2022-04-30,5,3,4,5,3,3
CFB002675,C021,2022-05-01,5,4,1,2,5,3
CFB002676,C017,2022-05-01,4,3,4,4,3,3
CFB002677,C045,2022-05-01,3,5,4,3,5,3
CFB002678,C079,2022-05-01,4,3,4,4,4,4
CFB002679,C002,2022-05-01,4,4,5,4,3,4
CFB002680,C085,2022-05-01,3,4,4,3,3,5
CFB002681,C077,2022-05-01,4,4,4,5,1,5
CFB002682,C068,2022-05-01,5,4,3,4,3,3
CFB002683,C067,2022-05-01,5,3,4,4,4,3
CFB002684,C007,2022-05-01,5,3,3,5,3,2
CFB002685,C063,2022-05-01,5,3,4,5,4,4
CFB002686,C037,2022-05-01,2,2,2,3,4,3
CFB002687,C030,2022-05-01,5,5,4,4,2,3
CFB002688,C075,2022-05-01,3,2,3,5,3,4
CFB002689,C013,2022-05-01,4,2,3,3,2,2
CFB002690,C036,2022-05-01,2,3,3,2,1,2
CFB002691,C004,2022-05-01,3,4,3,3,2,2
CFB002692,C067,2022-05-01,3,5,5,5,3,3
CFB002693,C039,2022-05-01,4,5,2,3,4,3
CFB002694,C078,2022-05-01,4,3,4,5,4,4
CFB002695,C059,2022-05-01,5,4,3,4,3,3
CFB002696,C035,2022-05-01,1,5,5,3,2,4
CFB002697,C060,2022-05-01,3,5,3,5,3,4
CFB002698,C051,2022-05-01,5,4,4,4,4,3
CFB002699,C030,2022-05-01,3,3,3,4,3,4
CFB002700,C047,2022-05-01,5,4,3,4,4,4
CFB002701,C070,2022-05-01,5,3,2,3,1,3
CFB002702,C039,2022-05-01,5,4,4,5,5,4
CFB002703,C021,2022-05-01,3,3,3,5,5,4
CFB002704,C077,2022-05-01,4,4,4,3,4,4
CFB002705,C068,2022-05-01,4,4,5,5,3,4
CFB002706,C061,2022-05-02,4,4,3,5,4,5
CFB002707,C048,2022-05-02,4,4,3,5,4,4
CFB002708,C024,2022-05-02,5,3,5,3,5,4
CFB002709,C066,2022-05-02,4,4,4,3,4,3
CFB002710,C062,2022-05-02,4,4,5,4,5,5
CFB002711,C066,2022-05-02,4,3,3,4,2,4
CFB002712,C044,2022-05-02,2,4,4,2,4,4
CFB002713,C086,2022-05-02,3,3,4,3,4,3
CFB002714,C002,2022-05-02,4,3,3,2,4,2
CFB002715,C036,2022-05-02,3,5,5,4,3,5
CFB002716,C056,2022-05-02,3,3,3,2,4,2
CFB002717,C073,2022-05-02,4,4,3,3,5,2
CFB002718,C075,2022-05-02,3,4,4,4,4,4
CFB002719,C016,2022-05-02,5,3,2,3,1,3
CFB002720,C019,2022-05-02,3,5,3,5,3,2
CFB002721,C010,2022-05-02,4,3,3,2,4,4
CFB002722,C037,2022-05-02,4,3,4,4,5,5
CFB002723,C016,2022-05-02,5,3,4,4,5,5
CFB002724,C010,2022-05-02,4,4,4,5,4,2
CFB002725,C081,2022-05-02,5,3,2,2,3,5
CFB002726,C044,2022-05-02,3,3,3,4,2,3
CFB002727,C068,2022-05-02,3,5,4,4,5,3
CFB002728,C074,2022-05-02,4,3,2,3,2,3
CFB002729,C019,2022-05-02,3,5,4,4,3,3
CFB002730,C066,2022-05-02,5,3,4,4,3,4
CFB002731,C063,2022-05-02,5,4,3,3,2,5
CFB002732,C068,2022-05-02,3,3,3,3,3,4
CFB002733,C036,2022-05-02,4,3,5,3,3,3
CFB002734,C034,2022-05-02,3,3,4,4,4,3
CFB002735,C006,2022-05-02,4,4,3,5,4,4
CFB002736,C039,2022-05-02,4,2,3,4,3,2
CFB002737,C029,2022-05-03,4,2,3,4,2,5
CFB002738,C066,2022-05-03,5,3,4,5,2,4
CFB002739,C080,2022-05-03,3,1,3,4,5,4
CFB002740,C089,2022-05-03,3,3,4,4,2,4
CFB002741,C056,2022-05-03,4,4,4,5,3,5
CFB002742,C006,2022-05-03,3,4,3,3,3,4
CFB002743,C030,2022-05-03,4,5,4,3,2,3
CFB002744,C087,2022-05-03,4,5,4,4,3,4
CFB002745,C075,2022-05-03,3,4,4,1,5,4
CFB002746,C051,2022-05-03,5,4,4,4,3,4
CFB002747,C060,2022-05-03,3,3,5,4,3,3
CFB002748,C007,2022-05-03,4,3,4,4,5,3
CFB002749,C074,2022-05-03,3,3,5,3,5,5
CFB002750,C069,2022-05-03,4,3,3,4,2,5
CFB002751,C029,2022-05-03,3,4,4,4,3,4
CFB002752,C089,2022-05-03,5,3,4,4,3,5
CFB002753,C017,2022-05-03,4,3,4,4,4,4
CFB002754,C080,2022-05-03,3,4,4,3,4,3
CFB002755,C051,2022-05-03,5,4,4,4,2,3
CFB002756,C007,2022-05-03,4,5,3,3,4,3
CFB002757,C055,2022-05-03,5,5,3,3,3,5
CFB002758,C086,2022-05-03,5,5,4,5,2,2
CFB002759,C030,2022-05-03,4,3,3,4,4,4
CFB002760,C017,2022-05-03,4,4,3,4,4,4
CFB002761,C073,2022-05-03,4,3,3,5,4,4
CFB002762,C037,2022-05-03,2,4,4,3,4,2
CFB002763,C066,2022-05-03,4,4,3,3,4,5
CFB002764,C048,2022-05-03,4,5,3,4,1,4
CFB002765,C056,2022-05-03,3,3,3,3,3,5
CFB002766,C016,2022-05-03,4,4,3,3,5,3
CFB002767,C062,2022-05-03,3,2,4,4,3,3
CFB002768,C074,2022-05-03,4,4,4,3,4,4
CFB002769,C085,2022-05-03,4,3,4,4,3,5
CFB002770,C073,2022-05-03,4,3,4,3,3,3
CFB002771,C070,2022-05-03,4,3,3,4,3,3
CFB002772,C061,2022-05-03,3,5,4,4,3,4
CFB002773,C032,2022-05-03,4,2,4,3,4,3
CFB002774,C034,2022-05-03,5,5,4,3,4,4
CFB002775,C051,2022-05-04,5,2,4,2,2,3
CFB002776,C038,2022-05-04,4,5,5,3,3,4
CFB002777,C004,2022-05-04,4,5,4,5,2,4
CFB002778,C039,2022-05-04,4,4,4,4,4,3
CFB002779,C059,2022-05-04,3,5,5,4,4,4
CFB002780,C034,2022-05-04,5,3,4,3,4,3
CFB002781,C006,2022-05-04,5,5,5,3,3,4
CFB002782,C036,2022-05-04,5,5,4,4,3,4
CFB002783,C040,2022-05-04,4,2,5,4,3,5
CFB002784,C010,2022-05-04,4,4,4,4,4,4
CFB002785,C074,2022-05-04,4,3,5,4,4,4
CFB002786,C059,2022-05-04,4,3,4,4,4,2
CFB002787,C008,2022-05-04,4,3,4,5,4,4
CFB002788,C024,2022-05-04,5,3,2,2,2,4
CFB002789,C018,2022-05-04,3,4,3,3,4,3
CFB002790,C081,2022-05-04,3,4,4,5,3,4
CFB002791,C032,2022-05-04,4,4,4,3,3,4
CFB002792,C089,2022-05-04,3,5,4,2,4,3
CFB002793,C039,2022-05-04,3,2,2,3,2,3
CFB002794,C073,2022-05-04,4,3,4,4,4,5
CFB002795,C078,2022-05-04,1,3,5,1,2,3
CFB002796,C037,2022-05-04,5,4,3,5,5,4
CFB002797,C047,2022-05-04,4,3,3,5,4,3
CFB002798,C046,2022-05-04,5,4,3,3,1,3
CFB002799,C047,2022-05-04,5,4,3,5,4,2
CFB002800,C024,2022-05-04,5,3,4,5,2,4
CFB002801,C043,2022-05-04,4,2,3,3,3,1
CFB002802,C039,2022-05-04,5,4,2,3,2,5
CFB002803,C073,2022-05-04,4,3,3,4,3,4
CFB002804,C059,2022-05-04,5,4,5,5,5,3
CFB002805,C013,2022-05-04,3,3,3,4,5,4
CFB002806,C051,2022-05-05,2,3,2,3,4,4
CFB002807,C039,2022-05-05,4,3,3,4,1,3
CFB002808,C070,2022-05-05,2,2,4,2,1,3
CFB002809,C010,2022-05-05,5,3,4,3,2,5
CFB002810,C038,2022-05-05,2,2,4,5,3,3
CFB002811,C032,2022-05-05,4,4,5,4,4,5
CFB002812,C006,2022-05-05,3,4,5,5,3,5
CFB002813,C059,2022-05-05,3,5,3,4,2,2
CFB002814,C045,2022-05-05,4,3,3,3,4,5
CFB002815,C034,2022-05-05,3,3,3,3,2,5
CFB002816,C069,2022-05-05,2,4,4,5,3,3
CFB002817,C010,2022-05-05,3,2,3,4,4,5
CFB002818,C075,2022-05-05,4,4,5,4,4,4
CFB002819,C021,2022-05-05,5,4,5,4,3,4
CFB002820,C002,2022-05-05,2,2,3,2,2,4
CFB002821,C036,2022-05-05,5,3,3,3,4,4
CFB002822,C065,2022-05-05,5,3,4,4,2,3
CFB002823,C013,2022-05-05,3,3,4,4,3,1
CFB002824,C020,2022-05-05,4,2,5,3,2,4
CFB002825,C029,2022-05-05,4,4,4,3,1,4
CFB002826,C062,2022-05-05,3,3,4,4,3,3
CFB002827,C032,2022-05-05,5,3,4,5,2,3
CFB002828,C054,2022-05-05,4,3,2,5,3,3
CFB002829,C069,2022-05-05,5,4,4,5,4,3
CFB002830,C006,2022-05-05,4,4,4,3,5,4
CFB002831,C029,2022-05-05,4,3,5,3,2,4
CFB002832,C021,2022-05-06,4,3,2,4,4,2
CFB002833,C007,2022-05-06,3,2,3,3,3,3
CFB002834,C036,2022-05-06,4,3,5,3,3,3
CFB002835,C054,2022-05-06,4,1,3,3,4,4
CFB002836,C043,2022-05-06,4,5,4,3,3,4
CFB002837,C070,2022-05-06,4,5,5,3,2,3
CFB002838,C010,2022-05-06,4,2,3,3,3,3
CFB002839,C044,2022-05-06,2,3,4,4,2,3
CFB002840,C054,2022-05-06,4,2,4,4,3,4
CFB002841,C008,2022-05-06,4,3,3,2,5,3
CFB002842,C002,2022-05-06,3,3,3,4,4,3
CFB002843,C048,2022-05-06,3,3,5,2,4,3
CFB002844,C032,2022-05-06,5,4,3,3,1,4
CFB002845,C063,2022-05-06,5,5,5,4,3,4
CFB002846,C034,2022-05-06,4,2,5,4,4,5
CFB002847,C074,2022-05-06,4,5,4,5,3,3
CFB002848,C088,2022-05-06,4,3,4,5,4,4
CFB002849,C039,2022-05-06,4,5,5,4,2,5
CFB002850,C043,2022-05-06,3,4,4,5,4,5
CFB002851,C006,2022-05-06,5,4,3,3,2,4
CFB002852,C015,2022-05-06,5,4,3,3,3,5
CFB002853,C016,2022-05-06,4,4,5,4,3,3
CFB002854,C065,2022-05-06,3,4,5,4,3,3
CFB002855,C085,2022-05-06,3,3,3,5,3,5
CFB002856,C070,2022-05-06,3,3,2,3,3,4
CFB002857,C084,2022-05-07,5,3,4,4,3,4
CFB002858,C037,2022-05-07,2,4,5,3,3,4
CFB002859,C015,2022-05-07,4,3,4,3,4,4
CFB002860,C073,2022-05-07,5,4,5,4,5,4
CFB002861,C060,2022-05-07,2,3,4,3,3,4
CFB002862,C055,2022-05-07,4,3,5,4,3,4
CFB002863,C036,2022-05-07,4,3,4,5,5,3
CFB002864,C054,2022-05-07,4,4,5,3,4,4
CFB002865,C047,2022-05-07,2,2,3,1,3,2
CFB002866,C063,2022-05-07,5,4,3,2,3,4
CFB002867,C047,2022-05-07,4,4,3,3,5,5
CFB002868,C013,2022-05-07,3,4,1,3,4,2
CFB002869,C044,2022-05-07,5,5,5,5,3,4
CFB002870,C013,2022-05-07,2,2,2,3,5,3
CFB002871,C037,2022-05-07,5,3,3,3,3,3
CFB002872,C019,2022-05-07,4,2,3,4,4,5
CFB002873,C085,2022-05-07,4,3,4,4,4,3
CFB002874,C036,2022-05-07,4,4,5,3,3,5
CFB002875,C002,2022-05-07,5,4,4,4,5,5
CFB002876,C047,2022-05-07,4,2,4,3,4,4
CFB002877,C089,2022-05-07,5,4,4,2,4,3
CFB002878,C081,2022-05-07,3,3,4,2,3,4
CFB002879,C036,2022-05-07,5,4,3,5,3,4
CFB002880,C061,2022-05-07,5,5,5,4,4,5
CFB002881,C081,2022-05-07,4,3,4,4,3,4
CFB002882,C062,2022-05-07,4,4,4,3,5,4
CFB002883,C085,2022-05-07,5,4,5,4,2,5
CFB002884,C079,2022-05-07,2,2,2,3,3,3
CFB002885,C018,2022-05-07,3,3,4,4,3,4
CFB002886,C007,2022-05-08,4,2,3,3,3,3
CFB002887,C070,2022-05-08,3,4,5,3,3,3
CFB002888,C010,2022-05-08,4,5,4,4,5,4
CFB002889,C089,2022-05-08,5,3,3,4,3,4
CFB002890,C036,2022-05-08,4,4,5,2,3,5
CFB002891,C079,2022-05-08,4,3,4,5,3,5
CFB002892,C088,2022-05-08,5,5,5,5,4,4
CFB002893,C063,2022-05-08,4,4,5,4,2,3
CFB002894,C063,2022-05-08,5,4,4,4,4,4
CFB002895,C004,2022-05-08,4,4,5,4,3,4
CFB002896,C069,2022-05-08,3,4,4,5,5,5
CFB002897,C089,2022-05-08,4,4,5,3,4,4
CFB002898,C040,2022-05-08,4,4,3,3,4,3
CFB002899,C034,2022-05-08,4,3,5,4,3,5
CFB002900,C017,2022-05-08,5,4,3,4,5,3
CFB002901,C002,2022-05-08,4,2,3,4,2,2
CFB002902,C067,2022-05-08,3,3,4,5,4,4
CFB002903,C046,2022-05-08,3,3,5,4,2,4
CFB002904,C065,2022-05-08,4,5,5,4,2,4
CFB002905,C086,2022-05-08,5,5,5,3,2,3
CFB002906,C040,2022-05-08,5,4,5,5,4,3
CFB002907,C068,2022-05-08,4,2,3,4,5,2
CFB002908,C020,2022-05-08,5,4,4,2,4,4
CFB002909,C056,2022-05-08,4,2,3,3,2,5
CFB002910,C031,2022-05-08,4,5,3,5,2,2
CFB002911,C018,2022-05-08,3,3,3,4,3,3
CFB002912,C080,2022-05-08,5,5,3,5,4,5
CFB002913,C081,2022-05-08,4,2,5,4,4,4
CFB002914,C062,2022-05-08,5,3,3,5,2,3
CFB002915,C078,2022-05-08,3,3,4,4,4,5
CFB002916,C044,2022-05-08,4,4,4,3,2,4
CFB002917,C074,2022-05-09,2,4,4,4,4,4
CFB002918,C017,2022-05-09,3,3,4,2,3,2
CFB002919,C038,2022-05-09,3,4,4,3,4,4
CFB002920,C035,2022-05-09,5,3,5,5,3,4
CFB002921,C088,2022-05-09,4,4,4,4,4,5
CFB002922,C051,2022-05-09,4,4,4,4,3,5
CFB002923,C068,2022-05-09,4,3,5,4,5,4
CFB002924,C080,2022-05-09,2,4,4,5,4,4
CFB002925,C032,2022-05-09,4,5,3,5,2,5
CFB002926,C059,2022-05-09,4,4,5,3,3,4
CFB002927,C074,2022-05-09,5,3,5,2,3,3
CFB002928,C055,2022-05-09,4,2,3,5,2,3
CFB002929,C078,2022-05-09,3,2,3,2,5,5
CFB002930,C060,2022-05-09,3,5,3,3,4,3
CFB002931,C019,2022-05-09,4,3,5,4,3,4
CFB002932,C006,2022-05-09,4,4,3,4,4,4
CFB002933,C056,2022-05-09,4,4,1,4,4,4
CFB002934,C073,2022-05-09,5,3,5,4,3,2
CFB002935,C063,2022-05-09,4,4,4,3,5,3
CFB002936,C037,2022-05-09,4,2,1,3,3,3
CFB002937,C038,2022-05-09,4,5,4,5,3,4
CFB002938,C034,2022-05-09,3,4,2,3,3,4
CFB002939,C044,2022-05-09,3,3,4,5,4,4
CFB002940,C024,2022-05-09,4,3,2,4,5,3
CFB002941,C018,2022-05-09,4,3,4,3,3,4
CFB002942,C044,2022-05-09,3,4,4,5,4,4
CFB002943,C004,2022-05-09,4,5,5,4,5,4
CFB002944,C081,2022-05-09,3,4,3,4,3,4
CFB002945,C007,2022-05-09,5,4,4,2,2,5
CFB002946,C080,2022-05-09,2,4,4,5,4,4
CFB002947,C002,2022-05-09,2,2,4,4,4,3
CFB002948,C008,2022-05-09,4,2,4,4,2,2
CFB002949,C067,2022-05-09,3,5,4,3,3,3
CFB002950,C040,2022-05-09,3,4,4,3,5,3
CFB002951,C060,2022-05-09,5,3,5,4,3,4
CFB002952,C016,2022-05-09,4,4,3,3,3,3
CFB002953,C063,2022-05-09,5,3,5,5,3,5
CFB002954,C044,2022-05-09,4,3,3,4,2,5
CFB002955,C039,2022-05-09,3,4,4,3,5,4
CFB002956,C043,2022-05-09,4,5,3,3,4,4
CFB002957,C030,2022-05-09,4,3,4,4,3,5
CFB002958,C020,2022-05-09,3,3,4,4,2,4
CFB002959,C002,2022-05-09,3,4,5,5,2,4
CFB002960,C010,2022-05-09,3,4,2,3,3,4
CFB002961,C065,2022-05-09,3,5,4,4,4,5
CFB002962,C044,2022-05-09,4,5,4,5,5,4
CFB002963,C032,2022-05-09,5,4,4,5,4,2
CFB002964,C055,2022-05-09,4,3,3,5,3,3
CFB002965,C039,2022-05-10,1,2,3,4,5,2
CFB002966,C054,2022-05-10,5,4,3,3,3,5
CFB002967,C046,2022-05-10,3,5,4,3,5,3
CFB002968,C031,2022-05-10,2,4,5,4,3,3
CFB002969,C073,2022-05-10,2,4,4,4,4,3
CFB002970,C021,2022-05-10,3,4,3,4,3,2
CFB002971,C051,2022-05-10,3,4,4,5,4,4
CFB002972,C045,2022-05-10,4,5,4,3,3,4
CFB002973,C010,2022-05-10,4,4,5,4,3,4
CFB002974,C034,2022-05-10,4,3,2,3,3,4
CFB002975,C059,2022-05-10,5,5,4,4,4,5
CFB002976,C069,2022-05-10,4,5,4,4,3,5
CFB002977,C048,2022-05-10,3,4,1,3,4,3
CFB002978,C027,2022-05-10,3,5,4,3,4,4
CFB002979,C040,2022-05-10,4,3,3,3,5,2
CFB002980,C086,2022-05-10,2,3,4,3,3,1
CFB002981,C013,2022-05-10,4,3,4,4,4,5
CFB002982,C030,2022-05-10,5,4,4,5,4,4
CFB002983,C077,2022-05-10,5,3,5,5,5,4
CFB002984,C039,2022-05-10,5,4,4,4,4,4
CFB002985,C019,2022-05-10,5,4,3,5,4,4
CFB002986,C036,2022-05-10,4,4,3,5,3,5
CFB002987,C002,2022-05-10,5,4,3,5,3,4
CFB002988,C059,2022-05-10,5,1,2,3,4,3
CFB002989,C043,2022-05-10,4,2,3,3,3,3
CFB002990,C078,2022-05-10,5,4,3,3,3,2
CFB002991,C039,2022-05-10,3,4,1,3,4,2
CFB002992,C061,2022-05-10,5,4,3,4,2,5
CFB002993,C068,2022-05-10,2,4,4,3,2,2
CFB002994,C087,2022-05-10,5,3,3,3,3,3
CFB002995,C089,2022-05-10,5,3,5,4,1,3
CFB002996,C087,2022-05-10,4,4,3,5,5,4
CFB002997,C080,2022-05-10,4,2,4,4,5,4
CFB002998,C073,2022-05-10,3,5,4,5,4,4
CFB002999,C063,2022-05-10,5,4,4,4,4,4
CFB003000,C035,2022-05-10,4,3,1,4,4,5
CFB003001,C002,2022-05-10,5,3,4,3,2,3
CFB003002,C013,2022-05-11,5,5,5,5,3,4
CFB003003,C048,2022-05-11,3,3,2,4,4,4
CFB003004,C040,2022-05-11,3,5,4,4,3,4
CFB003005,C007,2022-05-11,4,3,4,5,3,4
CFB003006,C043,2022-05-11,5,5,3,3,5,4
CFB003007,C037,2022-05-11,4,3,2,3,3,4
CFB003008,C067,2022-05-11,4,4,3,2,4,3
CFB003009,C034,2022-05-11,3,5,3,4,4,3
CFB003010,C010,2022-05-11,4,3,4,3,2,4
CFB003011,C043,2022-05-11,4,5,5,4,5,5
CFB003012,C038,2022-05-11,3,3,2,3,4,3
CFB003013,C015,2022-05-11,2,3,3,3,2,2
CFB003014,C077,2022-05-11,5,3,2,3,2,3
CFB003015,C063,2022-05-11,3,3,3,2,3,4
CFB003016,C063,2022-05-11,4,2,3,5,4,4
CFB003017,C006,2022-05-11,3,3,4,3,4,1
CFB003018,C040,2022-05-11,3,4,5,5,3,5
CFB003019,C070,2022-05-11,3,2,5,5,5,4
CFB003020,C088,2022-05-11,4,2,3,4,3,2
CFB003021,C039,2022-05-11,4,5,5,3,4,4
CFB003022,C017,2022-05-11,4,5,5,5,3,3
CFB003023,C035,2022-05-11,5,3,3,4,3,4
CFB003024,C067,2022-05-11,4,3,2,3,3,4
CFB003025,C044,2022-05-11,5,4,4,4,5,5
CFB003026,C031,2022-05-11,5,4,3,5,3,3
CFB003027,C021,2022-05-11,4,5,5,3,4,4
CFB003028,C085,2022-05-11,4,4,5,3,3,5
CFB003029,C065,2022-05-11,4,2,4,3,4,4
CFB003030,C002,2022-05-11,3,4,3,4,1,3
CFB003031,C008,2022-05-11,4,2,5,4,5,4
CFB003032,C063,2022-05-12,3,5,5,4,5,4
CFB003033,C029,2022-05-12,4,2,4,4,5,3
CFB003034,C085,2022-05-12,5,4,4,4,4,4
CFB003035,C086,2022-05-12,5,5,4,5,5,4
CFB003036,C051,2022-05-12,4,4,3,2,3,3
CFB003037,C038,2022-05-12,5,4,4,5,4,4
CFB003038,C074,2022-05-12,4,3,3,5,3,3
CFB003039,C040,2022-05-12,4,4,4,2,4,3
CFB003040,C047,2022-05-12,4,3,3,5,4,3
CFB003041,C075,2022-05-12,3,3,4,2,3,4
CFB003042,C069,2022-05-12,2,3,2,4,4,5
CFB003043,C051,2022-05-12,5,5,4,5,4,5
CFB003044,C031,2022-05-12,3,4,4,4,3,2
CFB003045,C073,2022-05-12,2,4,3,2,2,3
CFB003046,C066,2022-05-12,5,2,3,4,4,2
CFB003047,C060,2022-05-12,4,5,5,5,3,5
CFB003048,C043,2022-05-12,5,3,4,4,2,5
CFB003049,C045,2022-05-12,5,5,3,4,1,2
CFB003050,C016,2022-05-12,4,4,4,4,4,5
CFB003051,C002,2022-05-12,5,3,3,4,2,3
CFB003052,C069,2022-05-12,4,4,4,3,3,3
CFB003053,C062,2022-05-12,4,4,2,2,4,4
CFB003054,C065,2022-05-12,3,5,4,4,2,5
CFB003055,C078,2022-05-12,2,4,3,3,3,3
CFB003056,C036,2022-05-12,4,5,4,5,3,3
CFB003057,C065,2022-05-12,3,5,4,4,4,5
CFB003058,C081,2022-05-13,4,3,5,5,4,5
CFB003059,C075,2022-05-13,5,4,4,3,5,4
CFB003060,C008,2022-05-13,3,2,4,5,4,3
CFB003061,C007,2022-05-13,4,4,5,5,4,4
CFB003062,C087,2022-05-13,4,4,3,4,3,3
CFB003063,C067,2022-05-13,5,4,4,4,3,4
CFB003064,C045,2022-05-13,5,4,4,5,4,5
CFB003065,C066,2022-05-13,4,4,3,3,5,4
CFB003066,C013,2022-05-13,3,2,3,2,4,4
CFB003067,C007,2022-05-13,5,4,5,3,5,5
CFB003068,C087,2022-05-13,3,3,3,4,3,3
CFB003069,C067,2022-05-13,3,4,3,3,3,4
CFB003070,C070,2022-05-13,3,4,4,3,3,4
CFB003071,C027,2022-05-13,4,4,3,4,3,3
CFB003072,C018,2022-05-13,5,4,4,2,3,4
CFB003073,C016,2022-05-13,4,3,4,3,3,3
CFB003074,C027,2022-05-13,5,3,5,3,3,4
CFB003075,C038,2022-05-13,4,1,2,3,3,2
CFB003076,C002,2022-05-13,4,3,3,5,3,5
CFB003077,C062,2022-05-13,4,5,4,3,3,5
CFB003078,C054,2022-05-13,3,5,2,3,1,5
CFB003079,C054,2022-05-13,3,5,3,3,4,4
CFB003080,C008,2022-05-13,5,4,3,3,2,4
CFB003081,C070,2022-05-13,5,3,3,5,5,4
CFB003082,C034,2022-05-13,4,3,4,3,4,3
CFB003083,C073,2022-05-14,4,3,1,3,3,5
CFB003084,C034,2022-05-14,3,3,3,3,5,4
CFB003085,C007,2022-05-14,3,5,3,2,3,4
CFB003086,C027,2022-05-14,5,3,3,3,3,4
CFB003087,C078,2022-05-14,3,3,3,4,5,3
CFB003088,C002,2022-05-14,5,4,3,5,3,1
CFB003089,C051,2022-05-14,4,5,5,5,2,5
CFB003090,C077,2022-05-14,3,2,4,4,5,5
CFB003091,C086,2022-05-14,4,4,4,3,4,4
CFB003092,C063,2022-05-14,3,3,4,4,2,4
CFB003093,C055,2022-05-14,4,4,2,2,1,2
CFB003094,C067,2022-05-14,4,4,4,5,1,3
CFB003095,C079,2022-05-14,3,4,3,4,2,3
CFB003096,C067,2022-05-14,2,3,4,2,3,3
CFB003097,C032,2022-05-14,4,4,4,5,4,5
CFB003098,C021,2022-05-14,3,2,5,4,2,4
CFB003099,C061,2022-05-14,4,3,3,4,3,3
CFB003100,C079,2022-05-14,4,3,4,2,2,5
CFB003101,C056,2022-05-14,3,4,5,5,2,4
CFB003102,C068,2022-05-14,3,3,3,5,4,4
CFB003103,C036,2022-05-14,4,3,2,2,4,2
CFB003104,C062,2022-05-14,4,4,2,3,3,2
CFB003105,C018,2022-05-14,3,2,3,4,4,4
CFB003106,C078,2022-05-14,5,4,5,5,5,5
CFB003107,C016,2022-05-14,4,4,3,4,4,3
CFB003108,C038,2022-05-15,4,2,4,3,3,5
CFB003109,C084,2022-05-15,3,2,4,3,3,5
CFB003110,C021,2022-05-15,3,5,4,4,4,4
CFB003111,C075,2022-05-15,5,4,5,5,4,3
CFB003112,C018,2022-05-15,2,3,4,4,3,3
CFB003113,C019,2022-05-15,4,3,4,3,3,3
CFB003114,C062,2022-05-15,4,2,3,4,5,3
CFB003115,C084,2022-05-15,5,4,4,5,3,5
CFB003116,C021,2022-05-15,4,5,4,4,4,4
CFB003117,C054,2022-05-15,3,4,3,3,4,3
CFB003118,C036,2022-05-15,5,1,4,4,4,3
CFB003119,C075,2022-05-15,3,4,2,4,4,3
CFB003120,C027,2022-05-15,3,3,4,4,2,4
CFB003121,C079,2022-05-15,5,5,2,5,3,4
CFB003122,C027,2022-05-15,4,3,3,4,4,3
CFB003123,C089,2022-05-15,4,3,3,4,1,3
CFB003124,C021,2022-05-15,4,3,4,4,3,4
CFB003125,C037,2022-05-15,3,2,2,4,3,3
CFB003126,C027,2022-05-15,5,3,3,5,4,4
CFB003127,C063,2022-05-15,4,5,4,4,3,3
CFB003128,C027,2022-05-15,2,3,4,5,5,3
CFB003129,C079,2022-05-15,4,4,3,3,5,5
CFB003130,C002,2022-05-15,1,3,3,2,2,4
CFB003131,C036,2022-05-15,3,2,4,3,3,4
CFB003132,C018,2022-05-15,2,2,4,4,3,3
CFB003133,C039,2022-05-15,4,5,4,3,4,3
CFB003134,C069,2022-05-15,5,5,5,5,3,5
CFB003135,C075,2022-05-15,3,3,4,5,2,5
CFB003136,C034,2022-05-15,5,5,5,3,3,5
CFB003137,C040,2022-05-15,3,4,4,3,3,3
CFB003138,C087,2022-05-15,4,4,3,4,2,4
CFB003139,C074,2022-05-15,5,4,5,5,3,4
CFB003140,C031,2022-05-15,4,3,2,4,4,2
CFB003141,C066,2022-05-15,3,2,5,3,2,3
CFB003142,C032,2022-05-16,3,3,5,3,2,4
CFB003143,C070,2022-05-16,5,5,4,4,3,5
CFB003144,C075,2022-05-16,2,1,3,2,1,4
CFB003145,C034,2022-05-16,5,3,3,5,2,5
CFB003146,C051,2022-05-16,3,3,3,4,3,4
CFB003147,C069,2022-05-16,3,3,4,4,3,3
CFB003148,C029,2022-05-16,4,4,3,2,3,4
CFB003149,C006,2022-05-16,4,4,3,3,2,3
CFB003150,C059,2022-05-16,3,3,4,3,2,3
CFB003151,C015,2022-05-16,5,3,5,5,2,4
CFB003152,C066,2022-05-16,5,4,5,5,3,5
CFB003153,C045,2022-05-16,3,4,2,3,3,4
CFB003154,C087,2022-05-16,2,3,3,3,3,1
CFB003155,C016,2022-05-16,3,4,4,3,4,3
CFB003156,C017,2022-05-16,5,3,5,5,5,5
CFB003157,C067,2022-05-16,5,4,4,5,2,4
CFB003158,C063,2022-05-16,3,4,3,5,2,4
CFB003159,C002,2022-05-16,3,3,3,5,3,3
CFB003160,C044,2022-05-16,3,4,5,4,4,5
CFB003161,C034,2022-05-16,4,2,4,2,4,3
CFB003162,C054,2022-05-16,4,3,3,4,3,5
CFB003163,C075,2022-05-16,3,2,4,3,3,3
CFB003164,C067,2022-05-16,5,3,3,4,1,5
CFB003165,C046,2022-05-16,5,3,2,2,2,5
CFB003166,C007,2022-05-16,4,5,4,4,4,5
CFB003167,C080,2022-05-16,5,3,3,4,3,4
CFB003168,C010,2022-05-16,4,3,4,4,5,4
CFB003169,C035,2022-05-16,4,3,3,5,3,3
CFB003170,C080,2022-05-16,4,3,3,3,4,2
CFB003171,C079,2022-05-16,3,4,5,3,3,4
CFB003172,C088,2022-05-16,5,3,3,3,2,3
CFB003173,C075,2022-05-16,2,2,4,3,2,4
CFB003174,C080,2022-05-16,4,3,3,2,3,2
CFB003175,C065,2022-05-16,3,4,3,3,3,4
CFB003176,C035,2022-05-16,3,3,4,4,2,2
CFB003177,C046,2022-05-16,3,4,5,5,4,4
CFB003178,C038,2022-05-16,5,5,4,4,3,5
CFB003179,C045,2022-05-16,4,3,3,3,3,3
CFB003180,C065,2022-05-16,5,3,4,5,4,5
CFB003181,C018,2022-05-16,3,3,4,4,3,3
CFB003182,C056,2022-05-16,4,3,3,4,3,3
CFB003183,C013,2022-05-17,4,3,4,4,5,5
CFB003184,C062,2022-05-17,4,4,4,5,3,2
CFB003185,C055,2022-05-17,4,3,4,4,3,5
CFB003186,C006,2022-05-17,3,3,5,3,3,4
CFB003187,C086,2022-05-17,4,3,2,5,2,4
CFB003188,C038,2022-05-17,2,2,2,2,3,3
CFB003189,C036,2022-05-17,5,4,5,5,4,5
CFB003190,C019,2022-05-17,4,4,4,4,2,4
CFB003191,C074,2022-05-17,3,5,2,5,3,3
CFB003192,C059,2022-05-17,5,4,4,4,3,4
CFB003193,C017,2022-05-17,4,3,4,3,2,5
CFB003194,C036,2022-05-17,3,4,3,4,1,5
CFB003195,C032,2022-05-17,3,3,4,4,3,2
CFB003196,C027,2022-05-17,4,3,3,2,1,3
CFB003197,C074,2022-05-17,4,4,3,4,3,3
CFB003198,C066,2022-05-17,4,3,4,3,4,5
CFB003199,C065,2022-05-17,3,4,4,3,4,3
CFB003200,C079,2022-05-17,2,4,4,5,4,4
CFB003201,C048,2022-05-17,4,3,4,4,3,4
CFB003202,C054,2022-05-17,4,2,5,3,4,4
CFB003203,C087,2022-05-17,5,3,5,4,1,3
CFB003204,C088,2022-05-17,4,4,5,3,3,4
CFB003205,C045,2022-05-17,4,4,4,3,5,5
CFB003206,C010,2022-05-17,5,3,4,4,4,4
CFB003207,C078,2022-05-17,1,3,4,3,3,3
CFB003208,C019,2022-05-17,5,4,3,2,4,4
CFB003209,C081,2022-05-17,2,3,3,3,3,3
CFB003210,C027,2022-05-17,4,4,2,1,3,5
CFB003211,C040,2022-05-17,3,3,2,3,3,4
CFB003212,C063,2022-05-17,2,3,5,3,3,4
CFB003213,C077,2022-05-17,4,4,1,4,2,4
CFB003214,C006,2022-05-17,5,4,4,4,4,5
CFB003215,C010,2022-05-17,3,3,3,4,4,3
CFB003216,C087,2022-05-17,2,3,4,4,2,3
CFB003217,C018,2022-05-17,3,3,4,3,1,3
CFB003218,C036,2022-05-18,3,5,4,3,3,5
CFB003219,C032,2022-05-18,3,4,4,3,4,5
CFB003220,C087,2022-05-18,5,4,3,5,3,5
CFB003221,C035,2022-05-18,4,4,4,4,4,4
CFB003222,C080,2022-05-18,5,3,4,4,5,4
CFB003223,C085,2022-05-18,2,4,3,3,3,5
CFB003224,C066,2022-05-18,3,1,4,3,3,5
CFB003225,C036,2022-05-18,2,3,3,4,1,3
CFB003226,C061,2022-05-18,5,4,4,5,3,5
CFB003227,C006,2022-05-18,4,5,4,3,3,3
CFB003228,C074,2022-05-18,4,2,5,4,4,4
CFB003229,C067,2022-05-18,4,4,5,4,3,3
CFB003230,C073,2022-05-18,4,4,4,5,3,5
CFB003231,C066,2022-05-18,5,4,4,5,3,5
CFB003232,C036,2022-05-18,4,3,4,4,3,3
CFB003233,C067,2022-05-18,3,4,4,3,4,4
CFB003234,C075,2022-05-18,5,4,4,5,2,4
CFB003235,C004,2022-05-18,2,4,3,5,2,5
CFB003236,C077,2022-05-18,3,3,3,4,3,3
CFB003237,C070,2022-05-18,5,5,5,4,2,4
CFB003238,C024,2022-05-18,2,1,1,4,4,2
CFB003239,C045,2022-05-18,4,2,4,4,3,3
CFB003240,C027,2022-05-18,3,4,3,4,3,3
CFB003241,C069,2022-05-18,4,4,3,4,4,4
CFB003242,C010,2022-05-18,4,4,3,3,4,3
CFB003243,C021,2022-05-18,4,3,4,5,1,3
CFB003244,C054,2022-05-18,3,4,2,4,3,5
CFB003245,C013,2022-05-18,2,3,4,3,2,3
CFB003246,C018,2022-05-18,2,4,2,3,4,3
CFB003247,C087,2022-05-18,5,3,2,4,3,4
CFB003248,C068,2022-05-18,5,4,5,4,2,3
CFB003249,C008,2022-05-18,4,5,4,4,5,5
CFB003250,C008,2022-05-18,3,3,3,4,5,2
CFB003251,C051,2022-05-18,2,5,4,4,3,5
CFB003252,C036,2022-05-18,5,4,3,4,1,3
CFB003253,C066,2022-05-18,5,4,5,5,2,5
CFB003254,C060,2022-05-18,4,2,5,4,1,3
CFB003255,C035,2022-05-18,4,4,5,5,2,2
CFB003256,C024,2022-05-19,5,4,4,4,4,4
CFB003257,C062,2022-05-19,4,2,3,3,2,5
CFB003258,C034,2022-05-19,4,5,5,5,5,3
CFB003259,C068,2022-05-19,4,4,4,4,4,4
CFB003260,C017,2022-05-19,3,5,4,5,4,4
CFB003261,C039,2022-05-19,4,3,4,4,2,5
CFB003262,C070,2022-05-19,4,4,5,3,3,3
CFB003263,C051,2022-05-19,5,4,4,5,5,4
CFB003264,C068,2022-05-19,5,3,3,3,4,3
CFB003265,C069,2022-05-19,3,4,5,5,2,3
CFB003266,C079,2022-05-19,5,2,5,3,5,4
CFB003267,C046,2022-05-19,4,3,5,3,4,5
CFB003268,C062,2022-05-19,5,5,5,5,3,4
CFB003269,C078,2022-05-19,4,5,4,5,3,5
CFB003270,C075,2022-05-19,2,3,4,4,1,3
CFB003271,C085,2022-05-19,5,4,5,5,2,4
CFB003272,C029,2022-05-19,3,3,4,5,4,4
CFB003273,C086,2022-05-19,3,4,4,3,4,3
CFB003274,C054,2022-05-19,4,3,2,4,5,4
CFB003275,C040,2022-05-19,3,3,5,4,2,5
CFB003276,C027,2022-05-19,5,4,4,5,4,4
CFB003277,C078,2022-05-19,3,4,4,5,5,5
CFB003278,C074,2022-05-19,2,3,4,3,5,3
CFB003279,C010,2022-05-19,3,3,3,4,2,3
CFB003280,C006,2022-05-19,3,3,3,2,3,4
CFB003281,C089,2022-05-19,4,3,4,4,4,3
CFB003282,C047,2022-05-19,3,2,4,4,3,5
CFB003283,C020,2022-05-19,4,4,5,3,1,4
CFB003284,C021,2022-05-19,2,3,4,4,2,5
CFB003285,C029,2022-05-19,3,2,4,4,2,4
CFB003286,C034,2022-05-19,4,3,2,4,2,2
CFB003287,C088,2022-05-19,2,3,3,3,3,3
CFB003288,C031,2022-05-19,3,5,4,3,3,3
CFB003289,C078,2022-05-19,4,3,4,4,4,4
CFB003290,C051,2022-05-19,3,4,4,3,5,4
CFB003291,C085,2022-05-19,4,4,3,3,2,3
CFB003292,C006,2022-05-19,4,4,5,3,4,4
CFB003293,C031,2022-11-10,4,3,2,3,2,2
CFB003294,C032,2022-11-10,4,4,4,3,2,4
CFB003295,C024,2022-11-10,3,1,3,4,4,4
CFB003296,C047,2022-11-10,3,3,4,4,4,3
CFB003297,C006,2022-11-10,2,4,4,4,3,2
CFB003298,C068,2022-11-10,5,3,4,2,2,4
CFB003299,C085,2022-11-10,4,2,4,4,3,4
CFB003300,C008,2022-11-10,5,4,5,3,3,3
CFB003301,C087,2022-11-10,4,4,3,4,4,2
CFB003302,C034,2022-11-10,3,3,3,4,2,4
CFB003303,C040,2022-11-10,3,3,3,3,3,4
CFB003304,C002,2022-11-10,2,4,3,5,4,4
CFB003305,C034,2022-11-10,4,3,2,3,4,4
CFB003306,C030,2022-11-10,2,2,3,2,4,2
CFB003307,C060,2022-11-10,4,3,2,4,1,3
CFB003308,C067,2022-11-10,4,4,4,4,5,3
CFB003309,C080,2022-11-10,4,4,5,2,3,3
CFB003310,C063,2022-11-10,4,5,4,4,3,4
CFB003311,C020,2022-11-10,3,3,4,3,5,5
CFB003312,C088,2022-11-10,3,3,4,4,1,4
CFB003313,C013,2022-11-10,4,4,5,3,5,4
CFB003314,C015,2022-11-10,4,4,3,4,4,3
CFB003315,C031,2022-11-10,3,3,4,3,1,4
CFB003316,C020,2022-11-10,3,4,4,4,4,4
CFB003317,C069,2022-11-10,3,2,3,5,4,3
CFB003318,C006,2022-11-10,3,1,2,2,2,3
CFB003319,C032,2022-11-10,5,5,4,5,2,3
CFB003320,C078,2022-11-10,4,4,3,4,3,5
CFB003321,C040,2022-11-10,4,2,2,4,2,4
CFB003322,C065,2022-11-10,3,3,2,3,2,3
CFB003323,C045,2022-11-10,5,4,4,5,3,5
CFB003324,C020,2022-11-10,3,2,3,3,2,5
CFB003325,C036,2022-11-10,3,3,3,3,2,2
CFB003326,C008,2022-11-10,5,4,4,4,2,3
CFB003327,C079,2022-11-10,3,3,3,3,3,4
CFB003328,C031,2022-11-10,3,4,3,4,4,4
CFB003329,C073,2022-11-10,3,2,3,2,1,3
CFB003330,C063,2022-11-10,5,2,3,5,5,4
CFB003331,C088,2022-11-10,5,4,4,2,3,3
CFB003332,C048,2022-11-10,5,2,2,5,4,4
CFB003333,C039,2022-11-10,5,4,5,4,2,4
CFB003334,C068,2022-11-10,3,4,4,2,2,4
CFB003335,C080,2022-11-10,3,3,4,3,5,5
CFB003336,C067,2022-11-10,4,5,4,3,3,5
CFB003337,C047,2022-11-10,3,3,2,3,2,3
CFB003338,C030,2022-11-10,3,4,4,2,3,4
CFB003339,C055,2022-11-10,2,2,4,4,4,4
CFB003340,C089,2022-11-10,4,4,4,4,2,5
CFB003341,C030,2022-11-10,3,3,4,5,3,4
CFB003342,C068,2022-11-10,3,3,4,5,3,3
CFB003343,C038,2022-11-10,3,3,3,4,4,4
CFB003344,C010,2022-11-10,4,5,5,4,4,4
CFB003345,C074,2022-11-10,4,3,5,3,4,3
CFB003346,C043,2022-11-10,3,3,1,4,4,3
CFB003347,C007,2022-11-10,2,2,3,3,4,3
CFB003348,C045,2022-11-10,3,4,3,4,4,4
CFB003349,C002,2022-11-10,3,3,5,4,2,5
CFB003350,C007,2022-11-10,4,2,2,4,2,4
CFB003351,C027,2022-11-11,4,2,2,3,4,3
CFB003352,C018,2022-11-11,5,4,4,3,1,4
CFB003353,C007,2022-11-11,2,4,4,3,1,3
CFB003354,C087,2022-11-11,4,3,3,5,3,3
CFB003355,C021,2022-11-11,5,5,5,3,2,3
CFB003356,C065,2022-11-11,4,3,2,4,3,4
CFB003357,C079,2022-11-11,3,1,2,4,3,3
CFB003358,C024,2022-11-11,3,5,3,5,3,3
CFB003359,C051,2022-11-11,2,2,4,4,3,3
CFB003360,C010,2022-11-11,4,5,4,4,2,5
CFB003361,C046,2022-11-11,4,4,4,2,4,3
CFB003362,C073,2022-11-11,3,4,4,4,4,4
CFB003363,C013,2022-11-11,4,3,3,4,3,5
CFB003364,C061,2022-11-11,3,2,4,4,3,4
CFB003365,C019,2022-11-11,3,4,2,3,1,3
CFB003366,C062,2022-11-11,4,5,3,5,2,4
CFB003367,C065,2022-11-11,5,3,4,4,3,3
CFB003368,C039,2022-11-11,3,3,4,3,3,2
CFB003369,C019,2022-11-11,2,1,3,2,2,3
CFB003370,C065,2022-11-11,5,3,3,4,1,3
CFB003371,C037,2022-11-11,2,4,4,1,3,4
CFB003372,C034,2022-11-11,5,5,5,4,4,4
CFB003373,C045,2022-11-11,4,4,5,5,3,3
CFB003374,C054,2022-11-11,5,3,5,3,4,5
CFB003375,C043,2022-11-11,3,2,3,4,2,4
CFB003376,C066,2022-11-11,2,2,2,2,4,4
CFB003377,C006,2022-11-11,2,3,4,4,2,4
CFB003378,C013,2022-11-11,2,4,2,2,3,2
CFB003379,C073,2022-11-11,4,2,3,2,4,3
CFB003380,C051,2022-11-11,5,4,5,3,4,3
CFB003381,C069,2022-11-11,4,2,4,5,2,5
CFB003382,C073,2022-11-11,3,5,5,4,2,3
CFB003383,C055,2022-11-11,4,4,4,4,2,4
CFB003384,C080,2022-11-11,5,3,3,4,4,2
CFB003385,C084,2022-11-11,3,3,3,4,4,4
CFB003386,C066,2022-11-11,3,3,2,3,4,3
CFB003387,C036,2022-11-11,5,4,2,2,5,3
CFB003388,C027,2022-11-11,4,4,3,3,3,5
CFB003389,C067,2022-11-11,4,4,5,4,5,5
CFB003390,C017,2022-11-11,4,3,4,4,3,3
CFB003391,C081,2022-11-11,3,3,4,3,5,4
CFB003392,C077,2022-11-11,3,3,2,1,4,4
CFB003393,C010,2022-11-11,3,5,5,3,2,5
CFB003394,C061,2022-11-11,5,4,5,4,3,4
CFB003395,C027,2022-11-11,5,5,4,5,3,4
CFB003396,C019,2022-11-12,3,3,4,4,3,5
CFB003397,C024,2022-11-12,4,3,4,2,2,5
CFB003398,C075,2022-11-12,3,4,5,3,3,3
CFB003399,C051,2022-11-12,4,3,4,5,4,5
CFB003400,C002,2022-11-12,4,3,3,3,2,3
CFB003401,C089,2022-11-12,5,3,5,4,3,3
CFB003402,C019,2022-11-12,3,3,4,4,4,2
CFB003403,C047,2022-11-12,1,3,2,3,2,4
CFB003404,C085,2022-11-12,4,5,3,4,5,5
CFB003405,C055,2022-11-12,4,2,5,4,3,4
CFB003406,C088,2022-11-12,4,3,4,5,2,3
CFB003407,C006,2022-11-12,3,4,5,4,4,4
CFB003408,C084,2022-11-12,4,2,4,3,4,3
CFB003409,C035,2022-11-12,2,3,3,4,5,4
CFB003410,C030,2022-11-12,4,3,5,3,4,4
CFB003411,C087,2022-11-12,3,3,2,3,2,4
CFB003412,C043,2022-11-12,3,3,3,3,3,3
CFB003413,C032,2022-11-12,3,2,4,5,5,4
CFB003414,C043,2022-11-12,3,3,4,5,3,3
CFB003415,C062,2022-11-12,4,4,5,5,3,4
CFB003416,C035,2022-11-12,4,3,2,3,3,3
CFB003417,C088,2022-11-12,4,4,4,4,3,2
CFB003418,C069,2022-11-12,4,3,2,4,2,3
CFB003419,C062,2022-11-12,4,3,3,4,2,4
CFB003420,C006,2022-11-12,3,3,3,4,3,5
CFB003421,C089,2022-11-12,3,4,3,3,1,4
CFB003422,C079,2022-11-12,3,2,2,4,3,3
CFB003423,C084,2022-11-12,4,4,4,5,3,4
CFB003424,C085,2022-11-12,3,4,4,4,3,5
CFB003425,C074,2022-11-12,5,4,4,4,5,5
CFB003426,C087,2022-11-12,4,3,5,5,3,3
CFB003427,C047,2022-11-12,3,4,3,5,4,2
CFB003428,C048,2022-11-12,5,3,2,3,4,3
CFB003429,C055,2022-11-12,5,2,4,3,3,3
CFB003430,C029,2022-11-12,4,5,5,5,3,5
CFB003431,C063,2022-11-12,3,4,4,4,2,4
CFB003432,C006,2022-11-12,4,3,5,4,3,2
CFB003433,C051,2022-11-12,4,2,3,3,4,3
CFB003434,C029,2022-11-12,4,3,5,4,2,3
CFB003435,C007,2022-11-12,4,3,1,3,2,3
CFB003436,C086,2022-11-12,5,4,3,5,4,4
CFB003437,C039,2022-11-12,3,4,4,3,2,3
CFB003438,C075,2022-11-12,3,3,3,4,2,4
CFB003439,C045,2022-11-12,3,4,4,4,4,4
CFB003440,C016,2022-11-12,3,2,2,3,3,4
CFB003441,C062,2022-11-12,4,4,2,4,2,3
CFB003442,C007,2022-11-12,3,3,3,3,3,4
CFB003443,C088,2022-11-12,3,2,3,4,3,5
CFB003444,C032,2022-11-12,4,3,5,4,3,3
CFB003445,C085,2022-11-12,5,4,3,5,5,3
CFB003446,C044,2022-11-12,2,3,2,4,2,4
CFB003447,C027,2022-11-12,4,2,4,2,4,4
CFB003448,C029,2022-11-12,4,4,4,3,4,4
CFB003449,C029,2022-11-13,5,3,3,3,4,4
CFB003450,C051,2022-11-13,3,4,3,3,3,4
CFB003451,C024,2022-11-13,4,5,4,5,1,4
CFB003452,C088,2022-11-13,4,3,4,5,4,4
CFB003453,C084,2022-11-13,4,3,3,4,3,3
CFB003454,C018,2022-11-13,3,1,2,3,3,3
CFB003455,C065,2022-11-13,5,3,3,3,2,5
CFB003456,C044,2022-11-13,3,3,4,3,3,1
CFB003457,C051,2022-11-13,4,5,3,4,5,4
CFB003458,C068,2022-11-13,3,3,4,4,4,3
CFB003459,C013,2022-11-13,4,3,3,4,2,2
CFB003460,C044,2022-11-13,3,3,3,4,2,2
CFB003461,C027,2022-11-13,5,4,3,3,3,3
CFB003462,C078,2022-11-13,3,4,4,5,3,2
CFB003463,C079,2022-11-13,3,2,3,2,1,2
CFB003464,C051,2022-11-13,5,4,3,1,1,3
CFB003465,C027,2022-11-13,3,4,4,3,4,3
CFB003466,C054,2022-11-13,2,2,2,2,3,3
CFB003467,C075,2022-11-13,3,5,4,5,3,3
CFB003468,C085,2022-11-13,3,4,3,3,3,1
CFB003469,C034,2022-11-13,5,4,4,4,5,5
CFB003470,C031,2022-11-13,2,4,4,4,3,3
CFB003471,C061,2022-11-13,4,4,4,5,4,4
CFB003472,C046,2022-11-13,3,4,3,3,4,3
CFB003473,C032,2022-11-13,3,3,3,3,4,3
CFB003474,C074,2022-11-13,5,4,4,4,4,3
CFB003475,C055,2022-11-13,5,5,4,4,3,5
CFB003476,C085,2022-11-13,5,4,5,4,3,4
CFB003477,C085,2022-11-13,5,4,4,1,3,4
CFB003478,C037,2022-11-13,3,5,4,3,2,3
CFB003479,C038,2022-11-13,3,2,2,2,3,3
CFB003480,C061,2022-11-13,3,2,4,2,5,3
CFB003481,C070,2022-11-13,5,4,2,5,1,4
CFB003482,C077,2022-11-13,5,3,4,5,3,4
CFB003483,C075,2022-11-13,4,3,3,4,2,4
CFB003484,C019,2022-11-13,4,3,2,1,2,2
CFB003485,C080,2022-11-13,5,4,4,3,3,4
CFB003486,C088,2022-11-13,2,3,3,4,2,4
CFB003487,C004,2022-11-13,2,4,4,4,4,4
CFB003488,C043,2022-11-13,5,4,3,5,3,5
CFB003489,C070,2022-11-13,4,3,5,4,4,4
CFB003490,C006,2022-11-13,3,3,3,3,2,2
CFB003491,C068,2022-11-13,4,3,3,3,4,4
CFB003492,C081,2022-11-13,4,3,4,5,4,3
CFB003493,C078,2022-11-13,3,4,3,4,3,2
CFB003494,C032,2022-11-13,3,4,3,5,1,3
CFB003495,C077,2022-11-13,4,5,4,3,2,5
CFB003496,C032,2022-11-13,4,3,4,3,3,2
CFB003497,C016,2022-11-13,4,5,4,5,3,5
CFB003498,C016,2022-11-13,4,4,5,5,4,4
CFB003499,C010,2022-11-13,3,3,3,4,2,1
CFB003500,C061,2022-11-14,4,2,2,4,2,4
CFB003501,C059,2022-11-14,4,4,4,2,4,4
CFB003502,C016,2022-11-14,3,2,3,3,2,4
CFB003503,C008,2022-11-14,3,5,3,3,5,3
CFB003504,C002,2022-11-14,3,3,3,3,3,3
CFB003505,C061,2022-11-14,4,4,4,3,4,3
CFB003506,C002,2022-11-14,4,3,3,4,3,3
CFB003507,C088,2022-11-14,4,4,4,2,3,3
CFB003508,C040,2022-11-14,4,2,4,3,1,3
CFB003509,C078,2022-11-14,4,4,4,3,3,4
CFB003510,C073,2022-11-14,4,5,3,5,4,5
CFB003511,C046,2022-11-14,2,5,2,5,1,4
CFB003512,C069,2022-11-14,3,4,3,4,3,3
CFB003513,C006,2022-11-14,4,4,3,3,3,2
CFB003514,C069,2022-11-14,3,5,4,4,2,4
CFB003515,C015,2022-11-14,5,4,4,3,3,4
CFB003516,C048,2022-11-14,5,4,3,4,1,4
CFB003517,C013,2022-11-14,4,4,2,5,4,5
CFB003518,C030,2022-11-14,3,5,4,4,2,5
CFB003519,C056,2022-11-14,4,4,5,3,1,3
CFB003520,C080,2022-11-14,5,2,2,4,2,1
CFB003521,C066,2022-11-14,5,4,3,4,3,4
CFB003522,C029,2022-11-14,4,4,2,3,3,4
CFB003523,C069,2022-11-14,5,5,5,5,2,4
CFB003524,C030,2022-11-14,5,3,3,5,4,3
CFB003525,C066,2022-11-14,3,3,3,4,3,3
CFB003526,C007,2022-11-14,2,3,2,5,2,3
CFB003527,C073,2022-11-14,4,4,3,3,2,4
CFB003528,C002,2022-11-14,3,1,4,3,3,3
CFB003529,C013,2022-11-14,4,4,3,3,3,4
CFB003530,C020,2022-11-14,2,3,5,3,2,3
CFB003531,C089,2022-11-14,5,3,3,3,4,2
CFB003532,C051,2022-11-14,5,4,4,3,3,4
CFB003533,C031,2022-11-14,5,5,4,4,3,4
CFB003534,C063,2022-11-14,3,4,4,4,3,3
CFB003535,C029,2022-11-14,3,4,4,5,4,3
CFB003536,C040,2022-11-14,4,2,3,5,4,2
CFB003537,C015,2022-11-14,3,3,3,3,5,2
CFB003538,C081,2022-11-14,3,3,2,3,5,3
CFB003539,C077,2022-11-14,4,3,4,4,1,4
CFB003540,C054,2022-11-14,4,5,4,5,3,5
CFB003541,C073,2022-11-14,3,3,4,3,2,4
CFB003542,C034,2022-11-14,4,5,4,4,2,3
CFB003543,C048,2022-11-14,5,3,5,4,4,2
CFB003544,C084,2022-11-15,4,3,3,3,3,2
CFB003545,C016,2022-11-15,3,2,3,5,3,3
CFB003546,C067,2022-11-15,3,3,4,2,4,3
CFB003547,C060,2022-11-15,5,4,3,4,3,3
CFB003548,C027,2022-11-15,4,3,4,5,3,3
CFB003549,C019,2022-11-15,4,4,4,3,4,3
CFB003550,C038,2022-11-15,4,3,1,4,4,2
CFB003551,C040,2022-11-15,4,3,2,2,2,3
CFB003552,C035,2022-11-15,4,3,3,4,3,5
CFB003553,C045,2022-11-15,2,2,3,2,4,2
CFB003554,C063,2022-11-15,3,3,3,3,3,2
CFB003555,C067,2022-11-15,3,1,2,4,4,3
CFB003556,C044,2022-11-15,2,2,3,4,3,2
CFB003557,C067,2022-11-15,2,3,4,4,2,2
CFB003558,C055,2022-11-15,4,3,4,2,2,2
CFB003559,C017,2022-11-15,4,4,3,4,4,3
CFB003560,C016,2022-11-15,2,3,3,3,3,3
CFB003561,C018,2022-11-15,3,3,2,3,3,3
CFB003562,C039,2022-11-15,3,3,2,4,3,3
CFB003563,C067,2022-11-15,3,5,3,5,2,4
CFB003564,C085,2022-11-15,3,1,2,4,3,3
CFB003565,C055,2022-11-15,4,4,4,3,4,5
CFB003566,C010,2022-11-15,3,4,3,3,2,4
CFB003567,C038,2022-11-15,4,2,3,4,3,4
CFB003568,C036,2022-11-15,4,4,5,5,4,4
CFB003569,C059,2022-11-15,2,4,2,4,3,2
CFB003570,C019,2022-11-15,3,5,4,3,4,4
CFB003571,C032,2022-11-15,3,5,3,3,2,5
CFB003572,C069,2022-11-15,4,4,3,2,4,3
CFB003573,C075,2022-11-15,5,4,4,4,3,3
CFB003574,C087,2022-11-15,4,2,2,4,4,3
CFB003575,C002,2022-11-15,4,5,2,3,2,3
CFB003576,C029,2022-11-15,4,5,3,4,3,3
CFB003577,C036,2022-11-15,4,3,4,5,3,3
CFB003578,C065,2022-11-15,2,2,3,3,3,3
CFB003579,C043,2022-11-15,5,4,5,4,2,3
CFB003580,C016,2022-11-15,4,3,4,4,3,4
CFB003581,C045,2022-11-15,4,3,4,4,3,3
CFB003582,C089,2022-11-15,4,3,3,2,4,3
CFB003583,C055,2022-11-15,4,4,4,3,2,4
CFB003584,C055,2022-11-15,4,4,2,3,3,4
CFB003585,C007,2022-11-15,3,2,4,3,4,3
CFB003586,C051,2022-11-15,3,4,3,2,3,3
CFB003587,C019,2022-11-15,5,3,5,5,3,3
CFB003588,C034,2022-11-15,2,5,4,4,2,5
CFB003589,C073,2022-11-15,2,4,3,4,3,5
CFB003590,C063,2022-11-15,5,3,4,5,2,4
CFB003591,C070,2022-11-15,5,4,3,4,3,4
CFB003592,C006,2022-11-15,3,4,3,2,3,3
CFB003593,C088,2022-11-15,3,4,3,4,2,2
CFB003594,C054,2022-11-15,5,4,3,5,4,3
CFB003595,C062,2022-11-15,5,4,2,5,3,3
CFB003596,C085,2022-11-15,5,4,3,4,3,4
CFB003597,C074,2022-11-15,4,5,5,5,3,3
CFB003598,C075,2022-11-15,3,3,4,4,5,3
CFB003599,C002,2022-11-15,4,4,2,2,3,3
CFB003600,C060,2022-11-15,4,4,4,3,4,3
CFB003601,C077,2022-11-15,4,3,4,5,1,4
CFB003602,C048,2022-11-15,3,4,4,4,4,5
CFB003603,C027,2022-11-15,5,5,5,4,4,5
CFB003604,C021,2022-11-16,5,5,5,3,4,3
CFB003605,C034,2022-11-16,4,2,5,4,1,5
CFB003606,C008,2022-11-16,4,3,3,4,3,4
CFB003607,C074,2022-11-16,5,4,4,4,3,4
CFB003608,C060,2022-11-16,3,4,2,4,3,3
CFB003609,C047,2022-11-16,3,3,3,4,3,4
CFB003610,C070,2022-11-16,5,2,2,3,1,4
CFB003611,C089,2022-11-16,3,3,3,2,2,3
CFB003612,C054,2022-11-16,5,2,4,2,3,4
CFB003613,C089,2022-11-16,2,1,3,3,3,4
CFB003614,C020,2022-11-16,4,1,3,4,3,4
CFB003615,C066,2022-11-16,4,2,3,3,5,4
CFB003616,C078,2022-11-16,3,3,3,3,3,3
CFB003617,C038,2022-11-16,3,5,4,4,3,4
CFB003618,C054,2022-11-16,5,3,3,4,2,4
CFB003619,C036,2022-11-16,2,3,4,5,4,2
CFB003620,C069,2022-11-16,4,4,4,5,1,4
CFB003621,C024,2022-11-16,5,4,5,4,2,3
CFB003622,C006,2022-11-16,4,4,4,5,1,5
CFB003623,C002,2022-11-16,3,2,3,4,4,3
CFB003624,C038,2022-11-16,4,3,4,4,4,3
CFB003625,C051,2022-11-16,3,4,3,4,2,1
CFB003626,C081,2022-11-16,4,3,3,4,1,4
CFB003627,C036,2022-11-16,4,5,3,5,5,4
CFB003628,C055,2022-11-16,3,3,4,4,3,2
CFB003629,C054,2022-11-16,3,4,3,4,3,2
CFB003630,C067,2022-11-16,5,4,3,3,4,3
CFB003631,C079,2022-11-16,4,4,3,4,3,4
CFB003632,C061,2022-11-16,4,4,5,4,2,5
CFB003633,C068,2022-11-16,4,5,2,5,3,4
CFB003634,C081,2022-11-16,5,4,4,3,4,3
CFB003635,C062,2022-11-16,3,4,2,4,3,3
CFB003636,C088,2022-11-16,4,3,4,5,3,4
CFB003637,C065,2022-11-16,4,2,4,5,3,4
CFB003638,C029,2022-11-16,5,4,3,5,5,3
CFB003639,C008,2022-11-16,2,5,3,5,2,5
CFB003640,C034,2022-11-16,4,4,3,4,4,4
CFB003641,C070,2022-11-16,3,3,4,3,4,3
CFB003642,C054,2022-11-16,3,4,3,3,5,2
CFB003643,C047,2022-11-16,4,3,4,4,4,4
CFB003644,C075,2022-11-16,3,5,5,3,4,4
CFB003645,C066,2022-11-16,4,5,5,3,3,5
CFB003646,C019,2022-11-16,5,3,2,4,2,3
CFB003647,C047,2022-11-16,5,5,5,4,5,5
CFB003648,C089,2022-11-16,4,4,5,5,5,5
CFB003649,C019,2022-11-16,4,3,4,3,4,4
CFB003650,C008,2022-11-16,3,5,4,2,3,4
CFB003651,C080,2022-11-17,4,2,2,3,4,3
CFB003652,C060,2022-11-17,3,2,2,3,5,4
CFB003653,C039,2022-11-17,3,3,3,3,3,3
CFB003654,C070,2022-11-17,2,4,3,3,3,3
CFB003655,C019,2022-11-17,2,3,1,3,2,3
CFB003656,C087,2022-11-17,3,2,4,1,3,3
CFB003657,C067,2022-11-17,5,4,5,5,3,4
CFB003658,C044,2022-11-17,3,4,3,3,3,3
CFB003659,C030,2022-11-17,4,5,5,5,3,4
CFB003660,C034,2022-11-17,4,2,4,4,2,4
CFB003661,C086,2022-11-17,3,5,4,4,3,3
CFB003662,C038,2022-11-17,3,4,2,3,3,3
CFB003663,C080,2022-11-17,3,4,2,2,4,3
CFB003664,C062,2022-11-17,4,2,3,3,2,4
CFB003665,C032,2022-11-17,4,4,2,2,2,3
CFB003666,C069,2022-11-17,3,2,4,3,3,2
CFB003667,C051,2022-11-17,3,3,3,2,4,4
CFB003668,C087,2022-11-17,4,1,2,4,3,4
CFB003669,C035,2022-11-17,3,3,4,4,3,2
CFB003670,C039,2022-11-17,5,3,4,4,3,4
CFB003671,C078,2022-11-17,4,4,3,4,4,3
CFB003672,C070,2022-11-17,5,4,5,4,3,5
CFB003673,C047,2022-11-17,4,4,2,2,3,4
CFB003674,C019,2022-11-17,3,4,3,4,3,5
CFB003675,C040,2022-11-17,1,4,4,2,3,2
CFB003676,C051,2022-11-17,4,4,3,4,3,5
CFB003677,C024,2022-11-17,2,3,3,3,4,4
CFB003678,C087,2022-11-17,3,2,1,1,2,4
CFB003679,C051,2022-11-17,5,4,4,4,1,5
CFB003680,C081,2022-11-17,5,3,5,4,3,4
CFB003681,C085,2022-11-17,5,3,5,4,4,3
CFB003682,C007,2022-11-17,5,3,5,4,3,4
CFB003683,C047,2022-11-17,4,4,5,5,4,3
CFB003684,C039,2022-11-17,3,3,3,4,3,3
CFB003685,C080,2022-11-17,5,3,4,5,2,5
CFB003686,C037,2022-11-17,5,4,5,5,4,5
CFB003687,C038,2022-11-17,3,2,5,4,2,4
CFB003688,C059,2022-11-17,4,4,5,2,2,5
CFB003689,C065,2022-11-17,4,4,4,4,2,4
CFB003690,C038,2022-11-17,2,3,3,3,2,4
CFB003691,C060,2022-11-17,2,2,3,3,2,5
CFB003692,C034,2022-11-17,4,4,2,4,4,5
CFB003693,C038,2022-11-17,3,4,3,2,2,2
CFB003694,C032,2022-11-17,4,3,3,5,3,4
CFB003695,C074,2022-11-17,3,2,3,3,2,3
CFB003696,C035,2022-11-17,3,3,3,3,3,3
CFB003697,C080,2022-11-17,3,4,4,4,2,2
CFB003698,C066,2022-11-17,5,3,4,5,3,3
CFB003699,C054,2022-11-17,3,2,5,3,4,3
CFB003700,C065,2022-11-17,3,4,4,3,3,4
CFB003701,C036,2022-11-17,4,3,4,5,4,5
CFB003702,C032,2022-11-17,4,3,3,3,3,3
CFB003703,C051,2022-11-17,4,3,3,2,3,4
CFB003704,C027,2022-11-17,4,3,3,4,3,4
CFB003705,C077,2022-11-17,4,3,4,4,4,3
CFB003706,C080,2022-11-17,3,3,5,3,2,2
CFB003707,C073,2022-11-17,4,3,5,2,3,2
CFB003708,C010,2022-11-17,4,5,4,1,3,5
CFB003709,C084,2022-11-17,5,3,5,4,3,4
CFB003710,C077,2022-11-17,5,5,3,5,3,5
CFB003711,C047,2022-11-17,4,5,4,5,3,5
CFB003712,C054,2022-11-17,3,4,4,4,2,4
CFB003713,C017,2022-11-17,5,4,5,5,3,4
CFB003714,C088,2022-11-18,4,3,3,3,2,4
CFB003715,C065,2022-11-18,4,2,4,4,2,4
CFB003716,C016,2022-11-18,5,5,3,5,3,2
CFB003717,C037,2022-11-18,3,4,3,3,3,3
CFB003718,C038,2022-11-18,5,4,5,4,3,4
CFB003719,C059,2022-11-18,2,3,4,3,2,4
CFB003720,C035,2022-11-18,4,4,2,3,4,3
CFB003721,C068,2022-11-18,2,3,3,4,3,3
CFB003722,C081,2022-11-18,4,3,5,3,3,3
CFB003723,C015,2022-11-18,3,4,4,2,1,2
CFB003724,C067,2022-11-18,3,3,4,4,4,4
CFB003725,C081,2022-11-18,3,3,4,3,3,3
CFB003726,C085,2022-11-18,4,4,3,4,2,3
CFB003727,C010,2022-11-18,4,3,1,4,5,2
CFB003728,C084,2022-11-18,3,4,3,1,3,5
CFB003729,C007,2022-11-18,4,3,3,4,3,3
CFB003730,C031,2022-11-18,4,5,5,3,2,5
CFB003731,C043,2022-11-18,3,4,4,5,4,3
CFB003732,C080,2022-11-18,4,2,3,2,4,3
CFB003733,C036,2022-11-18,3,3,4,3,3,3
CFB003734,C035,2022-11-18,3,2,4,3,4,2
CFB003735,C020,2022-11-18,2,3,3,4,3,2
CFB003736,C024,2022-11-18,3,2,3,3,2,4
CFB003737,C032,2022-11-18,2,3,3,3,5,3
CFB003738,C073,2022-11-18,4,4,4,3,3,2
CFB003739,C036,2022-11-18,3,3,2,3,4,4
CFB003740,C074,2022-11-18,5,4,4,4,4,5
CFB003741,C086,2022-11-18,3,3,5,5,5,3
CFB003742,C066,2022-11-18,4,4,4,3,3,3
CFB003743,C070,2022-11-18,3,3,3,5,2,4
CFB003744,C054,2022-11-18,5,1,3,4,3,3
CFB003745,C015,2022-11-18,2,3,3,3,3,2
CFB003746,C020,2022-11-18,4,2,3,4,3,4
CFB003747,C087,2022-11-18,3,3,2,3,3,3
CFB003748,C087,2022-11-18,4,4,4,5,3,4
CFB003749,C037,2022-11-18,5,5,5,3,3,4
CFB003750,C086,2022-11-18,4,3,2,4,4,4
CFB003751,C037,2022-11-18,3,4,3,4,4,3
CFB003752,C055,2022-11-18,4,4,3,4,3,4
CFB003753,C054,2022-11-18,2,2,4,4,4,2
CFB003754,C068,2022-11-18,4,4,3,4,3,4
CFB003755,C079,2022-11-18,3,4,5,2,4,1
CFB003756,C086,2022-11-18,2,3,5,5,5,4
CFB003757,C018,2022-11-18,4,4,4,4,4,5
CFB003758,C039,2022-11-18,2,4,2,3,4,3
CFB003759,C048,2022-11-18,4,2,4,3,3,2
CFB003760,C040,2022-11-18,1,4,3,3,4,4
CFB003761,C017,2022-11-18,4,4,2,3,3,3
CFB003762,C078,2022-11-18,5,4,3,4,4,4
CFB003763,C088,2022-11-18,3,2,3,3,2,3
CFB003764,C004,2022-11-18,4,3,4,5,2,5
CFB003765,C069,2022-11-18,3,5,3,3,2,3
CFB003766,C087,2022-11-18,4,4,4,5,3,2
CFB003767,C070,2022-11-18,5,4,4,3,4,5
CFB003768,C081,2022-11-18,4,4,4,5,3,3
CFB003769,C040,2022-11-18,3,5,4,3,4,3
CFB003770,C021,2022-11-19,4,4,3,3,3,4
CFB003771,C036,2022-11-19,2,4,4,2,3,3
CFB003772,C048,2022-11-19,3,4,3,3,2,4
CFB003773,C035,2022-11-19,4,4,4,5,3,5
CFB003774,C008,2022-11-19,3,4,3,3,3,2
CFB003775,C078,2022-11-19,3,3,3,4,5,4
CFB003776,C039,2022-11-19,4,2,4,3,3,3
CFB003777,C075,2022-11-19,4,2,3,4,2,3
CFB003778,C079,2022-11-19,4,4,3,4,2,3
CFB003779,C080,2022-11-19,3,3,3,3,3,3
CFB003780,C081,2022-11-19,4,3,5,1,2,3
CFB003781,C070,2022-11-19,3,2,4,4,4,3
CFB003782,C017,2022-11-19,3,1,2,5,3,2
CFB003783,C063,2022-11-19,4,4,3,2,4,5
CFB003784,C002,2022-11-19,2,2,4,4,3,3
CFB003785,C016,2022-11-19,2,2,3,2,1,4
CFB003786,C006,2022-11-19,2,3,3,4,1,4
CFB003787,C061,2022-11-19,3,2,3,4,4,4
CFB003788,C008,2022-11-19,4,1,2,4,3,1
CFB003789,C045,2022-11-19,4,4,3,2,2,3
CFB003790,C036,2022-11-19,4,3,3,3,3,4
CFB003791,C089,2022-11-19,3,4,4,4,5,4
CFB003792,C010,2022-11-19,3,2,3,3,5,3
CFB003793,C032,2022-11-19,3,3,4,5,2,2
CFB003794,C031,2022-11-19,5,3,3,4,5,4
CFB003795,C075,2022-11-19,4,4,5,4,3,4
CFB003796,C017,2022-11-19,4,4,3,2,4,3
CFB003797,C070,2022-11-19,3,3,2,3,5,2
CFB003798,C017,2022-11-19,3,5,5,5,3,3
CFB003799,C006,2022-11-19,5,2,3,3,1,5
CFB003800,C084,2022-11-19,4,4,4,4,3,4
CFB003801,C085,2022-11-19,4,3,4,5,1,4
CFB003802,C024,2022-11-19,3,4,4,3,4,5
CFB003803,C055,2022-11-19,4,5,4,3,3,4
CFB003804,C043,2022-11-19,3,4,5,4,2,3
CFB003805,C075,2022-11-19,5,4,4,4,4,5
CFB003806,C037,2022-11-19,4,4,4,3,4,3
CFB003807,C030,2022-11-19,4,4,1,2,3,3
CFB003808,C066,2022-11-19,4,3,4,3,3,3
CFB003809,C036,2022-11-19,4,4,4,3,3,4
CFB003810,C080,2022-11-19,5,4,4,4,3,4
CFB003811,C081,2022-11-19,4,3,3,3,3,3
CFB003812,C081,2022-11-19,3,3,4,4,2,4
CFB003813,C020,2022-11-19,5,3,4,4,4,4
CFB003814,C060,2022-11-19,5,4,5,5,2,5
CFB003815,C086,2022-11-19,5,2,4,3,4,3
CFB003816,C030,2022-11-19,4,3,4,3,3,5
CFB003817,C024,2022-11-19,4,2,3,3,4,4
CFB003818,C079,2022-11-19,3,3,3,3,4,2
CFB003819,C024,2022-11-20,4,2,2,4,4,3
CFB003820,C054,2022-11-20,3,2,3,3,3,4
CFB003821,C055,2022-11-20,3,4,4,4,4,5
CFB003822,C067,2022-11-20,3,2,3,4,3,3
CFB003823,C059,2022-11-20,3,3,2,3,2,1
CFB003824,C030,2022-11-20,3,3,2,3,4,3
CFB003825,C054,2022-11-20,2,2,4,3,2,2
CFB003826,C038,2022-11-20,2,2,3,2,4,3
CFB003827,C017,2022-11-20,3,3,2,5,2,1
CFB003828,C085,2022-11-20,4,4,5,4,3,3
CFB003829,C074,2022-11-20,4,4,3,4,2,4
CFB003830,C019,2022-11-20,4,2,3,3,2,4
CFB003831,C027,2022-11-20,2,4,2,5,5,3
CFB003832,C086,2022-11-20,3,3,4,2,5,2
CFB003833,C047,2022-11-20,4,4,2,3,3,3
CFB003834,C048,2022-11-20,4,2,2,4,3,3
CFB003835,C059,2022-11-20,3,3,3,4,4,2
CFB003836,C031,2022-11-20,5,5,3,4,4,5
CFB003837,C075,2022-11-20,4,3,3,3,1,4
CFB003838,C030,2022-11-20,5,5,4,3,4,4
CFB003839,C084,2022-11-20,4,4,3,3,3,5
CFB003840,C078,2022-11-20,2,4,3,3,4,2
CFB003841,C063,2022-11-20,3,3,3,4,2,4
CFB003842,C006,2022-11-20,4,4,4,1,2,4
CFB003843,C037,2022-11-20,2,3,4,4,3,4
CFB003844,C074,2022-11-20,5,2,5,4,3,3
CFB003845,C017,2022-11-20,4,3,5,5,4,3
CFB003846,C078,2022-11-20,4,3,3,4,5,3
CFB003847,C008,2022-11-20,4,4,3,5,4,3
CFB003848,C073,2022-11-20,4,4,5,4,4,2
CFB003849,C027,2022-11-20,4,4,5,5,4,4
CFB003850,C062,2022-11-20,4,4,4,5,1,5
CFB003851,C051,2022-11-20,5,3,4,3,3,4
CFB003852,C037,2022-11-20,5,5,5,4,3,4
CFB003853,C070,2022-11-20,4,4,5,4,4,3
CFB003854,C069,2022-11-20,4,4,3,3,5,3
CFB003855,C063,2022-11-20,4,4,2,4,4,5
CFB003856,C038,2022-11-20,5,4,4,5,3,3
CFB003857,C070,2022-11-20,4,5,5,5,4,5
CFB003858,C078,2022-11-20,4,4,3,2,5,5
CFB003859,C065,2022-11-20,3,2,4,4,3,2
CFB003860,C002,2022-11-20,3,4,4,5,2,3
CFB003861,C002,2022-11-20,4,3,5,2,3,4
CFB003862,C051,2022-11-20,4,4,4,3,5,3
CFB003863,C010,2022-11-20,5,3,4,2,2,3
CFB003864,C054,2022-11-20,3,5,4,3,4,2
CFB003865,C066,2022-11-20,5,5,5,4,2,4
CFB003866,C081,2022-11-20,3,4,4,3,3,5
CFB003867,C047,2022-11-20,3,5,4,3,2,3
CFB003868,C086,2022-11-20,3,4,3,4,4,2
CFB003869,C073,2022-11-20,5,2,3,5,4,5
CFB003870,C086,2022-11-20,5,3,2,5,4,3
CFB003871,C084,2022-11-21,3,2,4,2,3,4
CFB003872,C060,2022-11-21,4,3,4,4,3,5
CFB003873,C067,2022-11-21,3,4,3,3,2,4
CFB003874,C074,2022-11-21,3,4,4,3,3,2
CFB003875,C059,2022-11-21,2,4,3,3,2,5
CFB003876,C038,2022-11-21,3,4,4,2,3,4
CFB003877,C077,2022-11-21,4,4,4,2,2,5
CFB003878,C047,2022-11-21,2,3,4,3,3,2
CFB003879,C043,2022-11-21,4,2,2,4,3,4
CFB003880,C070,2022-11-21,4,4,4,5,3,4
CFB003881,C066,2022-11-21,4,1,2,3,2,3
CFB003882,C051,2022-11-21,3,3,5,5,2,4
CFB003883,C060,2022-11-21,3,4,4,4,3,3
CFB003884,C016,2022-11-21,4,5,3,3,5,3
CFB003885,C069,2022-11-21,4,3,4,2,4,3
CFB003886,C068,2022-11-21,5,3,4,5,2,5
CFB003887,C024,2022-11-21,3,3,4,3,1,3
CFB003888,C056,2022-11-21,5,5,4,5,4,3
CFB003889,C020,2022-11-21,3,4,3,3,2,3
CFB003890,C045,2022-11-21,4,2,5,3,4,3
CFB003891,C017,2022-11-21,5,3,5,3,3,2
CFB003892,C078,2022-11-21,3,3,3,4,3,3
CFB003893,C045,2022-11-21,4,3,3,5,3,5
CFB003894,C056,2022-11-21,3,3,2,3,2,1
CFB003895,C074,2022-11-21,4,4,4,5,2,2
CFB003896,C078,2022-11-21,2,4,4,3,3,3
CFB003897,C079,2022-11-21,4,3,3,2,5,4
CFB003898,C020,2022-11-21,5,4,5,5,3,5
CFB003899,C086,2022-11-21,5,5,5,4,4,3
CFB003900,C055,2022-11-21,3,3,4,3,2,4
CFB003901,C036,2022-11-21,4,3,3,4,2,3
CFB003902,C038,2022-11-21,3,3,5,5,4,4
CFB003903,C036,2022-11-21,3,2,3,4,2,4
CFB003904,C062,2022-11-21,4,4,4,3,5,5
CFB003905,C045,2022-11-21,4,3,3,5,3,3
CFB003906,C067,2022-11-21,2,1,4,3,3,3
CFB003907,C002,2022-11-21,3,4,3,4,2,5
CFB003908,C030,2022-11-21,4,4,4,3,5,5
CFB003909,C062,2022-11-21,4,3,5,4,3,3
CFB003910,C010,2022-11-21,4,3,4,3,2,3
CFB003911,C039,2022-11-21,5,4,5,5,3,4
CFB003912,C045,2022-11-21,4,5,5,4,4,4
CFB003913,C045,2022-11-21,5,2,3,4,2,4
CFB003914,C048,2022-11-21,2,3,2,3,2,3
CFB003915,C077,2022-11-21,4,3,3,3,1,3
CFB003916,C002,2022-11-21,5,2,3,4,2,4
CFB003917,C040,2022-11-21,5,5,4,3,2,4
CFB003918,C067,2022-11-21,3,3,4,4,3,4
CFB003919,C060,2022-11-21,3,3,4,4,3,3
CFB003920,C065,2022-11-21,3,5,2,3,2,5
CFB003921,C087,2022-11-21,4,4,5,4,4,4
CFB003922,C088,2022-11-21,5,3,4,3,2,5
CFB003923,C089,2022-11-21,3,4,4,4,3,3
CFB003924,C013,2022-11-21,4,2,5,3,5,2
CFB003925,C037,2022-11-21,2,4,4,4,5,3
CFB003926,C010,2022-11-21,5,3,3,4,5,3
CFB003927,C002,2022-11-21,5,4,5,5,2,5
CFB003928,C067,2022-11-21,5,4,3,4,3,4
CFB003929,C054,2022-11-21,4,4,3,4,1,4
CFB003930,C077,2022-11-21,4,3,2,4,4,3
CFB003931,C018,2022-11-21,3,4,4,4,1,4
CFB003932,C021,2022-11-22,4,4,3,4,3,3
CFB003933,C046,2022-11-22,4,4,4,4,3,1
CFB003934,C002,2022-11-22,4,3,3,2,4,4
CFB003935,C031,2022-11-22,5,3,2,4,3,1
CFB003936,C074,2022-11-22,3,5,2,3,3,3
CFB003937,C074,2022-11-22,4,3,3,3,3,4
CFB003938,C061,2022-11-22,3,3,2,2,3,3
CFB003939,C065,2022-11-22,5,3,4,4,5,4
CFB003940,C067,2022-11-22,5,4,4,4,2,4
CFB003941,C081,2022-11-22,3,4,3,5,4,3
CFB003942,C056,2022-11-22,4,3,2,3,4,2
CFB003943,C075,2022-11-22,2,3,5,4,4,5
CFB003944,C074,2022-11-22,3,2,1,4,4,4
CFB003945,C006,2022-11-22,4,5,4,4,4,4
CFB003946,C054,2022-11-22,3,1,3,4,3,3
CFB003947,C088,2022-11-22,4,3,4,4,2,4
CFB003948,C088,2022-11-22,4,3,3,3,2,3
CFB003949,C034,2022-11-22,3,4,4,4,3,5
CFB003950,C067,2022-11-22,5,3,5,3,5,3
CFB003951,C048,2022-11-22,5,4,3,3,2,3
CFB003952,C059,2022-11-22,5,2,3,5,4,5
CFB003953,C018,2022-11-22,4,3,2,3,4,4
CFB003954,C044,2022-11-22,3,5,4,4,4,4
CFB003955,C074,2022-11-22,4,4,4,4,3,5
CFB003956,C040,2022-11-22,5,3,4,5,3,5
CFB003957,C075,2022-11-22,4,4,3,2,3,4
CFB003958,C065,2022-11-22,5,3,3,4,4,4
CFB003959,C008,2022-11-22,3,4,4,3,3,5
CFB003960,C080,2022-11-22,5,3,4,5,2,5
CFB003961,C019,2022-11-22,1,3,4,3,2,2
CFB003962,C059,2022-11-22,5,4,3,4,4,4
CFB003963,C051,2022-11-22,5,5,3,3,2,3
CFB003964,C051,2022-11-22,4,5,4,2,4,3
CFB003965,C075,2022-11-22,4,2,4,3,3,4
CFB003966,C020,2022-11-22,4,4,4,5,3,3
CFB003967,C019,2022-11-22,3,5,3,4,4,5
CFB003968,C015,2022-11-22,4,5,4,3,4,2
CFB003969,C066,2022-11-22,5,4,4,4,2,5
CFB003970,C065,2022-11-22,3,2,3,4,2,3
CFB003971,C075,2022-11-22,5,3,3,3,2,3
CFB003972,C077,2022-11-22,3,2,3,3,2,3
CFB003973,C062,2022-11-22,4,3,3,3,4,5
CFB003974,C044,2022-11-23,3,3,2,3,3,4
CFB003975,C070,2022-11-23,3,2,5,3,3,3
CFB003976,C031,2022-11-23,3,5,2,4,3,4
CFB003977,C068,2022-11-23,2,4,5,5,3,4
CFB003978,C063,2022-11-23,5,1,3,2,4,3
CFB003979,C066,2022-11-23,5,4,2,4,4,4
CFB003980,C067,2022-11-23,3,2,2,3,2,4
CFB003981,C075,2022-11-23,4,2,1,3,2,4
CFB003982,C069,2022-11-23,2,3,3,3,2,3
CFB003983,C087,2022-11-23,3,4,3,5,5,3
CFB003984,C010,2022-11-23,3,4,4,5,4,4
CFB003985,C059,2022-11-23,3,2,3,3,1,1
CFB003986,C008,2022-11-23,3,2,3,2,3,1
CFB003987,C056,2022-11-23,2,3,4,3,3,5
CFB003988,C010,2022-11-23,2,4,4,4,3,2
CFB003989,C047,2022-11-23,5,4,3,4,4,3
CFB003990,C038,2022-11-23,3,4,3,4,4,3
CFB003991,C080,2022-11-23,3,2,4,2,4,3
CFB003992,C019,2022-11-23,4,3,4,4,2,4
CFB003993,C046,2022-11-23,4,4,3,4,2,5
CFB003994,C046,2022-11-23,3,5,3,4,3,3
CFB003995,C074,2022-11-23,3,3,5,5,3,5
CFB003996,C073,2022-11-23,5,3,4,4,4,4
CFB003997,C059,2022-11-23,4,3,5,4,3,3
CFB003998,C065,2022-11-23,4,4,3,4,3,3
CFB003999,C035,2022-11-23,3,1,2,3,3,3
CFB004000,C017,2022-11-23,4,3,5,5,1,4
CFB004001,C048,2022-11-23,5,4,4,5,2,5
CFB004002,C080,2022-11-23,4,4,5,2,2,3
CFB004003,C030,2022-11-23,5,4,4,3,4,4
CFB004004,C031,2022-11-23,4,4,4,5,3,5
CFB004005,C031,2022-11-23,3,3,2,2,3,4
CFB004006,C030,2022-11-23,2,4,5,3,4,3
CFB004007,C037,2022-11-23,4,5,5,4,3,3
CFB004008,C010,2022-11-23,3,4,3,3,4,3
CFB004009,C030,2022-11-23,5,5,5,4,4,4
CFB004010,C006,2022-11-23,2,3,4,5,5,3
CFB004011,C066,2022-11-23,3,5,4,5,4,5
CFB004012,C060,2022-11-23,4,4,4,5,4,4
CFB004013,C062,2022-11-23,4,3,3,2,3,5
CFB004014,C055,2022-11-23,5,3,4,3,3,4
CFB004015,C074,2022-11-23,3,5,3,5,3,5
CFB004016,C034,2022-11-23,3,4,5,3,3,5
CFB004017,C085,2022-11-23,5,3,3,4,4,3
CFB004018,C037,2022-11-23,3,4,2,3,4,4
CFB004019,C066,2022-11-23,5,4,5,5,4,5
CFB004020,C018,2022-11-23,4,3,4,2,3,4
CFB004021,C018,2022-11-23,1,3,3,4,2,4
CFB004022,C077,2022-11-24,4,5,3,5,3,5
CFB004023,C070,2022-11-24,4,3,4,3,5,4
CFB004024,C004,2022-11-24,2,5,4,3,4,3
CFB004025,C055,2022-11-24,5,3,3,4,3,3
CFB004026,C086,2022-11-24,4,3,3,3,3,4
CFB004027,C066,2022-11-24,4,4,4,5,3,4
CFB004028,C040,2022-11-24,5,4,4,3,2,4
CFB004029,C020,2022-11-24,3,2,2,4,1,3
CFB004030,C065,2022-11-24,3,3,2,4,2,3
CFB004031,C080,2022-11-24,4,4,3,4,4,4
CFB004032,C040,2022-11-24,5,4,4,5,5,5
CFB004033,C036,2022-11-24,4,2,2,2,5,4
CFB004034,C029,2022-11-24,4,4,5,3,4,5
CFB004035,C047,2022-11-24,3,4,5,3,2,3
CFB004036,C002,2022-11-24,4,3,5,5,2,4
CFB004037,C027,2022-11-24,3,2,5,4,2,5
CFB004038,C035,2022-11-24,4,3,5,2,4,2
CFB004039,C044,2022-11-24,4,3,3,5,4,2
CFB004040,C031,2022-11-24,3,3,2,4,3,2
CFB004041,C048,2022-11-24,5,2,3,4,4,5
CFB004042,C051,2022-11-24,4,4,4,5,3,4
CFB004043,C020,2022-11-24,5,3,3,3,3,5
CFB004044,C015,2022-11-24,4,5,3,3,4,5
CFB004045,C037,2022-11-24,5,4,4,3,3,3
CFB004046,C029,2022-11-24,4,3,4,4,3,4
CFB004047,C073,2022-11-24,3,4,3,2,3,3
CFB004048,C086,2022-11-24,3,3,4,4,3,4
CFB004049,C079,2022-11-24,5,4,4,5,4,4
CFB004050,C055,2022-11-24,4,4,5,5,1,4
CFB004051,C044,2022-11-24,4,3,4,5,3,3
CFB004052,C062,2022-11-24,3,4,3,4,4,3
CFB004053,C051,2022-11-24,5,4,2,3,4,2
CFB004054,C087,2022-11-24,3,4,3,5,4,4
CFB004055,C019,2022-11-24,5,2,5,5,4,3
CFB004056,C020,2022-11-24,3,4,4,5,4,3
CFB004057,C075,2022-11-24,5,3,4,4,3,4
CFB004058,C088,2022-11-24,3,3,3,4,4,4
CFB004059,C020,2022-11-24,3,4,3,2,4,3
CFB004060,C060,2022-11-25,2,4,3,3,3,4
CFB004061,C079,2022-11-25,3,4,2,2,3,2
CFB004062,C027,2022-11-25,3,3,4,3,4,3
CFB004063,C065,2022-11-25,3,4,3,4,2,4
CFB004064,C019,2022-11-25,3,3,4,4,4,3
CFB004065,C086,2022-11-25,3,4,4,4,2,3
CFB004066,C063,2022-11-25,3,2,4,2,2,4
CFB004067,C010,2022-11-25,3,2,3,4,3,5
CFB004068,C047,2022-11-25,3,3,4,3,3,2
CFB004069,C063,2022-11-25,5,3,3,3,1,3
CFB004070,C066,2022-11-25,4,5,3,4,2,5
CFB004071,C034,2022-11-25,5,4,3,4,4,4
CFB004072,C029,2022-11-25,4,3,3,3,2,4
CFB004073,C002,2022-11-25,4,5,5,3,2,5
CFB004074,C047,2022-11-25,3,2,2,4,3,4
CFB004075,C060,2022-11-25,4,2,3,3,3,3
CFB004076,C006,2022-11-25,4,3,5,5,3,4
CFB004077,C016,2022-11-25,5,4,4,3,5,4
CFB004078,C078,2022-11-25,3,4,4,5,4,4
CFB004079,C010,2022-11-25,2,4,1,4,2,4
CFB004080,C073,2022-11-25,5,2,5,5,4,3
CFB004081,C046,2022-11-25,3,5,4,4,2,5
CFB004082,C073,2022-11-25,3,2,2,3,4,4
CFB004083,C008,2022-11-25,3,2,2,3,4,3
CFB004084,C040,2022-11-25,4,4,2,4,2,5
CFB004085,C006,2022-11-25,5,2,5,3,2,3
CFB004086,C051,2022-11-25,3,3,4,5,4,3
CFB004087,C056,2022-11-25,4,3,3,4,3,2
CFB004088,C010,2022-11-25,3,3,5,3,3,4
CFB004089,C084,2022-11-25,4,3,5,3,3,4
CFB004090,C056,2022-11-25,4,4,3,4,2,4
CFB004091,C034,2022-11-25,3,3,4,3,4,5
CFB004092,C007,2022-11-25,3,5,4,5,4,3
CFB004093,C075,2022-11-25,4,5,5,4,4,4
CFB004094,C066,2022-11-25,3,3,2,4,3,5
CFB004095,C068,2022-11-25,4,2,4,2,4,4
CFB004096,C035,2022-11-25,4,3,3,3,3,3
CFB004097,C031,2022-11-25,5,5,5,4,4,4
CFB004098,C074,2022-11-25,4,1,4,3,2,5
CFB004099,C047,2022-11-25,3,5,3,3,1,3
CFB004100,C047,2022-11-26,1,3,2,1,2,2
CFB004101,C047,2022-11-26,4,4,4,3,4,5
CFB004102,C030,2022-11-26,3,5,5,4,3,5
CFB004103,C089,2022-11-26,3,3,2,3,3,4
CFB004104,C060,2022-11-26,3,4,3,4,3,2
CFB004105,C087,2022-11-26,3,4,4,4,3,1
CFB004106,C061,2022-11-26,5,4,3,5,2,3
CFB004107,C062,2022-11-26,4,2,3,3,1,1
CFB004108,C085,2022-11-26,5,3,1,4,4,4
CFB004109,C035,2022-11-26,3,4,2,5,1,5
CFB004110,C010,2022-11-26,2,2,2,3,3,5
CFB004111,C063,2022-11-26,3,3,3,2,3,3
CFB004112,C032,2022-11-26,5,4,4,3,3,5
CFB004113,C077,2022-11-26,5,3,4,4,3,3
CFB004114,C040,2022-11-26,5,3,3,3,4,4
CFB004115,C047,2022-11-26,4,2,1,5,2,3
CFB004116,C035,2022-11-26,4,3,4,4,2,2
CFB004117,C047,2022-11-26,3,4,3,2,2,4
CFB004118,C044,2022-11-26,4,3,4,4,4,2
CFB004119,C075,2022-11-26,5,3,5,4,5,4
CFB004120,C047,2022-11-26,5,5,3,3,3,3
CFB004121,C039,2022-11-26,2,3,3,4,3,5
CFB004122,C004,2022-11-26,3,5,4,5,4,5
CFB004123,C065,2022-11-26,3,3,4,2,1,3
CFB004124,C032,2022-11-26,4,3,3,3,3,3
CFB004125,C020,2022-11-26,5,5,3,3,4,5
CFB004126,C004,2022-11-26,4,4,5,4,3,5
CFB004127,C013,2022-11-26,4,4,3,3,5,4
CFB004128,C048,2022-11-26,4,3,3,3,4,4
CFB004129,C081,2022-11-26,4,4,3,2,4,3
CFB004130,C034,2022-11-26,2,2,3,3,3,1
CFB004131,C007,2022-11-26,3,4,3,4,2,3
CFB004132,C059,2022-11-26,4,3,3,4,2,3
CFB004133,C089,2022-11-26,4,3,3,2,4,3
CFB004134,C088,2022-11-26,4,4,4,3,2,4
CFB004135,C044,2022-11-26,5,5,4,4,3,4
CFB004136,C084,2022-11-26,3,4,4,3,1,3
CFB004137,C075,2022-11-26,4,2,3,4,4,4
CFB004138,C029,2022-11-26,3,3,3,3,3,4
CFB004139,C047,2022-11-26,3,5,5,5,3,5
CFB004140,C061,2022-11-26,4,4,4,5,2,3
CFB004141,C045,2022-11-26,3,3,3,4,5,5
CFB004142,C077,2022-11-26,4,4,4,4,2,5
CFB004143,C066,2022-11-27,4,4,2,4,4,3
CFB004144,C085,2022-11-27,4,2,1,2,2,2
CFB004145,C060,2022-11-27,3,3,2,3,2,2
CFB004146,C010,2022-11-27,3,5,4,4,2,3
CFB004147,C035,2022-11-27,4,4,4,4,3,4
CFB004148,C062,2022-11-27,4,4,4,5,4,5
CFB004149,C080,2022-11-27,5,5,4,3,4,5
CFB004150,C088,2022-11-27,5,4,4,2,2,5
CFB004151,C089,2022-11-27,4,2,2,4,3,3
CFB004152,C038,2022-11-27,4,4,5,5,4,5
CFB004153,C060,2022-11-27,4,2,3,5,1,4
CFB004154,C018,2022-11-27,4,2,2,2,5,2
CFB004155,C065,2022-11-27,3,1,4,2,4,3
CFB004156,C065,2022-11-27,5,4,3,4,3,3
CFB004157,C007,2022-11-27,3,5,5,4,3,4
CFB004158,C059,2022-11-27,5,3,3,4,3,4
CFB004159,C070,2022-11-27,3,3,3,2,3,4
CFB004160,C007,2022-11-27,2,3,2,3,2,4
CFB004161,C015,2022-11-27,3,5,3,3,3,4
CFB004162,C020,2022-11-27,4,3,3,3,3,4
CFB004163,C046,2022-11-27,4,3,5,5,1,3
CFB004164,C089,2022-11-27,4,3,3,3,2,2
CFB004165,C081,2022-11-27,2,2,3,1,3,3
CFB004166,C062,2022-11-27,5,3,4,4,1,4
CFB004167,C044,2022-11-27,5,2,4,5,3,5
CFB004168,C031,2022-11-27,4,3,3,4,4,5
CFB004169,C075,2022-11-27,4,4,2,3,5,3
CFB004170,C087,2022-11-27,4,4,4,3,2,4
CFB004171,C039,2022-11-27,5,3,4,4,2,5
CFB004172,C078,2022-11-27,4,4,4,5,3,3
CFB004173,C051,2022-11-27,5,3,5,5,3,4
CFB004174,C069,2022-11-27,5,5,2,4,2,3
CFB004175,C019,2022-11-27,5,5,5,5,1,5
CFB004176,C089,2022-11-27,3,3,4,3,3,4
CFB004177,C004,2022-11-27,5,5,3,3,2,4
CFB004178,C079,2022-11-27,5,3,3,2,3,3
CFB004179,C037,2022-11-27,4,4,3,2,4,3
CFB004180,C051,2022-11-27,5,5,5,4,4,4
CFB004181,C039,2022-11-27,4,5,5,4,2,3
CFB004182,C034,2022-11-27,3,3,4,4,4,4
CFB004183,C079,2022-11-28,4,2,2,1,1,3
CFB004184,C030,2022-11-28,4,2,2,3,3,2
CFB004185,C029,2022-11-28,5,2,4,4,4,4
CFB004186,C031,2022-11-28,5,2,3,5,3,4
CFB004187,C047,2022-11-28,4,4,4,3,3,3
CFB004188,C084,2022-11-28,3,2,3,2,1,3
CFB004189,C002,2022-11-28,3,3,2,3,3,4
CFB004190,C062,2022-11-28,3,2,2,2,2,3
CFB004191,C008,2022-11-28,3,4,3,4,2,1
CFB004192,C043,2022-11-28,2,2,1,3,2,4
CFB004193,C038,2022-11-28,4,4,2,4,3,5
CFB004194,C075,2022-11-28,2,4,4,3,4,5
CFB004195,C030,2022-11-28,3,4,2,3,4,3
CFB004196,C030,2022-11-28,4,3,4,3,3,4
CFB004197,C074,2022-11-28,3,5,3,2,3,5
CFB004198,C079,2022-11-28,4,4,4,3,4,5
CFB004199,C081,2022-11-28,2,3,3,2,4,3
CFB004200,C089,2022-11-28,4,3,4,3,3,4
CFB004201,C017,2022-11-28,2,4,2,3,3,3
CFB004202,C007,2022-11-28,4,3,3,5,2,4
CFB004203,C089,2022-11-28,3,4,4,4,2,3
CFB004204,C006,2022-11-28,4,1,4,5,4,4
CFB004205,C078,2022-11-28,3,5,4,3,4,3
CFB004206,C008,2022-11-28,4,2,3,4,2,5
CFB004207,C070,2022-11-28,4,2,4,4,3,4
CFB004208,C079,2022-11-28,3,3,2,2,1,4
CFB004209,C029,2022-11-28,3,3,3,3,1,4
CFB004210,C061,2022-11-28,2,5,3,3,3,5
CFB004211,C060,2022-11-28,4,3,4,4,2,4
CFB004212,C070,2022-11-28,4,4,5,3,3,4
CFB004213,C059,2022-11-28,1,3,3,3,3,3
CFB004214,C044,2022-11-28,2,2,2,4,3,3
CFB004215,C074,2022-11-28,4,2,4,3,3,3
CFB004216,C002,2022-11-28,3,2,4,2,3,2
CFB004217,C059,2022-11-28,5,4,4,4,2,4
CFB004218,C067,2022-11-28,4,1,1,3,4,4
CFB004219,C020,2022-11-28,4,2,3,5,3,3
CFB004220,C030,2022-11-28,3,4,4,5,4,3
CFB004221,C068,2022-11-28,5,4,3,5,2,2
CFB004222,C047,2022-11-28,4,4,5,4,2,4
CFB004223,C085,2022-11-28,4,3,5,3,4,5
CFB004224,C006,2022-11-29,3,3,2,2,3,3
CFB004225,C078,2022-11-29,4,4,4,4,2,3
CFB004226,C030,2022-11-29,4,4,3,4,2,4
CFB004227,C048,2022-11-29,2,4,3,4,3,2
CFB004228,C021,2022-11-29,3,3,4,3,3,3
CFB004229,C073,2022-11-29,4,2,4,3,4,3
CFB004230,C040,2022-11-29,3,4,4,5,2,4
CFB004231,C074,2022-11-29,4,4,3,4,2,4
CFB004232,C013,2022-11-29,3,2,2,2,2,3
CFB004233,C045,2022-11-29,2,3,2,3,5,4
CFB004234,C034,2022-11-29,3,3,4,3,2,3
CFB004235,C075,2022-11-29,3,5,5,4,5,3
CFB004236,C056,2022-11-29,3,4,5,5,3,3
CFB004237,C074,2022-11-29,5,3,4,5,3,4
CFB004238,C074,2022-11-29,3,5,1,4,3,5
CFB004239,C029,2022-11-29,4,3,5,2,4,3
CFB004240,C040,2022-11-29,3,3,4,3,3,4
CFB004241,C024,2022-11-29,3,3,3,4,2,5
CFB004242,C061,2022-11-29,2,2,4,3,2,4
CFB004243,C084,2022-11-29,3,4,4,2,3,3
CFB004244,C020,2022-11-29,5,4,4,2,3,3
CFB004245,C069,2022-11-29,5,4,3,4,2,2
CFB004246,C034,2022-11-29,5,5,4,5,3,5
CFB004247,C074,2022-11-29,5,2,3,4,4,3
CFB004248,C037,2022-11-29,2,4,4,3,2,4
CFB004249,C016,2022-11-29,3,4,4,5,3,5
CFB004250,C040,2022-11-29,5,5,4,5,4,5
CFB004251,C043,2022-11-29,4,4,4,4,4,5
CFB004252,C037,2022-11-29,4,3,4,4,3,5
CFB004253,C017,2022-11-29,5,3,2,4,3,4
CFB004254,C010,2022-11-29,4,4,4,3,5,4
CFB004255,C087,2022-11-29,2,3,3,4,2,3
CFB004256,C047,2022-11-29,3,5,4,5,3,5
CFB004257,C066,2022-11-29,4,3,3,2,2,5
CFB004258,C031,2022-11-29,4,4,4,3,3,5
CFB004259,C019,2022-11-29,4,4,2,4,4,2
CFB004260,C067,2022-11-29,4,4,5,4,3,5
CFB004261,C085,2022-11-29,3,3,4,4,5,5
CFB004262,C089,2022-11-29,4,4,4,4,4,3
CFB004263,C054,2022-11-29,4,3,4,3,4,4
CFB004264,C008,2022-11-29,5,3,5,5,3,5
CFB004265,C077,2022-11-29,2,3,5,5,5,5
CFB004266,C015,2022-11-29,4,4,5,4,3,4
CFB004267,C068,2022-11-29,4,3,3,3,3,3
CFB004268,C047,2022-11-29,5,4,4,5,2,3
CFB004269,C078,2022-11-29,1,4,4,2,2,3
CFB004270,C044,2022-11-30,2,3,3,3,3,4
CFB004271,C036,2022-11-30,3,3,3,3,2,2
CFB004272,C051,2022-11-30,4,4,2,3,1,3
CFB004273,C062,2022-11-30,4,4,3,4,3,3
CFB004274,C020,2022-11-30,3,3,4,2,4,2
CFB004275,C063,2022-11-30,5,3,5,4,2,5
CFB004276,C017,2022-11-30,3,3,2,4,2,3
CFB004277,C086,2022-11-30,4,3,5,2,4,2
CFB004278,C034,2022-11-30,4,4,3,3,1,2
CFB004279,C013,2022-11-30,4,4,3,4,2,3
CFB004280,C002,2022-11-30,3,1,4,4,4,4
CFB004281,C046,2022-11-30,3,3,3,4,2,4
CFB004282,C077,2022-11-30,5,3,4,3,2,3
CFB004283,C089,2022-11-30,5,4,5,3,2,5
CFB004284,C087,2022-11-30,5,5,5,5,2,3
CFB004285,C063,2022-11-30,4,4,5,4,3,4
CFB004286,C029,2022-11-30,4,5,4,4,2,4
CFB004287,C010,2022-11-30,3,3,3,4,2,3
CFB004288,C063,2022-11-30,5,5,4,4,3,5
CFB004289,C040,2022-11-30,5,3,5,4,3,4
CFB004290,C024,2022-11-30,3,3,4,4,3,3
CFB004291,C036,2022-11-30,5,4,4,5,2,5
CFB004292,C017,2022-11-30,5,5,4,4,4,5
CFB004293,C063,2022-11-30,5,5,3,5,4,4
CFB004294,C087,2022-11-30,4,4,5,3,3,4
CFB004295,C055,2022-11-30,5,3,3,5,4,4
CFB004296,C081,2022-11-30,4,5,4,5,5,4
CFB004297,C061,2022-11-30,5,5,5,3,3,4
CFB004298,C038,2022-11-30,4,5,4,5,5,5
CFB004299,C081,2022-11-30,5,4,4,4,2,5
CFB004300,C038,2022-11-30,2,4,4,3,4,5
CFB004301,C006,2022-11-30,4,5,4,3,4,4
CFB004302,C045,2022-11-30,5,4,5,3,1,4
CFB004303,C074,2022-11-30,3,3,4,4,3,2
CFB004304,C065,2022-11-30,2,3,5,5,5,5
CFB004305,C055,2022-11-30,4,4,3,3,5,4
CFB004306,C048,2022-11-30,3,4,4,5,4,4
CFB004307,C063,2022-11-30,2,3,2,4,3,3
CFB004308,C008,2022-11-30,4,3,4,5,3,3
CFB004309,C029,2022-11-30,5,4,4,5,2,3
CFB004310,C067,2022-11-30,3,2,4,3,2,4
CFB004311,C016,2022-11-30,5,5,5,4,3,5
CFB004312,C016,2022-11-30,3,2,4,3,1,3
CFB004313,C070,2022-11-30,4,3,2,4,3,3
CFB004314,C035,2022-11-30,5,3,3,3,4,2
CFB004315,C040,2022-12-01,3,3,3,5,3,3
CFB004316,C044,2022-12-01,3,4,4,4,3,3
CFB004317,C069,2022-12-01,3,2,3,3,4,3
CFB004318,C004,2022-12-01,3,4,2,4,2,3
CFB004319,C030,2022-12-01,3,4,2,5,2,3
CFB004320,C061,2022-12-01,4,5,4,4,3,5
CFB004321,C038,2022-12-01,4,4,4,4,3,4
CFB004322,C061,2022-12-01,3,3,4,3,3,3
CFB004323,C019,2022-12-01,3,2,3,3,2,5
CFB004324,C036,2022-12-01,4,4,2,3,2,3
CFB004325,C040,2022-12-01,4,2,3,3,2,5
CFB004326,C065,2022-12-01,4,4,4,5,5,2
CFB004327,C031,2022-12-01,4,4,3,4,5,4
CFB004328,C077,2022-12-01,5,4,4,3,2,3
CFB004329,C010,2022-12-01,4,5,4,3,4,4
CFB004330,C021,2022-12-01,4,4,3,4,4,4
CFB004331,C020,2022-12-01,3,3,4,4,1,3
CFB004332,C087,2022-12-01,5,4,5,4,3,4
CFB004333,C038,2022-12-01,3,2,3,3,3,3
CFB004334,C008,2022-12-01,5,4,4,3,3,4
CFB004335,C062,2022-12-01,4,2,4,4,3,2
CFB004336,C060,2022-12-01,4,3,4,4,4,5
CFB004337,C002,2022-12-01,4,3,5,3,4,2
CFB004338,C088,2022-12-01,5,4,5,3,3,5
CFB004339,C006,2022-12-01,5,4,4,4,1,4
CFB004340,C060,2022-12-01,4,4,5,5,2,5
CFB004341,C002,2022-12-01,3,3,2,4,3,4
CFB004342,C045,2022-12-01,5,4,5,3,4,5
CFB004343,C054,2022-12-01,3,3,4,5,4,3
CFB004344,C045,2022-12-01,2,3,3,4,2,5
CFB004345,C069,2022-12-01,3,4,3,5,4,4
CFB004346,C061,2022-12-01,3,3,3,5,3,4
CFB004347,C069,2022-12-01,4,4,3,4,4,3
CFB004348,C027,2022-12-01,5,3,4,4,3,5
CFB004349,C007,2022-12-01,4,2,2,4,3,1
CFB004350,C040,2022-12-01,3,3,3,3,2,4
CFB004351,C038,2022-12-01,5,3,5,4,2,3
CFB004352,C013,2022-12-01,4,3,4,4,2,4
CFB004353,C065,2022-12-01,4,4,3,5,2,4
CFB004354,C056,2022-12-01,4,5,3,3,5,1
CFB004355,C017,2022-12-02,2,3,3,4,3,2
CFB004356,C087,2022-12-02,4,3,3,4,5,2
CFB004357,C018,2022-12-02,3,3,3,3,3,4
CFB004358,C067,2022-12-02,4,3,3,5,4,2
CFB004359,C021,2022-12-02,3,1,2,2,3,2
CFB004360,C004,2022-12-02,3,4,2,4,1,4
CFB004361,C077,2022-12-02,2,2,3,3,4,3
CFB004362,C037,2022-12-02,2,3,3,2,3,4
CFB004363,C015,2022-12-02,5,4,4,4,4,5
CFB004364,C060,2022-12-02,3,1,3,4,4,3
CFB004365,C006,2022-12-02,3,5,3,2,3,3
CFB004366,C075,2022-12-02,3,2,4,2,3,2
CFB004367,C016,2022-12-02,4,4,5,4,3,3
CFB004368,C059,2022-12-02,3,4,1,2,4,3
CFB004369,C035,2022-12-02,3,2,2,1,2,4
CFB004370,C077,2022-12-02,3,4,2,3,3,4
CFB004371,C068,2022-12-02,5,5,3,4,3,5
CFB004372,C018,2022-12-02,5,4,4,4,5,3
CFB004373,C067,2022-12-02,4,3,4,4,2,2
CFB004374,C006,2022-12-02,4,1,3,2,1,4
CFB004375,C070,2022-12-02,4,4,4,5,2,5
CFB004376,C038,2022-12-02,4,2,3,3,4,4
CFB004377,C054,2022-12-02,4,2,4,2,5,4
CFB004378,C070,2022-12-02,2,3,4,4,2,4
CFB004379,C044,2022-12-02,4,4,4,4,4,4
CFB004380,C047,2022-12-02,4,3,3,4,2,5
CFB004381,C027,2022-12-02,4,3,4,4,2,4
CFB004382,C032,2022-12-02,5,2,4,5,4,4
CFB004383,C067,2022-12-02,4,2,5,3,3,5
CFB004384,C074,2022-12-02,4,2,3,2,1,3
CFB004385,C086,2022-12-02,5,2,4,2,2,3
CFB004386,C059,2022-12-02,5,3,3,3,1,4
CFB004387,C017,2022-12-02,4,2,2,4,4,3
CFB004388,C037,2022-12-02,4,4,4,5,2,2
CFB004389,C075,2022-12-02,3,4,4,5,3,4
CFB004390,C017,2022-12-02,4,3,3,3,3,3
CFB004391,C002,2022-12-02,5,5,4,3,5,4
CFB004392,C047,2022-12-02,3,4,3,3,2,2
CFB004393,C087,2022-12-02,5,5,3,5,3,5
CFB004394,C066,2022-12-02,3,2,4,4,3,3
CFB004395,C079,2022-12-02,2,4,3,3,3,3
CFB004396,C021,2022-12-02,5,2,3,5,2,5
CFB004397,C032,2022-12-02,4,3,4,3,4,5
CFB004398,C013,2022-12-02,3,5,3,4,4,3
CFB004399,C089,2022-12-02,5,2,3,5,3,3
CFB004400,C087,2022-12-02,5,3,4,4,3,4
CFB004401,C063,2022-12-02,3,3,3,4,2,3
CFB004402,C020,2022-12-02,4,4,3,3,3,4
CFB004403,C047,2022-12-02,3,4,3,4,2,3
CFB004404,C029,2022-12-02,4,4,4,3,3,4
CFB004405,C062,2022-12-02,3,4,3,3,2,3
CFB004406,C018,2022-12-03,2,4,2,4,4,4
CFB004407,C087,2022-12-03,5,3,5,4,2,5
CFB004408,C051,2022-12-03,4,4,1,5,2,2
CFB004409,C068,2022-12-03,5,5,5,5,2,5
CFB004410,C073,2022-12-03,3,3,3,3,2,4
CFB004411,C067,2022-12-03,5,3,3,5,4,3
CFB004412,C034,2022-12-03,2,3,3,4,4,2
CFB004413,C078,2022-12-03,3,2,4,3,2,2
CFB004414,C078,2022-12-03,3,2,2,4,3,4
CFB004415,C074,2022-12-03,4,5,4,3,3,2
CFB004416,C065,2022-12-03,5,3,3,5,5,5
CFB004417,C061,2022-12-03,4,3,5,4,4,4
CFB004418,C079,2022-12-03,2,3,3,4,4,3
CFB004419,C007,2022-12-03,5,5,4,5,3,2
CFB004420,C006,2022-12-03,3,3,3,4,4,3
CFB004421,C029,2022-12-03,4,4,4,3,4,2
CFB004422,C008,2022-12-03,5,3,2,3,4,3
CFB004423,C027,2022-12-03,4,3,3,4,3,2
CFB004424,C060,2022-12-03,3,4,3,2,2,2
CFB004425,C004,2022-12-03,3,4,3,3,4,4
CFB004426,C089,2022-12-03,3,4,4,4,3,2
CFB004427,C089,2022-12-03,5,5,3,5,5,4
CFB004428,C081,2022-12-03,3,5,4,2,5,2
CFB004429,C065,2022-12-03,4,2,4,4,4,3
CFB004430,C037,2022-12-03,5,3,5,3,3,4
CFB004431,C040,2022-12-03,5,3,4,4,3,3
CFB004432,C086,2022-12-03,3,3,4,5,3,3
CFB004433,C063,2022-12-03,4,3,4,4,3,4
CFB004434,C043,2022-12-03,4,5,3,4,2,3
CFB004435,C075,2022-12-03,4,5,3,5,2,5
CFB004436,C068,2022-12-03,3,3,5,3,3,3
CFB004437,C056,2022-12-03,5,3,5,5,3,3
CFB004438,C060,2022-12-03,4,4,4,3,2,4
CFB004439,C060,2022-12-03,5,4,5,5,5,4
CFB004440,C062,2022-12-03,4,4,4,4,3,5
CFB004441,C054,2022-12-03,3,5,3,2,3,5
CFB004442,C084,2022-12-03,4,3,3,3,4,3
CFB004443,C065,2022-12-03,4,5,4,3,2,4
CFB004444,C020,2022-12-03,3,2,2,5,3,4
CFB004445,C040,2022-12-03,3,3,3,3,5,4
CFB004446,C089,2022-12-03,4,5,3,5,3,3
CFB004447,C039,2022-12-03,3,1,4,4,4,3
CFB004448,C065,2022-12-03,2,4,3,5,3,4
CFB004449,C084,2022-12-03,3,4,3,4,2,3
CFB004450,C002,2022-12-03,5,5,4,5,1,4
CFB004451,C007,2022-12-03,4,3,3,3,2,4
CFB004452,C069,2022-12-03,2,2,4,4,1,3
CFB004453,C013,2022-12-03,1,2,3,3,4,2
CFB004454,C046,2022-12-03,5,5,4,4,4,4
CFB004455,C037,2022-12-03,3,2,5,4,2,4
CFB004456,C067,2022-12-03,5,5,3,3,2,5
CFB004457,C073,2022-12-04,4,3,3,4,2,2
CFB004458,C024,2022-12-04,4,4,5,4,3,3
CFB004459,C081,2022-12-04,3,5,2,3,2,2
CFB004460,C037,2022-12-04,2,2,4,2,3,4
CFB004461,C037,2022-12-04,4,2,4,4,3,3
CFB004462,C070,2022-12-04,3,3,5,4,3,5
CFB004463,C077,2022-12-04,5,3,4,4,3,4
CFB004464,C078,2022-12-04,2,4,2,3,4,5
CFB004465,C037,2022-12-04,3,4,4,3,2,3
CFB004466,C018,2022-12-04,4,4,5,5,1,5
CFB004467,C018,2022-12-04,3,3,2,3,2,3
CFB004468,C079,2022-12-04,4,3,3,3,2,4
CFB004469,C074,2022-12-04,1,3,5,4,3,4
CFB004470,C030,2022-12-04,3,3,3,3,2,3
CFB004471,C030,2022-12-04,4,3,4,4,2,3
CFB004472,C024,2022-12-04,4,4,5,3,2,4
CFB004473,C060,2022-12-04,5,3,3,5,2,4
CFB004474,C060,2022-12-04,3,4,4,3,2,3
CFB004475,C034,2022-12-04,5,3,2,4,1,4
CFB004476,C034,2022-12-04,3,5,4,5,4,3
CFB004477,C047,2022-12-04,3,3,4,4,2,5
CFB004478,C067,2022-12-04,4,3,4,4,2,4
CFB004479,C021,2022-12-04,4,3,3,3,3,3
CFB004480,C027,2022-12-04,4,3,4,4,3,4
CFB004481,C066,2022-12-04,3,2,3,3,2,3
CFB004482,C038,2022-12-04,4,2,4,5,3,4
CFB004483,C027,2022-12-04,5,3,4,4,3,3
CFB004484,C067,2022-12-04,5,4,5,5,2,4
CFB004485,C070,2022-12-04,5,3,3,2,3,4
CFB004486,C019,2022-12-04,5,4,4,5,4,4
CFB004487,C036,2022-12-04,4,4,4,5,4,4
CFB004488,C031,2022-12-04,5,5,5,5,3,5
CFB004489,C086,2022-12-04,3,3,4,5,3,5
CFB004490,C017,2022-12-04,4,4,4,3,4,2
CFB004491,C030,2022-12-04,4,5,4,4,3,4
CFB004492,C077,2022-12-04,5,2,4,4,2,3
CFB004493,C077,2022-12-04,2,4,4,4,2,5
CFB004494,C065,2022-12-04,3,2,4,5,3,2
CFB004495,C061,2022-12-04,4,3,3,4,2,3
CFB004496,C065,2022-12-04,5,4,3,5,4,4
CFB004497,C029,2022-12-04,5,3,4,5,4,5
CFB004498,C066,2022-12-04,5,3,2,5,1,3
CFB004499,C002,2022-12-04,4,4,4,4,1,4
CFB004500,C074,2022-12-04,2,2,5,5,4,4
CFB004501,C029,2022-12-04,5,4,3,4,5,5
CFB004502,C086,2022-12-04,3,3,3,3,2,3
CFB004503,C062,2022-12-04,4,4,5,3,3,2
CFB004504,C002,2022-12-04,5,3,3,5,4,2
CFB004505,C024,2022-12-05,4,2,2,3,3,3
CFB004506,C065,2022-12-05,3,2,2,2,3,4
CFB004507,C027,2022-12-05,3,3,3,2,4,3
CFB004508,C081,2022-12-05,4,4,4,3,2,4
CFB004509,C043,2022-12-05,4,2,4,3,2,4
CFB004510,C070,2022-12-05,2,3,4,5,2,3
CFB004511,C024,2022-12-05,2,3,3,3,4,2
CFB004512,C051,2022-12-05,3,4,2,3,4,4
CFB004513,C059,2022-12-05,2,2,2,4,3,3
CFB004514,C074,2022-12-05,3,3,3,4,3,5
CFB004515,C062,2022-12-05,2,3,1,3,3,4
CFB004516,C013,2022-12-05,4,3,2,4,4,3
CFB004517,C037,2022-12-05,3,4,4,2,3,4
CFB004518,C048,2022-12-05,3,4,3,3,4,3
CFB004519,C060,2022-12-05,4,4,4,3,2,5
CFB004520,C035,2022-12-05,4,5,3,4,5,4
CFB004521,C087,2022-12-05,5,3,4,3,1,4
CFB004522,C066,2022-12-05,4,4,3,3,2,3
CFB004523,C038,2022-12-05,2,3,2,2,3,3
CFB004524,C062,2022-12-05,2,2,2,3,4,4
CFB004525,C006,2022-12-05,4,3,4,3,4,4
CFB004526,C018,2022-12-05,5,4,4,4,4,3
CFB004527,C040,2022-12-05,2,4,4,2,4,3
CFB004528,C030,2022-12-05,2,3,3,3,3,2
CFB004529,C088,2022-12-05,4,1,1,2,2,1
CFB004530,C047,2022-12-05,3,5,4,3,4,4
CFB004531,C047,2022-12-05,3,4,4,4,2,3
CFB004532,C069,2022-12-05,4,2,4,4,5,1
CFB004533,C006,2022-12-05,3,2,3,3,2,2
CFB004534,C015,2022-12-05,5,4,5,4,2,4
CFB004535,C088,2022-12-05,4,5,3,5,1,4
CFB004536,C074,2022-12-05,3,2,2,1,2,4
CFB004537,C060,2022-12-05,5,4,3,3,3,4
CFB004538,C016,2022-12-05,4,4,5,5,3,5
CFB004539,C027,2022-12-05,4,5,5,3,2,4
CFB004540,C077,2022-12-05,4,3,4,3,3,4
CFB004541,C051,2022-12-05,4,2,3,5,5,4
CFB004542,C070,2022-12-05,4,5,4,4,3,4
CFB004543,C074,2022-12-05,5,3,2,3,5,3
CFB004544,C043,2022-12-05,5,5,4,4,5,5
CFB004545,C002,2022-12-05,5,5,5,5,3,4
CFB004546,C037,2022-12-05,5,5,5,5,5,4
CFB004547,C017,2022-12-05,5,3,4,5,3,4
CFB004548,C007,2022-12-05,4,3,5,4,3,4
CFB004549,C069,2022-12-05,3,3,4,5,3,4
CFB004550,C030,2022-12-05,5,3,3,4,3,5
CFB004551,C035,2022-12-05,4,4,5,5,5,5
CFB004552,C045,2022-12-05,5,5,5,4,3,4
CFB004553,C017,2022-12-05,4,4,4,4,2,3
CFB004554,C008,2022-12-05,4,2,3,4,4,3
CFB004555,C040,2022-12-05,3,1,3,2,4,3
CFB004556,C006,2022-12-06,3,5,3,2,2,3
CFB004557,C035,2022-12-06,3,3,4,2,2,4
CFB004558,C067,2022-12-06,2,3,3,4,3,2
CFB004559,C045,2022-12-06,4,3,4,4,2,3
CFB004560,C059,2022-12-06,3,4,2,2,1,5
CFB004561,C069,2022-12-06,3,5,3,3,3,4
CFB004562,C046,2022-12-06,3,4,3,4,2,2
CFB004563,C088,2022-12-06,3,3,2,5,3,3
CFB004564,C019,2022-12-06,3,4,4,2,1,3
CFB004565,C017,2022-12-06,5,3,2,4,2,5
CFB004566,C060,2022-12-06,3,4,5,5,3,4
CFB004567,C060,2022-12-06,3,4,3,4,4,3
CFB004568,C054,2022-12-06,5,5,4,4,1,4
CFB004569,C007,2022-12-06,4,2,3,3,2,4
CFB004570,C017,2022-12-06,3,4,3,2,2,3
CFB004571,C063,2022-12-06,5,2,5,3,3,3
CFB004572,C031,2022-12-06,5,3,2,3,3,4
CFB004573,C077,2022-12-06,4,3,4,4,4,3
CFB004574,C068,2022-12-06,4,3,4,3,1,3
CFB004575,C039,2022-12-06,3,5,4,5,4,3
CFB004576,C073,2022-12-06,5,2,3,4,1,3
CFB004577,C017,2022-12-06,5,4,3,4,3,4
CFB004578,C044,2022-12-06,4,3,4,5,4,3
CFB004579,C074,2022-12-06,3,2,3,3,3,3
CFB004580,C068,2022-12-06,4,4,4,3,3,3
CFB004581,C054,2022-12-06,5,4,3,2,4,3
CFB004582,C077,2022-12-06,3,2,3,4,3,4
CFB004583,C027,2022-12-06,4,3,4,4,3,2
CFB004584,C084,2022-12-06,5,3,4,5,4,4
CFB004585,C073,2022-12-06,4,3,4,2,3,4
CFB004586,C007,2022-12-06,5,4,5,5,3,3
CFB004587,C047,2022-12-06,4,3,3,4,2,4
CFB004588,C074,2022-12-06,2,3,3,4,2,2
CFB004589,C080,2022-12-06,2,1,3,4,4,4
CFB004590,C043,2022-12-06,4,4,5,5,1,4
CFB004591,C060,2022-12-06,4,3,5,5,4,5
CFB004592,C002,2022-12-06,3,3,5,5,2,2
CFB004593,C084,2022-12-06,4,4,3,4,3,2
CFB004594,C030,2022-12-06,4,3,4,5,3,4
CFB004595,C040,2022-12-06,3,5,2,2,2,3
CFB004596,C002,2022-12-06,5,5,4,4,3,4
CFB004597,C054,2022-12-06,3,3,2,3,2,3
CFB004598,C046,2022-12-06,5,5,4,5,3,5
CFB004599,C013,2022-12-06,3,4,5,3,5,3
CFB004600,C065,2022-12-06,4,4,5,3,4,3
CFB004601,C068,2022-12-06,4,4,4,4,5,4
CFB004602,C074,2022-12-06,3,3,4,4,3,3
CFB004603,C030,2022-12-06,4,4,5,5,3,4
CFB004604,C024,2022-12-06,4,4,4,4,2,3
CFB004605,C013,2022-12-06,3,4,3,2,2,5
CFB004606,C030,2022-12-06,5,4,4,4,3,5
CFB004607,C059,2022-12-06,3,3,4,3,3,4
CFB004608,C061,2022-12-06,5,5,3,4,3,5
CFB004609,C055,2022-12-06,2,3,4,5,3,2
CFB004610,C079,2022-12-06,5,2,4,3,4,3
CFB004611,C066,2022-12-06,4,4,4,5,2,4
CFB004612,C073,2022-12-06,5,5,5,5,3,5
CFB004613,C086,2022-12-06,5,3,3,4,3,4
CFB004614,C075,2022-12-06,5,5,4,4,4,5
CFB004615,C004,2022-12-06,3,5,4,3,2,4
CFB004616,C067,2022-12-06,2,4,3,5,1,5
CFB004617,C037,2022-12-06,3,5,5,5,5,5
CFB004618,C086,2022-12-06,4,3,3,5,3,4
CFB004619,C002,2022-12-06,4,3,3,4,3,3
CFB004620,C019,2022-12-07,4,3,3,5,4,3
CFB004621,C043,2022-12-07,4,4,4,4,3,4
CFB004622,C043,2022-12-07,2,3,4,1,3,5
CFB004623,C086,2022-12-07,3,3,2,4,3,2
CFB004624,C079,2022-12-07,3,2,4,5,5,2
CFB004625,C046,2022-12-07,4,3,3,3,3,5
CFB004626,C065,2022-12-07,4,3,3,3,2,4
CFB004627,C018,2022-12-07,4,4,1,2,2,2
CFB004628,C008,2022-12-07,4,4,4,3,2,5
CFB004629,C030,2022-12-07,4,3,3,3,3,3
CFB004630,C084,2022-12-07,3,2,4,3,1,2
CFB004631,C044,2022-12-07,4,4,3,5,3,3
CFB004632,C085,2022-12-07,3,3,3,5,3,5
CFB004633,C085,2022-12-07,4,2,5,3,3,3
CFB004634,C067,2022-12-07,4,4,4,4,4,3
CFB004635,C030,2022-12-07,4,3,2,4,2,2
CFB004636,C031,2022-12-07,3,5,3,4,3,3
CFB004637,C085,2022-12-07,3,3,4,4,4,3
CFB004638,C063,2022-12-07,4,5,4,5,2,5
CFB004639,C055,2022-12-07,4,4,4,3,3,5
CFB004640,C038,2022-12-07,5,4,5,4,3,4
CFB004641,C004,2022-12-07,5,4,3,4,3,3
CFB004642,C035,2022-12-07,4,1,5,3,4,4
CFB004643,C024,2022-12-07,4,3,4,5,4,4
CFB004644,C008,2022-12-07,5,4,4,4,3,4
CFB004645,C010,2022-12-07,3,3,2,5,4,4
CFB004646,C013,2022-12-07,3,4,2,4,3,3
CFB004647,C027,2022-12-07,4,3,4,3,2,3
CFB004648,C036,2022-12-07,4,3,4,4,4,4
CFB004649,C056,2022-12-07,5,4,4,4,3,4
CFB004650,C047,2022-12-07,5,4,5,5,5,4
CFB004651,C068,2022-12-07,4,5,5,4,2,4
CFB004652,C067,2022-12-07,4,5,5,4,3,4
CFB004653,C079,2022-12-07,4,2,2,5,3,4
CFB004654,C013,2022-12-07,5,5,3,5,3,3
CFB004655,C040,2022-12-07,4,3,3,3,1,3
CFB004656,C073,2022-12-07,4,5,5,4,4,4
CFB004657,C039,2022-12-07,5,4,3,3,5,3
CFB004658,C074,2022-12-07,5,4,3,2,3,4
CFB004659,C016,2022-12-07,4,4,4,4,4,5
CFB004660,C007,2022-12-07,3,4,4,3,3,5
CFB004661,C045,2022-12-07,5,3,5,2,4,3
CFB004662,C019,2022-12-07,3,3,4,4,2,3
CFB004663,C002,2022-12-07,5,5,5,4,3,4
CFB004664,C007,2022-12-07,4,3,5,5,4,4
CFB004665,C065,2022-12-07,4,3,5,5,4,4
CFB004666,C069,2022-12-07,1,2,4,4,3,3
CFB004667,C020,2022-12-07,4,4,4,3,5,5
CFB004668,C074,2022-12-07,5,3,3,4,3,3
CFB004669,C054,2022-12-07,4,3,5,5,2,5
CFB004670,C078,2022-12-07,4,3,4,4,2,3
CFB004671,C089,2022-12-07,5,3,5,4,3,4
CFB004672,C002,2022-12-08,3,3,2,4,2,3
CFB004673,C007,2022-12-08,2,5,4,3,2,4
CFB004674,C031,2022-12-08,3,2,3,3,2,3
CFB004675,C067,2022-12-08,4,3,3,4,2,4
CFB004676,C088,2022-12-08,3,4,5,4,4,4
CFB004677,C089,2022-12-08,2,4,2,4,3,2
CFB004678,C021,2022-12-08,4,3,3,4,3,4
CFB004679,C055,2022-12-08,4,3,4,3,2,4
CFB004680,C060,2022-12-08,3,3,4,3,3,3
CFB004681,C054,2022-12-08,3,3,4,3,2,4
CFB004682,C024,2022-12-08,3,3,5,4,4,2
CFB004683,C051,2022-12-08,4,4,4,3,3,2
CFB004684,C030,2022-12-08,2,3,4,3,3,3
CFB004685,C034,2022-12-08,4,1,3,5,2,5
CFB004686,C086,2022-12-08,3,3,2,3,3,3
CFB004687,C040,2022-12-08,4,4,4,5,3,4
CFB004688,C067,2022-12-08,4,4,3,3,3,2
CFB004689,C035,2022-12-08,3,4,2,2,3,4
CFB004690,C013,2022-12-08,2,3,3,3,5,3
CFB004691,C016,2022-12-08,3,4,3,4,4,4
CFB004692,C085,2022-12-08,2,2,3,5,5,4
CFB004693,C027,2022-12-08,3,4,4,3,4,2
CFB004694,C037,2022-12-08,4,4,3,5,2,5
CFB004695,C021,2022-12-08,3,3,5,4,4,2
CFB004696,C020,2022-12-08,4,4,4,3,2,5
CFB004697,C019,2022-12-08,3,4,3,3,2,3
CFB004698,C031,2022-12-08,3,2,3,2,2,3
CFB004699,C085,2022-12-08,4,3,3,2,4,4
CFB004700,C078,2022-12-08,3,4,3,5,4,3
CFB004701,C007,2022-12-08,3,2,4,5,4,3
CFB004702,C077,2022-12-08,3,4,5,5,5,2
CFB004703,C051,2022-12-08,5,4,4,2,4,4
CFB004704,C027,2022-12-08,5,5,4,4,3,5
CFB004705,C037,2022-12-08,5,4,3,5,3,5
CFB004706,C080,2022-12-08,4,5,5,4,3,5
CFB004707,C010,2022-12-08,3,3,4,4,1,3
CFB004708,C043,2022-12-08,4,4,3,4,4,4
CFB004709,C007,2022-12-08,3,3,3,3,1,5
CFB004710,C030,2022-12-08,2,3,5,5,2,4
CFB004711,C047,2022-12-08,4,5,3,3,3,3
CFB004712,C080,2022-12-08,4,5,3,5,4,5
CFB004713,C018,2022-12-08,3,2,4,3,3,4
CFB004714,C039,2022-12-08,5,5,4,3,4,3
CFB004715,C074,2022-12-09,4,2,4,1,2,4
CFB004716,C073,2022-12-09,5,3,3,2,3,3
CFB004717,C010,2022-12-09,3,3,5,2,5,5
CFB004718,C070,2022-12-09,4,3,3,3,2,5
CFB004719,C065,2022-12-09,3,2,3,2,4,4
CFB004720,C010,2022-12-09,2,2,4,1,2,4
CFB004721,C038,2022-12-09,3,2,3,5,2,5
CFB004722,C089,2022-12-09,4,4,3,2,2,3
CFB004723,C039,2022-12-09,4,4,2,4,1,2
CFB004724,C065,2022-12-09,4,1,3,3,3,2
CFB004725,C032,2022-12-09,3,4,3,4,4,3
CFB004726,C019,2022-12-09,3,4,4,4,4,3
CFB004727,C030,2022-12-09,4,2,2,4,3,2
CFB004728,C065,2022-12-09,3,4,5,4,3,4
CFB004729,C035,2022-12-09,2,4,5,5,3,5
CFB004730,C039,2022-12-09,4,4,3,5,2,5
CFB004731,C068,2022-12-09,3,4,2,3,4,2
CFB004732,C031,2022-12-09,2,3,2,3,2,3
CFB004733,C059,2022-12-09,5,5,3,4,4,4
CFB004734,C002,2022-12-09,4,4,5,3,3,4
CFB004735,C074,2022-12-09,2,4,4,2,2,4
CFB004736,C024,2022-12-09,3,4,4,4,3,4
CFB004737,C015,2022-12-09,5,5,5,4,4,5
CFB004738,C039,2022-12-09,3,4,3,4,4,4
CFB004739,C048,2022-12-09,4,3,4,4,3,4
CFB004740,C080,2022-12-09,5,5,5,5,4,5
CFB004741,C013,2022-12-09,4,5,5,3,3,5
CFB004742,C002,2022-12-09,3,4,4,3,3,5
CFB004743,C038,2022-12-09,3,4,4,4,5,4
CFB004744,C088,2022-12-09,5,4,3,5,2,4
CFB004745,C081,2022-12-09,2,2,4,3,4,4
CFB004746,C032,2022-12-09,3,3,3,2,3,3
CFB004747,C002,2022-12-09,5,3,4,5,4,3
CFB004748,C040,2022-12-09,5,4,5,4,4,4
CFB004749,C085,2022-12-09,3,4,3,2,2,3
CFB004750,C047,2022-12-09,2,2,3,3,2,4
CFB004751,C054,2022-12-09,3,4,3,2,2,4
CFB004752,C073,2022-12-09,4,5,5,4,2,5
CFB004753,C018,2022-12-09,3,3,3,2,4,4
CFB004754,C024,2022-12-09,5,4,4,3,4,3
CFB004755,C086,2022-12-09,3,3,2,3,3,4
CFB004756,C078,2022-12-09,3,4,3,3,5,4
CFB004757,C008,2022-12-09,3,5,4,5,4,4
CFB004758,C067,2022-12-09,2,4,4,4,4,4
CFB004759,C085,2022-12-09,5,5,2,4,2,3
CFB004760,C081,2022-12-09,3,3,4,4,1,2
CFB004761,C088,2022-12-10,4,2,4,4,1,3
CFB004762,C030,2022-12-10,3,5,4,2,3,5
CFB004763,C070,2022-12-10,3,5,4,4,2,5
CFB004764,C048,2022-12-10,5,3,4,4,4,3
CFB004765,C010,2022-12-10,5,3,3,2,3,4
CFB004766,C075,2022-12-10,3,2,2,4,2,4
CFB004767,C027,2022-12-10,5,2,5,4,3,5
CFB004768,C085,2022-12-10,4,4,2,4,4,3
CFB004769,C065,2022-12-10,1,2,2,4,4,4
CFB004770,C061,2022-12-10,5,3,5,4,1,5
CFB004771,C075,2022-12-10,3,5,4,4,3,5
CFB004772,C087,2022-12-10,4,5,3,4,3,3
CFB004773,C046,2022-12-10,2,2,4,4,2,2
CFB004774,C038,2022-12-10,3,4,2,4,5,4
CFB004775,C036,2022-12-10,4,3,3,2,2,2
CFB004776,C032,2022-12-10,4,3,4,3,2,3
CFB004777,C019,2022-12-10,4,3,3,3,3,2
CFB004778,C017,2022-12-10,4,5,4,4,2,4
CFB004779,C060,2022-12-10,2,4,3,4,2,3
CFB004780,C034,2022-12-10,4,4,4,3,3,4
CFB004781,C086,2022-12-10,2,3,4,2,1,3
CFB004782,C087,2022-12-10,5,4,3,3,3,5
CFB004783,C061,2022-12-10,3,3,5,5,2,3
CFB004784,C018,2022-12-10,4,3,4,4,3,4
CFB004785,C060,2022-12-10,5,3,5,4,3,5
CFB004786,C035,2022-12-10,3,3,4,3,4,4
CFB004787,C004,2022-12-10,1,3,3,4,4,4
CFB004788,C032,2022-12-10,3,2,2,2,2,2
CFB004789,C019,2022-12-10,4,4,3,5,3,5
CFB004790,C036,2022-12-10,4,4,3,5,2,3
CFB004791,C044,2022-12-10,5,4,3,5,2,4
CFB004792,C065,2022-12-10,3,4,4,4,4,4
CFB004793,C021,2022-12-10,5,3,4,2,3,2
CFB004794,C087,2022-12-10,3,3,3,4,2,5
CFB004795,C067,2022-12-10,3,3,4,4,4,3
CFB004796,C018,2022-12-10,3,3,4,5,5,3
CFB004797,C074,2022-12-10,4,3,3,3,2,5
CFB004798,C078,2022-12-10,5,4,5,3,4,5
CFB004799,C070,2022-12-10,5,3,4,4,4,3
CFB004800,C079,2022-12-10,3,3,4,3,5,4
CFB004801,C046,2022-12-10,3,5,4,4,3,4
CFB004802,C065,2022-12-10,5,4,4,5,3,5
CFB004803,C074,2022-12-10,4,3,4,4,3,1
CFB004804,C044,2022-12-10,3,3,3,4,3,1
CFB004805,C056,2022-12-10,5,3,3,4,3,4
CFB004806,C021,2022-12-10,5,4,4,3,3,2
CFB004807,C079,2022-12-10,5,5,4,4,3,4
CFB004808,C019,2022-12-10,3,5,3,5,4,5
CFB004809,C062,2022-12-10,4,4,3,4,3,4
CFB004810,C084,2022-12-11,3,4,2,3,1,4
CFB004811,C068,2022-12-11,5,5,3,4,2,3
CFB004812,C040,2022-12-11,3,4,5,5,2,4
CFB004813,C047,2022-12-11,4,4,4,5,3,4
CFB004814,C037,2022-12-11,4,5,3,4,2,5
CFB004815,C067,2022-12-11,4,3,5,4,2,4
CFB004816,C043,2022-12-11,4,3,3,2,4,5
CFB004817,C048,2022-12-11,2,3,2,4,1,3
CFB004818,C081,2022-12-11,1,2,4,3,2,1
CFB004819,C078,2022-12-11,4,3,5,5,3,5
CFB004820,C074,2022-12-11,3,4,4,4,5,2
CFB004821,C046,2022-12-11,3,1,3,3,4,2
CFB004822,C027,2022-12-11,1,4,4,2,3,4
CFB004823,C034,2022-12-11,5,4,4,4,2,3
CFB004824,C029,2022-12-11,4,2,2,2,3,3
CFB004825,C084,2022-12-11,4,4,4,5,4,4
CFB004826,C067,2022-12-11,4,5,5,3,3,5
CFB004827,C043,2022-12-11,3,4,5,3,2,3
CFB004828,C039,2022-12-11,3,3,4,4,2,3
CFB004829,C013,2022-12-11,5,3,4,4,3,3
CFB004830,C067,2022-12-11,4,2,5,4,3,3
CFB004831,C086,2022-12-11,5,2,5,5,3,4
CFB004832,C055,2022-12-11,2,2,3,3,3,4
CFB004833,C045,2022-12-11,4,3,4,3,2,3
CFB004834,C078,2022-12-11,3,2,4,4,5,4
CFB004835,C044,2022-12-11,3,4,4,5,2,4
CFB004836,C074,2022-12-11,4,3,3,3,3,3
CFB004837,C040,2022-12-11,4,5,4,4,2,3
CFB004838,C060,2022-12-11,4,3,3,4,4,3
CFB004839,C089,2022-12-11,4,5,4,5,4,3
CFB004840,C047,2022-12-11,5,4,4,4,4,5
CFB004841,C037,2022-12-11,3,3,3,4,2,4
CFB004842,C035,2022-12-11,5,2,4,4,2,5
CFB004843,C061,2022-12-11,4,2,2,3,3,4
CFB004844,C059,2022-12-11,4,3,2,2,2,1
CFB004845,C086,2022-12-11,4,4,4,4,4,4
CFB004846,C007,2022-12-11,5,5,5,4,4,4
CFB004847,C069,2022-12-11,4,4,5,4,3,4
CFB004848,C086,2022-12-11,5,4,5,5,3,4
CFB004849,C059,2022-12-11,4,4,3,3,3,4
CFB004850,C038,2022-12-11,4,3,4,3,2,2
CFB004851,C066,2022-12-11,3,3,3,2,2,2
CFB004852,C043,2022-12-11,3,4,3,3,3,4
CFB004853,C036,2022-12-11,3,4,4,3,2,5
CFB004854,C037,2022-12-11,3,3,2,3,3,4
CFB004855,C045,2022-12-11,2,3,3,1,4,4
CFB004856,C027,2022-12-11,2,3,3,4,1,3
CFB004857,C077,2022-12-12,4,3,4,3,3,1
CFB004858,C017,2022-12-12,2,3,4,3,4,4
CFB004859,C039,2022-12-12,3,3,3,3,3,3
CFB004860,C030,2022-12-12,3,4,3,3,4,3
CFB004861,C002,2022-12-12,2,2,3,3,3,4
CFB004862,C031,2022-12-12,5,4,4,5,5,4
CFB004863,C006,2022-12-12,4,5,3,4,2,3
CFB004864,C056,2022-12-12,4,3,3,3,4,4
CFB004865,C029,2022-12-12,3,3,5,5,2,3
CFB004866,C039,2022-12-12,3,4,4,3,3,4
CFB004867,C079,2022-12-12,3,4,4,4,3,5
CFB004868,C031,2022-12-12,4,2,3,5,4,4
CFB004869,C061,2022-12-12,4,2,4,2,1,2
CFB004870,C073,2022-12-12,4,2,3,4,2,5
CFB004871,C059,2022-12-12,5,2,4,3,3,2
CFB004872,C024,2022-12-12,3,2,3,4,2,3
CFB004873,C002,2022-12-12,3,3,4,5,2,2
CFB004874,C063,2022-12-12,4,4,4,4,3,4
CFB004875,C006,2022-12-12,4,5,4,4,3,2
CFB004876,C085,2022-12-12,2,3,3,3,3,3
CFB004877,C039,2022-12-12,3,4,5,4,4,4
CFB004878,C087,2022-12-12,3,5,3,3,3,4
CFB004879,C034,2022-12-12,4,3,1,3,4,4
CFB004880,C060,2022-12-12,2,2,4,3,2,3
CFB004881,C067,2022-12-12,5,5,4,3,3,3
CFB004882,C045,2022-12-12,3,4,4,5,3,3
CFB004883,C063,2022-12-12,4,4,5,5,4,5
CFB004884,C032,2022-12-12,4,4,1,5,2,3
CFB004885,C089,2022-12-12,5,3,3,3,2,3
CFB004886,C034,2022-12-12,3,3,4,2,2,3
CFB004887,C084,2022-12-12,4,3,5,3,3,5
CFB004888,C020,2022-12-12,4,5,4,4,3,4
CFB004889,C017,2022-12-12,4,3,3,3,3,5
CFB004890,C066,2022-12-12,4,4,5,3,4,5
CFB004891,C018,2022-12-12,4,4,4,4,3,4
CFB004892,C054,2022-12-12,3,3,5,3,4,3
CFB004893,C074,2022-12-12,4,3,5,5,5,4
CFB004894,C088,2022-12-12,4,4,3,5,3,4
CFB004895,C080,2022-12-12,5,3,3,3,3,3
CFB004896,C044,2022-12-12,4,2,3,5,4,4
CFB004897,C004,2022-12-13,3,3,3,4,4,3
CFB004898,C018,2022-12-13,3,4,3,3,1,4
CFB004899,C037,2022-12-13,3,5,5,2,3,3
CFB004900,C066,2022-12-13,4,3,2,2,3,3
CFB004901,C068,2022-12-13,5,2,2,4,4,2
CFB004902,C034,2022-12-13,2,4,4,5,4,3
CFB004903,C045,2022-12-13,4,4,3,4,4,4
CFB004904,C089,2022-12-13,4,3,3,1,1,4
CFB004905,C047,2022-12-13,4,4,3,3,3,3
CFB004906,C084,2022-12-13,4,4,2,4,2,3
CFB004907,C073,2022-12-13,2,4,2,2,3,4
CFB004908,C069,2022-12-13,2,4,4,4,2,5
CFB004909,C027,2022-12-13,4,4,2,3,2,3
CFB004910,C037,2022-12-13,5,5,4,4,4,3
CFB004911,C070,2022-12-13,4,3,3,3,3,5
CFB004912,C051,2022-12-13,4,4,3,5,3,3
CFB004913,C066,2022-12-13,4,4,5,3,2,4
CFB004914,C007,2022-12-13,4,5,3,4,2,5
CFB004915,C007,2022-12-13,4,3,3,3,4,3
CFB004916,C067,2022-12-13,3,4,3,4,4,4
CFB004917,C066,2022-12-13,2,3,3,4,4,3
CFB004918,C084,2022-12-13,5,2,5,4,3,4
CFB004919,C035,2022-12-13,4,3,2,2,4,5
CFB004920,C079,2022-12-13,2,4,4,2,3,2
CFB004921,C018,2022-12-13,4,2,3,4,3,4
CFB004922,C078,2022-12-13,3,3,4,4,4,2
CFB004923,C075,2022-12-13,3,5,3,5,2,3
CFB004924,C037,2022-12-13,3,3,5,3,4,3
CFB004925,C010,2022-12-13,3,4,3,5,3,4
CFB004926,C043,2022-12-13,5,4,5,4,2,4
CFB004927,C032,2022-12-13,4,4,4,5,5,4
CFB004928,C040,2022-12-13,4,2,4,4,3,5
CFB004929,C019,2022-12-13,2,1,2,4,2,4
CFB004930,C017,2022-12-13,5,5,5,4,3,5
CFB004931,C079,2022-12-13,4,2,4,4,4,4
CFB004932,C074,2022-12-13,2,2,4,3,2,3
CFB004933,C044,2022-12-13,4,3,5,3,4,2
CFB004934,C021,2022-12-13,4,3,4,4,3,2
CFB004935,C029,2022-12-13,3,4,3,4,3,3
CFB004936,C006,2022-12-13,4,4,5,4,4,5
CFB004937,C068,2022-12-13,3,5,4,2,4,3
CFB004938,C045,2022-12-13,5,5,4,5,3,5
CFB004939,C086,2022-12-13,2,5,4,4,3,3
CFB004940,C080,2022-12-13,5,5,4,5,3,4
CFB004941,C016,2022-12-13,3,1,3,4,1,4
CFB004942,C078,2022-12-13,5,4,4,5,4,4
CFB004943,C040,2022-12-13,5,3,3,5,4,5
CFB004944,C086,2022-12-13,3,3,4,2,4,2
CFB004945,C073,2022-12-13,4,3,2,4,4,2
CFB004946,C067,2022-12-13,5,5,4,5,4,5
CFB004947,C018,2022-12-13,5,4,5,3,3,4
CFB004948,C086,2022-12-13,4,2,5,4,4,4
CFB004949,C079,2022-12-13,4,3,4,4,2,4
CFB004950,C043,2022-12-13,5,4,4,3,4,5
CFB004951,C007,2022-12-13,4,2,2,2,3,3
CFB004952,C007,2022-12-14,3,2,4,5,1,4
CFB004953,C086,2022-12-14,3,4,3,2,3,3
CFB004954,C043,2022-12-14,5,2,4,3,2,3
CFB004955,C046,2022-12-14,2,4,2,4,3,3
CFB004956,C077,2022-12-14,4,3,4,4,3,4
CFB004957,C084,2022-12-14,4,4,3,4,3,4
CFB004958,C054,2022-12-14,4,5,4,4,3,3
CFB004959,C017,2022-12-14,4,3,5,4,3,3
CFB004960,C084,2022-12-14,3,5,5,5,4,3
CFB004961,C078,2022-12-14,4,2,3,3,2,3
CFB004962,C088,2022-12-14,3,2,3,3,3,5
CFB004963,C030,2022-12-14,4,4,4,4,4,3
CFB004964,C032,2022-12-14,4,3,3,3,3,4
CFB004965,C086,2022-12-14,3,5,3,2,3,3
CFB004966,C027,2022-12-14,5,4,4,5,4,5
CFB004967,C060,2022-12-14,4,3,4,2,3,4
CFB004968,C088,2022-12-14,3,2,3,3,3,3
CFB004969,C077,2022-12-14,3,2,2,4,3,3
CFB004970,C085,2022-12-14,4,2,5,5,3,4
CFB004971,C035,2022-12-14,2,3,4,3,4,2
CFB004972,C078,2022-12-14,5,2,5,5,3,4
CFB004973,C029,2022-12-14,4,3,4,4,4,3
CFB004974,C074,2022-12-14,3,5,2,3,2,3
CFB004975,C089,2022-12-14,3,4,5,5,3,4
CFB004976,C020,2022-12-14,4,3,5,4,3,4
CFB004977,C030,2022-12-14,4,3,4,4,2,3
CFB004978,C079,2022-12-14,5,5,5,3,4,5
CFB004979,C020,2022-12-14,4,2,4,5,3,5
CFB004980,C034,2022-12-14,3,4,2,4,2,4
CFB004981,C047,2022-12-14,4,4,2,4,2,4
CFB004982,C080,2022-12-14,4,2,2,1,3,4
CFB004983,C062,2022-12-14,3,2,3,4,4,3
CFB004984,C031,2022-12-14,4,5,5,4,1,5
CFB004985,C032,2022-12-14,4,3,3,3,3,4
CFB004986,C065,2022-12-14,2,1,3,3,3,4
CFB004987,C078,2022-12-14,3,2,1,3,2,1
CFB004988,C056,2022-12-14,3,4,4,4,2,5
CFB004989,C070,2022-12-14,4,1,2,4,3,3
CFB004990,C037,2022-12-14,4,5,4,5,3,3
CFB004991,C065,2022-12-14,4,3,4,3,2,5
CFB004992,C048,2022-12-14,5,4,1,3,4,4
CFB004993,C031,2022-12-14,5,3,3,4,1,3
CFB004994,C002,2022-12-14,4,4,3,4,2,4
CFB004995,C084,2022-12-14,4,3,3,5,4,3
CFB004996,C078,2022-12-14,4,5,4,5,4,5
CFB004997,C075,2022-12-14,3,5,4,3,3,3
CFB004998,C029,2022-12-14,5,5,5,4,1,5
CFB004999,C027,2022-12-15,4,2,3,3,3,3
CFB005000,C029,2022-12-15,4,4,2,4,3,3
CFB005001,C015,2022-12-15,2,1,2,3,4,3
CFB005002,C029,2022-12-15,3,5,5,4,2,5
CFB005003,C061,2022-12-15,2,2,3,4,2,3
CFB005004,C038,2022-12-15,2,3,3,4,2,3
CFB005005,C081,2022-12-15,4,3,5,4,4,2
CFB005006,C024,2022-12-15,3,3,4,5,2,5
CFB005007,C020,2022-12-15,3,4,3,4,3,2
CFB005008,C060,2022-12-15,5,3,4,4,3,4
CFB005009,C078,2022-12-15,4,4,2,3,3,4
CFB005010,C069,2022-12-15,3,2,2,3,2,2
CFB005011,C032,2022-12-15,4,3,3,4,3,5
CFB005012,C044,2022-12-15,3,3,3,3,2,3
CFB005013,C047,2022-12-15,5,2,3,5,5,3
CFB005014,C085,2022-12-15,4,3,4,4,3,4
CFB005015,C034,2022-12-15,3,4,4,4,2,5
CFB005016,C084,2022-12-15,3,2,4,4,1,3
CFB005017,C068,2022-12-15,2,2,3,2,2,4
CFB005018,C032,2022-12-15,3,5,3,4,4,3
CFB005019,C006,2022-12-15,4,3,3,3,4,4
CFB005020,C016,2022-12-15,4,4,4,3,4,4
CFB005021,C073,2022-12-15,5,3,5,2,4,3
CFB005022,C059,2022-12-15,2,1,3,5,4,4
CFB005023,C085,2022-12-15,5,3,3,4,5,3
CFB005024,C068,2022-12-15,4,4,3,4,2,2
CFB005025,C060,2022-12-15,3,2,5,4,2,5
CFB005026,C007,2022-12-15,4,5,4,4,5,4
CFB005027,C078,2022-12-15,4,2,5,5,4,4
CFB005028,C088,2022-12-15,4,4,3,5,3,4
CFB005029,C068,2022-12-15,1,4,3,3,3,3
CFB005030,C063,2022-12-15,3,4,4,5,2,4
CFB005031,C075,2022-12-15,3,3,4,5,3,4
CFB005032,C040,2022-12-15,3,5,4,5,3,5
CFB005033,C060,2022-12-15,5,5,3,5,3,4
CFB005034,C045,2022-12-15,4,3,3,4,2,5
CFB005035,C045,2022-12-15,4,5,3,5,4,3
CFB005036,C018,2022-12-15,3,4,3,5,3,2
CFB005037,C020,2022-12-15,5,5,4,3,4,2
CFB005038,C019,2022-12-15,4,5,4,5,4,4
CFB005039,C087,2022-12-15,5,5,3,4,5,5
CFB005040,C047,2022-12-15,3,4,4,3,2,4
CFB005041,C037,2022-12-15,4,2,3,3,1,4
CFB005042,C080,2022-12-16,3,3,3,4,4,4
CFB005043,C089,2022-12-16,3,4,4,3,3,4
CFB005044,C061,2022-12-16,3,2,3,4,2,3
CFB005045,C017,2022-12-16,4,3,4,5,3,4
CFB005046,C059,2022-12-16,5,4,5,5,1,4
CFB005047,C048,2022-12-16,3,3,3,4,2,2
CFB005048,C007,2022-12-16,4,3,4,5,2,4
CFB005049,C074,2022-12-16,3,4,5,3,4,5
CFB005050,C034,2022-12-16,3,4,2,5,2,4
CFB005051,C029,2022-12-16,3,2,4,4,3,3
CFB005052,C046,2022-12-16,4,4,3,4,2,5
CFB005053,C020,2022-12-16,3,4,5,4,2,5
CFB005054,C019,2022-12-16,4,4,3,4,5,2
CFB005055,C061,2022-12-16,3,3,3,3,3,2
CFB005056,C010,2022-12-16,5,5,5,4,2,5
CFB005057,C075,2022-12-16,3,4,4,4,4,4
CFB005058,C002,2022-12-16,4,4,4,4,2,3
CFB005059,C087,2022-12-16,5,2,3,3,3,3
CFB005060,C086,2022-12-16,3,5,4,3,3,3
CFB005061,C060,2022-12-16,4,4,3,3,3,1
CFB005062,C061,2022-12-16,4,3,5,4,2,5
CFB005063,C054,2022-12-16,3,3,4,5,3,5
CFB005064,C030,2022-12-16,5,5,3,5,3,5
CFB005065,C078,2022-12-16,4,3,3,5,5,5
CFB005066,C043,2022-12-16,3,2,3,3,3,2
CFB005067,C051,2022-12-16,3,5,4,3,4,4
CFB005068,C077,2022-12-16,4,2,3,2,2,4
CFB005069,C068,2022-12-16,3,3,2,3,2,4
CFB005070,C089,2022-12-16,3,3,5,5,3,5
CFB005071,C010,2022-12-16,4,4,5,4,3,5
CFB005072,C054,2022-12-16,5,4,5,5,4,3
CFB005073,C027,2022-12-16,4,4,4,3,3,4
CFB005074,C035,2022-12-16,5,3,2,2,4,3
CFB005075,C010,2022-12-16,3,3,3,3,1,5
CFB005076,C010,2022-12-16,4,2,2,2,2,3
CFB005077,C031,2022-12-16,3,4,4,5,5,3
CFB005078,C027,2022-12-16,4,2,4,3,3,4
CFB005079,C004,2022-12-16,4,4,4,5,5,4
CFB005080,C065,2022-12-16,3,2,3,3,3,2
CFB005081,C016,2022-12-16,5,5,4,5,4,4
CFB005082,C069,2022-12-16,3,3,3,3,1,3
CFB005083,C085,2022-12-16,3,4,4,5,3,5
CFB005084,C035,2022-12-16,3,3,3,4,3,4
CFB005085,C081,2022-12-16,4,3,3,3,3,3
CFB005086,C020,2022-12-16,4,3,4,4,3,5
CFB005087,C066,2022-12-16,3,3,4,5,2,3
CFB005088,C079,2022-12-16,4,5,4,3,2,3
CFB005089,C074,2022-12-16,4,4,3,4,4,4
CFB005090,C074,2022-12-17,3,3,4,3,3,4
CFB005091,C047,2022-12-17,4,2,3,3,3,4
CFB005092,C077,2022-12-17,5,3,4,4,5,3
CFB005093,C066,2022-12-17,5,4,3,3,3,4
CFB005094,C043,2022-12-17,4,4,4,4,3,4
CFB005095,C037,2022-12-17,5,3,3,3,1,2
CFB005096,C046,2022-12-17,3,3,5,3,3,3
CFB005097,C068,2022-12-17,4,3,3,3,3,4
CFB005098,C017,2022-12-17,4,4,5,5,3,5
CFB005099,C066,2022-12-17,4,3,4,2,4,4
CFB005100,C024,2022-12-17,4,3,5,4,3,4
CFB005101,C029,2022-12-17,3,3,3,1,3,2
CFB005102,C029,2022-12-17,3,3,4,4,4,4
CFB005103,C088,2022-12-17,4,1,2,4,3,3
CFB005104,C017,2022-12-17,5,4,4,4,4,4
CFB005105,C087,2022-12-17,4,4,2,3,2,1
CFB005106,C068,2022-12-17,3,2,2,2,3,2
CFB005107,C038,2022-12-17,4,4,4,4,4,5
CFB005108,C067,2022-12-17,5,5,4,3,4,4
CFB005109,C039,2022-12-17,5,3,4,3,3,4
CFB005110,C047,2022-12-17,4,3,2,2,3,5
CFB005111,C017,2022-12-17,4,3,4,2,3,4
CFB005112,C079,2022-12-17,4,3,4,2,2,4
CFB005113,C080,2022-12-17,2,2,3,3,3,2
CFB005114,C029,2022-12-17,4,4,5,5,4,4
CFB005115,C078,2022-12-17,5,4,4,5,4,4
CFB005116,C051,2022-12-17,2,3,4,4,5,3
CFB005117,C039,2022-12-17,2,2,2,4,4,1
CFB005118,C047,2022-12-17,4,2,3,4,4,2
CFB005119,C027,2022-12-17,3,5,4,5,3,4
CFB005120,C039,2022-12-17,3,4,2,4,2,4
CFB005121,C037,2022-12-17,5,3,3,4,2,3
CFB005122,C081,2022-12-17,4,3,3,3,4,3
CFB005123,C085,2022-12-17,4,4,4,4,3,3
CFB005124,C047,2022-12-17,4,4,4,2,3,2
CFB005125,C062,2022-12-17,4,4,3,4,4,5
CFB005126,C007,2022-12-17,5,5,3,4,3,5
CFB005127,C080,2022-12-17,4,5,4,4,4,4
CFB005128,C034,2022-12-17,4,5,3,5,5,3
CFB005129,C020,2022-12-18,4,4,4,4,1,4
CFB005130,C010,2022-12-18,4,3,3,4,4,3
CFB005131,C006,2022-12-18,3,4,3,2,3,2
CFB005132,C068,2022-12-18,2,3,4,2,3,3
CFB005133,C038,2022-12-18,4,3,2,4,2,5
CFB005134,C081,2022-12-18,3,4,3,2,3,2
CFB005135,C013,2022-12-18,3,1,3,4,3,4
CFB005136,C048,2022-12-18,4,4,3,1,4,2
CFB005137,C089,2022-12-18,5,3,3,2,1,3
CFB005138,C062,2022-12-18,4,3,2,3,3,5
CFB005139,C032,2022-12-18,3,3,2,4,3,4
CFB005140,C054,2022-12-18,4,3,3,3,2,5
CFB005141,C048,2022-12-18,2,3,3,3,4,3
CFB005142,C040,2022-12-18,2,2,2,3,2,3
CFB005143,C006,2022-12-18,2,3,3,4,5,4
CFB005144,C088,2022-12-18,5,4,5,5,3,4
CFB005145,C066,2022-12-18,5,4,5,4,4,4
CFB005146,C032,2022-12-18,4,5,2,4,3,2
CFB005147,C030,2022-12-18,2,3,4,3,2,3
CFB005148,C039,2022-12-18,4,3,5,5,4,5
CFB005149,C048,2022-12-18,3,3,4,3,3,4
CFB005150,C019,2022-12-18,4,4,5,2,2,4
CFB005151,C070,2022-12-18,5,4,5,5,3,3
CFB005152,C043,2022-12-18,4,4,4,4,2,5
CFB005153,C004,2022-12-18,3,4,4,5,4,3
CFB005154,C070,2022-12-18,3,4,3,1,3,3
CFB005155,C059,2022-12-18,4,2,4,3,2,4
CFB005156,C048,2022-12-18,4,3,3,3,3,2
CFB005157,C013,2022-12-18,3,4,2,3,3,2
CFB005158,C032,2022-12-18,3,2,3,5,3,2
CFB005159,C054,2022-12-18,4,2,3,4,2,4
CFB005160,C045,2022-12-18,5,5,2,4,2,4
CFB005161,C047,2022-12-18,5,4,3,4,4,4
CFB005162,C034,2022-12-18,5,3,4,4,4,4
CFB005163,C065,2022-12-18,4,4,4,3,2,5
CFB005164,C010,2022-12-18,4,3,3,2,1,4
CFB005165,C067,2022-12-18,4,4,5,3,4,5
CFB005166,C051,2022-12-18,4,3,4,2,3,4
CFB005167,C007,2022-12-18,5,5,3,3,2,4
CFB005168,C069,2022-12-18,3,3,4,4,4,3
CFB005169,C065,2022-12-18,4,5,3,3,3,3
CFB005170,C081,2022-12-18,3,5,4,5,4,5
CFB005171,C037,2022-12-18,5,4,5,3,3,3
CFB005172,C002,2022-12-18,3,4,1,5,5,2
CFB005173,C088,2022-12-18,5,3,3,3,5,5
CFB005174,C010,2022-12-18,4,3,4,3,4,4
CFB005175,C078,2022-12-18,3,4,2,5,5,4
CFB005176,C045,2022-12-18,4,3,3,4,2,3
CFB005177,C068,2022-12-18,4,4,3,4,4,4
CFB005178,C070,2022-12-19,4,3,3,3,3,3
CFB005179,C051,2022-12-19,4,3,3,5,2,4
CFB005180,C051,2022-12-19,2,2,3,2,2,2
CFB005181,C073,2022-12-19,5,3,3,3,4,4
CFB005182,C006,2022-12-19,3,4,3,3,2,2
CFB005183,C067,2022-12-19,2,3,2,1,2,2
CFB005184,C085,2022-12-19,5,5,5,4,4,4
CFB005185,C002,2022-12-19,4,2,3,4,2,2
CFB005186,C051,2022-12-19,4,3,2,3,3,3
CFB005187,C070,2022-12-19,4,3,5,3,3,4
CFB005188,C074,2022-12-19,5,4,3,4,4,5
CFB005189,C087,2022-12-19,5,4,3,3,3,4
CFB005190,C085,2022-12-19,3,2,3,2,1,1
CFB005191,C021,2022-12-19,3,2,3,4,3,4
CFB005192,C081,2022-12-19,4,5,3,4,2,2
CFB005193,C066,2022-12-19,3,4,4,4,3,3
CFB005194,C013,2022-12-19,2,4,2,3,3,3
CFB005195,C061,2022-12-19,2,4,3,2,3,3
CFB005196,C039,2022-12-19,4,4,4,2,2,3
CFB005197,C079,2022-12-19,4,2,2,3,2,3
CFB005198,C069,2022-12-19,5,3,4,5,4,4
CFB005199,C054,2022-12-19,3,4,4,3,3,4
CFB005200,C008,2022-12-19,4,4,4,4,3,5
CFB005201,C047,2022-12-19,4,3,4,3,3,5
CFB005202,C089,2022-12-19,3,3,4,5,5,3
CFB005203,C040,2022-12-19,4,5,2,4,4,3
CFB005204,C078,2022-12-19,2,4,5,4,1,3
CFB005205,C086,2022-12-19,3,3,2,4,5,3
CFB005206,C021,2022-12-19,4,3,2,3,2,4
CFB005207,C032,2022-12-19,4,3,4,3,4,4
CFB005208,C034,2022-12-19,5,4,4,5,2,5
CFB005209,C035,2022-12-19,3,3,4,5,2,5
CFB005210,C039,2022-12-19,4,1,5,2,3,3
CFB005211,C059,2022-12-19,3,4,4,4,3,5
CFB005212,C056,2022-12-19,3,3,4,2,4,3
CFB005213,C060,2022-12-19,3,2,4,3,3,4
CFB005214,C029,2022-12-19,3,2,4,4,4,3
CFB005215,C015,2022-12-19,4,3,4,4,2,4
CFB005216,C040,2022-12-19,4,4,5,4,4,5
CFB005217,C010,2022-12-19,3,3,2,3,2,3
CFB005218,C061,2022-12-19,5,5,5,4,3,4
CFB005219,C004,2022-12-19,5,3,3,5,3,3
CFB005220,C016,2022-12-19,3,5,4,4,5,5
CFB005221,C088,2023-04-05,3,3,5,3,2,3
CFB005222,C084,2023-04-05,3,5,2,3,2,4
CFB005223,C007,2023-04-05,4,2,3,5,3,5
CFB005224,C086,2023-04-05,4,5,5,5,3,5
CFB005225,C006,2023-04-05,3,3,5,4,3,5
CFB005226,C035,2023-04-05,5,3,5,3,4,5
CFB005227,C017,2023-04-05,5,5,5,5,3,4
CFB005228,C075,2023-04-05,5,4,4,4,4,4
CFB005229,C007,2023-04-05,5,5,5,4,1,4
CFB005230,C038,2023-04-05,3,5,5,4,5,4
CFB005231,C059,2023-04-05,3,3,3,3,2,4
CFB005232,C061,2023-04-05,3,2,4,3,3,4
CFB005233,C017,2023-04-05,5,4,3,5,3,5
CFB005234,C068,2023-04-05,4,4,5,5,2,2
CFB005235,C075,2023-04-05,5,4,5,5,5,5
CFB005236,C085,2023-04-05,5,5,4,4,5,4
CFB005237,C054,2023-04-05,3,3,3,5,3,3
CFB005238,C046,2023-04-05,4,4,5,4,3,2
CFB005239,C068,2023-04-05,3,4,5,3,4,3
CFB005240,C054,2023-04-05,5,3,5,5,1,5
CFB005241,C062,2023-04-05,3,5,3,4,3,4
CFB005242,C040,2023-04-05,4,5,4,5,3,4
CFB005243,C086,2023-04-05,4,5,3,3,4,3
CFB005244,C084,2023-04-05,4,4,3,3,5,4
CFB005245,C073,2023-04-05,4,3,5,4,2,4
CFB005246,C035,2023-04-05,5,3,3,5,3,2
CFB005247,C069,2023-04-05,2,4,5,3,5,2
CFB005248,C008,2023-04-05,3,3,4,4,4,5
CFB005249,C069,2023-04-05,4,2,4,5,5,4
CFB005250,C055,2023-04-05,4,4,4,3,2,4
CFB005251,C070,2023-04-05,4,5,3,5,3,5
CFB005252,C007,2023-04-05,3,4,4,4,3,2
CFB005253,C069,2023-04-05,3,4,3,3,3,4
CFB005254,C034,2023-04-05,3,2,4,5,4,3
CFB005255,C079,2023-04-06,4,5,4,1,3,5
CFB005256,C030,2023-04-06,5,4,5,4,2,5
CFB005257,C085,2023-04-06,4,2,4,4,4,4
CFB005258,C036,2023-04-06,5,4,4,5,2,4
CFB005259,C051,2023-04-06,4,3,3,5,3,5
CFB005260,C085,2023-04-06,4,4,5,5,4,4
CFB005261,C080,2023-04-06,3,4,2,4,2,4
CFB005262,C032,2023-04-06,4,5,2,5,3,4
CFB005263,C024,2023-04-06,4,3,3,5,4,4
CFB005264,C059,2023-04-06,5,5,5,4,4,3
CFB005265,C019,2023-04-06,2,4,4,5,3,4
CFB005266,C044,2023-04-06,5,4,4,4,4,5
CFB005267,C021,2023-04-06,4,5,3,5,4,4
CFB005268,C079,2023-04-06,4,5,2,3,3,5
CFB005269,C069,2023-04-06,4,4,5,4,3,4
CFB005270,C037,2023-04-06,5,5,4,4,4,5
CFB005271,C059,2023-04-06,3,5,3,3,3,2
CFB005272,C047,2023-04-06,5,4,4,3,4,5
CFB005273,C066,2023-04-06,5,4,3,5,3,5
CFB005274,C085,2023-04-06,5,4,3,4,4,5
CFB005275,C085,2023-04-06,3,2,5,3,4,3
CFB005276,C068,2023-04-06,4,3,5,4,2,5
CFB005277,C013,2023-04-06,4,3,4,5,2,4
CFB005278,C073,2023-04-06,3,3,2,3,3,5
CFB005279,C016,2023-04-06,4,4,4,4,3,5
CFB005280,C019,2023-04-06,5,3,5,5,2,3
CFB005281,C030,2023-04-06,3,5,3,3,1,4
CFB005282,C067,2023-04-06,4,3,3,5,1,4
CFB005283,C032,2023-04-06,4,3,3,4,4,4
CFB005284,C034,2023-04-06,4,3,5,3,2,5
CFB005285,C088,2023-04-06,4,3,5,4,5,3
CFB005286,C067,2023-04-06,5,3,3,4,3,3
CFB005287,C029,2023-04-07,4,3,5,5,3,3
CFB005288,C073,2023-04-07,5,5,5,5,5,4
CFB005289,C016,2023-04-07,5,2,4,3,4,5
CFB005290,C048,2023-04-07,4,4,3,1,4,4
CFB005291,C027,2023-04-07,5,4,4,3,2,4
CFB005292,C079,2023-04-07,4,2,3,4,4,4
CFB005293,C007,2023-04-07,5,5,4,5,3,4
CFB005294,C024,2023-04-07,4,3,3,3,3,5
CFB005295,C075,2023-04-07,3,4,4,3,4,3
CFB005296,C019,2023-04-07,4,5,4,5,4,3
CFB005297,C081,2023-04-07,3,3,3,4,4,5
CFB005298,C013,2023-04-07,4,3,5,4,3,5
CFB005299,C062,2023-04-07,2,2,3,2,3,5
CFB005300,C010,2023-04-07,3,4,2,3,2,1
CFB005301,C031,2023-04-07,3,5,3,4,3,3
CFB005302,C035,2023-04-07,4,4,4,3,4,3
CFB005303,C027,2023-04-07,4,4,3,4,3,4
CFB005304,C062,2023-04-07,4,3,4,5,3,5
CFB005305,C038,2023-04-07,3,4,4,5,3,2
CFB005306,C031,2023-04-07,4,4,4,4,2,5
CFB005307,C035,2023-04-07,4,4,4,5,2,3
CFB005308,C067,2023-04-07,4,3,4,2,4,4
CFB005309,C002,2023-04-07,3,2,4,2,1,3
CFB005310,C060,2023-04-07,5,3,5,3,5,5
CFB005311,C024,2023-04-07,4,4,3,4,4,4
CFB005312,C084,2023-04-08,4,5,4,4,2,5
CFB005313,C034,2023-04-08,4,3,3,4,3,4
CFB005314,C021,2023-04-08,5,4,4,4,2,4
CFB005315,C070,2023-04-08,4,5,3,3,4,4
CFB005316,C051,2023-04-08,5,5,5,5,4,4
CFB005317,C018,2023-04-08,4,3,4,4,3,4
CFB005318,C020,2023-04-08,5,5,5,5,2,4
CFB005319,C084,2023-04-08,5,3,5,4,2,4
CFB005320,C073,2023-04-08,2,3,3,3,2,2
CFB005321,C080,2023-04-08,5,5,5,5,4,5
CFB005322,C006,2023-04-08,3,5,5,4,4,5
CFB005323,C059,2023-04-08,3,4,5,3,4,5
CFB005324,C029,2023-04-08,4,5,5,4,5,4
CFB005325,C069,2023-04-08,3,3,3,3,4,3
CFB005326,C044,2023-04-08,4,3,2,4,2,4
CFB005327,C006,2023-04-08,5,4,4,5,2,4
CFB005328,C031,2023-04-08,4,4,4,4,5,4
CFB005329,C059,2023-04-08,4,4,2,2,4,5
CFB005330,C089,2023-04-08,5,4,5,5,5,5
CFB005331,C063,2023-04-08,4,4,3,4,3,1
CFB005332,C039,2023-04-08,5,4,3,4,4,4
CFB005333,C037,2023-04-08,5,5,4,4,4,5
CFB005334,C079,2023-04-08,4,4,4,4,3,3
CFB005335,C015,2023-04-08,2,3,5,5,4,4
CFB005336,C069,2023-04-08,4,5,4,3,5,4
CFB005337,C080,2023-04-08,2,4,4,3,4,5
CFB005338,C055,2023-04-08,3,5,2,5,4,3
CFB005339,C019,2023-04-08,4,2,3,1,3,4
CFB005340,C063,2023-04-08,5,4,3,4,4,4
CFB005341,C032,2023-04-08,5,3,4,5,2,4
CFB005342,C032,2023-04-08,3,4,5,2,2,4
CFB005343,C030,2023-04-08,5,4,4,5,2,3
CFB005344,C078,2023-04-08,5,4,4,4,3,5
CFB005345,C027,2023-04-08,4,4,3,3,2,3
CFB005346,C032,2023-04-08,5,4,4,4,3,2
CFB005347,C078,2023-04-09,2,5,4,4,2,4
CFB005348,C034,2023-04-09,4,5,4,5,2,5
CFB005349,C078,2023-04-09,4,5,2,4,2,4
CFB005350,C007,2023-04-09,4,4,3,3,2,4
CFB005351,C037,2023-04-09,3,3,4,4,4,4
CFB005352,C004,2023-04-09,4,3,4,3,3,5
CFB005353,C043,2023-04-09,5,5,4,4,4,5
CFB005354,C059,2023-04-09,3,4,3,4,4,3
CFB005355,C016,2023-04-09,3,5,4,5,3,4
CFB005356,C038,2023-04-09,4,4,3,4,3,5
CFB005357,C030,2023-04-09,5,5,5,4,5,5
CFB005358,C010,2023-04-09,5,4,3,4,2,3
CFB005359,C073,2023-04-09,4,4,3,4,3,5
CFB005360,C017,2023-04-09,5,4,5,5,5,4
CFB005361,C047,2023-04-09,2,4,2,3,1,3
CFB005362,C084,2023-04-09,5,5,3,4,3,5
CFB005363,C068,2023-04-09,3,3,2,3,4,5
CFB005364,C019,2023-04-09,5,5,4,4,3,4
CFB005365,C047,2023-04-09,3,4,5,5,3,4
CFB005366,C021,2023-04-09,5,3,4,4,5,5
CFB005367,C054,2023-04-09,4,4,5,4,3,4
CFB005368,C087,2023-04-09,4,3,3,3,5,5
CFB005369,C084,2023-04-09,4,3,4,5,3,3
CFB005370,C051,2023-04-09,5,3,4,5,4,3
CFB005371,C089,2023-04-09,5,3,4,4,2,4
CFB005372,C018,2023-04-09,3,3,4,4,4,3
CFB005373,C027,2023-04-09,5,3,4,5,4,4
CFB005374,C036,2023-04-09,4,4,3,4,2,5
CFB005375,C030,2023-04-09,5,3,4,4,2,3
CFB005376,C073,2023-04-09,4,4,4,3,1,3
CFB005377,C040,2023-04-09,4,4,4,5,2,3
CFB005378,C069,2023-04-09,3,4,3,2,2,2
CFB005379,C079,2023-04-10,3,4,2,2,5,2
CFB005380,C078,2023-04-10,4,5,5,4,4,4
CFB005381,C038,2023-04-10,4,4,3,4,3,3
CFB005382,C030,2023-04-10,5,4,5,5,3,3
CFB005383,C004,2023-04-10,4,4,5,3,3,3
CFB005384,C080,2023-04-10,4,2,5,3,4,5
CFB005385,C051,2023-04-10,4,4,4,5,3,5
CFB005386,C068,2023-04-10,3,3,4,3,4,3
CFB005387,C021,2023-04-10,3,4,5,3,3,5
CFB005388,C036,2023-04-10,2,3,4,3,3,3
CFB005389,C010,2023-04-10,3,5,3,4,4,5
CFB005390,C085,2023-04-10,3,4,5,3,3,3
CFB005391,C034,2023-04-10,3,4,4,3,2,2
CFB005392,C063,2023-04-10,4,5,4,5,4,4
CFB005393,C077,2023-04-10,4,4,4,4,2,5
CFB005394,C027,2023-04-10,4,5,4,4,2,4
CFB005395,C024,2023-04-10,2,5,4,3,3,3
CFB005396,C010,2023-04-10,5,3,3,5,1,4
CFB005397,C069,2023-04-10,4,3,4,4,3,5
CFB005398,C046,2023-04-10,5,4,4,2,4,4
CFB005399,C055,2023-04-10,5,5,5,4,4,5
CFB005400,C054,2023-04-10,4,2,5,4,4,5
CFB005401,C017,2023-04-10,4,4,3,5,1,4
CFB005402,C077,2023-04-10,4,4,3,5,4,4
CFB005403,C075,2023-04-10,5,2,5,5,2,2
CFB005404,C067,2023-04-10,4,3,5,5,3,4
CFB005405,C068,2023-04-10,4,3,4,3,3,5
CFB005406,C002,2023-04-10,4,4,4,3,3,2
CFB005407,C051,2023-04-10,5,4,4,5,4,3
CFB005408,C044,2023-04-10,3,4,3,4,4,3
CFB005409,C034,2023-04-10,5,5,4,3,3,2
CFB005410,C016,2023-04-10,4,5,4,5,4,5
CFB005411,C046,2023-04-10,4,2,4,4,3,5
CFB005412,C016,2023-04-10,5,3,3,3,1,4
CFB005413,C087,2023-04-11,4,4,5,5,5,5
CFB005414,C040,2023-04-11,2,3,3,5,5,2
CFB005415,C021,2023-04-11,2,2,3,4,3,5
CFB005416,C054,2023-04-11,5,4,5,2,5,5
CFB005417,C070,2023-04-11,4,4,3,2,5,2
CFB005418,C031,2023-04-11,4,4,4,3,5,3
CFB005419,C004,2023-04-11,3,4,4,3,2,4
CFB005420,C039,2023-04-11,5,3,4,4,5,3
CFB005421,C081,2023-04-11,5,4,3,3,3,4
CFB005422,C079,2023-04-11,5,5,5,4,3,4
CFB005423,C017,2023-04-11,5,4,5,4,4,4
CFB005424,C069,2023-04-11,5,4,5,4,5,3
CFB005425,C006,2023-04-11,3,3,5,5,4,5
CFB005426,C056,2023-04-11,4,1,3,3,5,2
CFB005427,C018,2023-04-11,4,4,3,4,3,3
CFB005428,C043,2023-04-11,5,4,4,4,2,4
CFB005429,C048,2023-04-11,5,3,4,3,4,2
CFB005430,C062,2023-04-11,5,4,3,5,4,5
CFB005431,C062,2023-04-11,5,5,5,5,5,5
CFB005432,C046,2023-04-11,5,4,4,4,3,4
CFB005433,C043,2023-04-11,4,3,4,3,1,5
CFB005434,C029,2023-04-11,5,4,4,4,2,5
CFB005435,C040,2023-04-11,3,3,3,5,4,3
CFB005436,C024,2023-04-11,5,3,4,3,4,5
CFB005437,C077,2023-04-11,4,3,4,4,4,4
CFB005438,C006,2023-04-11,3,4,4,2,2,3
CFB005439,C060,2023-04-11,5,4,3,4,4,4
CFB005440,C002,2023-04-11,3,4,2,3,3,3
CFB005441,C054,2023-04-11,5,5,3,5,4,4
CFB005442,C081,2023-04-11,5,5,5,5,4,5
CFB005443,C065,2023-04-11,4,2,3,4,5,4
CFB005444,C040,2023-04-11,3,4,3,4,4,3
CFB005445,C029,2023-04-11,3,3,3,3,2,5
CFB005446,C045,2023-04-12,3,4,2,3,3,4
CFB005447,C073,2023-04-12,5,4,3,4,5,3
CFB005448,C046,2023-04-12,5,3,4,4,2,3
CFB005449,C040,2023-04-12,5,3,5,3,4,4
CFB005450,C027,2023-04-12,3,4,4,3,3,2
CFB005451,C085,2023-04-12,5,4,2,3,4,3
CFB005452,C034,2023-04-12,4,3,3,2,2,4
CFB005453,C035,2023-04-12,5,5,4,5,4,4
CFB005454,C070,2023-04-12,5,5,5,5,3,5
CFB005455,C079,2023-04-12,4,2,5,4,4,5
CFB005456,C068,2023-04-12,5,4,5,4,4,5
CFB005457,C070,2023-04-12,3,2,2,4,1,2
CFB005458,C013,2023-04-12,4,4,2,3,2,2
CFB005459,C048,2023-04-12,3,3,5,5,3,5
CFB005460,C073,2023-04-12,4,3,4,4,1,4
CFB005461,C036,2023-04-12,5,5,4,5,5,4
CFB005462,C066,2023-04-12,5,5,4,5,2,3
CFB005463,C007,2023-04-12,5,5,3,5,3,5
CFB005464,C015,2023-04-12,3,3,5,5,5,4
CFB005465,C024,2023-04-12,4,5,5,5,5,3
CFB005466,C084,2023-04-12,4,2,3,2,2,4
CFB005467,C037,2023-04-12,4,3,4,4,5,3
CFB005468,C044,2023-04-12,3,4,2,3,4,3
CFB005469,C020,2023-04-12,4,4,4,4,1,5
CFB005470,C060,2023-04-12,2,3,4,3,1,4
CFB005471,C027,2023-04-12,4,4,4,4,3,4
CFB005472,C073,2023-04-12,5,5,4,4,2,3
CFB005473,C075,2023-04-13,2,4,3,4,2,4
CFB005474,C017,2023-04-13,5,3,4,4,4,4
CFB005475,C069,2023-04-13,4,5,5,4,1,3
CFB005476,C066,2023-04-13,5,4,4,4,3,5
CFB005477,C044,2023-04-13,5,4,3,3,3,3
CFB005478,C075,2023-04-13,5,4,5,4,5,5
CFB005479,C007,2023-04-13,5,4,4,5,2,3
CFB005480,C030,2023-04-13,5,2,3,3,3,4
CFB005481,C084,2023-04-13,3,3,2,4,5,5
CFB005482,C059,2023-04-13,4,5,3,3,4,5
CFB005483,C043,2023-04-13,4,4,3,5,4,4
CFB005484,C031,2023-04-13,3,5,5,3,4,4
CFB005485,C065,2023-04-13,5,5,5,5,5,5
CFB005486,C013,2023-04-13,5,5,4,5,3,5
CFB005487,C067,2023-04-13,4,3,5,4,5,5
CFB005488,C039,2023-04-13,4,4,4,3,4,4
CFB005489,C063,2023-04-13,5,4,5,4,2,5
CFB005490,C046,2023-04-13,3,5,4,4,4,2
CFB005491,C030,2023-04-13,5,5,4,5,3,5
CFB005492,C089,2023-04-13,4,4,4,3,4,4
CFB005493,C043,2023-04-13,3,4,4,2,3,2
CFB005494,C027,2023-04-13,4,3,3,2,3,3
CFB005495,C068,2023-04-13,4,3,4,3,4,3
CFB005496,C047,2023-04-13,4,4,3,5,1,4
CFB005497,C015,2023-04-13,3,2,4,4,3,3
CFB005498,C044,2023-04-13,5,4,3,5,2,5
CFB005499,C087,2023-04-13,4,5,3,2,5,4
CFB005500,C070,2023-04-13,5,3,5,5,3,3
CFB005501,C030,2023-04-13,5,5,5,4,5,5
CFB005502,C056,2023-04-13,4,5,3,5,5,5
CFB005503,C044,2023-04-13,4,5,5,5,2,3
CFB005504,C032,2023-04-13,3,4,3,3,5,3
CFB005505,C047,2023-04-13,3,2,3,3,3,3
CFB005506,C010,2023-04-14,3,4,5,5,2,4
CFB005507,C020,2023-04-14,4,1,5,3,4,4
CFB005508,C037,2023-04-14,4,2,5,4,4,5
CFB005509,C059,2023-04-14,5,5,4,5,4,3
CFB005510,C029,2023-04-14,3,2,2,3,5,3
CFB005511,C013,2023-04-14,2,4,4,4,3,3
CFB005512,C078,2023-04-14,4,4,4,5,2,3
CFB005513,C088,2023-04-14,3,4,3,3,3,4
CFB005514,C059,2023-04-14,4,5,5,5,5,5
CFB005515,C062,2023-04-14,5,4,4,4,3,4
CFB005516,C047,2023-04-14,4,3,5,5,4,4
CFB005517,C006,2023-04-14,5,3,4,4,1,4
CFB005518,C073,2023-04-14,4,4,3,3,5,4
CFB005519,C027,2023-04-14,3,5,5,5,3,5
CFB005520,C007,2023-04-14,5,5,4,5,3,5
CFB005521,C088,2023-04-14,5,5,5,5,2,4
CFB005522,C004,2023-04-14,4,3,5,5,4,4
CFB005523,C019,2023-04-14,3,4,3,3,2,4
CFB005524,C081,2023-04-14,5,3,4,4,3,3
CFB005525,C073,2023-04-14,4,4,3,5,4,2
CFB005526,C060,2023-04-14,4,3,4,4,2,3
CFB005527,C019,2023-04-14,5,3,4,4,3,4
CFB005528,C039,2023-04-14,5,4,5,5,3,3
CFB005529,C008,2023-04-14,3,2,3,4,2,3
CFB005530,C068,2023-04-14,4,3,4,4,2,3
CFB005531,C006,2023-04-15,3,4,3,4,2,2
CFB005532,C045,2023-04-15,4,3,3,5,4,3
CFB005533,C006,2023-04-15,4,3,4,4,5,3
CFB005534,C032,2023-04-15,3,4,3,3,2,3
CFB005535,C068,2023-04-15,5,3,4,5,4,3
CFB005536,C073,2023-04-15,4,4,5,4,3,4
CFB005537,C046,2023-04-15,4,4,5,4,4,3
CFB005538,C069,2023-04-15,4,3,5,4,2,5
CFB005539,C067,2023-04-15,5,3,5,3,4,5
CFB005540,C030,2023-04-15,5,4,4,5,4,5
CFB005541,C056,2023-04-15,3,3,3,4,4,5
CFB005542,C044,2023-04-15,2,3,2,5,2,5
CFB005543,C044,2023-04-15,4,4,3,5,3,4
CFB005544,C075,2023-04-15,4,4,3,4,3,4
CFB005545,C066,2023-04-15,4,4,3,3,1,4
CFB005546,C089,2023-04-15,3,4,3,3,4,4
CFB005547,C087,2023-04-15,3,1,2,4,2,4
CFB005548,C038,2023-04-15,4,3,4,5,4,5
CFB005549,C044,2023-04-15,4,3,3,3,4,5
CFB005550,C067,2023-04-15,4,3,4,4,2,5
CFB005551,C018,2023-04-15,3,5,5,3,4,3
CFB005552,C087,2023-04-15,5,4,4,4,4,4
CFB005553,C047,2023-04-15,5,2,3,5,4,4
CFB005554,C007,2023-04-15,4,3,2,4,5,4
CFB005555,C066,2023-04-15,2,3,4,2,3,3
CFB005556,C086,2023-04-15,4,2,1,4,4,3
CFB005557,C036,2023-04-15,4,4,3,4,3,4
CFB005558,C068,2023-04-15,3,3,3,5,3,3
CFB005559,C030,2023-04-15,3,3,3,3,5,2
CFB005560,C062,2023-04-15,3,1,3,4,4,4
CFB005561,C069,2023-04-15,3,4,3,3,4,3
CFB005562,C040,2023-04-15,4,3,4,3,4,5
CFB005563,C034,2023-04-15,3,4,5,4,4,5
CFB005564,C054,2023-04-15,4,4,3,4,5,5
CFB005565,C089,2023-04-15,5,4,5,4,2,5
CFB005566,C031,2023-04-15,4,3,3,4,3,3
CFB005567,C068,2023-04-15,4,3,4,5,2,5
CFB005568,C047,2023-04-15,3,3,3,4,2,3
CFB005569,C075,2023-04-16,5,4,4,5,4,5
CFB005570,C030,2023-04-16,3,4,3,3,3,2
CFB005571,C020,2023-04-16,4,3,5,5,5,4
CFB005572,C007,2023-04-16,5,3,2,5,4,3
CFB005573,C074,2023-04-16,4,4,5,4,4,4
CFB005574,C029,2023-04-16,4,4,5,5,4,3
CFB005575,C046,2023-04-16,5,3,4,3,3,4
CFB005576,C037,2023-04-16,5,3,5,3,3,3
CFB005577,C085,2023-04-16,5,4,5,3,2,5
CFB005578,C065,2023-04-16,3,3,4,3,5,4
CFB005579,C038,2023-04-16,4,2,3,3,3,3
CFB005580,C073,2023-04-16,5,4,3,5,3,4
CFB005581,C020,2023-04-16,3,3,5,4,5,5
CFB005582,C035,2023-04-16,4,2,2,3,3,3
CFB005583,C061,2023-04-16,4,3,4,2,3,4
CFB005584,C040,2023-04-16,4,4,3,3,4,4
CFB005585,C066,2023-04-16,5,3,4,5,2,5
CFB005586,C074,2023-04-16,5,3,5,4,2,4
CFB005587,C002,2023-04-16,5,5,5,5,3,5
CFB005588,C043,2023-04-16,5,4,3,2,5,5
CFB005589,C069,2023-04-16,3,3,3,3,3,2
CFB005590,C086,2023-04-16,5,4,4,4,3,3
CFB005591,C008,2023-04-16,2,2,5,3,4,5
CFB005592,C080,2023-04-16,5,4,4,5,5,4
CFB005593,C027,2023-04-16,4,4,5,5,4,4
CFB005594,C040,2023-04-16,5,4,5,5,3,3
CFB005595,C054,2023-04-16,5,4,4,5,5,5
CFB005596,C010,2023-04-16,3,3,5,5,3,3
CFB005597,C068,2023-04-16,4,4,4,3,1,3
CFB005598,C080,2023-04-16,3,4,5,4,3,4
CFB005599,C020,2023-04-17,4,4,5,3,4,4
CFB005600,C062,2023-04-17,3,4,3,2,3,5
CFB005601,C043,2023-04-17,4,4,5,5,2,5
CFB005602,C021,2023-04-17,5,4,2,5,3,5
CFB005603,C067,2023-04-17,5,4,3,3,5,4
CFB005604,C084,2023-04-17,4,5,3,4,2,3
CFB005605,C027,2023-04-17,3,2,4,2,2,3
CFB005606,C013,2023-04-17,5,3,3,4,4,5
CFB005607,C051,2023-04-17,4,5,4,4,3,5
CFB005608,C065,2023-04-17,4,4,4,4,3,4
CFB005609,C054,2023-04-17,5,4,4,5,2,4
CFB005610,C035,2023-04-17,5,3,4,5,5,5
CFB005611,C045,2023-04-17,5,4,5,3,4,4
CFB005612,C031,2023-04-17,4,3,4,4,2,4
CFB005613,C010,2023-04-17,4,5,4,5,3,4
CFB005614,C043,2023-04-17,4,4,4,3,5,4
CFB005615,C010,2023-04-17,4,5,4,5,3,4
CFB005616,C030,2023-04-17,4,4,3,4,4,2
CFB005617,C069,2023-04-17,5,3,4,5,3,4
CFB005618,C067,2023-04-17,3,5,5,3,3,5
CFB005619,C043,2023-04-17,4,3,3,5,4,3
CFB005620,C085,2023-04-17,4,3,3,3,5,4
CFB005621,C084,2023-04-17,5,3,3,3,4,4
CFB005622,C019,2023-04-17,4,4,3,3,5,3
CFB005623,C077,2023-04-17,3,5,4,5,3,4
CFB005624,C018,2023-04-17,3,3,4,4,2,5
CFB005625,C079,2023-04-17,4,3,4,4,2,4
CFB005626,C040,2023-04-17,3,1,3,4,5,3
CFB005627,C067,2023-04-17,5,4,5,5,3,4
CFB005628,C066,2023-04-17,5,5,4,5,5,4
CFB005629,C051,2023-04-17,4,5,5,5,3,4
CFB005630,C073,2023-04-17,5,2,5,5,2,3
CFB005631,C027,2023-04-17,2,3,3,4,1,3
CFB005632,C010,2023-04-17,5,4,4,4,3,3
CFB005633,C051,2023-04-18,4,3,4,5,4,4
CFB005634,C074,2023-04-18,5,5,4,5,4,5
CFB005635,C075,2023-04-18,5,3,3,4,3,5
CFB005636,C036,2023-04-18,3,4,5,4,5,3
CFB005637,C080,2023-04-18,5,4,5,4,4,5
CFB005638,C036,2023-04-18,2,3,4,2,4,3
CFB005639,C061,2023-04-18,4,4,4,3,4,3
CFB005640,C077,2023-04-18,5,1,5,4,4,5
CFB005641,C079,2023-04-18,5,5,4,5,3,4
CFB005642,C004,2023-04-18,3,4,2,3,4,2
CFB005643,C032,2023-04-18,5,3,2,4,4,3
CFB005644,C008,2023-04-18,4,3,3,2,4,5
CFB005645,C061,2023-04-18,5,5,5,5,3,3
CFB005646,C016,2023-04-18,3,3,4,5,4,4
CFB005647,C079,2023-04-18,3,3,5,4,2,2
CFB005648,C068,2023-04-18,3,3,4,4,4,4
CFB005649,C068,2023-04-18,3,5,3,5,2,4
CFB005650,C027,2023-04-18,5,3,2,4,3,3
CFB005651,C066,2023-04-18,5,4,5,3,4,3
CFB005652,C043,2023-04-18,3,4,5,3,3,4
CFB005653,C044,2023-04-18,3,3,3,3,3,4
CFB005654,C067,2023-04-18,3,3,3,3,4,4
CFB005655,C027,2023-04-18,4,5,5,4,2,5
CFB005656,C004,2023-04-18,3,2,2,4,3,4
CFB005657,C032,2023-04-18,2,5,4,5,5,3
CFB005658,C006,2023-04-18,4,5,5,4,3,4
CFB005659,C074,2023-04-18,5,5,5,5,2,5
CFB005660,C081,2023-04-18,5,5,5,4,2,5
CFB005661,C047,2023-04-18,4,5,5,4,2,4
CFB005662,C070,2023-04-18,3,3,3,5,4,4
CFB005663,C018,2023-04-18,4,3,5,5,2,5
CFB005664,C054,2023-04-18,3,2,3,3,4,4
CFB005665,C066,2023-04-18,5,3,2,4,2,3
CFB005666,C010,2023-04-19,4,4,5,3,5,4
CFB005667,C017,2023-04-19,5,4,4,4,5,4
CFB005668,C037,2023-04-19,4,3,5,3,5,4
CFB005669,C029,2023-04-19,5,4,5,3,1,4
CFB005670,C062,2023-04-19,4,4,4,4,2,4
CFB005671,C086,2023-04-19,2,4,4,4,4,4
CFB005672,C081,2023-04-19,5,4,4,3,2,4
CFB005673,C073,2023-04-19,4,1,4,2,3,3
CFB005674,C086,2023-04-19,2,3,5,5,2,5
CFB005675,C002,2023-04-19,5,5,5,4,3,5
CFB005676,C080,2023-04-19,1,4,3,4,4,3
CFB005677,C088,2023-04-19,5,3,4,4,3,5
CFB005678,C021,2023-04-19,5,3,2,4,4,3
CFB005679,C017,2023-04-19,5,4,5,3,4,4
CFB005680,C078,2023-04-19,4,3,4,3,3,3
CFB005681,C004,2023-04-19,5,4,4,5,3,4
CFB005682,C018,2023-04-19,3,2,3,5,3,4
CFB005683,C079,2023-04-19,3,4,5,3,3,5
CFB005684,C079,2023-04-19,5,5,4,3,3,5
CFB005685,C046,2023-04-19,5,4,4,5,4,3
CFB005686,C056,2023-04-19,4,3,4,3,1,4
CFB005687,C018,2023-04-19,3,3,3,3,2,3
CFB005688,C066,2023-04-19,5,4,5,5,3,4
CFB005689,C060,2023-04-20,4,4,5,3,3,5
CFB005690,C068,2023-04-20,4,4,5,3,3,5
CFB005691,C017,2023-04-20,5,5,4,4,4,4
CFB005692,C044,2023-04-20,4,4,4,5,5,4
CFB005693,C073,2023-04-20,5,5,3,4,3,3
CFB005694,C017,2023-04-20,4,4,4,3,4,2
CFB005695,C077,2023-04-20,4,3,5,5,4,3
CFB005696,C055,2023-04-20,4,5,5,4,3,3
CFB005697,C007,2023-04-20,3,5,5,4,4,5
CFB005698,C035,2023-04-20,4,3,4,3,4,4
CFB005699,C087,2023-04-20,4,4,4,5,3,2
CFB005700,C086,2023-04-20,4,5,5,5,4,4
CFB005701,C021,2023-04-20,5,3,4,3,5,3
CFB005702,C084,2023-04-20,3,4,5,5,3,3
CFB005703,C086,2023-04-20,5,5,5,4,2,3
CFB005704,C085,2023-04-20,2,1,4,3,4,3
CFB005705,C010,2023-04-20,4,3,3,3,3,3
CFB005706,C045,2023-04-20,3,3,3,5,5,5
CFB005707,C030,2023-04-20,3,2,5,3,4,4
CFB005708,C067,2023-04-20,4,5,3,2,3,3
CFB005709,C036,2023-04-20,3,4,4,4,2,4
CFB005710,C048,2023-04-20,3,4,3,4,4,4
CFB005711,C063,2023-04-20,3,4,3,3,4,5
CFB005712,C027,2023-04-20,5,4,5,5,4,4
CFB005713,C063,2023-04-20,4,3,4,5,4,3
CFB005714,C051,2023-04-21,5,5,5,5,5,4
CFB005715,C043,2023-04-21,3,4,5,5,1,5
CFB005716,C039,2023-04-21,3,4,2,5,3,4
CFB005717,C030,2023-04-21,4,5,3,3,5,3
CFB005718,C060,2023-04-21,3,2,4,4,4,5
CFB005719,C051,2023-04-21,3,3,4,3,3,3
CFB005720,C066,2023-04-21,4,5,5,4,2,5
CFB005721,C056,2023-04-21,5,3,5,4,2,3
CFB005722,C078,2023-04-21,4,3,4,4,4,5
CFB005723,C055,2023-04-21,4,4,4,5,3,4
CFB005724,C015,2023-04-21,3,4,3,3,2,4
CFB005725,C066,2023-04-21,5,4,4,5,5,5
CFB005726,C013,2023-04-21,5,4,3,5,3,5
CFB005727,C055,2023-04-21,3,4,5,5,2,5
CFB005728,C059,2023-04-21,4,4,5,5,4,5
CFB005729,C088,2023-04-21,2,3,5,3,4,4
CFB005730,C086,2023-04-21,3,4,3,5,2,5
CFB005731,C079,2023-04-21,5,4,3,4,4,5
CFB005732,C010,2023-04-21,4,1,4,3,3,4
CFB005733,C017,2023-04-21,5,3,3,2,2,4
CFB005734,C031,2023-04-21,4,4,5,5,4,4
CFB005735,C036,2023-04-21,4,4,3,3,4,4
CFB005736,C086,2023-04-21,5,5,4,5,2,4
CFB005737,C004,2023-04-21,5,3,3,4,1,4
CFB005738,C077,2023-04-21,5,5,5,5,3,4
CFB005739,C080,2023-04-21,4,3,3,4,4,1
CFB005740,C084,2023-04-21,4,4,5,3,5,3
CFB005741,C024,2023-04-21,5,5,4,3,3,4
CFB005742,C045,2023-04-21,3,3,4,3,3,5
CFB005743,C054,2023-04-21,4,3,3,5,4,4
CFB005744,C075,2023-04-21,4,4,4,4,3,3
CFB005745,C089,2023-04-21,5,4,5,5,4,4
CFB005746,C087,2023-04-21,3,3,5,3,5,4
CFB005747,C073,2023-04-21,3,2,5,3,2,4
CFB005748,C017,2023-04-21,3,3,5,5,3,5
CFB005749,C077,2023-04-21,3,4,3,4,2,3
CFB005750,C051,2023-04-21,4,4,4,3,4,5
CFB005751,C070,2023-04-21,3,4,5,4,2,3
CFB005752,C061,2023-04-22,5,5,3,3,5,5
CFB005753,C069,2023-04-22,3,3,2,3,3,3
CFB005754,C024,2023-04-22,2,4,4,4,2,4
CFB005755,C061,2023-04-22,5,3,3,2,2,3
CFB005756,C032,2023-04-22,5,4,5,5,2,3
CFB005757,C017,2023-04-22,4,3,3,4,4,2
CFB005758,C075,2023-04-22,5,5,5,5,4,5
CFB005759,C017,2023-04-22,4,2,5,5,3,5
CFB005760,C010,2023-04-22,5,2,3,5,5,5
CFB005761,C063,2023-04-22,5,3,4,5,4,4
CFB005762,C024,2023-04-22,4,5,3,4,2,2
CFB005763,C044,2023-04-22,4,4,4,5,5,5
CFB005764,C010,2023-04-22,4,5,5,4,3,4
CFB005765,C080,2023-04-22,4,4,3,5,4,5
CFB005766,C006,2023-04-22,4,5,3,5,5,4
CFB005767,C068,2023-04-22,5,5,3,4,3,4
CFB005768,C063,2023-04-22,5,4,4,3,4,4
CFB005769,C019,2023-04-22,5,4,4,4,3,4
CFB005770,C088,2023-04-22,4,1,4,3,3,4
CFB005771,C027,2023-04-22,5,4,3,5,2,2
CFB005772,C059,2023-04-22,3,4,3,4,2,3
CFB005773,C019,2023-04-22,3,3,3,4,3,4
CFB005774,C061,2023-04-22,5,4,3,5,4,5
CFB005775,C056,2023-04-22,4,4,5,5,4,2
CFB005776,C070,2023-04-22,5,3,3,3,2,3
CFB005777,C008,2023-04-22,5,5,3,5,4,4
CFB005778,C086,2023-04-22,5,5,5,4,2,3
CFB005779,C054,2023-04-22,4,2,4,3,3,3
CFB005780,C080,2023-04-22,4,4,3,3,3,4
CFB005781,C030,2023-04-22,4,3,4,4,3,3
CFB005782,C043,2023-04-23,4,5,4,4,2,4
CFB005783,C061,2023-04-23,5,4,5,5,1,5
CFB005784,C087,2023-04-23,3,4,3,3,3,4
CFB005785,C020,2023-04-23,3,2,4,3,4,3
CFB005786,C054,2023-04-23,4,4,4,4,4,4
CFB005787,C035,2023-04-23,4,5,4,4,4,3
CFB005788,C080,2023-04-23,5,3,4,5,3,5
CFB005789,C002,2023-04-23,5,4,5,5,4,5
CFB005790,C085,2023-04-23,3,4,3,2,4,4
CFB005791,C086,2023-04-23,5,3,2,4,2,5
CFB005792,C017,2023-04-23,4,4,3,5,4,5
CFB005793,C048,2023-04-23,5,4,4,4,5,4
CFB005794,C061,2023-04-23,5,5,5,5,2,5
CFB005795,C062,2023-04-23,4,3,3,4,3,4
CFB005796,C067,2023-04-23,4,3,4,4,3,4
CFB005797,C075,2023-04-23,3,5,4,4,3,4
CFB005798,C029,2023-04-23,5,4,3,4,4,5
CFB005799,C062,2023-04-23,4,4,4,4,3,4
CFB005800,C020,2023-04-23,4,4,1,5,5,4
CFB005801,C065,2023-04-23,4,4,4,4,3,3
CFB005802,C024,2023-04-23,4,3,5,4,4,2
CFB005803,C081,2023-04-23,4,3,3,4,4,4
CFB005804,C078,2023-04-23,3,4,3,5,5,3
CFB005805,C002,2023-04-23,4,3,4,3,4,4
CFB005806,C073,2023-04-23,2,4,2,5,3,4
CFB005807,C063,2023-04-23,4,5,3,3,2,4
CFB005808,C066,2023-04-23,3,5,3,4,3,4
CFB005809,C036,2023-04-23,3,4,5,5,3,4
CFB005810,C029,2023-04-23,5,4,5,4,5,5
CFB005811,C081,2023-04-23,4,5,4,3,3,4
CFB005812,C086,2023-04-23,5,2,4,4,4,2
CFB005813,C074,2023-04-23,4,4,3,5,3,4
CFB005814,C075,2023-04-23,2,3,4,4,4,5
CFB005815,C051,2023-04-23,4,5,5,3,3,3
CFB005816,C087,2023-04-23,4,5,4,4,3,5
CFB005817,C020,2023-04-24,3,4,4,3,4,4
CFB005818,C088,2023-04-24,4,4,4,5,4,4
CFB005819,C066,2023-04-24,4,5,5,5,3,4
CFB005820,C045,2023-04-24,5,5,5,4,2,4
CFB005821,C004,2023-04-24,3,4,4,2,2,3
CFB005822,C075,2023-04-24,5,4,4,5,5,3
CFB005823,C085,2023-04-24,4,5,5,4,4,5
CFB005824,C010,2023-04-24,4,3,3,4,5,4
CFB005825,C075,2023-04-24,3,3,4,3,5,4
CFB005826,C069,2023-04-24,1,2,2,3,3,3
CFB005827,C065,2023-04-24,4,4,4,4,2,4
CFB005828,C032,2023-04-24,3,4,3,4,2,4
CFB005829,C008,2023-04-24,2,2,2,4,4,4
CFB005830,C024,2023-04-24,5,4,4,5,2,4
CFB005831,C081,2023-04-24,3,4,4,5,4,3
CFB005832,C066,2023-04-24,5,4,5,5,5,5
CFB005833,C040,2023-04-24,5,5,5,4,3,4
CFB005834,C013,2023-04-24,3,5,2,3,4,2
CFB005835,C002,2023-04-24,5,4,3,4,1,5
CFB005836,C087,2023-04-24,3,2,3,3,5,3
CFB005837,C086,2023-04-24,4,5,4,5,3,4
CFB005838,C073,2023-04-24,4,4,3,3,3,1
CFB005839,C059,2023-04-24,3,3,1,5,3,3
CFB005840,C020,2023-04-24,3,3,3,4,3,5
CFB005841,C063,2023-04-24,5,4,4,5,5,5
CFB005842,C056,2023-04-24,4,4,4,4,5,4
CFB005843,C055,2023-04-24,4,3,3,3,5,4
CFB005844,C059,2023-04-24,5,4,5,4,3,5
CFB005845,C032,2023-04-24,3,4,5,3,3,4
CFB005846,C073,2023-04-24,3,3,4,4,4,5
CFB005847,C060,2023-04-24,3,3,4,4,3,5
CFB005848,C002,2023-04-24,5,5,5,4,5,4
CFB005849,C077,2023-04-24,4,3,3,4,3,5
CFB005850,C068,2023-04-25,3,2,4,3,2,4
CFB005851,C015,2023-04-25,4,5,5,2,4,4
CFB005852,C027,2023-04-25,3,2,3,3,1,2
CFB005853,C055,2023-04-25,3,4,3,3,4,4
CFB005854,C085,2023-04-25,5,4,3,5,3,3
CFB005855,C010,2023-04-25,3,4,4,4,4,4
CFB005856,C006,2023-04-25,3,3,3,4,2,2
CFB005857,C013,2023-04-25,3,3,3,3,5,2
CFB005858,C051,2023-04-25,4,4,4,5,2,4
CFB005859,C048,2023-04-25,5,4,4,5,4,4
CFB005860,C084,2023-04-25,5,5,2,4,2,3
CFB005861,C034,2023-04-25,3,5,5,4,3,3
CFB005862,C088,2023-04-25,3,3,4,5,3,4
CFB005863,C080,2023-04-25,4,4,4,3,5,5
CFB005864,C046,2023-04-25,4,3,5,4,1,5
CFB005865,C030,2023-04-25,5,3,3,4,4,5
CFB005866,C059,2023-04-25,5,3,5,2,4,5
CFB005867,C048,2023-04-25,5,4,4,5,4,4
CFB005868,C088,2023-04-25,4,4,4,4,2,3
CFB005869,C073,2023-04-25,3,5,5,5,2,4
CFB005870,C051,2023-04-25,4,4,3,4,2,5
CFB005871,C039,2023-04-25,3,4,3,5,2,3
CFB005872,C059,2023-04-25,4,4,5,5,3,3
CFB005873,C084,2023-04-25,4,1,4,3,3,4
CFB005874,C085,2023-04-25,5,3,4,2,3,3
CFB005875,C069,2023-04-25,3,3,3,4,5,4
CFB005876,C079,2023-04-25,4,4,4,3,3,5
CFB005877,C073,2023-04-25,3,4,2,5,2,3
CFB005878,C075,2023-04-25,4,3,4,4,4,2
CFB005879,C066,2023-04-25,3,2,2,3,3,3
CFB005880,C047,2023-04-25,4,3,3,4,3,3
CFB005881,C015,2023-04-25,4,4,4,4,4,4
CFB005882,C038,2023-04-25,4,4,3,4,3,4
CFB005883,C044,2023-04-25,5,5,3,5,3,4
CFB005884,C020,2023-04-25,4,5,4,4,5,5
CFB005885,C036,2023-04-25,4,4,3,3,4,2
CFB005886,C036,2023-04-25,4,3,3,4,3,4
CFB005887,C031,2023-04-25,3,5,3,4,3,4
CFB005888,C080,2023-04-25,4,5,4,4,5,3
CFB005889,C047,2023-04-25,3,5,3,4,2,4
CFB005890,C043,2023-04-26,5,4,4,4,2,4
CFB005891,C077,2023-04-26,4,2,2,1,4,3
CFB005892,C077,2023-04-26,5,4,4,5,2,4
CFB005893,C024,2023-04-26,4,3,2,3,3,5
CFB005894,C063,2023-04-26,3,3,3,4,3,4
CFB005895,C068,2023-04-26,5,4,5,5,5,4
CFB005896,C035,2023-04-26,3,2,3,3,4,5
CFB005897,C002,2023-04-26,5,3,3,5,4,4
CFB005898,C002,2023-04-26,5,5,5,5,2,5
CFB005899,C002,2023-04-26,5,4,3,2,4,3
CFB005900,C007,2023-04-26,5,3,3,4,4,3
CFB005901,C010,2023-04-26,4,3,4,5,4,4
CFB005902,C034,2023-04-26,3,5,3,3,1,3
CFB005903,C089,2023-04-26,4,1,2,3,2,2
CFB005904,C047,2023-04-26,5,5,4,3,3,5
CFB005905,C060,2023-04-26,4,5,4,3,5,4
CFB005906,C002,2023-04-26,5,4,4,5,4,4
CFB005907,C034,2023-04-26,3,5,5,5,4,5
CFB005908,C004,2023-04-26,3,4,5,4,3,2
CFB005909,C055,2023-04-26,3,2,3,3,3,4
CFB005910,C032,2023-04-26,5,4,3,5,1,3
CFB005911,C037,2023-04-26,5,4,5,4,3,4
CFB005912,C037,2023-04-26,4,5,3,5,2,5
CFB005913,C040,2023-04-26,3,3,5,5,2,5
CFB005914,C007,2023-04-26,3,2,3,4,3,3
CFB005915,C066,2023-04-26,4,2,5,4,2,3
CFB005916,C062,2023-04-26,3,4,4,4,3,4
CFB005917,C078,2023-04-26,3,5,4,5,5,3
CFB005918,C040,2023-04-26,5,5,5,5,3,5
CFB005919,C060,2023-04-26,3,4,3,4,4,5
CFB005920,C067,2023-04-26,3,5,3,3,4,3
CFB005921,C008,2023-04-26,3,3,3,3,3,4
CFB005922,C039,2023-04-26,5,3,3,3,4,5
CFB005923,C037,2023-04-27,3,3,3,3,2,3
CFB005924,C021,2023-04-27,4,5,3,3,5,4
CFB005925,C051,2023-04-27,5,5,4,5,5,5
CFB005926,C073,2023-04-27,4,3,2,4,5,3
CFB005927,C038,2023-04-27,5,3,5,4,5,4
CFB005928,C008,2023-04-27,5,3,3,3,4,4
CFB005929,C073,2023-04-27,5,4,5,5,1,4
CFB005930,C047,2023-04-27,4,4,4,4,3,4
CFB005931,C017,2023-04-27,2,2,2,4,3,4
CFB005932,C089,2023-04-27,4,4,4,5,5,5
CFB005933,C013,2023-04-27,5,4,3,5,4,4
CFB005934,C069,2023-04-27,3,5,2,5,1,4
CFB005935,C070,2023-04-27,5,4,5,4,3,3
CFB005936,C061,2023-04-27,3,2,4,3,4,2
CFB005937,C039,2023-04-27,3,2,5,3,1,1
CFB005938,C061,2023-04-27,4,4,5,4,4,5
CFB005939,C004,2023-04-27,4,5,4,4,5,4
CFB005940,C089,2023-04-27,5,5,4,3,5,5
CFB005941,C024,2023-04-27,5,3,5,5,2,4
CFB005942,C013,2023-04-27,3,2,3,3,3,2
CFB005943,C021,2023-04-27,4,5,4,4,2,3
CFB005944,C024,2023-04-27,4,3,4,4,5,3
CFB005945,C075,2023-04-27,3,3,3,4,4,4
CFB005946,C024,2023-04-27,5,4,5,4,3,5
CFB005947,C013,2023-04-27,5,5,5,5,3,5
CFB005948,C046,2023-04-27,3,4,4,3,4,5
CFB005949,C034,2023-04-27,5,5,4,4,1,5
CFB005950,C085,2023-04-27,5,4,5,4,2,5
CFB005951,C030,2023-04-27,5,2,5,4,3,5
CFB005952,C044,2023-04-27,3,3,3,5,2,3
CFB005953,C013,2023-04-27,4,3,5,3,4,2
CFB005954,C010,2023-04-28,2,3,4,4,4,2
CFB005955,C010,2023-04-28,3,5,1,2,5,4
CFB005956,C065,2023-04-28,4,4,4,4,4,5
CFB005957,C007,2023-04-28,3,3,4,4,5,5
CFB005958,C077,2023-04-28,2,3,3,4,2,3
CFB005959,C069,2023-04-28,5,5,5,4,1,3
CFB005960,C051,2023-04-28,5,5,4,5,2,4
CFB005961,C067,2023-04-28,5,5,5,5,4,4
CFB005962,C059,2023-04-28,5,5,5,4,4,3
CFB005963,C039,2023-04-28,4,4,4,3,4,3
CFB005964,C065,2023-04-28,2,2,4,5,3,4
CFB005965,C045,2023-04-28,3,5,3,4,2,4
CFB005966,C068,2023-04-28,4,3,3,3,1,5
CFB005967,C068,2023-04-28,3,2,3,4,4,4
CFB005968,C059,2023-04-28,5,4,3,4,5,5
CFB005969,C061,2023-04-28,4,2,3,3,3,5
CFB005970,C078,2023-04-28,4,3,5,4,4,5
CFB005971,C035,2023-04-28,3,3,4,1,3,3
CFB005972,C060,2023-04-28,2,3,4,4,3,4
CFB005973,C034,2023-04-28,4,2,3,3,2,2
CFB005974,C061,2023-04-28,3,4,2,5,4,4
CFB005975,C065,2023-04-28,5,3,4,4,3,5
CFB005976,C029,2023-04-28,4,4,3,3,4,3
CFB005977,C054,2023-04-29,4,3,3,3,4,4
CFB005978,C002,2023-04-29,5,4,4,3,3,4
CFB005979,C040,2023-04-29,5,3,4,3,4,4
CFB005980,C087,2023-04-29,3,3,5,4,5,4
CFB005981,C081,2023-04-29,5,4,5,5,3,4
CFB005982,C035,2023-04-29,4,3,2,5,4,3
CFB005983,C075,2023-04-29,3,5,5,5,5,4
CFB005984,C063,2023-04-29,4,3,4,3,2,3
CFB005985,C021,2023-04-29,5,5,4,3,3,3
CFB005986,C065,2023-04-29,4,4,3,2,3,5
CFB005987,C035,2023-04-29,3,4,4,5,5,4
CFB005988,C002,2023-04-29,5,4,4,4,4,5
CFB005989,C017,2023-04-29,3,4,4,3,3,4
CFB005990,C087,2023-04-29,2,3,3,3,1,4
CFB005991,C066,2023-04-29,5,3,4,5,5,4
CFB005992,C030,2023-04-29,4,2,3,3,4,3
CFB005993,C062,2023-04-29,4,4,5,3,4,4
CFB005994,C035,2023-04-29,4,4,4,4,3,2
CFB005995,C048,2023-04-29,4,3,5,5,1,5
CFB005996,C074,2023-04-29,4,5,3,3,4,3
CFB005997,C007,2023-04-29,4,5,4,5,3,4
CFB005998,C046,2023-04-29,3,3,3,4,2,4
CFB005999,C030,2023-04-29,2,4,5,4,5,4
CFB006000,C089,2023-04-29,4,3,3,2,4,4
CFB006001,C036,2023-04-29,4,4,2,4,2,3
CFB006002,C039,2023-04-29,2,2,3,4,5,3
CFB006003,C078,2023-04-29,5,3,5,3,5,4
CFB006004,C027,2023-04-29,4,3,5,4,2,5
CFB006005,C006,2023-04-29,5,5,5,5,2,5
CFB006006,C048,2023-04-29,5,5,5,2,3,5
CFB006007,C027,2023-04-30,5,4,4,5,3,2
CFB006008,C061,2023-04-30,4,4,5,4,3,5
CFB006009,C019,2023-04-30,4,2,2,3,3,4
CFB006010,C059,2023-04-30,4,4,4,4,4,4
CFB006011,C078,2023-04-30,4,5,3,5,3,5
CFB006012,C059,2023-04-30,3,4,3,4,4,4
CFB006013,C051,2023-04-30,4,3,4,4,4,4
CFB006014,C079,2023-04-30,3,2,3,5,2,3
CFB006015,C070,2023-04-30,2,3,5,4,3,5
CFB006016,C034,2023-04-30,5,4,3,5,2,4
CFB006017,C048,2023-04-30,5,2,3,4,4,3
CFB006018,C039,2023-04-30,4,4,3,5,4,5
CFB006019,C081,2023-04-30,3,4,3,3,4,4
CFB006020,C089,2023-04-30,4,4,3,5,3,5
CFB006021,C062,2023-04-30,5,4,5,4,3,4
CFB006022,C029,2023-04-30,4,4,3,3,4,4
CFB006023,C002,2023-04-30,3,2,3,4,3,4
CFB006024,C008,2023-04-30,3,4,2,2,1,4
CFB006025,C086,2023-04-30,5,4,5,4,5,3
CFB006026,C002,2023-04-30,4,1,4,4,4,4
CFB006027,C051,2023-04-30,4,3,4,4,5,4
CFB006028,C081,2023-04-30,4,3,3,3,4,2
CFB006029,C051,2023-04-30,5,4,4,4,3,3
CFB006030,C037,2023-04-30,3,1,3,4,3,4
CFB006031,C013,2023-04-30,3,3,3,4,5,4
CFB006032,C074,2023-04-30,3,3,2,3,4,5
CFB006033,C038,2023-04-30,3,2,4,4,3,3
CFB006034,C051,2023-04-30,3,4,3,4,2,4
CFB006035,C040,2023-04-30,5,4,3,3,4,4
CFB006036,C006,2023-04-30,2,3,2,3,2,4
CFB006037,C075,2023-05-01,2,3,4,3,5,3
CFB006038,C039,2023-05-01,5,3,5,3,3,3
CFB006039,C008,2023-05-01,4,3,2,5,5,3
CFB006040,C032,2023-05-01,3,3,5,4,4,4
CFB006041,C075,2023-05-01,3,3,5,5,3,4
CFB006042,C031,2023-05-01,4,4,3,5,4,4
CFB006043,C086,2023-05-01,5,4,4,4,3,4
CFB006044,C027,2023-05-01,3,2,3,2,1,5
CFB006045,C029,2023-05-01,4,4,4,3,4,4
CFB006046,C029,2023-05-01,5,4,5,4,4,4
CFB006047,C085,2023-05-01,3,2,4,4,3,5
CFB006048,C013,2023-05-01,5,3,4,2,2,4
CFB006049,C069,2023-05-01,4,3,5,4,4,5
CFB006050,C039,2023-05-01,4,4,3,3,3,3
CFB006051,C021,2023-05-01,5,5,5,5,2,5
CFB006052,C087,2023-05-01,5,4,5,3,5,4
CFB006053,C004,2023-05-01,5,4,5,4,4,4
CFB006054,C060,2023-05-01,2,2,5,4,3,4
CFB006055,C086,2023-05-01,3,3,5,3,3,2
CFB006056,C086,2023-05-01,3,4,3,3,4,3
CFB006057,C002,2023-05-01,4,3,4,5,3,2
CFB006058,C070,2023-05-01,3,4,2,4,4,4
CFB006059,C008,2023-05-01,4,3,4,3,3,3
CFB006060,C074,2023-05-01,5,4,5,3,2,4
CFB006061,C069,2023-05-01,3,4,3,3,3,5
CFB006062,C081,2023-05-01,4,3,4,3,4,5
CFB006063,C010,2023-05-01,4,3,4,3,4,3
CFB006064,C070,2023-05-01,3,4,3,4,3,1
CFB006065,C081,2023-05-01,3,4,3,5,2,4
CFB006066,C089,2023-05-01,3,3,4,2,3,4
CFB006067,C013,2023-05-02,4,4,4,4,4,4
CFB006068,C067,2023-05-02,4,4,4,5,5,4
CFB006069,C002,2023-05-02,4,3,4,5,2,4
CFB006070,C047,2023-05-02,4,5,5,3,5,4
CFB006071,C075,2023-05-02,4,4,4,5,5,4
CFB006072,C046,2023-05-02,5,3,3,3,3,3
CFB006073,C016,2023-05-02,4,4,5,4,3,4
CFB006074,C045,2023-05-02,2,3,3,4,4,4
CFB006075,C069,2023-05-02,5,3,3,2,4,4
CFB006076,C070,2023-05-02,3,3,5,3,2,3
CFB006077,C039,2023-05-02,3,2,3,4,2,3
CFB006078,C027,2023-05-02,3,2,5,3,3,3
CFB006079,C087,2023-05-02,5,3,5,3,3,4
CFB006080,C086,2023-05-02,2,4,3,4,4,3
CFB006081,C089,2023-05-02,5,5,5,4,5,4
CFB006082,C060,2023-05-02,4,4,4,4,3,4
CFB006083,C078,2023-05-02,5,4,4,3,3,3
CFB006084,C027,2023-05-02,4,3,3,4,4,5
CFB006085,C081,2023-05-02,3,3,4,3,2,3
CFB006086,C074,2023-05-02,4,3,3,4,3,2
CFB006087,C070,2023-05-02,5,4,4,4,3,5
CFB006088,C059,2023-05-02,4,5,3,4,4,5
CFB006089,C055,2023-05-02,5,4,5,4,4,5
CFB006090,C047,2023-05-02,5,4,5,5,4,3
CFB006091,C069,2023-05-02,4,5,4,4,4,5
CFB006092,C087,2023-05-02,5,4,5,4,4,4
CFB006093,C074,2023-05-02,4,5,5,4,3,5
CFB006094,C089,2023-05-02,4,5,5,5,4,3
CFB006095,C070,2023-05-02,4,3,4,5,5,3
CFB006096,C086,2023-05-02,5,5,4,4,2,3
CFB006097,C066,2023-05-02,4,5,4,5,5,3
CFB006098,C030,2023-05-02,3,5,5,5,4,4
CFB006099,C037,2023-05-02,5,4,5,4,3,4
CFB006100,C013,2023-05-02,4,4,4,4,5,4
CFB006101,C054,2023-05-02,5,4,4,4,3,4
CFB006102,C007,2023-05-02,4,3,5,4,3,4
CFB006103,C018,2023-05-02,5,3,3,2,3,5
CFB006104,C044,2023-05-02,5,4,3,4,3,4
CFB006105,C074,2023-05-02,4,2,4,5,4,3
CFB006106,C062,2023-05-02,4,4,3,5,4,4
CFB006107,C045,2023-05-02,3,3,4,4,3,2
CFB006108,C075,2023-05-02,5,4,4,5,3,4
CFB006109,C010,2023-05-02,5,4,4,5,4,3
CFB006110,C035,2023-05-02,3,4,5,3,3,4
CFB006111,C075,2023-05-02,3,4,5,4,4,3
CFB006112,C045,2023-05-03,3,4,5,5,3,4
CFB006113,C074,2023-05-03,5,3,3,3,4,5
CFB006114,C040,2023-05-03,5,4,5,4,3,5
CFB006115,C038,2023-05-03,5,3,5,1,2,2
CFB006116,C018,2023-05-03,3,3,5,5,4,3
CFB006117,C086,2023-05-03,3,4,3,2,3,3
CFB006118,C079,2023-05-03,3,4,3,3,5,4
CFB006119,C036,2023-05-03,4,4,5,4,3,4
CFB006120,C029,2023-05-03,5,5,4,4,1,5
CFB006121,C016,2023-05-03,3,3,2,3,3,3
CFB006122,C070,2023-05-03,4,5,5,5,4,4
CFB006123,C029,2023-05-03,3,5,3,4,2,4
CFB006124,C017,2023-05-03,5,2,5,3,3,2
CFB006125,C070,2023-05-03,3,3,3,4,3,4
CFB006126,C078,2023-05-03,5,4,5,4,5,3
CFB006127,C069,2023-05-03,5,4,5,3,5,4
CFB006128,C062,2023-05-03,3,3,4,3,4,4
CFB006129,C036,2023-05-03,5,3,4,4,2,4
CFB006130,C006,2023-05-03,5,4,3,3,4,3
CFB006131,C007,2023-05-03,3,4,4,4,4,4
CFB006132,C047,2023-05-03,4,4,2,4,2,3
CFB006133,C045,2023-05-03,5,5,5,3,2,5
CFB006134,C038,2023-05-03,4,5,3,3,4,3
CFB006135,C039,2023-05-03,3,3,3,3,4,3
CFB006136,C032,2023-05-03,3,3,4,4,5,4
CFB006137,C070,2023-05-03,5,5,4,3,3,4
CFB006138,C080,2023-05-03,2,4,3,4,4,2
CFB006139,C044,2023-05-03,4,3,5,4,2,4
CFB006140,C010,2023-05-03,5,5,4,5,4,5
CFB006141,C067,2023-05-03,4,4,3,3,3,5
CFB006142,C036,2023-05-03,3,3,3,5,5,5
CFB006143,C088,2023-05-03,4,5,5,5,2,4
CFB006144,C020,2023-05-03,3,4,3,4,3,5
CFB006145,C079,2023-05-03,5,4,5,5,5,3
CFB006146,C021,2023-05-03,5,4,5,4,3,5
CFB006147,C055,2023-05-03,4,5,4,4,3,3
CFB006148,C051,2023-05-03,5,4,5,4,4,5
CFB006149,C068,2023-05-04,5,5,5,5,3,4
CFB006150,C065,2023-05-04,5,4,4,5,4,5
CFB006151,C032,2023-05-04,2,3,3,4,2,4
CFB006152,C059,2023-05-04,4,2,2,3,5,3
CFB006153,C038,2023-05-04,3,2,3,4,1,2
CFB006154,C006,2023-05-04,4,4,4,3,1,2
CFB006155,C061,2023-05-04,3,5,3,5,4,5
CFB006156,C065,2023-05-04,5,4,3,5,2,4
CFB006157,C089,2023-05-04,4,3,4,4,3,5
CFB006158,C018,2023-05-04,2,3,5,4,2,4
CFB006159,C080,2023-05-04,5,3,3,5,4,3
CFB006160,C073,2023-05-04,5,3,5,4,4,5
CFB006161,C004,2023-05-04,3,4,5,5,3,4
CFB006162,C051,2023-05-04,4,3,4,4,2,5
CFB006163,C008,2023-05-04,4,3,5,4,3,5
CFB006164,C060,2023-05-04,4,4,5,5,3,4
CFB006165,C030,2023-05-04,4,4,3,4,3,5
CFB006166,C013,2023-05-04,5,3,5,5,5,5
CFB006167,C007,2023-05-04,4,4,4,2,2,4
CFB006168,C070,2023-05-04,5,3,4,4,3,2
CFB006169,C027,2023-05-04,3,3,3,2,4,4
CFB006170,C008,2023-05-04,5,4,4,3,3,5
CFB006171,C069,2023-05-04,2,4,4,4,2,2
CFB006172,C010,2023-05-04,5,4,3,5,4,5
CFB006173,C065,2023-05-04,2,3,3,4,3,4
CFB006174,C006,2023-05-04,3,4,4,4,2,5
CFB006175,C036,2023-05-04,2,2,3,5,4,4
CFB006176,C044,2023-05-04,4,2,3,4,4,3
CFB006177,C040,2023-05-04,5,4,3,3,2,3
CFB006178,C031,2023-05-04,3,4,5,3,4,5
CFB006179,C070,2023-05-04,5,4,4,5,5,5
CFB006180,C061,2023-05-04,3,4,4,5,5,4
CFB006181,C013,2023-05-04,4,3,4,5,3,4
CFB006182,C088,2023-05-04,3,2,4,3,2,2
CFB006183,C087,2023-05-05,5,4,4,5,4,5
CFB006184,C077,2023-05-05,5,5,5,5,2,4
CFB006185,C085,2023-05-05,4,3,3,4,4,2
CFB006186,C086,2023-05-05,4,2,4,5,4,4
CFB006187,C059,2023-05-05,4,4,3,4,1,5
CFB006188,C035,2023-05-05,5,4,4,4,2,4
CFB006189,C067,2023-05-05,3,5,3,5,3,5
CFB006190,C079,2023-05-05,4,4,3,3,5,5
CFB006191,C007,2023-05-05,5,5,4,5,3,2
CFB006192,C060,2023-05-05,4,4,5,4,4,4
CFB006193,C017,2023-05-05,3,4,2,4,4,3
CFB006194,C031,2023-05-05,3,3,4,4,4,3
CFB006195,C078,2023-05-05,4,3,4,5,3,4
CFB006196,C062,2023-05-05,3,4,3,5,4,5
CFB006197,C051,2023-05-05,3,4,4,4,4,3
CFB006198,C070,2023-05-05,5,3,3,4,3,3
CFB006199,C010,2023-05-05,4,3,3,3,5,4
CFB006200,C067,2023-05-05,5,4,4,3,5,5
CFB006201,C087,2023-05-05,4,1,3,4,3,2
CFB006202,C032,2023-05-05,2,4,4,4,2,4
CFB006203,C031,2023-05-06,2,4,2,2,4,2
CFB006204,C073,2023-05-06,5,4,3,3,3,4
CFB006205,C063,2023-05-06,4,4,4,5,3,3
CFB006206,C056,2023-05-06,5,3,3,2,4,3
CFB006207,C063,2023-05-06,4,3,4,2,2,3
CFB006208,C074,2023-05-06,5,4,5,5,3,5
CFB006209,C067,2023-05-06,4,3,4,3,3,5
CFB006210,C004,2023-05-06,4,2,5,3,4,4
CFB006211,C085,2023-05-06,4,4,3,4,3,3
CFB006212,C088,2023-05-06,4,4,4,4,4,5
CFB006213,C079,2023-05-06,4,4,4,3,1,3
CFB006214,C081,2023-05-06,5,4,3,4,2,4
CFB006215,C073,2023-05-06,3,5,4,5,4,5
CFB006216,C077,2023-05-06,2,3,3,3,2,4
CFB006217,C055,2023-05-06,3,3,4,2,3,3
CFB006218,C077,2023-05-06,5,4,3,5,3,5
CFB006219,C038,2023-05-06,2,3,3,4,2,3
CFB006220,C015,2023-05-06,3,3,4,5,3,4
CFB006221,C043,2023-05-06,3,4,5,2,2,3
CFB006222,C066,2023-05-06,3,4,3,4,4,4
CFB006223,C047,2023-05-06,2,2,3,4,5,5
CFB006224,C075,2023-05-06,5,3,4,5,4,5
CFB006225,C081,2023-05-06,4,3,3,5,2,3
CFB006226,C056,2023-05-06,4,4,4,5,3,5
CFB006227,C017,2023-05-06,3,3,4,4,4,3
CFB006228,C078,2023-05-06,4,4,5,5,3,5
CFB006229,C002,2023-05-06,4,4,4,5,3,3
CFB006230,C088,2023-05-06,4,4,3,5,1,4
CFB006231,C002,2023-05-06,5,5,4,5,3,5
CFB006232,C054,2023-05-06,3,5,4,3,3,2
CFB006233,C070,2023-05-06,3,3,4,4,4,5
CFB006234,C088,2023-05-06,3,4,3,4,2,5
CFB006235,C020,2023-05-06,4,3,4,3,2,5
CFB006236,C046,2023-05-06,5,3,1,3,4,3
CFB006237,C016,2023-05-07,5,5,4,4,4,4
CFB006238,C015,2023-05-07,4,3,2,4,3,4
CFB006239,C059,2023-05-07,5,4,4,5,5,4
CFB006240,C027,2023-05-07,4,3,4,4,5,2
CFB006241,C051,2023-05-07,2,4,4,5,4,5
CFB006242,C006,2023-05-07,4,2,3,5,3,2
CFB006243,C047,2023-05-07,4,4,5,4,5,4
CFB006244,C089,2023-05-07,5,5,5,5,3,5
CFB006245,C030,2023-05-07,4,3,2,4,3,3
CFB006246,C060,2023-05-07,4,4,3,4,2,5
CFB006247,C020,2023-05-07,5,4,3,4,3,5
CFB006248,C081,2023-05-07,5,4,4,3,5,3
CFB006249,C021,2023-05-07,4,3,4,3,4,4
CFB006250,C015,2023-05-07,3,3,3,5,5,5
CFB006251,C044,2023-05-07,4,2,4,3,3,5
CFB006252,C021,2023-05-07,2,2,3,3,3,2
CFB006253,C089,2023-05-07,3,4,5,3,5,4
CFB006254,C035,2023-05-07,3,3,5,4,2,4
CFB006255,C069,2023-05-07,5,4,4,3,3,4
CFB006256,C043,2023-05-07,2,2,4,4,2,4
CFB006257,C027,2023-05-07,4,2,4,4,4,3
CFB006258,C021,2023-05-07,3,5,4,4,2,3
CFB006259,C020,2023-05-07,5,4,4,4,2,4
CFB006260,C029,2023-05-07,4,5,5,4,3,5
CFB006261,C037,2023-05-07,4,3,2,4,4,5
CFB006262,C017,2023-05-07,4,5,5,5,3,4
CFB006263,C085,2023-05-07,5,4,4,5,2,3
CFB006264,C086,2023-05-07,3,4,4,2,4,5
CFB006265,C087,2023-05-07,4,5,4,4,1,3
CFB006266,C063,2023-05-07,4,2,5,5,3,2
CFB006267,C056,2023-05-07,3,3,5,5,2,2
CFB006268,C063,2023-05-07,4,3,3,4,3,3
CFB006269,C020,2023-05-07,5,3,4,5,2,4
CFB006270,C029,2023-05-08,5,4,5,3,4,3
CFB006271,C089,2023-05-08,4,5,2,3,3,4
CFB006272,C045,2023-05-08,4,4,4,4,3,4
CFB006273,C038,2023-05-08,3,3,5,4,4,2
CFB006274,C017,2023-05-08,4,3,4,5,2,3
CFB006275,C087,2023-05-08,4,5,3,3,3,5
CFB006276,C038,2023-05-08,5,4,5,4,4,5
CFB006277,C079,2023-05-08,3,3,4,3,4,4
CFB006278,C007,2023-05-08,4,4,4,3,4,4
CFB006279,C074,2023-05-08,5,5,4,5,2,5
CFB006280,C010,2023-05-08,5,3,4,4,4,5
CFB006281,C074,2023-05-08,5,4,4,5,3,4
CFB006282,C077,2023-05-08,4,2,3,3,1,5
CFB006283,C039,2023-05-08,4,3,3,5,2,4
CFB006284,C029,2023-05-08,2,4,3,3,5,4
CFB006285,C087,2023-05-08,4,3,4,4,4,3
CFB006286,C029,2023-05-08,3,4,4,4,4,4
CFB006287,C024,2023-05-08,3,5,3,3,4,3
CFB006288,C040,2023-05-08,3,3,2,3,4,3
CFB006289,C040,2023-05-08,3,5,5,5,3,5
CFB006290,C027,2023-05-08,5,5,5,4,3,5
CFB006291,C044,2023-05-08,4,3,3,3,5,3
CFB006292,C027,2023-05-08,4,3,4,4,2,5
CFB006293,C039,2023-05-08,4,5,4,3,4,4
CFB006294,C080,2023-05-08,4,4,4,4,3,5
CFB006295,C054,2023-05-08,4,3,4,3,4,3
CFB006296,C070,2023-05-08,4,3,3,3,4,4
CFB006297,C031,2023-05-08,4,4,5,2,3,4
CFB006298,C066,2023-05-08,5,3,2,4,4,4
CFB006299,C084,2023-05-08,4,3,3,5,4,5
CFB006300,C069,2023-05-08,5,5,5,4,4,5
CFB006301,C063,2023-05-08,4,5,4,4,2,4
CFB006302,C051,2023-05-08,3,4,4,5,3,4
CFB006303,C059,2023-05-08,5,5,3,4,5,4
CFB006304,C081,2023-05-08,4,3,5,5,3,5
CFB006305,C086,2023-05-08,5,3,5,3,4,3
CFB006306,C030,2023-05-09,5,4,4,4,3,4
CFB006307,C019,2023-05-09,4,4,4,4,3,4
CFB006308,C031,2023-05-09,4,5,3,4,2,5
CFB006309,C075,2023-05-09,4,3,5,4,4,4
CFB006310,C037,2023-05-09,3,4,5,4,3,4
CFB006311,C078,2023-05-09,4,3,3,3,3,3
CFB006312,C074,2023-05-09,5,3,3,4,3,3
CFB006313,C039,2023-05-09,4,5,4,3,5,3
CFB006314,C068,2023-05-09,5,5,4,5,3,5
CFB006315,C010,2023-05-09,5,4,4,4,4,4
CFB006316,C016,2023-05-09,4,3,4,4,4,4
CFB006317,C031,2023-05-09,5,4,4,4,2,4
CFB006318,C017,2023-05-09,5,4,4,4,4,3
CFB006319,C008,2023-05-09,4,3,3,4,3,4
CFB006320,C020,2023-05-09,4,4,4,4,2,4
CFB006321,C040,2023-05-09,4,5,4,2,2,3
CFB006322,C046,2023-05-09,3,4,3,4,3,4
CFB006323,C045,2023-05-09,4,5,5,5,5,3
CFB006324,C007,2023-05-09,3,4,4,4,1,3
CFB006325,C063,2023-05-09,3,3,4,4,2,2
CFB006326,C045,2023-05-10,4,4,3,3,5,4
CFB006327,C070,2023-05-10,3,4,5,5,2,4
CFB006328,C007,2023-05-10,4,3,5,3,3,4
CFB006329,C032,2023-05-10,4,5,4,3,3,4
CFB006330,C063,2023-05-10,5,5,4,5,2,5
CFB006331,C044,2023-05-10,5,3,5,4,4,5
CFB006332,C034,2023-05-10,5,5,5,3,4,4
CFB006333,C037,2023-05-10,4,3,5,4,2,5
CFB006334,C054,2023-05-10,5,5,5,5,3,3
CFB006335,C018,2023-05-10,4,4,4,4,2,3
CFB006336,C084,2023-05-10,3,4,5,4,1,3
CFB006337,C074,2023-05-10,4,4,3,4,2,4
CFB006338,C056,2023-05-10,4,5,3,5,3,5
CFB006339,C075,2023-05-10,3,4,3,5,4,4
CFB006340,C027,2023-05-10,3,4,4,5,3,5
CFB006341,C069,2023-05-10,3,4,4,5,5,4
CFB006342,C065,2023-05-10,5,5,5,5,5,5
CFB006343,C074,2023-05-10,4,3,5,3,2,4
CFB006344,C007,2023-05-10,3,4,3,3,5,3
CFB006345,C037,2023-05-10,5,3,4,5,2,4
CFB006346,C030,2023-05-10,3,2,2,3,3,4
CFB006347,C059,2023-05-10,3,4,2,4,3,5
CFB006348,C027,2023-05-10,4,5,3,4,2,4
CFB006349,C060,2023-05-10,3,3,5,3,3,3
CFB006350,C047,2023-05-10,4,3,3,4,4,4
CFB006351,C002,2023-05-10,5,5,4,4,3,5
CFB006352,C043,2023-05-10,3,4,3,3,2,3
CFB006353,C030,2023-05-10,4,3,5,4,4,2
CFB006354,C047,2023-05-10,4,4,4,4,2,5
CFB006355,C016,2023-05-10,5,4,2,4,4,4
CFB006356,C081,2023-05-10,4,2,4,4,3,3
CFB006357,C006,2023-05-10,4,3,5,3,1,4
CFB006358,C047,2023-05-10,5,3,3,5,2,4
CFB006359,C008,2023-05-10,4,4,4,4,5,5
CFB006360,C020,2023-05-10,2,3,4,3,4,2
CFB006361,C085,2023-05-10,3,5,4,5,3,5
CFB006362,C002,2023-05-10,3,4,5,4,3,5
CFB006363,C070,2023-05-10,5,2,4,1,4,3
CFB006364,C079,2023-05-10,4,4,3,4,4,4
CFB006365,C046,2023-05-10,5,4,4,5,4,4
CFB006366,C063,2023-05-11,4,4,5,5,3,5
CFB006367,C084,2023-05-11,4,3,5,4,4,3
CFB006368,C031,2023-05-11,5,3,5,4,2,4
CFB006369,C007,2023-05-11,5,4,5,4,3,4
CFB006370,C030,2023-05-11,3,2,3,4,4,5
CFB006371,C010,2023-05-11,4,4,5,5,4,4
CFB006372,C048,2023-05-11,3,5,3,5,2,4
CFB006373,C067,2023-05-11,3,1,4,4,1,4
CFB006374,C020,2023-05-11,4,4,3,5,3,4
CFB006375,C062,2023-05-11,5,3,5,5,3,5
CFB006376,C054,2023-05-11,3,3,3,2,3,3
CFB006377,C031,2023-05-11,5,4,4,3,3,4
CFB006378,C088,2023-05-11,4,3,5,3,1,4
CFB006379,C038,2023-05-11,5,3,3,3,3,3
CFB006380,C085,2023-05-11,4,4,5,5,5,5
CFB006381,C079,2023-05-11,4,2,3,4,4,3
CFB006382,C079,2023-05-11,3,3,3,3,2,2
CFB006383,C077,2023-05-11,5,4,5,4,3,5
CFB006384,C006,2023-05-11,5,4,4,5,2,4
CFB006385,C065,2023-05-11,3,5,3,4,4,3
CFB006386,C065,2023-05-11,5,3,4,3,2,5
CFB006387,C077,2023-05-11,2,5,3,4,3,3
CFB006388,C031,2023-05-11,3,5,4,4,2,5
CFB006389,C059,2023-05-11,4,3,4,5,2,5
CFB006390,C039,2023-05-11,4,5,5,5,5,5
CFB006391,C085,2023-05-11,3,4,3,4,4,4
CFB006392,C070,2023-05-11,3,5,5,4,3,5
CFB006393,C051,2023-05-11,3,4,4,4,4,4
CFB006394,C089,2023-05-11,4,3,4,3,3,5
CFB006395,C065,2023-05-11,4,5,4,5,3,3
CFB006396,C088,2023-05-11,4,5,3,4,1,5
CFB006397,C081,2023-05-12,4,4,3,4,3,4
CFB006398,C087,2023-05-12,5,5,4,4,3,2
CFB006399,C008,2023-05-12,4,4,4,5,5,3
CFB006400,C018,2023-05-12,4,3,5,2,2,3
CFB006401,C007,2023-05-12,3,1,5,3,3,5
CFB006402,C017,2023-05-12,5,2,3,4,3,3
CFB006403,C038,2023-05-12,5,2,4,3,3,5
CFB006404,C061,2023-05-12,4,2,4,4,3,3
CFB006405,C062,2023-05-12,4,2,3,5,5,3
CFB006406,C021,2023-05-12,3,3,2,3,4,4
CFB006407,C080,2023-05-12,3,4,5,5,3,3
CFB006408,C004,2023-05-12,5,5,5,4,4,4
CFB006409,C043,2023-05-12,5,4,5,5,2,4
CFB006410,C063,2023-05-12,4,2,3,3,3,2
CFB006411,C075,2023-05-12,3,5,4,4,2,4
CFB006412,C036,2023-05-12,3,3,2,4,1,3
CFB006413,C080,2023-05-12,4,2,4,5,3,5
CFB006414,C040,2023-05-12,5,4,5,5,2,4
CFB006415,C073,2023-05-12,4,5,3,4,5,5
CFB006416,C029,2023-05-12,4,5,5,4,4,4
CFB006417,C068,2023-05-12,3,4,4,3,2,5
CFB006418,C044,2023-05-12,4,2,2,3,3,2
CFB006419,C078,2023-05-12,3,3,5,3,4,2
CFB006420,C040,2023-05-12,4,4,3,4,3,4
CFB006421,C056,2023-05-12,4,5,5,4,5,4
CFB006422,C037,2023-05-12,2,1,3,4,2,2
CFB006423,C088,2023-05-12,4,4,3,3,2,3
CFB006424,C055,2023-05-12,4,3,4,4,2,4
CFB006425,C054,2023-05-12,4,4,3,5,3,5
CFB006426,C067,2023-05-12,5,4,4,5,4,5
CFB006427,C068,2023-05-12,5,3,3,5,2,3
CFB006428,C077,2023-05-12,3,4,4,3,4,4
CFB006429,C065,2023-05-12,4,3,5,2,4,4
CFB006430,C019,2023-05-13,4,4,4,5,3,5
CFB006431,C075,2023-05-13,5,4,3,3,4,4
CFB006432,C069,2023-05-13,4,2,3,3,3,4
CFB006433,C045,2023-05-13,4,2,4,2,4,4
CFB006434,C024,2023-05-13,3,3,4,3,2,3
CFB006435,C089,2023-05-13,4,4,5,4,4,5
CFB006436,C027,2023-05-13,4,4,3,4,4,3
CFB006437,C048,2023-05-13,4,3,5,4,2,4
CFB006438,C039,2023-05-13,4,5,4,5,3,3
CFB006439,C079,2023-05-13,3,3,4,5,3,5
CFB006440,C032,2023-05-13,3,4,5,5,5,3
CFB006441,C044,2023-05-13,4,4,5,4,3,5
CFB006442,C027,2023-05-13,5,4,5,4,2,5
CFB006443,C065,2023-05-13,4,3,4,5,4,4
CFB006444,C038,2023-05-13,3,4,5,1,3,4
CFB006445,C068,2023-05-13,5,5,5,5,1,5
CFB006446,C087,2023-05-13,5,5,5,5,3,4
CFB006447,C031,2023-05-13,4,4,3,3,3,5
CFB006448,C068,2023-05-13,4,4,5,2,2,4
CFB006449,C007,2023-05-13,5,3,5,4,5,5
CFB006450,C067,2023-05-13,3,3,4,4,4,3
CFB006451,C086,2023-05-13,4,4,3,4,5,4
CFB006452,C087,2023-05-13,5,4,4,5,3,3
CFB006453,C007,2023-05-13,5,3,4,5,3,3
CFB006454,C070,2023-05-13,4,4,4,5,3,2
CFB006455,C085,2023-05-13,4,4,4,2,2,3
CFB006456,C035,2023-05-13,4,4,4,3,4,3
CFB006457,C036,2023-05-13,4,3,5,4,4,3
CFB006458,C074,2023-05-14,3,3,3,2,2,4
CFB006459,C046,2023-05-14,4,4,4,3,3,3
CFB006460,C048,2023-05-14,3,3,4,5,2,4
CFB006461,C073,2023-05-14,3,4,3,4,5,5
CFB006462,C024,2023-05-14,3,4,4,4,4,4
CFB006463,C055,2023-05-14,3,5,3,3,3,2
CFB006464,C039,2023-05-14,3,3,3,4,5,4
CFB006465,C084,2023-05-14,3,4,4,4,4,5
CFB006466,C039,2023-05-14,2,1,4,5,3,5
CFB006467,C063,2023-05-14,3,2,3,2,3,4
CFB006468,C085,2023-05-14,3,2,5,3,3,4
CFB006469,C010,2023-05-14,3,3,3,3,3,3
CFB006470,C054,2023-05-14,3,4,4,5,4,3
CFB006471,C002,2023-05-14,5,4,4,4,2,5
CFB006472,C062,2023-05-14,5,4,4,3,5,4
CFB006473,C047,2023-05-14,5,3,3,3,3,5
CFB006474,C045,2023-05-14,3,3,3,2,4,4
CFB006475,C061,2023-05-14,4,5,5,5,3,3
CFB006476,C075,2023-05-14,3,2,5,3,2,4
CFB006477,C008,2023-05-14,2,5,2,3,3,2
CFB006478,C084,2023-05-14,4,3,4,1,1,4
CFB006479,C068,2023-05-14,4,3,5,4,5,3
CFB006480,C045,2023-05-14,4,4,5,4,2,4
CFB006481,C031,2023-05-14,5,2,5,3,5,5
CFB006482,C063,2023-05-14,2,4,3,4,4,2
CFB006483,C047,2023-05-14,3,1,3,3,2,4
CFB006484,C074,2023-05-14,4,3,4,4,4,4
CFB006485,C062,2023-05-14,4,3,3,4,3,5
CFB006486,C044,2023-05-14,3,4,4,4,3,5
CFB006487,C089,2023-05-14,3,5,3,5,4,4
CFB006488,C088,2023-05-14,5,4,4,4,2,5
CFB006489,C037,2023-05-14,5,5,3,4,3,5
CFB006490,C047,2023-05-14,4,4,4,4,2,4
CFB006491,C085,2023-05-14,5,4,5,3,4,4
CFB006492,C029,2023-05-14,4,5,4,5,2,3
CFB006493,C037,2023-05-14,5,3,4,4,3,4
CFB006494,C068,2023-05-14,4,4,4,4,2,5
CFB006495,C027,2023-05-14,4,4,3,5,3,4
CFB006496,C051,2023-05-15,5,2,3,3,4,4
CFB006497,C077,2023-05-15,4,2,3,4,3,4
CFB006498,C035,2023-05-15,5,3,4,5,1,5
CFB006499,C070,2023-05-15,4,4,3,4,3,4
CFB006500,C061,2023-05-15,5,4,3,4,4,5
CFB006501,C087,2023-05-15,4,5,4,5,4,3
CFB006502,C089,2023-05-15,5,4,5,4,3,3
CFB006503,C051,2023-05-15,2,4,4,4,1,4
CFB006504,C074,2023-05-15,4,5,4,2,3,4
CFB006505,C039,2023-05-15,2,3,2,4,2,2
CFB006506,C088,2023-05-15,4,5,3,5,4,4
CFB006507,C089,2023-05-15,2,4,3,3,3,4
CFB006508,C074,2023-05-15,4,5,3,2,4,3
CFB006509,C061,2023-05-15,4,4,4,5,3,5
CFB006510,C034,2023-05-15,5,5,4,5,1,3
CFB006511,C008,2023-05-15,5,4,5,4,3,5
CFB006512,C079,2023-05-15,4,3,3,5,5,4
CFB006513,C069,2023-05-15,4,4,4,2,3,4
CFB006514,C063,2023-05-15,4,4,4,1,3,4
CFB006515,C031,2023-05-15,3,3,3,3,3,3
CFB006516,C007,2023-05-15,4,3,3,4,4,3
CFB006517,C037,2023-05-15,3,3,3,4,4,4
CFB006518,C046,2023-05-16,5,3,5,4,4,5
CFB006519,C060,2023-05-16,5,3,5,4,3,3
CFB006520,C029,2023-05-16,4,3,4,5,4,3
CFB006521,C007,2023-05-16,4,3,5,4,4,4
CFB006522,C063,2023-05-16,3,2,3,5,3,3
CFB006523,C010,2023-05-16,5,5,4,4,1,3
CFB006524,C019,2023-05-16,4,4,4,4,3,3
CFB006525,C055,2023-05-16,5,4,4,4,3,4
CFB006526,C087,2023-05-16,4,4,3,4,3,3
CFB006527,C039,2023-05-16,5,2,3,3,3,3
CFB006528,C070,2023-05-16,4,4,3,4,1,4
CFB006529,C062,2023-05-16,5,1,4,3,3,3
CFB006530,C067,2023-05-16,3,4,5,4,5,4
CFB006531,C037,2023-05-16,4,4,4,5,3,3
CFB006532,C074,2023-05-16,3,2,4,3,2,1
CFB006533,C027,2023-05-16,5,4,4,4,3,5
CFB006534,C079,2023-05-16,4,5,4,4,2,4
CFB006535,C017,2023-05-16,4,5,4,4,4,5
CFB006536,C048,2023-05-16,4,3,4,3,4,4
CFB006537,C087,2023-05-16,3,2,3,4,3,3
CFB006538,C048,2023-05-16,5,3,5,3,3,5
CFB006539,C077,2023-05-16,4,5,5,3,2,5
CFB006540,C062,2023-05-16,3,4,4,3,4,3
CFB006541,C062,2023-05-16,5,4,4,5,5,5
CFB006542,C063,2023-05-16,5,5,5,5,2,5
CFB006543,C032,2023-05-16,3,4,4,4,3,3
CFB006544,C086,2023-05-16,3,4,4,5,5,3
CFB006545,C078,2023-05-16,4,3,2,4,2,4
CFB006546,C008,2023-05-16,4,4,3,5,4,2
CFB006547,C066,2023-05-16,5,4,4,4,3,4
CFB006548,C085,2023-05-16,2,3,5,4,3,5
CFB006549,C043,2023-05-16,3,4,4,5,2,3
CFB006550,C061,2023-05-16,3,2,4,3,4,5
CFB006551,C084,2023-05-16,3,3,4,3,4,4
CFB006552,C073,2023-05-16,3,5,4,4,3,5
CFB006553,C067,2023-05-16,5,3,4,3,3,4
CFB006554,C070,2023-05-16,3,4,4,4,2,3
CFB006555,C018,2023-05-16,3,3,2,4,3,5
CFB006556,C039,2023-05-16,5,3,3,4,5,5
CFB006557,C048,2023-05-16,5,4,3,5,2,5
CFB006558,C080,2023-05-16,4,5,5,5,4,2
CFB006559,C044,2023-05-16,4,4,3,4,3,4
CFB006560,C069,2023-05-17,5,4,3,4,3,2
CFB006561,C010,2023-05-17,5,4,4,4,2,5
CFB006562,C029,2023-05-17,4,4,5,4,4,4
CFB006563,C048,2023-05-17,3,4,3,4,3,3
CFB006564,C062,2023-05-17,2,4,3,5,4,4
CFB006565,C056,2023-05-17,5,5,5,5,5,4
CFB006566,C063,2023-05-17,4,4,5,4,3,4
CFB006567,C034,2023-05-17,5,4,5,5,4,5
CFB006568,C068,2023-05-17,2,4,2,3,3,3
CFB006569,C074,2023-05-17,5,3,5,5,3,3
CFB006570,C010,2023-05-17,4,3,3,3,4,3
CFB006571,C086,2023-05-17,4,5,3,2,5,4
CFB006572,C065,2023-05-17,4,4,4,3,2,3
CFB006573,C069,2023-05-17,4,5,3,4,3,3
CFB006574,C059,2023-05-17,4,5,4,5,2,3
CFB006575,C018,2023-05-17,4,5,4,5,3,4
CFB006576,C085,2023-05-17,5,5,4,5,2,5
CFB006577,C054,2023-05-17,3,4,5,4,4,4
CFB006578,C018,2023-05-17,4,2,3,5,3,4
CFB006579,C045,2023-05-17,4,5,5,5,3,4
CFB006580,C024,2023-05-17,5,4,3,4,3,4
CFB006581,C065,2023-05-17,4,3,4,5,2,4
CFB006582,C070,2023-05-17,5,5,5,3,4,4
CFB006583,C044,2023-05-17,3,3,3,4,3,2
CFB006584,C018,2023-05-17,5,4,4,4,3,4
CFB006585,C051,2023-05-17,4,3,3,4,4,5
CFB006586,C061,2023-05-17,3,2,5,3,2,3
CFB006587,C029,2023-05-17,5,3,4,5,5,5
CFB006588,C089,2023-05-17,4,5,4,4,3,3
CFB006589,C078,2023-05-17,4,5,5,5,3,5
CFB006590,C069,2023-05-17,4,4,5,4,3,4
CFB006591,C013,2023-05-17,4,3,4,4,5,1
CFB006592,C086,2023-05-17,4,3,4,3,3,5
CFB006593,C027,2023-05-17,4,3,3,3,3,4
CFB006594,C038,2023-05-17,3,2,3,3,4,3
CFB006595,C030,2023-05-17,4,4,3,3,1,3
CFB006596,C081,2023-05-17,4,4,4,4,3,4
CFB006597,C054,2023-05-17,3,3,3,3,3,4
CFB006598,C079,2023-05-17,3,2,4,3,5,5
CFB006599,C016,2023-05-17,4,3,5,5,4,5
CFB006600,C034,2023-05-17,3,3,4,3,3,4
CFB006601,C063,2023-05-17,3,3,4,3,4,4
CFB006602,C044,2023-05-17,3,3,4,5,4,3
CFB006603,C032,2023-05-17,4,4,3,3,3,3
CFB006604,C068,2023-05-18,4,2,2,3,4,4
CFB006605,C089,2023-05-18,5,4,3,4,5,5
CFB006606,C080,2023-05-18,4,3,4,5,3,3
CFB006607,C032,2023-05-18,4,3,5,4,3,4
CFB006608,C035,2023-05-18,4,4,4,3,4,4
CFB006609,C086,2023-05-18,2,4,1,5,4,2
CFB006610,C066,2023-05-18,5,5,3,3,3,5
CFB006611,C075,2023-05-18,4,4,5,5,4,3
CFB006612,C051,2023-05-18,3,3,3,4,2,4
CFB006613,C077,2023-05-18,4,2,4,4,3,3
CFB006614,C081,2023-05-18,4,3,3,5,3,3
CFB006615,C061,2023-05-18,4,4,4,5,5,3
CFB006616,C013,2023-05-18,3,2,3,3,4,4
CFB006617,C084,2023-05-18,4,4,4,4,2,5
CFB006618,C068,2023-05-18,5,4,3,4,3,4
CFB006619,C087,2023-05-18,3,5,3,4,2,3
CFB006620,C031,2023-05-18,5,4,4,4,5,4
CFB006621,C074,2023-05-18,3,2,2,5,4,3
CFB006622,C007,2023-05-18,4,4,5,5,2,4
CFB006623,C066,2023-05-18,3,3,5,4,4,4
CFB006624,C051,2023-05-18,5,4,4,5,3,5
CFB006625,C086,2023-05-18,4,3,3,3,4,3
CFB006626,C043,2023-05-18,3,3,3,4,3,4
CFB006627,C043,2023-05-18,5,4,2,3,2,5
CFB006628,C035,2023-05-18,4,4,5,3,1,5
CFB006629,C040,2023-05-18,5,5,4,5,2,4
CFB006630,C080,2023-05-18,5,4,5,5,3,3
CFB006631,C075,2023-05-19,4,5,5,5,4,4
CFB006632,C037,2023-05-19,4,4,4,4,2,4
CFB006633,C019,2023-05-19,5,4,3,4,3,5
CFB006634,C059,2023-05-19,5,5,3,4,2,5
CFB006635,C078,2023-05-19,3,4,3,5,4,4
CFB006636,C015,2023-05-19,4,4,4,5,2,4
CFB006637,C088,2023-05-19,4,3,5,4,2,3
CFB006638,C036,2023-05-19,5,5,4,2,3,5
CFB006639,C063,2023-05-19,5,5,5,5,4,5
CFB006640,C021,2023-05-19,4,4,5,4,3,5
CFB006641,C060,2023-05-19,4,4,3,3,4,1
CFB006642,C055,2023-05-19,4,5,5,5,4,3
CFB006643,C039,2023-05-19,5,5,4,3,4,3
CFB006644,C020,2023-05-19,4,4,4,4,5,4
CFB006645,C029,2023-05-19,5,5,5,3,3,5
CFB006646,C059,2023-05-19,4,2,4,3,3,4
CFB006647,C069,2023-05-19,5,4,3,5,2,5
CFB006648,C020,2023-05-19,4,3,4,3,5,3
CFB006649,C038,2023-05-19,4,3,2,4,5,4
CFB006650,C035,2023-05-19,3,4,4,3,5,3
CFB006651,C046,2023-05-19,4,3,5,4,3,2
CFB006652,C017,2023-05-19,3,3,5,5,4,4
CFB006653,C070,2023-05-19,4,4,4,4,2,4
CFB006654,C048,2023-05-19,5,4,4,4,2,3
CFB006655,C067,2023-05-19,3,5,4,3,4,4
CFB006656,C088,2023-05-19,3,2,4,4,1,3
CFB006657,C067,2023-05-19,3,3,3,4,5,4
CFB006658,C044,2023-05-19,3,5,5,5,4,4
CFB006659,C069,2023-05-19,5,4,5,4,2,3
CFB006660,C075,2023-05-19,4,2,5,4,2,5
CFB006661,C061,2023-05-19,4,4,3,4,4,4
CFB006662,C075,2023-05-19,2,4,3,3,4,3
CFB006663,C068,2023-05-19,5,4,2,5,4,5
CFB006664,C089,2023-05-19,5,4,5,5,4,5
CFB006665,C040,2023-05-19,4,3,5,3,5,3
CFB006666,C081,2023-05-19,3,4,4,4,3,4
CFB006667,C061,2023-05-19,3,3,4,2,4,3
CFB006668,C031,2023-05-19,4,3,4,2,2,3
CFB006669,C048,2023-05-19,3,2,4,3,3,3
CFB006670,C077,2023-05-19,3,4,5,4,5,5
CFB006671,C079,2023-11-10,5,3,3,4,3,3
CFB006672,C043,2023-11-10,4,4,5,5,4,4
CFB006673,C084,2023-11-10,5,4,4,5,3,4
CFB006674,C007,2023-11-10,4,4,3,5,2,3
CFB006675,C015,2023-11-10,3,4,3,4,3,4
CFB006676,C018,2023-11-10,5,5,4,5,2,5
CFB006677,C080,2023-11-10,5,3,4,4,4,4
CFB006678,C088,2023-11-10,5,3,3,4,4,4
CFB006679,C080,2023-11-10,5,4,4,4,3,4
CFB006680,C021,2023-11-10,5,5,5,5,2,4
CFB006681,C054,2023-11-10,3,2,3,3,3,4
CFB006682,C020,2023-11-10,4,3,3,3,4,5
CFB006683,C073,2023-11-10,3,4,5,3,4,3
CFB006684,C006,2023-11-10,2,3,5,5,4,4
CFB006685,C034,2023-11-10,4,4,3,3,3,3
CFB006686,C027,2023-11-10,3,4,5,4,5,4
CFB006687,C002,2023-11-10,5,4,4,4,4,3
CFB006688,C074,2023-11-10,5,3,4,4,2,5
CFB006689,C087,2023-11-10,5,4,4,5,3,4
CFB006690,C087,2023-11-10,4,3,4,4,1,4
CFB006691,C035,2023-11-10,3,3,2,3,3,3
CFB006692,C087,2023-11-10,5,3,5,5,2,4
CFB006693,C078,2023-11-10,4,2,5,5,2,5
CFB006694,C046,2023-11-10,2,5,4,3,4,3
CFB006695,C074,2023-11-10,3,4,5,4,1,3
CFB006696,C079,2023-11-10,4,4,3,4,2,4
CFB006697,C031,2023-11-10,4,5,4,5,3,4
CFB006698,C085,2023-11-10,5,4,2,4,3,4
CFB006699,C069,2023-11-10,4,4,3,3,3,2
CFB006700,C087,2023-11-10,4,3,3,5,4,5
CFB006701,C036,2023-11-10,5,5,4,5,4,3
CFB006702,C021,2023-11-10,5,5,4,4,3,5
CFB006703,C075,2023-11-10,4,4,5,5,1,4
CFB006704,C051,2023-11-10,5,4,4,4,4,2
CFB006705,C067,2023-11-10,2,3,4,4,2,4
CFB006706,C066,2023-11-10,4,4,3,4,4,3
CFB006707,C013,2023-11-10,3,3,5,2,2,2
CFB006708,C079,2023-11-10,5,4,4,5,3,3
CFB006709,C046,2023-11-10,3,3,5,3,4,3
CFB006710,C037,2023-11-10,3,2,3,2,2,2
CFB006711,C010,2023-11-10,3,3,3,4,1,5
CFB006712,C027,2023-11-10,3,5,3,3,4,2
CFB006713,C051,2023-11-10,3,4,3,4,3,4
CFB006714,C034,2023-11-10,5,4,4,3,3,3
CFB006715,C074,2023-11-10,4,3,3,4,5,3
CFB006716,C034,2023-11-11,3,5,5,5,5,5
CFB006717,C024,2023-11-11,3,3,4,4,4,3
CFB006718,C054,2023-11-11,5,4,4,4,2,4
CFB006719,C017,2023-11-11,5,4,5,4,2,4
CFB006720,C043,2023-11-11,5,3,4,3,3,4
CFB006721,C039,2023-11-11,3,3,5,4,3,4
CFB006722,C075,2023-11-11,5,3,4,5,3,4
CFB006723,C085,2023-11-11,4,4,5,4,3,4
CFB006724,C069,2023-11-11,4,4,2,4,3,4
CFB006725,C060,2023-11-11,5,5,2,5,3,4
CFB006726,C085,2023-11-11,4,4,5,4,3,4
CFB006727,C074,2023-11-11,4,3,4,4,3,4
CFB006728,C063,2023-11-11,4,4,2,3,3,4
CFB006729,C088,2023-11-11,5,5,5,5,3,4
CFB006730,C008,2023-11-11,4,4,4,3,3,4
CFB006731,C021,2023-11-11,5,2,3,5,3,4
CFB006732,C007,2023-11-11,4,2,5,3,2,3
CFB006733,C067,2023-11-11,5,4,4,4,4,5
CFB006734,C008,2023-11-11,3,4,4,4,2,4
CFB006735,C063,2023-11-11,3,3,4,2,2,5
CFB006736,C010,2023-11-11,3,3,3,3,4,3
CFB006737,C043,2023-11-11,3,3,4,4,2,4
CFB006738,C044,2023-11-11,5,3,5,3,3,4
CFB006739,C061,2023-11-11,4,4,4,2,2,3
CFB006740,C037,2023-11-11,5,4,5,5,4,5
CFB006741,C068,2023-11-11,3,3,4,3,2,3
CFB006742,C088,2023-11-11,3,2,4,4,2,3
CFB006743,C031,2023-11-11,3,3,3,4,3,4
CFB006744,C073,2023-11-11,2,3,3,3,3,4
CFB006745,C018,2023-11-11,5,3,4,4,3,3
CFB006746,C088,2023-11-11,4,2,2,4,3,4
CFB006747,C046,2023-11-11,3,4,4,3,2,3
CFB006748,C020,2023-11-11,4,4,5,5,2,2
CFB006749,C054,2023-11-11,3,4,3,4,4,4
CFB006750,C059,2023-11-11,4,4,3,4,4,4
CFB006751,C034,2023-11-11,3,3,3,2,3,3
CFB006752,C027,2023-11-11,4,3,2,5,2,4
CFB006753,C048,2023-11-11,3,4,3,4,3,5
CFB006754,C027,2023-11-11,5,3,2,3,4,3
CFB006755,C084,2023-11-11,4,4,3,5,4,5
CFB006756,C010,2023-11-11,5,4,4,4,5,3
CFB006757,C013,2023-11-11,4,5,4,4,4,3
CFB006758,C061,2023-11-11,4,4,2,5,5,4
CFB006759,C034,2023-11-11,5,5,3,3,5,4
CFB006760,C027,2023-11-11,3,3,2,3,1,4
CFB006761,C024,2023-11-11,3,5,5,4,3,4
CFB006762,C046,2023-11-11,4,5,4,5,2,4
CFB006763,C007,2023-11-11,5,3,3,4,4,4
CFB006764,C056,2023-11-11,4,3,5,4,4,4
CFB006765,C073,2023-11-11,4,3,3,4,4,4
CFB006766,C059,2023-11-11,4,3,4,3,4,4
CFB006767,C069,2023-11-11,3,4,4,5,2,4
CFB006768,C054,2023-11-12,5,3,5,5,4,5
CFB006769,C060,2023-11-12,3,4,3,5,3,4
CFB006770,C018,2023-11-12,4,5,4,3,3,5
CFB006771,C054,2023-11-12,3,5,5,5,3,4
CFB006772,C016,2023-11-12,3,4,5,3,3,3
CFB006773,C062,2023-11-12,4,4,3,5,2,3
CFB006774,C010,2023-11-12,4,3,4,5,3,5
CFB006775,C066,2023-11-12,5,5,5,4,4,5
CFB006776,C024,2023-11-12,4,4,3,4,5,2
CFB006777,C013,2023-11-12,4,3,3,5,3,4
CFB006778,C084,2023-11-12,4,5,4,3,1,4
CFB006779,C007,2023-11-12,3,3,4,3,4,3
CFB006780,C020,2023-11-12,5,4,5,3,4,4
CFB006781,C085,2023-11-12,1,3,3,4,3,2
CFB006782,C086,2023-11-12,2,4,3,2,4,4
CFB006783,C027,2023-11-12,3,2,4,2,2,4
CFB006784,C084,2023-11-12,5,5,3,4,5,5
CFB006785,C088,2023-11-12,3,3,3,3,2,3
CFB006786,C087,2023-11-12,5,4,4,5,4,4
CFB006787,C036,2023-11-12,2,4,4,3,2,4
CFB006788,C068,2023-11-12,5,5,4,5,3,3
CFB006789,C030,2023-11-12,3,2,4,4,2,4
CFB006790,C027,2023-11-12,4,5,3,3,3,4
CFB006791,C004,2023-11-12,5,3,4,4,2,4
CFB006792,C080,2023-11-12,4,3,5,3,2,2
CFB006793,C040,2023-11-12,5,4,5,4,4,4
CFB006794,C068,2023-11-12,4,3,3,3,3,3
CFB006795,C069,2023-11-12,5,5,5,5,3,5
CFB006796,C066,2023-11-12,4,5,4,2,3,5
CFB006797,C075,2023-11-12,5,4,3,4,4,3
CFB006798,C024,2023-11-12,3,3,4,3,4,4
CFB006799,C073,2023-11-12,3,2,4,4,2,4
CFB006800,C043,2023-11-12,3,4,2,5,3,3
CFB006801,C080,2023-11-12,5,5,5,4,5,5
CFB006802,C089,2023-11-12,5,5,4,5,4,5
CFB006803,C074,2023-11-12,5,3,4,4,4,4
CFB006804,C030,2023-11-12,4,4,5,5,3,4
CFB006805,C051,2023-11-12,5,4,3,4,4,4
CFB006806,C007,2023-11-12,5,5,3,5,4,3
CFB006807,C084,2023-11-12,5,4,4,4,2,2
CFB006808,C063,2023-11-12,5,5,5,5,3,4
CFB006809,C037,2023-11-12,5,4,5,5,2,5
CFB006810,C021,2023-11-12,4,1,5,5,4,5
CFB006811,C056,2023-11-12,5,3,3,4,5,5
CFB006812,C089,2023-11-12,4,4,2,4,4,4
CFB006813,C008,2023-11-12,5,3,4,5,3,3
CFB006814,C024,2023-11-12,4,2,5,4,3,5
CFB006815,C044,2023-11-12,5,4,3,3,4,4
CFB006816,C056,2023-11-13,5,3,3,3,4,3
CFB006817,C089,2023-11-13,5,3,4,4,4,3
CFB006818,C075,2023-11-13,5,3,4,5,3,2
CFB006819,C084,2023-11-13,4,3,4,3,2,4
CFB006820,C089,2023-11-13,5,3,5,3,5,5
CFB006821,C067,2023-11-13,5,4,5,3,5,3
CFB006822,C055,2023-11-13,2,3,4,3,2,4
CFB006823,C031,2023-11-13,5,3,4,4,3,4
CFB006824,C008,2023-11-13,4,3,2,3,2,3
CFB006825,C037,2023-11-13,4,5,3,4,2,4
CFB006826,C066,2023-11-13,4,5,4,4,3,4
CFB006827,C063,2023-11-13,4,5,5,4,2,5
CFB006828,C013,2023-11-13,4,3,3,3,3,4
CFB006829,C059,2023-11-13,3,5,3,5,5,3
CFB006830,C002,2023-11-13,3,5,5,5,2,5
CFB006831,C073,2023-11-13,5,5,5,5,1,5
CFB006832,C020,2023-11-13,3,3,5,4,3,5
CFB006833,C077,2023-11-13,4,4,2,2,3,3
CFB006834,C046,2023-11-13,4,4,3,4,3,3
CFB006835,C037,2023-11-13,4,4,3,4,3,4
CFB006836,C055,2023-11-13,4,5,4,5,2,2
CFB006837,C068,2023-11-13,3,3,3,3,4,3
CFB006838,C085,2023-11-13,4,3,4,4,4,4
CFB006839,C031,2023-11-13,5,2,2,3,3,4
CFB006840,C007,2023-11-13,3,3,2,4,2,4
CFB006841,C044,2023-11-13,4,4,5,4,1,5
CFB006842,C087,2023-11-13,5,3,3,3,2,5
CFB006843,C010,2023-11-13,5,4,3,4,3,5
CFB006844,C039,2023-11-13,4,3,3,3,4,1
CFB006845,C006,2023-11-13,5,4,3,3,5,4
CFB006846,C069,2023-11-13,3,3,4,4,3,3
CFB006847,C089,2023-11-13,5,3,4,4,5,4
CFB006848,C074,2023-11-13,5,3,4,4,2,4
CFB006849,C010,2023-11-13,3,4,5,4,1,2
CFB006850,C054,2023-11-13,4,3,4,4,2,5
CFB006851,C065,2023-11-13,4,5,5,3,4,5
CFB006852,C087,2023-11-13,3,3,3,5,2,4
CFB006853,C015,2023-11-13,3,2,4,5,2,3
CFB006854,C087,2023-11-13,3,5,5,4,3,5
CFB006855,C020,2023-11-14,4,5,3,4,3,4
CFB006856,C080,2023-11-14,3,5,4,5,3,4
CFB006857,C047,2023-11-14,4,3,2,4,2,4
CFB006858,C037,2023-11-14,4,5,4,5,2,4
CFB006859,C044,2023-11-14,2,4,4,3,2,2
CFB006860,C018,2023-11-14,4,3,4,3,1,5
CFB006861,C068,2023-11-14,5,5,5,3,2,3
CFB006862,C056,2023-11-14,4,5,4,5,4,4
CFB006863,C018,2023-11-14,4,5,5,5,5,5
CFB006864,C056,2023-11-14,4,5,4,3,3,4
CFB006865,C067,2023-11-14,5,3,4,3,2,5
CFB006866,C032,2023-11-14,4,4,5,5,3,4
CFB006867,C089,2023-11-14,4,2,5,4,2,3
CFB006868,C040,2023-11-14,5,5,3,5,5,3
CFB006869,C002,2023-11-14,4,5,5,5,4,5
CFB006870,C048,2023-11-14,4,3,4,4,3,2
CFB006871,C038,2023-11-14,5,4,3,3,2,1
CFB006872,C051,2023-11-14,3,4,5,5,5,5
CFB006873,C039,2023-11-14,5,4,5,2,3,4
CFB006874,C020,2023-11-14,3,2,4,3,2,3
CFB006875,C073,2023-11-14,5,4,3,5,3,3
CFB006876,C047,2023-11-14,4,4,5,3,3,3
CFB006877,C085,2023-11-14,4,5,4,3,3,4
CFB006878,C086,2023-11-14,3,3,5,3,4,4
CFB006879,C018,2023-11-14,3,4,3,1,2,2
CFB006880,C048,2023-11-14,4,3,2,4,2,4
CFB006881,C075,2023-11-14,3,3,4,5,4,5
CFB006882,C015,2023-11-14,3,4,2,3,3,4
CFB006883,C048,2023-11-14,5,4,3,3,3,3
CFB006884,C006,2023-11-14,3,4,3,4,1,2
CFB006885,C085,2023-11-14,3,3,2,3,4,3
CFB006886,C045,2023-11-14,4,4,3,4,3,3
CFB006887,C044,2023-11-14,5,3,3,2,2,5
CFB006888,C051,2023-11-14,3,2,4,4,3,3
CFB006889,C075,2023-11-14,3,4,4,2,4,3
CFB006890,C027,2023-11-14,5,4,4,4,4,4
CFB006891,C066,2023-11-14,5,3,2,5,2,2
CFB006892,C020,2023-11-14,3,2,5,5,4,4
CFB006893,C015,2023-11-14,4,5,5,5,4,5
CFB006894,C087,2023-11-14,4,5,2,3,4,3
CFB006895,C062,2023-11-14,5,5,3,4,2,4
CFB006896,C010,2023-11-14,4,3,4,4,4,4
CFB006897,C021,2023-11-14,4,4,4,4,4,5
CFB006898,C036,2023-11-14,4,4,5,5,2,5
CFB006899,C048,2023-11-14,3,3,3,4,1,4
CFB006900,C002,2023-11-14,4,3,3,5,2,4
CFB006901,C015,2023-11-14,3,4,3,3,2,3
CFB006902,C024,2023-11-14,4,3,5,5,5,3
CFB006903,C043,2023-11-14,5,4,5,4,4,5
CFB006904,C085,2023-11-14,4,5,3,5,2,5
CFB006905,C085,2023-11-15,4,5,4,4,5,3
CFB006906,C034,2023-11-15,5,4,5,5,2,5
CFB006907,C065,2023-11-15,5,5,5,5,2,3
CFB006908,C031,2023-11-15,2,4,3,4,4,3
CFB006909,C034,2023-11-15,4,5,5,4,3,4
CFB006910,C089,2023-11-15,5,4,4,4,3,4
CFB006911,C034,2023-11-15,3,4,4,4,3,2
CFB006912,C059,2023-11-15,3,5,4,3,4,5
CFB006913,C087,2023-11-15,4,3,4,3,4,2
CFB006914,C087,2023-11-15,4,5,3,3,2,5
CFB006915,C038,2023-11-15,5,3,4,1,4,3
CFB006916,C067,2023-11-15,4,5,4,4,3,5
CFB006917,C073,2023-11-15,5,4,5,5,4,4
CFB006918,C079,2023-11-15,2,5,5,3,4,5
CFB006919,C039,2023-11-15,3,4,4,3,3,4
CFB006920,C045,2023-11-15,5,3,4,5,3,4
CFB006921,C002,2023-11-15,5,4,4,5,2,4
CFB006922,C031,2023-11-15,4,4,3,2,2,5
CFB006923,C084,2023-11-15,5,4,4,4,2,3
CFB006924,C013,2023-11-15,4,5,5,5,3,4
CFB006925,C048,2023-11-15,4,4,3,4,2,3
CFB006926,C037,2023-11-15,4,3,4,4,5,3
CFB006927,C074,2023-11-15,4,4,5,4,1,3
CFB006928,C021,2023-11-15,3,3,3,4,3,3
CFB006929,C066,2023-11-15,3,3,3,4,5,3
CFB006930,C066,2023-11-15,5,4,3,5,3,4
CFB006931,C047,2023-11-15,4,4,4,3,2,4
CFB006932,C068,2023-11-15,3,3,4,3,3,2
CFB006933,C031,2023-11-15,4,4,4,5,1,3
CFB006934,C016,2023-11-15,3,3,2,3,3,5
CFB006935,C080,2023-11-15,4,5,4,3,1,2
CFB006936,C040,2023-11-15,3,3,4,4,4,3
CFB006937,C069,2023-11-15,3,3,2,4,2,3
CFB006938,C073,2023-11-15,4,3,2,3,3,4
CFB006939,C044,2023-11-15,3,4,2,3,2,4
CFB006940,C079,2023-11-15,4,3,3,4,3,3
CFB006941,C004,2023-11-15,5,4,4,5,4,5
CFB006942,C065,2023-11-15,2,4,4,3,3,3
CFB006943,C089,2023-11-15,5,4,5,3,3,5
CFB006944,C074,2023-11-15,4,5,3,5,2,5
CFB006945,C075,2023-11-15,5,5,4,5,4,4
CFB006946,C087,2023-11-15,4,2,5,4,4,4
CFB006947,C075,2023-11-15,4,4,4,3,5,4
CFB006948,C039,2023-11-16,3,4,3,4,3,4
CFB006949,C036,2023-11-16,5,2,4,3,2,3
CFB006950,C068,2023-11-16,2,3,3,5,3,4
CFB006951,C027,2023-11-16,3,5,4,4,4,4
CFB006952,C059,2023-11-16,5,4,3,5,3,5
CFB006953,C038,2023-11-16,5,4,4,5,2,3
CFB006954,C027,2023-11-16,4,2,5,4,4,4
CFB006955,C061,2023-11-16,3,5,4,3,3,4
CFB006956,C066,2023-11-16,5,4,4,4,5,5
CFB006957,C027,2023-11-16,5,5,3,3,5,5
CFB006958,C074,2023-11-16,4,5,4,4,4,5
CFB006959,C035,2023-11-16,4,4,3,3,4,2
CFB006960,C015,2023-11-16,4,4,4,3,2,3
CFB006961,C013,2023-11-16,5,5,4,5,2,4
CFB006962,C077,2023-11-16,3,4,4,3,3,4
CFB006963,C043,2023-11-16,5,4,5,5,4,3
CFB006964,C040,2023-11-16,4,3,4,3,3,4
CFB006965,C006,2023-11-16,4,2,3,5,2,4
CFB006966,C020,2023-11-16,4,4,4,4,2,5
CFB006967,C068,2023-11-16,5,4,4,3,4,5
CFB006968,C086,2023-11-16,3,3,4,2,5,3
CFB006969,C048,2023-11-16,2,4,5,4,2,2
CFB006970,C038,2023-11-16,5,5,4,5,4,5
CFB006971,C040,2023-11-16,4,4,5,4,1,4
CFB006972,C056,2023-11-16,5,3,5,4,3,3
CFB006973,C054,2023-11-16,4,4,3,3,4,4
CFB006974,C046,2023-11-16,4,3,2,5,2,4
CFB006975,C067,2023-11-16,3,3,3,4,3,5
CFB006976,C024,2023-11-16,4,4,5,5,4,3
CFB006977,C051,2023-11-16,4,3,3,1,4,4
CFB006978,C034,2023-11-16,4,5,4,5,4,3
CFB006979,C085,2023-11-16,3,4,4,3,3,3
CFB006980,C062,2023-11-16,4,3,3,5,3,4
CFB006981,C078,2023-11-16,5,4,4,5,2,3
CFB006982,C073,2023-11-16,4,4,5,3,4,3
CFB006983,C086,2023-11-16,3,4,4,5,3,4
CFB006984,C037,2023-11-16,3,4,3,4,2,3
CFB006985,C086,2023-11-16,5,4,3,4,3,4
CFB006986,C007,2023-11-16,4,4,3,4,3,4
CFB006987,C068,2023-11-16,2,3,2,3,3,3
CFB006988,C015,2023-11-17,5,5,4,5,1,5
CFB006989,C036,2023-11-17,5,3,3,3,5,4
CFB006990,C032,2023-11-17,5,4,4,4,5,5
CFB006991,C039,2023-11-17,5,2,2,4,3,4
CFB006992,C075,2023-11-17,4,3,3,3,3,2
CFB006993,C039,2023-11-17,5,4,4,3,4,3
CFB006994,C032,2023-11-17,4,4,5,5,3,5
CFB006995,C087,2023-11-17,4,4,4,3,2,3
CFB006996,C055,2023-11-17,4,2,4,4,4,5
CFB006997,C013,2023-11-17,4,3,4,4,3,2
CFB006998,C063,2023-11-17,4,5,4,4,3,5
CFB006999,C047,2023-11-17,3,2,4,2,4,5
CFB007000,C024,2023-11-17,3,4,4,4,2,4
CFB007001,C016,2023-11-17,3,3,4,5,3,4
CFB007002,C002,2023-11-17,4,3,5,3,3,3
CFB007003,C056,2023-11-17,5,5,5,5,3,3
CFB007004,C087,2023-11-17,4,5,5,4,4,3
CFB007005,C054,2023-11-17,4,5,3,5,4,4
CFB007006,C060,2023-11-17,2,4,4,4,3,3
CFB007007,C084,2023-11-17,4,4,2,4,2,4
CFB007008,C051,2023-11-17,3,4,4,5,1,4
CFB007009,C046,2023-11-17,5,5,4,4,3,5
CFB007010,C045,2023-11-17,3,4,4,3,2,4
CFB007011,C085,2023-11-17,3,4,2,4,3,4
CFB007012,C038,2023-11-17,4,3,3,4,3,4
CFB007013,C013,2023-11-17,2,2,3,3,2,2
CFB007014,C051,2023-11-17,2,5,5,4,1,5
CFB007015,C046,2023-11-17,4,3,3,4,3,2
CFB007016,C013,2023-11-17,5,3,3,3,3,5
CFB007017,C035,2023-11-17,5,4,4,2,5,4
CFB007018,C024,2023-11-17,5,5,5,4,4,4
CFB007019,C004,2023-11-17,3,3,4,4,3,3
CFB007020,C045,2023-11-17,5,3,5,5,2,3
CFB007021,C020,2023-11-17,4,5,3,5,2,4
CFB007022,C067,2023-11-17,4,4,4,3,3,4
CFB007023,C043,2023-11-17,3,3,1,4,2,3
CFB007024,C035,2023-11-17,4,4,5,3,4,5
CFB007025,C002,2023-11-17,5,3,4,4,4,3
CFB007026,C027,2023-11-17,4,4,4,3,4,2
CFB007027,C045,2023-11-17,4,5,5,5,1,4
CFB007028,C010,2023-11-17,4,2,4,2,4,4
CFB007029,C080,2023-11-17,5,4,4,5,4,5
CFB007030,C032,2023-11-17,5,4,5,5,4,5
CFB007031,C045,2023-11-17,3,4,4,4,3,4
CFB007032,C086,2023-11-17,3,3,5,3,2,3
CFB007033,C015,2023-11-17,2,4,3,3,5,4
CFB007034,C051,2023-11-17,4,3,4,4,4,4
CFB007035,C039,2023-11-17,4,4,4,5,2,4
CFB007036,C059,2023-11-17,3,4,4,5,3,4
CFB007037,C063,2023-11-18,5,5,4,5,4,5
CFB007038,C068,2023-11-18,4,4,4,5,3,5
CFB007039,C063,2023-11-18,5,2,3,4,5,3
CFB007040,C021,2023-11-18,5,4,5,4,4,4
CFB007041,C031,2023-11-18,5,4,4,4,4,4
CFB007042,C004,2023-11-18,4,4,4,5,2,3
CFB007043,C060,2023-11-18,4,5,2,3,2,4
CFB007044,C030,2023-11-18,4,4,3,4,3,3
CFB007045,C066,2023-11-18,4,4,5,5,2,4
CFB007046,C007,2023-11-18,5,3,5,5,4,5
CFB007047,C085,2023-11-18,4,4,3,5,3,4
CFB007048,C047,2023-11-18,3,3,4,3,5,4
CFB007049,C065,2023-11-18,4,5,5,5,3,5
CFB007050,C021,2023-11-18,3,2,3,3,3,4
CFB007051,C021,2023-11-18,4,2,5,2,3,4
CFB007052,C078,2023-11-18,5,4,4,5,2,4
CFB007053,C078,2023-11-18,5,3,3,4,3,3
CFB007054,C069,2023-11-18,3,4,4,5,2,2
CFB007055,C054,2023-11-18,3,2,3,5,2,5
CFB007056,C040,2023-11-18,3,2,2,1,4,3
CFB007057,C036,2023-11-18,4,4,4,3,2,3
CFB007058,C079,2023-11-18,4,5,3,3,2,3
CFB007059,C007,2023-11-18,4,2,4,4,3,2
CFB007060,C038,2023-11-18,4,3,5,4,4,4
CFB007061,C013,2023-11-18,3,3,2,4,3,4
CFB007062,C069,2023-11-18,2,3,5,2,2,5
CFB007063,C007,2023-11-18,5,5,5,4,3,5
CFB007064,C063,2023-11-18,2,3,3,4,2,5
CFB007065,C035,2023-11-18,4,4,3,4,3,5
CFB007066,C035,2023-11-18,5,4,4,2,5,5
CFB007067,C036,2023-11-18,2,4,3,5,4,4
CFB007068,C040,2023-11-18,5,3,4,4,3,4
CFB007069,C045,2023-11-18,4,5,4,5,3,4
CFB007070,C017,2023-11-18,5,5,2,4,4,4
CFB007071,C069,2023-11-18,4,4,3,5,2,4
CFB007072,C077,2023-11-18,3,3,3,4,3,4
CFB007073,C030,2023-11-19,5,4,5,3,3,5
CFB007074,C004,2023-11-19,5,5,5,4,3,2
CFB007075,C056,2023-11-19,5,4,3,5,3,5
CFB007076,C062,2023-11-19,3,4,5,5,3,4
CFB007077,C048,2023-11-19,5,2,5,3,2,4
CFB007078,C018,2023-11-19,5,3,3,3,1,5
CFB007079,C037,2023-11-19,2,5,5,4,4,4
CFB007080,C007,2023-11-19,5,4,5,5,1,4
CFB007081,C024,2023-11-19,4,4,4,4,4,5
CFB007082,C054,2023-11-19,4,4,5,5,5,5
CFB007083,C043,2023-11-19,5,2,5,4,3,5
CFB007084,C065,2023-11-19,4,4,5,5,3,4
CFB007085,C089,2023-11-19,5,5,3,5,4,5
CFB007086,C035,2023-11-19,5,4,4,3,2,4
CFB007087,C088,2023-11-19,3,3,3,5,3,4
CFB007088,C081,2023-11-19,4,4,4,5,3,4
CFB007089,C089,2023-11-19,3,4,5,4,2,3
CFB007090,C017,2023-11-19,5,3,4,4,3,4
CFB007091,C010,2023-11-19,5,4,3,4,5,3
CFB007092,C047,2023-11-19,5,3,2,4,4,3
CFB007093,C062,2023-11-19,4,1,3,3,2,4
CFB007094,C086,2023-11-19,3,3,2,3,2,4
CFB007095,C088,2023-11-19,5,2,4,4,3,3
CFB007096,C084,2023-11-19,5,3,3,5,4,4
CFB007097,C030,2023-11-19,3,4,4,4,1,3
CFB007098,C018,2023-11-19,5,4,5,4,5,4
CFB007099,C088,2023-11-19,4,4,3,5,3,3
CFB007100,C087,2023-11-19,2,3,3,2,2,2
CFB007101,C020,2023-11-19,4,5,5,5,3,5
CFB007102,C061,2023-11-19,5,4,3,4,3,4
CFB007103,C081,2023-11-19,4,4,4,4,3,3
CFB007104,C065,2023-11-19,3,4,4,5,3,3
CFB007105,C085,2023-11-19,3,4,2,3,3,2
CFB007106,C044,2023-11-19,4,5,5,4,3,4
CFB007107,C044,2023-11-19,3,2,3,2,4,2
CFB007108,C061,2023-11-19,4,5,4,4,5,3
CFB007109,C036,2023-11-19,4,4,4,3,2,4
CFB007110,C079,2023-11-19,4,3,3,4,3,4
CFB007111,C010,2023-11-19,5,4,4,5,3,4
CFB007112,C035,2023-11-19,5,3,3,5,2,5
CFB007113,C063,2023-11-19,4,2,3,5,4,3
CFB007114,C035,2023-11-19,2,3,4,5,4,4
CFB007115,C065,2023-11-19,4,4,5,5,3,5
CFB007116,C047,2023-11-19,4,5,4,4,3,4
CFB007117,C059,2023-11-19,4,4,5,5,4,3
CFB007118,C074,2023-11-19,3,4,4,3,3,3
CFB007119,C073,2023-11-19,5,5,5,4,3,4
CFB007120,C066,2023-11-19,3,3,5,3,4,3
CFB007121,C006,2023-11-19,4,1,3,4,4,4
CFB007122,C070,2023-11-20,4,5,5,4,2,3
CFB007123,C088,2023-11-20,2,4,3,5,3,5
CFB007124,C077,2023-11-20,4,3,5,5,5,4
CFB007125,C089,2023-11-20,3,3,3,5,4,5
CFB007126,C070,2023-11-20,4,5,5,5,3,3
CFB007127,C081,2023-11-20,5,4,2,4,3,4
CFB007128,C085,2023-11-20,5,5,3,4,2,4
CFB007129,C010,2023-11-20,4,4,3,3,4,3
CFB007130,C087,2023-11-20,5,3,3,4,2,3
CFB007131,C075,2023-11-20,5,3,4,3,4,3
CFB007132,C043,2023-11-20,4,2,5,5,2,4
CFB007133,C018,2023-11-20,5,3,4,4,1,4
CFB007134,C087,2023-11-20,3,3,4,4,3,3
CFB007135,C086,2023-11-20,4,4,3,5,2,4
CFB007136,C089,2023-11-20,2,4,2,3,2,3
CFB007137,C054,2023-11-20,4,5,4,3,1,4
CFB007138,C051,2023-11-20,5,5,4,4,3,5
CFB007139,C006,2023-11-20,4,4,5,5,1,4
CFB007140,C038,2023-11-20,4,3,4,5,3,4
CFB007141,C032,2023-11-20,4,2,3,3,3,3
CFB007142,C032,2023-11-20,5,2,3,4,5,3
CFB007143,C087,2023-11-20,3,4,5,2,4,3
CFB007144,C027,2023-11-20,4,3,3,4,2,4
CFB007145,C075,2023-11-20,3,5,5,5,5,4
CFB007146,C065,2023-11-20,4,3,4,5,3,4
CFB007147,C013,2023-11-20,2,4,3,3,4,4
CFB007148,C035,2023-11-20,4,3,4,3,3,2
CFB007149,C088,2023-11-20,5,2,3,3,3,5
CFB007150,C032,2023-11-20,4,3,4,3,2,4
CFB007151,C047,2023-11-20,4,3,3,4,2,4
CFB007152,C030,2023-11-20,5,3,4,4,2,4
CFB007153,C089,2023-11-20,4,2,4,4,1,4
CFB007154,C087,2023-11-20,3,3,5,3,4,5
CFB007155,C036,2023-11-20,5,5,5,5,3,4
CFB007156,C088,2023-11-20,3,4,3,3,3,4
CFB007157,C068,2023-11-20,3,4,5,4,3,5
CFB007158,C045,2023-11-20,3,2,3,2,2,4
CFB007159,C032,2023-11-20,5,2,4,5,4,5
CFB007160,C077,2023-11-20,3,3,4,3,3,2
CFB007161,C045,2023-11-20,4,5,4,5,4,3
CFB007162,C007,2023-11-20,3,3,2,2,3,3
CFB007163,C078,2023-11-20,4,4,3,3,1,5
CFB007164,C073,2023-11-20,5,2,3,3,3,4
CFB007165,C078,2023-11-20,3,4,3,4,5,4
CFB007166,C067,2023-11-20,5,4,5,5,5,5
CFB007167,C063,2023-11-20,4,4,4,3,3,4
CFB007168,C020,2023-11-20,4,5,5,5,3,4
CFB007169,C031,2023-11-20,4,4,4,5,3,4
CFB007170,C073,2023-11-20,2,3,3,4,3,4
CFB007171,C047,2023-11-21,2,5,3,4,4,3
CFB007172,C035,2023-11-21,2,3,3,4,4,2
CFB007173,C030,2023-11-21,3,4,4,4,3,4
CFB007174,C054,2023-11-21,4,3,5,3,4,3
CFB007175,C032,2023-11-21,4,4,3,4,5,4
CFB007176,C045,2023-11-21,4,4,5,4,3,3
CFB007177,C089,2023-11-21,5,4,5,5,3,4
CFB007178,C077,2023-11-21,5,4,5,4,5,3
CFB007179,C079,2023-11-21,3,3,5,4,2,4
CFB007180,C043,2023-11-21,4,4,3,4,1,5
CFB007181,C074,2023-11-21,3,4,5,5,3,5
CFB007182,C034,2023-11-21,5,4,4,5,4,5
CFB007183,C037,2023-11-21,3,4,5,4,3,3
CFB007184,C048,2023-11-21,4,4,4,4,2,3
CFB007185,C055,2023-11-21,5,4,4,5,4,5
CFB007186,C065,2023-11-21,5,4,4,4,3,5
CFB007187,C013,2023-11-21,3,1,2,3,2,4
CFB007188,C073,2023-11-21,5,4,3,3,4,4
CFB007189,C004,2023-11-21,3,2,3,3,4,3
CFB007190,C035,2023-11-21,4,2,4,5,4,5
CFB007191,C080,2023-11-21,4,4,5,5,5,4
CFB007192,C063,2023-11-21,3,4,4,4,2,5
CFB007193,C080,2023-11-21,5,4,5,5,3,5
CFB007194,C016,2023-11-21,5,5,5,3,2,5
CFB007195,C015,2023-11-21,3,5,4,4,5,3
CFB007196,C037,2023-11-21,3,2,3,4,5,4
CFB007197,C013,2023-11-21,4,5,3,4,2,4
CFB007198,C048,2023-11-21,3,2,3,3,3,3
CFB007199,C017,2023-11-21,5,4,4,4,1,3
CFB007200,C060,2023-11-21,4,4,4,3,3,2
CFB007201,C062,2023-11-21,5,5,3,3,3,5
CFB007202,C027,2023-11-21,2,1,3,3,5,2
CFB007203,C085,2023-11-21,3,3,4,4,3,3
CFB007204,C015,2023-11-21,3,2,2,2,2,5
CFB007205,C068,2023-11-21,3,4,3,3,3,4
CFB007206,C046,2023-11-21,3,3,5,3,2,4
CFB007207,C020,2023-11-21,3,3,5,3,4,4
CFB007208,C077,2023-11-21,5,4,5,4,2,5
CFB007209,C075,2023-11-21,3,3,4,4,5,4
CFB007210,C030,2023-11-21,5,3,4,4,3,3
CFB007211,C043,2023-11-21,4,4,5,5,4,4
CFB007212,C087,2023-11-21,5,5,4,5,3,4
CFB007213,C074,2023-11-21,4,3,5,5,3,3
CFB007214,C075,2023-11-21,3,4,3,4,3,4
CFB007215,C024,2023-11-21,4,1,3,3,3,3
CFB007216,C044,2023-11-21,5,3,5,3,4,3
CFB007217,C069,2023-11-21,4,5,5,4,5,4
CFB007218,C073,2023-11-21,4,4,4,5,3,4
CFB007219,C046,2023-11-21,4,4,4,3,4,5
CFB007220,C020,2023-11-21,4,4,2,4,4,4
CFB007221,C034,2023-11-21,4,5,5,4,2,4
CFB007222,C065,2023-11-21,5,3,3,4,4,2
CFB007223,C037,2023-11-21,5,5,3,5,2,4
CFB007224,C077,2023-11-21,5,4,5,4,4,5
CFB007225,C081,2023-11-21,3,3,5,3,4,4
CFB007226,C016,2023-11-21,4,2,2,4,4,3
CFB007227,C032,2023-11-22,4,4,4,5,4,5
CFB007228,C020,2023-11-22,5,5,5,4,2,5
CFB007229,C016,2023-11-22,5,5,3,3,3,2
CFB007230,C047,2023-11-22,4,4,2,5,2,3
CFB007231,C056,2023-11-22,3,5,4,5,3,3
CFB007232,C075,2023-11-22,5,5,5,4,5,5
CFB007233,C075,2023-11-22,4,4,5,4,4,5
CFB007234,C086,2023-11-22,5,4,4,5,4,5
CFB007235,C073,2023-11-22,5,4,3,3,1,4
CFB007236,C018,2023-11-22,4,4,3,4,2,2
CFB007237,C063,2023-11-22,5,5,3,4,3,5
CFB007238,C037,2023-11-22,4,4,4,4,2,5
CFB007239,C034,2023-11-22,5,5,5,5,4,3
CFB007240,C027,2023-11-22,3,3,2,5,2,4
CFB007241,C036,2023-11-22,5,4,3,2,3,2
CFB007242,C081,2023-11-22,4,4,3,4,2,5
CFB007243,C032,2023-11-22,4,5,3,4,3,3
CFB007244,C059,2023-11-22,4,5,5,5,4,5
CFB007245,C007,2023-11-22,4,3,4,3,3,5
CFB007246,C063,2023-11-22,5,4,5,5,2,5
CFB007247,C016,2023-11-22,4,4,5,5,3,5
CFB007248,C045,2023-11-22,4,5,3,4,3,3
CFB007249,C074,2023-11-22,3,4,3,3,2,4
CFB007250,C021,2023-11-22,3,3,1,2,3,3
CFB007251,C065,2023-11-22,5,3,4,3,2,3
CFB007252,C007,2023-11-22,5,3,3,3,2,3
CFB007253,C067,2023-11-22,3,4,3,3,1,3
CFB007254,C048,2023-11-22,5,4,4,4,1,4
CFB007255,C051,2023-11-22,3,3,3,3,2,3
CFB007256,C046,2023-11-22,5,4,4,4,3,4
CFB007257,C067,2023-11-22,4,3,4,3,2,4
CFB007258,C065,2023-11-22,5,4,4,3,4,3
CFB007259,C006,2023-11-22,4,3,3,3,4,4
CFB007260,C054,2023-11-22,4,3,5,4,1,3
CFB007261,C002,2023-11-22,5,5,5,5,3,5
CFB007262,C073,2023-11-22,4,4,5,3,5,4
CFB007263,C080,2023-11-22,4,3,5,3,2,4
CFB007264,C075,2023-11-22,3,2,4,2,3,4
CFB007265,C061,2023-11-22,5,3,4,4,2,2
CFB007266,C089,2023-11-22,4,3,4,3,4,4
CFB007267,C039,2023-11-22,3,3,4,4,3,3
CFB007268,C074,2023-11-22,5,4,3,3,4,3
CFB007269,C051,2023-11-22,5,3,5,5,5,5
CFB007270,C006,2023-11-22,5,4,4,3,3,3
CFB007271,C088,2023-11-22,4,3,2,4,2,3
CFB007272,C008,2023-11-23,4,3,4,4,4,4
CFB007273,C010,2023-11-23,5,5,5,4,3,5
CFB007274,C010,2023-11-23,3,4,3,5,3,5
CFB007275,C067,2023-11-23,2,4,4,3,3,3
CFB007276,C089,2023-11-23,4,4,2,5,5,5
CFB007277,C054,2023-11-23,3,5,3,4,1,5
CFB007278,C081,2023-11-23,5,5,4,4,3,4
CFB007279,C036,2023-11-23,4,2,2,3,3,3
CFB007280,C068,2023-11-23,5,5,5,5,2,4
CFB007281,C059,2023-11-23,3,2,4,4,5,4
CFB007282,C016,2023-11-23,4,4,3,5,4,4
CFB007283,C044,2023-11-23,4,3,2,4,2,4
CFB007284,C040,2023-11-23,4,5,5,5,2,4
CFB007285,C036,2023-11-23,3,4,2,4,5,4
CFB007286,C089,2023-11-23,4,4,4,5,3,3
CFB007287,C069,2023-11-23,5,4,3,2,3,4
CFB007288,C069,2023-11-23,4,4,5,5,4,4
CFB007289,C007,2023-11-23,4,4,4,3,3,4
CFB007290,C077,2023-11-23,5,3,3,4,1,3
CFB007291,C060,2023-11-23,5,3,4,5,3,2
CFB007292,C031,2023-11-23,4,3,4,4,3,1
CFB007293,C085,2023-11-23,4,3,4,4,1,3
CFB007294,C063,2023-11-23,5,4,4,5,3,4
CFB007295,C016,2023-11-23,4,4,5,4,2,5
CFB007296,C079,2023-11-23,5,4,5,3,4,4
CFB007297,C085,2023-11-23,4,3,2,4,4,3
CFB007298,C013,2023-11-23,4,4,4,4,2,2
CFB007299,C044,2023-11-23,4,4,5,5,3,3
CFB007300,C035,2023-11-23,5,3,4,5,4,4
CFB007301,C037,2023-11-23,3,2,3,2,3,3
CFB007302,C044,2023-11-23,3,3,4,2,2,4
CFB007303,C078,2023-11-23,3,5,4,4,3,4
CFB007304,C013,2023-11-23,3,4,4,3,3,4
CFB007305,C073,2023-11-23,3,3,4,4,4,5
CFB007306,C007,2023-11-23,5,4,3,5,4,4
CFB007307,C066,2023-11-23,5,4,4,4,3,3
CFB007308,C027,2023-11-23,5,5,5,4,3,5
CFB007309,C040,2023-11-23,3,5,5,3,3,4
CFB007310,C002,2023-11-23,4,5,3,5,2,5
CFB007311,C027,2023-11-23,3,4,3,5,1,5
CFB007312,C080,2023-11-23,5,3,4,5,3,4
CFB007313,C037,2023-11-23,4,3,4,4,2,2
CFB007314,C035,2023-11-23,3,3,4,4,4,3
CFB007315,C077,2023-11-23,3,5,2,5,3,5
CFB007316,C045,2023-11-23,2,4,4,4,4,5
CFB007317,C051,2023-11-23,5,5,5,5,2,4
CFB007318,C031,2023-11-24,2,4,2,4,4,3
CFB007319,C055,2023-11-24,4,2,3,1,4,4
CFB007320,C007,2023-11-24,4,4,3,5,3,4
CFB007321,C039,2023-11-24,5,5,5,5,2,5
CFB007322,C027,2023-11-24,4,5,5,5,5,4
CFB007323,C015,2023-11-24,5,3,4,3,3,4
CFB007324,C044,2023-11-24,3,5,3,4,2,5
CFB007325,C084,2023-11-24,3,3,4,2,2,3
CFB007326,C013,2023-11-24,5,4,5,5,5,5
CFB007327,C073,2023-11-24,5,5,4,5,5,3
CFB007328,C002,2023-11-24,4,5,5,5,3,5
CFB007329,C030,2023-11-24,5,3,4,4,4,4
CFB007330,C055,2023-11-24,5,5,5,4,2,4
CFB007331,C013,2023-11-24,3,4,3,3,3,3
CFB007332,C007,2023-11-24,2,3,4,2,2,3
CFB007333,C073,2023-11-24,3,3,2,4,3,3
CFB007334,C021,2023-11-24,3,2,3,4,3,4
CFB007335,C031,2023-11-24,3,5,4,3,1,3
CFB007336,C017,2023-11-24,2,2,2,3,2,3
CFB007337,C059,2023-11-24,4,3,4,4,3,5
CFB007338,C021,2023-11-24,3,4,4,4,5,3
CFB007339,C047,2023-11-24,4,5,5,4,3,4
CFB007340,C086,2023-11-24,5,4,4,5,3,5
CFB007341,C037,2023-11-24,4,3,5,3,2,3
CFB007342,C038,2023-11-24,2,3,4,4,4,5
CFB007343,C059,2023-11-24,5,4,4,5,4,4
CFB007344,C020,2023-11-24,3,3,5,5,3,5
CFB007345,C075,2023-11-24,3,4,4,3,3,4
CFB007346,C069,2023-11-24,5,5,4,4,2,4
CFB007347,C035,2023-11-24,5,5,3,4,4,5
CFB007348,C010,2023-11-24,5,4,3,2,4,3
CFB007349,C066,2023-11-24,2,3,4,3,4,1
CFB007350,C035,2023-11-24,3,5,4,3,3,4
CFB007351,C066,2023-11-24,5,4,5,4,3,5
CFB007352,C089,2023-11-24,3,3,3,3,4,4
CFB007353,C069,2023-11-24,3,3,2,5,1,4
CFB007354,C089,2023-11-24,3,3,3,3,2,3
CFB007355,C068,2023-11-24,4,1,3,3,3,4
CFB007356,C013,2023-11-24,4,1,3,4,5,4
CFB007357,C020,2023-11-24,4,4,4,4,3,4
CFB007358,C051,2023-11-24,2,5,4,4,5,5
CFB007359,C007,2023-11-24,5,3,5,3,4,4
CFB007360,C017,2023-11-24,5,5,5,5,1,5
CFB007361,C013,2023-11-24,4,4,4,5,3,5
CFB007362,C078,2023-11-24,4,5,5,5,4,3
CFB007363,C056,2023-11-24,5,3,4,4,3,4
CFB007364,C088,2023-11-24,4,3,4,2,3,4
CFB007365,C080,2023-11-24,4,4,4,5,2,4
CFB007366,C047,2023-11-24,3,4,4,4,2,3
CFB007367,C040,2023-11-24,4,4,4,3,3,4
CFB007368,C004,2023-11-24,5,3,5,4,2,5
CFB007369,C032,2023-11-24,5,4,5,3,4,3
CFB007370,C059,2023-11-24,2,2,4,4,3,4
CFB007371,C006,2023-11-25,4,3,4,3,5,4
CFB007372,C074,2023-11-25,4,5,5,5,4,2
CFB007373,C088,2023-11-25,3,4,3,3,3,4
CFB007374,C008,2023-11-25,5,4,5,5,4,4
CFB007375,C088,2023-11-25,4,5,5,4,2,3
CFB007376,C034,2023-11-25,5,5,5,5,3,5
CFB007377,C035,2023-11-25,5,5,4,4,3,5
CFB007378,C065,2023-11-25,4,4,3,5,4,5
CFB007379,C037,2023-11-25,3,5,5,3,4,4
CFB007380,C046,2023-11-25,4,3,4,4,5,3
CFB007381,C039,2023-11-25,4,2,3,4,3,4
CFB007382,C077,2023-11-25,3,3,4,3,4,5
CFB007383,C070,2023-11-25,4,5,3,3,4,5
CFB007384,C087,2023-11-25,4,5,4,4,3,5
CFB007385,C048,2023-11-25,5,3,5,5,4,4
CFB007386,C059,2023-11-25,4,5,5,5,4,5
CFB007387,C086,2023-11-25,4,3,5,5,5,4
CFB007388,C037,2023-11-25,4,5,3,3,2,4
CFB007389,C031,2023-11-25,5,4,5,5,4,4
CFB007390,C074,2023-11-25,4,4,4,5,3,5
CFB007391,C030,2023-11-25,3,3,4,4,3,4
CFB007392,C062,2023-11-25,3,3,2,5,2,3
CFB007393,C030,2023-11-25,4,5,4,3,2,4
CFB007394,C068,2023-11-25,4,3,4,3,5,3
CFB007395,C030,2023-11-25,3,3,2,4,2,5
CFB007396,C043,2023-11-25,4,4,3,5,3,3
CFB007397,C040,2023-11-25,3,3,5,4,2,4
CFB007398,C079,2023-11-25,3,4,1,3,2,2
CFB007399,C015,2023-11-25,5,4,4,4,2,5
CFB007400,C061,2023-11-25,3,4,4,5,2,4
CFB007401,C002,2023-11-25,5,4,3,3,1,2
CFB007402,C067,2023-11-25,5,4,4,5,4,5
CFB007403,C040,2023-11-25,3,3,4,2,2,2
CFB007404,C047,2023-11-25,5,3,4,5,1,3
CFB007405,C075,2023-11-25,5,4,4,5,1,5
CFB007406,C067,2023-11-25,5,4,4,3,2,5
CFB007407,C039,2023-11-25,4,3,5,5,4,4
CFB007408,C037,2023-11-25,4,4,4,5,3,3
CFB007409,C027,2023-11-25,4,5,4,3,4,5
CFB007410,C038,2023-11-25,4,3,3,5,3,5
CFB007411,C039,2023-11-25,3,4,4,2,5,4
CFB007412,C073,2023-11-25,5,4,3,4,2,5
CFB007413,C035,2023-11-25,4,4,3,5,3,4
CFB007414,C066,2023-11-25,3,4,4,3,4,5
CFB007415,C062,2023-11-25,3,3,4,3,2,4
CFB007416,C077,2023-11-25,4,5,5,2,3,3
CFB007417,C063,2023-11-25,5,3,3,3,4,4
CFB007418,C039,2023-11-26,4,4,1,4,5,3
CFB007419,C073,2023-11-26,5,4,3,4,4,5
CFB007420,C074,2023-11-26,4,4,5,5,2,3
CFB007421,C037,2023-11-26,3,4,5,4,2,2
CFB007422,C068,2023-11-26,4,5,4,4,3,2
CFB007423,C075,2023-11-26,4,5,4,5,4,4
CFB007424,C006,2023-11-26,4,4,4,4,4,5
CFB007425,C021,2023-11-26,3,3,5,3,4,4
CFB007426,C084,2023-11-26,4,4,4,4,3,4
CFB007427,C089,2023-11-26,2,4,4,4,3,4
CFB007428,C063,2023-11-26,5,4,4,3,3,4
CFB007429,C079,2023-11-26,4,3,3,5,3,4
CFB007430,C055,2023-11-26,3,5,2,3,4,3
CFB007431,C024,2023-11-26,3,4,3,3,3,4
CFB007432,C032,2023-11-26,3,4,3,4,3,4
CFB007433,C030,2023-11-26,5,2,1,5,2,3
CFB007434,C065,2023-11-26,5,2,5,5,4,4
CFB007435,C073,2023-11-26,4,4,5,5,4,5
CFB007436,C059,2023-11-26,4,4,4,4,3,4
CFB007437,C081,2023-11-26,3,4,3,3,3,5
CFB007438,C079,2023-11-26,4,3,4,5,3,5
CFB007439,C043,2023-11-26,4,4,4,3,2,4
CFB007440,C032,2023-11-26,5,5,5,5,3,5
CFB007441,C066,2023-11-26,4,5,5,5,5,3
CFB007442,C039,2023-11-26,3,4,3,3,2,4
CFB007443,C035,2023-11-26,4,4,3,5,2,4
CFB007444,C081,2023-11-26,4,4,4,5,2,5
CFB007445,C080,2023-11-26,5,3,4,2,4,3
CFB007446,C036,2023-11-26,4,4,4,5,2,4
CFB007447,C062,2023-11-26,4,3,3,4,2,4
CFB007448,C034,2023-11-26,3,3,4,2,2,3
CFB007449,C055,2023-11-26,5,4,4,4,3,4
CFB007450,C067,2023-11-26,5,4,3,3,2,4
CFB007451,C074,2023-11-26,4,4,3,5,4,5
CFB007452,C086,2023-11-26,4,4,4,4,2,5
CFB007453,C030,2023-11-26,4,4,4,3,3,5
CFB007454,C079,2023-11-26,5,4,5,5,4,3
CFB007455,C068,2023-11-26,5,4,3,4,2,3
CFB007456,C038,2023-11-26,5,4,2,3,3,3
CFB007457,C069,2023-11-26,5,3,4,3,3,4
CFB007458,C007,2023-11-26,5,3,4,4,2,2
CFB007459,C035,2023-11-26,5,3,4,5,4,5
CFB007460,C035,2023-11-26,3,3,4,2,2,3
CFB007461,C043,2023-11-26,4,3,4,4,3,4
CFB007462,C004,2023-11-26,4,4,2,4,5,2
CFB007463,C018,2023-11-26,3,4,5,4,3,5
CFB007464,C051,2023-11-26,5,4,5,5,4,5
CFB007465,C080,2023-11-26,5,5,5,4,5,4
CFB007466,C084,2023-11-26,5,5,4,4,2,5
CFB007467,C061,2023-11-26,3,4,2,5,4,5
CFB007468,C027,2023-11-26,5,3,3,3,3,4
CFB007469,C080,2023-11-26,4,2,4,4,2,4
CFB007470,C018,2023-11-26,5,5,4,5,1,4
CFB007471,C066,2023-11-26,3,3,4,5,3,3
CFB007472,C002,2023-11-26,4,4,4,4,2,4
CFB007473,C078,2023-11-26,4,4,3,4,3,5
CFB007474,C048,2023-11-26,5,3,4,4,5,4
CFB007475,C039,2023-11-26,2,2,3,5,3,3
CFB007476,C073,2023-11-27,5,2,4,5,5,4
CFB007477,C054,2023-11-27,4,3,4,4,5,4
CFB007478,C010,2023-11-27,3,4,5,5,2,5
CFB007479,C077,2023-11-27,5,5,2,4,3,4
CFB007480,C048,2023-11-27,4,5,4,3,2,5
CFB007481,C079,2023-11-27,4,5,3,3,3,3
CFB007482,C030,2023-11-27,5,5,5,5,3,5
CFB007483,C010,2023-11-27,4,5,4,5,3,4
CFB007484,C007,2023-11-27,4,5,4,5,2,4
CFB007485,C044,2023-11-27,3,3,2,5,3,5
CFB007486,C063,2023-11-27,4,4,2,4,4,4
CFB007487,C059,2023-11-27,4,5,4,5,2,5
CFB007488,C088,2023-11-27,4,5,4,4,2,2
CFB007489,C067,2023-11-27,3,5,4,4,3,4
CFB007490,C079,2023-11-27,3,5,3,4,2,4
CFB007491,C039,2023-11-27,3,2,3,3,3,3
CFB007492,C037,2023-11-27,3,4,5,4,3,3
CFB007493,C070,2023-11-27,3,3,5,3,3,3
CFB007494,C010,2023-11-27,4,4,4,5,2,3
CFB007495,C060,2023-11-27,4,3,5,5,2,4
CFB007496,C040,2023-11-27,5,4,4,4,4,4
CFB007497,C054,2023-11-27,4,4,3,4,2,4
CFB007498,C006,2023-11-27,4,3,4,3,3,4
CFB007499,C051,2023-11-27,5,2,2,3,5,2
CFB007500,C061,2023-11-27,3,4,5,3,4,5
CFB007501,C073,2023-11-27,4,3,3,4,1,4
CFB007502,C036,2023-11-27,5,5,5,5,3,4
CFB007503,C016,2023-11-27,4,4,3,4,3,5
CFB007504,C073,2023-11-27,5,4,4,5,4,5
CFB007505,C015,2023-11-27,4,5,2,3,4,5
CFB007506,C048,2023-11-27,3,5,4,4,3,2
CFB007507,C040,2023-11-27,3,3,3,3,3,3
CFB007508,C074,2023-11-27,4,4,5,5,3,4
CFB007509,C027,2023-11-27,4,3,5,4,3,4
CFB007510,C010,2023-11-27,4,4,3,5,1,4
CFB007511,C006,2023-11-27,3,5,3,4,4,4
CFB007512,C079,2023-11-27,4,3,4,4,3,4
CFB007513,C024,2023-11-27,5,3,5,4,3,4
CFB007514,C089,2023-11-28,5,4,3,3,5,5
CFB007515,C032,2023-11-28,4,4,4,4,3,5
CFB007516,C040,2023-11-28,5,4,5,5,3,5
CFB007517,C062,2023-11-28,3,5,4,4,3,5
CFB007518,C002,2023-11-28,3,5,4,5,5,4
CFB007519,C002,2023-11-28,4,5,4,4,3,4
CFB007520,C015,2023-11-28,4,4,3,3,5,4
CFB007521,C018,2023-11-28,4,4,3,4,4,5
CFB007522,C074,2023-11-28,4,4,4,4,4,3
CFB007523,C021,2023-11-28,2,3,3,4,1,1
CFB007524,C037,2023-11-28,4,4,4,3,4,5
CFB007525,C080,2023-11-28,4,4,3,3,1,5
CFB007526,C075,2023-11-28,5,4,5,4,3,3
CFB007527,C087,2023-11-28,4,4,4,2,3,5
CFB007528,C068,2023-11-28,4,4,2,3,3,3
CFB007529,C078,2023-11-28,4,2,5,3,3,5
CFB007530,C027,2023-11-28,5,3,4,3,4,4
CFB007531,C088,2023-11-28,5,5,4,4,4,4
CFB007532,C069,2023-11-28,5,4,4,4,1,5
CFB007533,C007,2023-11-28,3,4,3,5,4,5
CFB007534,C048,2023-11-28,3,3,4,3,3,4
CFB007535,C067,2023-11-28,1,3,3,4,3,2
CFB007536,C060,2023-11-28,5,4,3,4,2,3
CFB007537,C056,2023-11-28,5,4,4,4,4,4
CFB007538,C075,2023-11-28,3,2,3,3,4,2
CFB007539,C034,2023-11-28,4,5,3,4,3,4
CFB007540,C030,2023-11-28,3,4,4,4,4,3
CFB007541,C054,2023-11-28,3,3,4,4,1,4
CFB007542,C039,2023-11-28,3,5,5,4,4,4
CFB007543,C045,2023-11-28,4,1,4,2,2,4
CFB007544,C080,2023-11-28,4,1,4,3,2,4
CFB007545,C077,2023-11-28,3,4,4,4,3,5
CFB007546,C089,2023-11-28,3,3,2,3,3,3
CFB007547,C030,2023-11-28,4,5,3,2,2,4
CFB007548,C016,2023-11-28,2,4,3,3,4,4
CFB007549,C075,2023-11-28,3,3,3,4,3,5
CFB007550,C068,2023-11-28,4,5,3,4,2,5
CFB007551,C056,2023-11-28,2,4,2,2,3,3
CFB007552,C006,2023-11-28,4,2,3,5,3,2
CFB007553,C067,2023-11-28,5,3,4,4,3,2
CFB007554,C077,2023-11-28,4,5,4,4,3,4
CFB007555,C077,2023-11-28,4,3,3,4,3,4
CFB007556,C010,2023-11-28,3,4,3,3,3,3
CFB007557,C021,2023-11-28,3,3,3,5,2,4
CFB007558,C036,2023-11-28,4,3,4,3,1,5
CFB007559,C007,2023-11-28,4,4,4,5,3,3
CFB007560,C040,2023-11-28,5,4,5,4,2,5
CFB007561,C045,2023-11-28,4,3,2,4,2,2
CFB007562,C081,2023-11-28,4,3,3,5,3,2
CFB007563,C038,2023-11-28,4,3,3,5,4,4
CFB007564,C007,2023-11-28,3,5,2,3,2,3
CFB007565,C054,2023-11-28,4,5,5,4,1,3
CFB007566,C069,2023-11-28,4,4,4,5,3,5
CFB007567,C018,2023-11-28,5,4,4,4,3,4
CFB007568,C051,2023-11-28,4,5,5,4,5,4
CFB007569,C078,2023-11-28,4,4,5,4,4,4
CFB007570,C038,2023-11-28,3,4,4,4,4,3
CFB007571,C070,2023-11-28,3,3,2,3,2,3
CFB007572,C054,2023-11-29,4,4,4,3,5,5
CFB007573,C017,2023-11-29,4,2,4,5,2,4
CFB007574,C031,2023-11-29,5,3,4,2,1,5
CFB007575,C063,2023-11-29,4,4,5,5,2,3
CFB007576,C027,2023-11-29,5,4,4,4,3,4
CFB007577,C084,2023-11-29,4,3,3,2,3,3
CFB007578,C069,2023-11-29,3,4,5,4,3,5
CFB007579,C047,2023-11-29,4,3,3,4,2,5
CFB007580,C032,2023-11-29,5,2,4,5,3,3
CFB007581,C015,2023-11-29,4,5,5,4,4,5
CFB007582,C069,2023-11-29,4,3,5,4,4,5
CFB007583,C051,2023-11-29,5,5,5,5,5,3
CFB007584,C004,2023-11-29,3,2,3,4,3,4
CFB007585,C030,2023-11-29,4,4,5,5,4,4
CFB007586,C006,2023-11-29,4,4,3,3,4,5
CFB007587,C030,2023-11-29,4,4,4,5,3,5
CFB007588,C080,2023-11-29,5,4,4,3,4,2
CFB007589,C046,2023-11-29,5,5,5,5,4,4
CFB007590,C088,2023-11-29,4,4,5,4,2,3
CFB007591,C070,2023-11-29,4,5,4,3,3,4
CFB007592,C039,2023-11-29,3,4,3,4,3,4
CFB007593,C056,2023-11-29,2,2,3,3,1,2
CFB007594,C036,2023-11-29,4,5,3,3,1,5
CFB007595,C006,2023-11-29,5,4,4,5,5,4
CFB007596,C077,2023-11-29,3,4,3,5,2,4
CFB007597,C032,2023-11-29,4,3,4,3,3,4
CFB007598,C074,2023-11-29,5,4,3,3,3,4
CFB007599,C079,2023-11-29,2,2,3,3,4,3
CFB007600,C036,2023-11-29,3,3,3,3,4,3
CFB007601,C004,2023-11-29,4,4,4,5,3,4
CFB007602,C034,2023-11-29,3,3,4,4,3,3
CFB007603,C068,2023-11-29,4,5,4,4,2,3
CFB007604,C045,2023-11-29,2,4,4,5,4,5
CFB007605,C077,2023-11-29,3,2,4,2,1,2
CFB007606,C080,2023-11-29,4,3,3,3,2,5
CFB007607,C047,2023-11-29,4,2,3,4,3,4
CFB007608,C021,2023-11-29,5,3,5,5,4,3
CFB007609,C074,2023-11-29,5,4,5,2,4,4
CFB007610,C048,2023-11-29,4,4,3,3,2,4
CFB007611,C015,2023-11-29,4,5,4,4,3,4
CFB007612,C088,2023-11-29,4,3,3,5,2,3
CFB007613,C061,2023-11-29,4,5,5,4,4,3
CFB007614,C037,2023-11-29,3,3,4,5,3,3
CFB007615,C046,2023-11-29,3,5,4,5,2,5
CFB007616,C054,2023-11-29,5,4,5,4,2,4
CFB007617,C056,2023-11-29,2,3,4,4,4,5
CFB007618,C089,2023-11-30,4,5,2,3,2,5
CFB007619,C089,2023-11-30,3,2,4,4,3,5
CFB007620,C065,2023-11-30,3,4,4,5,4,5
CFB007621,C002,2023-11-30,5,3,3,5,4,5
CFB007622,C051,2023-11-30,4,4,3,5,1,2
CFB007623,C040,2023-11-30,3,2,4,3,3,3
CFB007624,C074,2023-11-30,3,2,4,5,3,4
CFB007625,C056,2023-11-30,4,5,4,5,2,4
CFB007626,C085,2023-11-30,5,4,4,3,1,5
CFB007627,C085,2023-11-30,5,5,4,4,4,4
CFB007628,C075,2023-11-30,4,5,4,4,3,3
CFB007629,C039,2023-11-30,4,4,4,4,3,5
CFB007630,C056,2023-11-30,5,2,4,4,4,5
CFB007631,C060,2023-11-30,3,3,5,4,4,5
CFB007632,C044,2023-11-30,5,2,3,3,1,5
CFB007633,C055,2023-11-30,5,3,4,5,3,5
CFB007634,C007,2023-11-30,3,4,5,3,3,2
CFB007635,C045,2023-11-30,5,4,5,3,4,5
CFB007636,C067,2023-11-30,2,3,3,4,3,4
CFB007637,C054,2023-11-30,5,5,4,4,3,3
CFB007638,C054,2023-11-30,3,3,3,5,4,4
CFB007639,C065,2023-11-30,5,4,5,3,3,3
CFB007640,C048,2023-11-30,3,3,5,3,4,3
CFB007641,C039,2023-11-30,4,3,3,3,2,5
CFB007642,C067,2023-11-30,2,4,2,2,3,2
CFB007643,C024,2023-11-30,4,3,4,4,5,3
CFB007644,C020,2023-11-30,4,3,4,5,2,3
CFB007645,C079,2023-11-30,3,3,4,3,2,4
CFB007646,C063,2023-11-30,3,4,3,4,4,4
CFB007647,C059,2023-11-30,5,2,3,3,4,3
CFB007648,C088,2023-11-30,5,3,5,5,4,4
CFB007649,C054,2023-11-30,4,2,4,5,2,3
CFB007650,C079,2023-11-30,5,2,3,5,3,3
CFB007651,C034,2023-11-30,3,2,3,3,2,3
CFB007652,C073,2023-11-30,3,3,3,4,1,3
CFB007653,C068,2023-11-30,3,2,2,4,3,4
CFB007654,C080,2023-11-30,3,3,2,2,2,3
CFB007655,C063,2023-11-30,3,3,3,4,5,3
CFB007656,C035,2023-11-30,4,3,4,3,2,5
CFB007657,C054,2023-11-30,3,4,4,3,3,4
CFB007658,C078,2023-11-30,2,5,4,3,3,4
CFB007659,C061,2023-11-30,3,5,3,3,4,4
CFB007660,C024,2023-11-30,4,4,2,2,4,4
CFB007661,C034,2023-11-30,4,4,3,4,3,3
CFB007662,C024,2023-11-30,1,2,4,4,3,2
CFB007663,C068,2023-11-30,3,3,3,5,2,4
CFB007664,C054,2023-11-30,4,4,2,2,3,4
CFB007665,C006,2023-11-30,5,3,3,5,4,5
CFB007666,C079,2023-11-30,4,4,4,3,3,4
CFB007667,C067,2023-11-30,2,5,2,4,4,4
CFB007668,C073,2023-11-30,4,4,3,4,4,5
CFB007669,C061,2023-11-30,3,5,4,5,3,3
CFB007670,C043,2023-11-30,5,4,3,3,4,3
CFB007671,C035,2023-11-30,3,4,3,3,3,3
CFB007672,C085,2023-11-30,3,3,5,4,3,4
CFB007673,C063,2023-11-30,3,3,4,3,3,4
CFB007674,C081,2023-11-30,5,5,5,5,4,3
CFB007675,C078,2023-11-30,3,4,4,4,2,4
CFB007676,C013,2023-11-30,4,3,4,3,3,4
CFB007677,C080,2023-12-01,5,5,4,5,3,4
CFB007678,C069,2023-12-01,5,4,5,5,3,3
CFB007679,C060,2023-12-01,3,4,3,5,3,3
CFB007680,C075,2023-12-01,5,2,4,5,3,4
CFB007681,C073,2023-12-01,5,3,3,4,3,4
CFB007682,C081,2023-12-01,4,5,5,5,2,5
CFB007683,C068,2023-12-01,3,4,4,4,2,4
CFB007684,C007,2023-12-01,5,5,5,5,4,4
CFB007685,C048,2023-12-01,3,5,4,5,5,3
CFB007686,C060,2023-12-01,4,5,5,4,3,4
CFB007687,C006,2023-12-01,4,5,5,3,3,5
CFB007688,C077,2023-12-01,4,2,3,4,3,3
CFB007689,C032,2023-12-01,3,3,4,3,1,3
CFB007690,C013,2023-12-01,4,4,5,5,3,5
CFB007691,C088,2023-12-01,5,5,3,5,5,5
CFB007692,C059,2023-12-01,4,5,5,5,4,5
CFB007693,C030,2023-12-01,3,3,3,5,3,3
CFB007694,C062,2023-12-01,5,4,4,4,4,3
CFB007695,C030,2023-12-01,5,3,3,4,3,4
CFB007696,C065,2023-12-01,3,5,4,2,3,3
CFB007697,C044,2023-12-01,3,3,3,3,4,4
CFB007698,C034,2023-12-01,2,3,1,2,3,2
CFB007699,C004,2023-12-01,3,4,5,5,3,4
CFB007700,C039,2023-12-01,5,4,4,3,2,4
CFB007701,C037,2023-12-01,4,4,3,4,2,4
CFB007702,C089,2023-12-01,3,3,4,4,4,4
CFB007703,C059,2023-12-01,3,4,3,5,1,5
CFB007704,C038,2023-12-01,5,3,3,3,3,3
CFB007705,C040,2023-12-01,4,4,5,4,1,4
CFB007706,C038,2023-12-01,4,3,4,3,2,5
CFB007707,C039,2023-12-01,3,4,3,4,3,4
CFB007708,C032,2023-12-01,5,4,4,4,4,3
CFB007709,C078,2023-12-01,3,5,3,4,3,3
CFB007710,C030,2023-12-01,4,5,4,5,4,5
CFB007711,C051,2023-12-01,3,4,5,5,2,4
CFB007712,C002,2023-12-01,4,3,3,4,4,3
CFB007713,C007,2023-12-01,4,2,4,5,5,3
CFB007714,C036,2023-12-01,5,3,4,4,2,5
CFB007715,C068,2023-12-01,2,3,4,4,3,4
CFB007716,C063,2023-12-01,5,3,4,4,1,5
CFB007717,C036,2023-12-01,4,2,3,3,3,2
CFB007718,C006,2023-12-01,4,3,3,4,2,5
CFB007719,C068,2023-12-01,4,4,3,5,5,2
CFB007720,C079,2023-12-01,5,5,3,3,3,4
CFB007721,C073,2023-12-01,5,3,5,3,2,4
CFB007722,C075,2023-12-01,5,5,5,4,4,5
CFB007723,C013,2023-12-01,5,5,5,4,3,5
CFB007724,C030,2023-12-01,5,5,3,4,5,4
CFB007725,C060,2023-12-01,4,3,5,2,5,5
CFB007726,C073,2023-12-01,5,4,2,4,3,4
CFB007727,C045,2023-12-01,4,2,3,3,2,5
CFB007728,C036,2023-12-02,3,3,4,3,2,5
CFB007729,C002,2023-12-02,2,4,3,2,1,4
CFB007730,C031,2023-12-02,4,3,4,5,4,4
CFB007731,C051,2023-12-02,4,3,3,5,5,3
CFB007732,C081,2023-12-02,4,4,4,4,3,4
CFB007733,C063,2023-12-02,4,3,5,4,4,4
CFB007734,C074,2023-12-02,4,4,5,4,3,5
CFB007735,C031,2023-12-02,4,2,5,5,3,3
CFB007736,C007,2023-12-02,5,4,5,5,2,4
CFB007737,C068,2023-12-02,5,5,2,5,4,4
CFB007738,C039,2023-12-02,5,5,4,4,4,5
CFB007739,C008,2023-12-02,5,3,4,3,5,4
CFB007740,C060,2023-12-02,4,5,5,5,4,4
CFB007741,C084,2023-12-02,3,4,5,3,2,4
CFB007742,C065,2023-12-02,5,3,4,5,2,4
CFB007743,C087,2023-12-02,4,4,3,2,1,3
CFB007744,C027,2023-12-02,3,4,3,3,3,5
CFB007745,C062,2023-12-02,5,5,4,5,2,5
CFB007746,C027,2023-12-02,3,2,4,4,3,3
CFB007747,C020,2023-12-02,5,4,3,5,5,3
CFB007748,C039,2023-12-02,4,4,4,4,3,4
CFB007749,C039,2023-12-02,4,5,5,5,2,4
CFB007750,C008,2023-12-02,4,4,5,4,3,4
CFB007751,C081,2023-12-02,5,5,5,5,2,5
CFB007752,C018,2023-12-02,3,4,5,3,4,4
CFB007753,C063,2023-12-02,4,4,3,5,3,4
CFB007754,C044,2023-12-02,3,3,3,2,4,3
CFB007755,C045,2023-12-02,5,5,4,3,4,2
CFB007756,C016,2023-12-02,3,5,3,3,3,4
CFB007757,C027,2023-12-02,5,4,5,5,5,5
CFB007758,C036,2023-12-02,2,3,4,3,4,3
CFB007759,C079,2023-12-02,5,3,4,4,2,5
CFB007760,C087,2023-12-02,4,3,3,3,4,3
CFB007761,C038,2023-12-02,4,3,4,3,2,4
CFB007762,C054,2023-12-02,3,2,3,4,3,5
CFB007763,C059,2023-12-02,3,4,3,3,3,4
CFB007764,C081,2023-12-02,4,2,2,2,2,3
CFB007765,C038,2023-12-02,4,4,3,5,4,5
CFB007766,C079,2023-12-02,5,3,4,2,2,3
CFB007767,C039,2023-12-02,3,2,5,3,1,3
CFB007768,C002,2023-12-02,5,5,5,5,3,5
CFB007769,C032,2023-12-02,3,3,3,4,1,3
CFB007770,C075,2023-12-02,5,3,5,5,4,5
CFB007771,C066,2023-12-02,3,5,4,5,3,4
CFB007772,C075,2023-12-02,3,2,3,5,2,4
CFB007773,C089,2023-12-02,4,4,3,4,3,3
CFB007774,C062,2023-12-02,4,4,3,4,4,3
CFB007775,C021,2023-12-02,5,4,5,5,3,5
CFB007776,C020,2023-12-02,3,3,4,4,3,3
CFB007777,C039,2023-12-02,5,3,4,4,2,4
CFB007778,C030,2023-12-02,3,3,3,4,2,4
CFB007779,C027,2023-12-03,4,5,5,4,5,5
CFB007780,C036,2023-12-03,5,3,4,5,4,4
CFB007781,C075,2023-12-03,2,5,4,5,3,4
CFB007782,C078,2023-12-03,3,3,5,5,3,4
CFB007783,C080,2023-12-03,3,4,3,3,4,4
CFB007784,C032,2023-12-03,4,5,3,3,5,5
CFB007785,C080,2023-12-03,3,5,5,5,3,4
CFB007786,C074,2023-12-03,5,5,4,5,2,4
CFB007787,C038,2023-12-03,4,5,5,5,3,4
CFB007788,C013,2023-12-03,4,4,4,5,3,5
CFB007789,C027,2023-12-03,5,5,1,4,1,4
CFB007790,C030,2023-12-03,5,5,5,5,3,4
CFB007791,C059,2023-12-03,4,1,4,4,4,4
CFB007792,C038,2023-12-03,1,4,4,4,3,2
CFB007793,C030,2023-12-03,4,4,3,4,3,4
CFB007794,C077,2023-12-03,5,5,3,3,3,4
CFB007795,C074,2023-12-03,4,4,2,4,2,4
CFB007796,C069,2023-12-03,3,4,2,3,4,5
CFB007797,C075,2023-12-03,5,3,4,4,3,5
CFB007798,C074,2023-12-03,3,2,4,4,3,4
CFB007799,C038,2023-12-03,5,4,5,5,4,5
CFB007800,C086,2023-12-03,3,2,3,2,3,3
CFB007801,C032,2023-12-03,3,4,3,3,2,4
CFB007802,C073,2023-12-03,5,4,5,5,3,3
CFB007803,C075,2023-12-03,3,3,4,3,3,4
CFB007804,C027,2023-12-03,4,2,3,4,3,5
CFB007805,C084,2023-12-03,4,3,4,3,2,3
CFB007806,C084,2023-12-03,4,4,4,5,4,2
CFB007807,C004,2023-12-03,4,4,3,4,4,4
CFB007808,C007,2023-12-03,4,4,3,4,1,3
CFB007809,C056,2023-12-03,3,3,5,5,5,3
CFB007810,C030,2023-12-03,3,2,3,4,2,4
CFB007811,C078,2023-12-03,5,4,4,4,2,5
CFB007812,C070,2023-12-03,2,4,4,4,2,4
CFB007813,C063,2023-12-03,3,3,3,4,5,3
CFB007814,C087,2023-12-03,3,2,4,2,3,3
CFB007815,C055,2023-12-03,4,5,5,5,4,5
CFB007816,C020,2023-12-03,4,3,4,3,1,4
CFB007817,C018,2023-12-03,3,1,4,3,2,2
CFB007818,C074,2023-12-03,4,1,5,4,3,5
CFB007819,C037,2023-12-03,2,3,3,3,3,2
CFB007820,C070,2023-12-03,4,4,5,5,5,4
CFB007821,C077,2023-12-03,4,2,3,3,3,4
CFB007822,C043,2023-12-03,4,2,3,2,2,4
CFB007823,C089,2023-12-03,4,4,3,5,3,3
CFB007824,C073,2023-12-03,5,3,5,3,4,3
CFB007825,C074,2023-12-03,4,3,4,4,4,3
CFB007826,C078,2023-12-03,4,2,3,4,4,4
CFB007827,C035,2023-12-03,5,3,4,5,2,4
CFB007828,C037,2023-12-03,3,3,4,3,4,5
CFB007829,C016,2023-12-03,4,4,4,4,2,4
CFB007830,C046,2023-12-03,2,4,3,4,3,3
CFB007831,C066,2023-12-03,4,3,5,3,3,2
CFB007832,C070,2023-12-03,4,5,5,5,4,5
CFB007833,C035,2023-12-03,4,5,4,2,4,5
CFB007834,C031,2023-12-03,2,4,4,3,4,5
CFB007835,C060,2023-12-04,3,4,5,4,4,3
CFB007836,C045,2023-12-04,5,3,4,5,2,4
CFB007837,C081,2023-12-04,3,4,4,4,4,4
CFB007838,C036,2023-12-04,4,3,4,4,1,3
CFB007839,C043,2023-12-04,3,4,2,5,3,4
CFB007840,C031,2023-12-04,4,3,4,5,3,5
CFB007841,C027,2023-12-04,5,3,5,5,4,2
CFB007842,C070,2023-12-04,4,3,2,2,4,3
CFB007843,C015,2023-12-04,3,4,4,4,4,4
CFB007844,C043,2023-12-04,3,3,3,2,2,2
CFB007845,C067,2023-12-04,4,3,5,4,3,4
CFB007846,C059,2023-12-04,3,2,4,5,3,4
CFB007847,C070,2023-12-04,4,5,4,3,3,4
CFB007848,C047,2023-12-04,5,2,5,4,4,5
CFB007849,C078,2023-12-04,4,3,4,4,2,4
CFB007850,C074,2023-12-04,5,4,4,3,4,3
CFB007851,C021,2023-12-04,4,4,3,3,4,3
CFB007852,C007,2023-12-04,4,1,4,3,2,4
CFB007853,C027,2023-12-04,4,5,4,4,2,3
CFB007854,C056,2023-12-04,4,2,1,3,4,5
CFB007855,C002,2023-12-04,3,3,3,4,3,5
CFB007856,C015,2023-12-04,4,3,3,1,3,2
CFB007857,C006,2023-12-04,4,4,3,3,4,3
CFB007858,C087,2023-12-04,4,2,4,4,1,3
CFB007859,C066,2023-12-04,4,3,4,3,2,5
CFB007860,C043,2023-12-04,5,4,4,4,4,5
CFB007861,C075,2023-12-04,5,4,3,5,4,4
CFB007862,C048,2023-12-04,5,3,4,3,2,4
CFB007863,C075,2023-12-04,3,4,4,3,3,3
CFB007864,C051,2023-12-04,4,4,3,4,2,3
CFB007865,C036,2023-12-04,4,1,4,3,2,3
CFB007866,C087,2023-12-04,5,3,5,4,2,3
CFB007867,C016,2023-12-04,4,3,4,4,4,2
CFB007868,C034,2023-12-04,4,4,4,3,3,4
CFB007869,C067,2023-12-04,2,4,3,4,3,4
CFB007870,C031,2023-12-04,3,4,4,5,3,3
CFB007871,C027,2023-12-04,5,5,4,4,3,4
CFB007872,C037,2023-12-04,5,4,4,4,2,3
CFB007873,C048,2023-12-04,3,4,3,4,3,3
CFB007874,C048,2023-12-04,4,2,3,3,3,3
CFB007875,C056,2023-12-04,4,4,3,4,3,2
CFB007876,C048,2023-12-04,5,5,4,3,4,5
CFB007877,C013,2023-12-04,5,2,4,5,2,3
CFB007878,C061,2023-12-04,5,4,5,3,3,4
CFB007879,C084,2023-12-04,4,4,3,3,3,4
CFB007880,C087,2023-12-04,3,4,5,5,2,5
CFB007881,C059,2023-12-05,4,3,3,5,3,4
CFB007882,C066,2023-12-05,3,4,4,4,4,4
CFB007883,C036,2023-12-05,5,5,5,5,5,5
CFB007884,C051,2023-12-05,3,4,4,2,4,3
CFB007885,C074,2023-12-05,3,4,5,5,3,3
CFB007886,C055,2023-12-05,4,4,4,4,2,2
CFB007887,C016,2023-12-05,5,4,4,4,3,3
CFB007888,C035,2023-12-05,3,4,4,4,2,4
CFB007889,C059,2023-12-05,4,5,5,5,3,4
CFB007890,C086,2023-12-05,4,3,5,4,4,3
CFB007891,C020,2023-12-05,5,5,4,5,4,4
CFB007892,C044,2023-12-05,5,4,3,5,3,4
CFB007893,C043,2023-12-05,5,4,5,5,3,5
CFB007894,C062,2023-12-05,5,4,5,5,3,4
CFB007895,C068,2023-12-05,4,3,5,4,3,3
CFB007896,C070,2023-12-05,3,5,5,4,3,3
CFB007897,C088,2023-12-05,3,3,3,4,3,4
CFB007898,C065,2023-12-05,5,5,4,5,4,4
CFB007899,C070,2023-12-05,4,3,5,5,4,5
CFB007900,C018,2023-12-05,5,4,5,5,2,5
CFB007901,C079,2023-12-05,4,5,5,5,4,5
CFB007902,C043,2023-12-05,4,4,4,5,4,4
CFB007903,C065,2023-12-05,4,2,4,3,3,2
CFB007904,C010,2023-12-05,3,4,4,4,3,5
CFB007905,C040,2023-12-05,4,5,4,4,2,5
CFB007906,C018,2023-12-05,4,4,2,3,2,4
CFB007907,C043,2023-12-05,5,4,4,4,3,4
CFB007908,C006,2023-12-05,5,3,4,3,2,4
CFB007909,C089,2023-12-05,4,3,5,5,3,3
CFB007910,C080,2023-12-05,3,4,4,3,3,3
CFB007911,C046,2023-12-05,5,4,4,4,2,5
CFB007912,C035,2023-12-05,5,4,4,5,1,2
CFB007913,C021,2023-12-05,4,2,4,4,2,5
CFB007914,C084,2023-12-05,3,3,3,5,2,3
CFB007915,C032,2023-12-05,3,3,3,3,3,3
CFB007916,C065,2023-12-05,3,3,4,4,3,3
CFB007917,C089,2023-12-05,5,5,4,5,2,5
CFB007918,C031,2023-12-05,5,4,4,3,4,5
CFB007919,C070,2023-12-05,4,3,5,5,5,5
CFB007920,C034,2023-12-05,3,5,4,5,3,5
CFB007921,C038,2023-12-05,5,4,4,2,1,4
CFB007922,C007,2023-12-05,4,4,4,4,2,5
CFB007923,C084,2023-12-05,3,2,5,2,3,4
CFB007924,C067,2023-12-05,5,3,4,3,2,3
CFB007925,C051,2023-12-05,3,3,2,4,3,5
CFB007926,C046,2023-12-06,3,3,3,5,3,3
CFB007927,C074,2023-12-06,4,5,2,4,4,3
CFB007928,C087,2023-12-06,5,5,4,3,4,4
CFB007929,C054,2023-12-06,4,5,3,4,4,3
CFB007930,C032,2023-12-06,5,4,5,4,5,4
CFB007931,C032,2023-12-06,4,3,4,5,5,5
CFB007932,C004,2023-12-06,4,1,2,4,4,3
CFB007933,C047,2023-12-06,2,5,4,5,2,4
CFB007934,C039,2023-12-06,5,5,5,4,2,3
CFB007935,C066,2023-12-06,4,4,2,3,3,5
CFB007936,C070,2023-12-06,4,5,4,4,3,3
CFB007937,C021,2023-12-06,5,5,4,5,3,3
CFB007938,C077,2023-12-06,4,4,4,5,3,4
CFB007939,C043,2023-12-06,5,3,5,4,4,3
CFB007940,C010,2023-12-06,5,4,3,4,3,3
CFB007941,C060,2023-12-06,3,3,4,5,3,4
CFB007942,C017,2023-12-06,4,4,4,3,3,4
CFB007943,C031,2023-12-06,3,3,4,2,3,3
CFB007944,C013,2023-12-06,4,4,4,4,1,3
CFB007945,C024,2023-12-06,4,3,3,4,2,3
CFB007946,C018,2023-12-06,3,3,4,3,3,3
CFB007947,C021,2023-12-06,3,4,3,3,3,3
CFB007948,C079,2023-12-06,4,2,4,4,5,3
CFB007949,C079,2023-12-06,4,5,4,4,4,5
CFB007950,C007,2023-12-06,2,4,3,2,2,3
CFB007951,C061,2023-12-06,4,2,3,4,2,2
CFB007952,C043,2023-12-06,4,4,3,3,4,4
CFB007953,C088,2023-12-06,2,3,2,3,2,2
CFB007954,C007,2023-12-06,4,3,5,5,1,3
CFB007955,C079,2023-12-06,3,4,4,4,2,3
CFB007956,C013,2023-12-06,5,3,4,4,2,3
CFB007957,C040,2023-12-06,4,3,4,4,1,2
CFB007958,C002,2023-12-06,4,4,2,4,3,4
CFB007959,C018,2023-12-06,3,2,5,4,3,3
CFB007960,C069,2023-12-06,5,5,5,5,3,5
CFB007961,C047,2023-12-06,4,3,3,4,4,4
CFB007962,C055,2023-12-06,5,4,5,5,1,4
CFB007963,C085,2023-12-06,3,2,3,4,4,5
CFB007964,C074,2023-12-06,5,4,5,3,3,5
CFB007965,C048,2023-12-06,4,4,5,2,4,3
CFB007966,C048,2023-12-06,4,5,5,4,4,5
CFB007967,C004,2023-12-06,4,3,4,5,5,4
CFB007968,C066,2023-12-06,4,2,4,3,3,5
CFB007969,C061,2023-12-06,5,2,3,3,3,3
CFB007970,C073,2023-12-07,5,4,5,4,1,5
CFB007971,C078,2023-12-07,5,5,4,5,2,4
CFB007972,C016,2023-12-07,4,4,5,5,4,5
CFB007973,C061,2023-12-07,5,4,5,5,3,4
CFB007974,C018,2023-12-07,4,4,4,3,4,5
CFB007975,C078,2023-12-07,5,4,3,3,3,3
CFB007976,C047,2023-12-07,4,4,3,4,3,3
CFB007977,C070,2023-12-07,2,5,4,5,2,5
CFB007978,C032,2023-12-07,5,5,5,5,5,5
CFB007979,C043,2023-12-07,5,5,5,3,4,5
CFB007980,C078,2023-12-07,4,3,2,4,2,3
CFB007981,C063,2023-12-07,5,3,4,3,1,4
CFB007982,C010,2023-12-07,5,2,4,4,4,5
CFB007983,C075,2023-12-07,4,4,3,4,4,4
CFB007984,C067,2023-12-07,5,4,3,4,4,4
CFB007985,C015,2023-12-07,3,4,3,4,3,4
CFB007986,C037,2023-12-07,4,2,4,2,1,3
CFB007987,C018,2023-12-07,5,3,3,4,3,3
CFB007988,C044,2023-12-07,5,4,5,3,2,3
CFB007989,C065,2023-12-07,5,5,5,3,2,4
CFB007990,C074,2023-12-07,4,4,2,5,4,4
CFB007991,C078,2023-12-07,5,5,5,4,3,5
CFB007992,C037,2023-12-07,3,3,5,2,4,2
CFB007993,C087,2023-12-07,5,5,4,5,3,5
CFB007994,C027,2023-12-07,3,2,2,3,2,3
CFB007995,C048,2023-12-07,4,4,4,5,4,5
CFB007996,C078,2023-12-07,5,4,5,4,4,4
CFB007997,C040,2023-12-07,4,3,4,4,3,4
CFB007998,C084,2023-12-07,5,3,4,2,3,5
CFB007999,C077,2023-12-07,2,2,2,3,3,3
CFB008000,C089,2023-12-07,4,5,3,5,1,3
CFB008001,C020,2023-12-07,4,4,4,4,4,3
CFB008002,C035,2023-12-07,5,5,4,4,4,5
CFB008003,C031,2023-12-07,4,3,2,4,4,5
CFB008004,C075,2023-12-07,5,3,2,4,4,3
CFB008005,C047,2023-12-07,4,4,3,3,3,4
CFB008006,C067,2023-12-07,3,3,4,4,3,4
CFB008007,C085,2023-12-07,5,5,3,5,2,4
CFB008008,C060,2023-12-07,4,5,5,4,3,4
CFB008009,C037,2023-12-07,4,5,5,5,3,5
CFB008010,C040,2023-12-07,5,5,4,4,5,5
CFB008011,C008,2023-12-07,3,3,4,3,3,3
CFB008012,C059,2023-12-07,4,5,4,3,2,4
CFB008013,C085,2023-12-07,5,2,3,3,2,4
CFB008014,C036,2023-12-08,2,4,4,4,2,4
CFB008015,C084,2023-12-08,3,5,3,4,3,4
CFB008016,C038,2023-12-08,5,3,3,3,1,4
CFB008017,C036,2023-12-08,5,4,4,3,4,4
CFB008018,C027,2023-12-08,3,2,3,4,4,3
CFB008019,C066,2023-12-08,4,2,5,4,3,5
CFB008020,C036,2023-12-08,3,4,5,5,2,2
CFB008021,C085,2023-12-08,5,5,3,4,4,5
CFB008022,C067,2023-12-08,5,4,5,4,5,3
CFB008023,C013,2023-12-08,5,4,4,4,2,5
CFB008024,C017,2023-12-08,4,3,3,2,3,4
CFB008025,C035,2023-12-08,3,4,5,5,4,3
CFB008026,C084,2023-12-08,5,3,4,3,3,4
CFB008027,C048,2023-12-08,5,5,4,5,2,3
CFB008028,C065,2023-12-08,3,3,4,3,2,3
CFB008029,C059,2023-12-08,4,4,5,4,4,5
CFB008030,C002,2023-12-08,2,3,4,3,3,4
CFB008031,C046,2023-12-08,5,4,3,5,5,5
CFB008032,C021,2023-12-08,4,4,4,4,3,4
CFB008033,C054,2023-12-08,5,5,5,5,2,5
CFB008034,C015,2023-12-08,3,3,3,3,3,3
CFB008035,C020,2023-12-08,4,3,5,4,3,4
CFB008036,C054,2023-12-08,5,5,5,4,2,5
CFB008037,C056,2023-12-08,5,5,2,3,2,4
CFB008038,C044,2023-12-08,4,3,2,4,3,4
CFB008039,C020,2023-12-08,3,4,3,2,3,3
CFB008040,C089,2023-12-08,4,4,3,4,4,4
CFB008041,C075,2023-12-08,5,3,4,3,2,5
CFB008042,C046,2023-12-08,3,3,3,2,5,2
CFB008043,C027,2023-12-08,3,4,5,5,3,3
CFB008044,C068,2023-12-08,5,2,2,2,2,4
CFB008045,C085,2023-12-08,4,4,4,3,5,4
CFB008046,C035,2023-12-08,2,4,3,2,3,4
CFB008047,C018,2023-12-08,2,4,2,5,2,5
CFB008048,C069,2023-12-08,4,4,4,3,3,4
CFB008049,C056,2023-12-08,3,3,3,3,3,4
CFB008050,C037,2023-12-08,4,4,3,5,3,4
CFB008051,C031,2023-12-08,5,4,2,5,3,4
CFB008052,C067,2023-12-08,5,4,3,4,2,5
CFB008053,C056,2023-12-08,2,3,4,3,4,2
CFB008054,C067,2023-12-08,3,3,3,3,2,4
CFB008055,C045,2023-12-08,4,3,4,4,3,4
CFB008056,C087,2023-12-08,3,5,5,3,2,4
CFB008057,C062,2023-12-08,3,3,2,4,2,3
CFB008058,C045,2023-12-08,4,4,4,4,4,4
CFB008059,C030,2023-12-08,3,3,3,4,3,5
CFB008060,C048,2023-12-08,3,3,3,2,1,3
CFB008061,C031,2023-12-08,4,3,4,4,4,3
CFB008062,C075,2023-12-08,4,3,2,4,3,4
CFB008063,C018,2023-12-08,4,2,3,4,3,4
CFB008064,C061,2023-12-08,4,4,3,4,4,3
CFB008065,C074,2023-12-08,5,4,3,5,2,4
CFB008066,C007,2023-12-08,5,4,4,3,1,3
CFB008067,C055,2023-12-08,4,3,2,4,3,3
CFB008068,C079,2023-12-08,5,3,4,4,3,5
CFB008069,C088,2023-12-08,4,5,4,5,2,3
CFB008070,C015,2023-12-08,5,4,4,3,4,4
CFB008071,C068,2023-12-08,4,4,4,3,2,5
CFB008072,C087,2023-12-08,2,4,3,4,3,5
CFB008073,C059,2023-12-08,5,5,5,5,2,5
CFB008074,C036,2023-12-08,3,3,4,4,3,4
CFB008075,C069,2023-12-08,4,3,2,3,3,5
CFB008076,C015,2023-12-08,3,4,4,3,4,2
CFB008077,C084,2023-12-08,2,3,2,2,2,5
CFB008078,C060,2023-12-08,5,3,3,4,3,5
CFB008079,C085,2023-12-08,5,4,5,5,3,3
CFB008080,C087,2023-12-08,4,3,4,4,5,3
CFB008081,C020,2023-12-08,3,4,5,5,2,5
CFB008082,C056,2023-12-08,5,4,4,3,5,4
CFB008083,C069,2023-12-09,5,3,5,5,3,3
CFB008084,C063,2023-12-09,5,4,4,5,4,5
CFB008085,C027,2023-12-09,4,4,4,5,5,5
CFB008086,C027,2023-12-09,5,4,3,5,4,4
CFB008087,C010,2023-12-09,4,4,4,3,4,4
CFB008088,C089,2023-12-09,3,3,5,3,3,5
CFB008089,C046,2023-12-09,4,5,4,5,3,5
CFB008090,C010,2023-12-09,3,5,4,5,3,5
CFB008091,C048,2023-12-09,4,4,5,5,4,3
CFB008092,C002,2023-12-09,3,4,3,3,4,4
CFB008093,C032,2023-12-09,3,2,2,4,4,4
CFB008094,C039,2023-12-09,3,3,3,3,4,4
CFB008095,C070,2023-12-09,3,3,4,4,2,5
CFB008096,C006,2023-12-09,3,4,4,2,3,3
CFB008097,C020,2023-12-09,5,5,4,4,4,4
CFB008098,C010,2023-12-09,4,4,5,4,1,4
CFB008099,C017,2023-12-09,4,3,2,4,3,4
CFB008100,C036,2023-12-09,3,3,4,2,3,2
CFB008101,C035,2023-12-09,5,1,4,5,2,3
CFB008102,C036,2023-12-09,4,4,3,2,2,4
CFB008103,C031,2023-12-09,5,3,3,3,2,4
CFB008104,C046,2023-12-09,4,2,4,2,4,4
CFB008105,C006,2023-12-09,5,4,3,4,3,4
CFB008106,C017,2023-12-09,3,4,2,4,3,3
CFB008107,C069,2023-12-09,4,4,4,3,3,4
CFB008108,C084,2023-12-09,3,4,4,4,3,5
CFB008109,C066,2023-12-09,3,2,4,4,1,5
CFB008110,C059,2023-12-09,3,1,3,3,2,3
CFB008111,C074,2023-12-09,2,4,3,3,2,3
CFB008112,C069,2023-12-09,5,4,5,3,4,3
CFB008113,C018,2023-12-09,4,3,3,5,4,4
CFB008114,C040,2023-12-09,4,3,5,4,2,4
CFB008115,C027,2023-12-09,5,4,5,5,3,4
CFB008116,C088,2023-12-09,3,4,3,4,3,3
CFB008117,C067,2023-12-09,2,2,4,3,3,5
CFB008118,C032,2023-12-09,5,4,5,5,2,5
CFB008119,C034,2023-12-09,5,1,3,3,2,3
CFB008120,C059,2023-12-09,4,4,4,4,2,3
CFB008121,C007,2023-12-10,5,3,5,5,3,3
CFB008122,C007,2023-12-10,5,4,4,3,3,3
CFB008123,C007,2023-12-10,5,4,3,5,4,4
CFB008124,C016,2023-12-10,4,4,3,3,3,4
CFB008125,C086,2023-12-10,4,4,5,5,5,5
CFB008126,C048,2023-12-10,4,3,5,5,3,4
CFB008127,C030,2023-12-10,5,5,4,5,5,5
CFB008128,C007,2023-12-10,4,4,5,5,4,5
CFB008129,C032,2023-12-10,4,5,3,4,3,4
CFB008130,C075,2023-12-10,4,4,3,4,4,4
CFB008131,C055,2023-12-10,5,4,4,4,3,4
CFB008132,C088,2023-12-10,5,4,4,3,3,5
CFB008133,C030,2023-12-10,4,5,3,3,3,4
CFB008134,C086,2023-12-10,5,3,4,3,3,4
CFB008135,C002,2023-12-10,4,3,2,4,2,4
CFB008136,C067,2023-12-10,2,3,4,4,2,5
CFB008137,C007,2023-12-10,5,5,5,5,1,4
CFB008138,C061,2023-12-10,5,4,4,5,3,5
CFB008139,C036,2023-12-10,5,5,3,3,3,3
CFB008140,C007,2023-12-10,4,2,4,5,2,3
CFB008141,C060,2023-12-10,5,3,4,4,3,4
CFB008142,C030,2023-12-10,4,3,5,4,3,4
CFB008143,C073,2023-12-10,3,4,4,3,1,4
CFB008144,C007,2023-12-10,5,5,5,3,3,5
CFB008145,C074,2023-12-10,5,4,3,3,3,5
CFB008146,C054,2023-12-10,5,2,3,2,2,3
CFB008147,C054,2023-12-10,2,2,2,3,3,1
CFB008148,C030,2023-12-10,3,3,3,2,2,3
CFB008149,C080,2023-12-10,5,4,5,5,3,4
CFB008150,C066,2023-12-10,4,5,4,4,2,5
CFB008151,C030,2023-12-10,4,3,2,5,3,3
CFB008152,C085,2023-12-10,3,3,4,2,2,3
CFB008153,C089,2023-12-10,4,3,3,4,2,5
CFB008154,C032,2023-12-10,4,4,4,4,4,5
CFB008155,C048,2023-12-10,4,4,3,5,1,3
CFB008156,C031,2023-12-10,5,5,5,4,4,5
CFB008157,C085,2023-12-10,2,5,4,4,3,4
CFB008158,C047,2023-12-10,4,4,3,4,2,5
CFB008159,C021,2023-12-10,4,3,4,4,2,4
CFB008160,C081,2023-12-10,5,3,3,4,2,5
CFB008161,C046,2023-12-10,4,2,4,3,4,3
CFB008162,C065,2023-12-10,4,4,5,2,3,5
CFB008163,C075,2023-12-10,2,3,3,3,5,5
CFB008164,C067,2023-12-10,4,4,3,4,3,4
CFB008165,C048,2023-12-10,5,3,3,3,3,3
CFB008166,C016,2023-12-10,5,3,5,3,5,4
CFB008167,C007,2023-12-10,5,4,5,5,3,4
CFB008168,C020,2023-12-10,3,3,3,4,4,4
CFB008169,C079,2023-12-11,5,3,4,4,4,5
CFB008170,C008,2023-12-11,5,4,4,4,4,4
CFB008171,C062,2023-12-11,5,5,5,5,3,5
CFB008172,C067,2023-12-11,4,4,2,3,4,3
CFB008173,C087,2023-12-11,3,4,4,5,2,5
CFB008174,C086,2023-12-11,3,4,4,3,3,4
CFB008175,C045,2023-12-11,5,3,5,4,4,4
CFB008176,C030,2023-12-11,4,4,5,4,5,5
CFB008177,C085,2023-12-11,3,5,2,3,3,5
CFB008178,C075,2023-12-11,5,4,4,5,5,5
CFB008179,C020,2023-12-11,5,3,5,4,2,4
CFB008180,C054,2023-12-11,4,4,4,5,2,4
CFB008181,C037,2023-12-11,5,3,5,4,4,3
CFB008182,C006,2023-12-11,4,4,3,5,4,5
CFB008183,C006,2023-12-11,5,5,5,5,2,5
CFB008184,C046,2023-12-11,5,4,3,5,3,2
CFB008185,C046,2023-12-11,4,4,5,4,2,5
CFB008186,C044,2023-12-11,5,4,4,4,4,4
CFB008187,C077,2023-12-11,5,5,4,5,4,4
CFB008188,C027,2023-12-11,5,3,4,4,5,5
CFB008189,C063,2023-12-11,4,3,4,5,5,5
CFB008190,C002,2023-12-11,3,4,4,4,3,5
CFB008191,C066,2023-12-11,5,5,5,2,3,2
CFB008192,C046,2023-12-11,3,4,3,4,3,4
CFB008193,C017,2023-12-11,5,5,4,2,4,4
CFB008194,C051,2023-12-11,5,4,3,4,3,3
CFB008195,C084,2023-12-11,3,2,4,3,3,4
CFB008196,C081,2023-12-11,4,3,3,5,4,2
CFB008197,C006,2023-12-11,5,3,3,3,3,5
CFB008198,C059,2023-12-11,3,4,3,5,2,5
CFB008199,C061,2023-12-11,1,3,4,3,2,3
CFB008200,C034,2023-12-11,5,2,3,3,4,3
CFB008201,C039,2023-12-11,5,2,3,3,2,4
CFB008202,C044,2023-12-11,5,4,5,4,3,5
CFB008203,C060,2023-12-11,4,3,5,4,3,3
CFB008204,C073,2023-12-11,3,4,1,4,3,2
CFB008205,C021,2023-12-11,4,3,3,3,3,5
CFB008206,C051,2023-12-11,4,3,5,4,1,3
CFB008207,C018,2023-12-11,5,5,4,5,3,4
CFB008208,C066,2023-12-11,4,4,5,4,4,3
CFB008209,C088,2023-12-11,3,3,3,4,2,3
CFB008210,C063,2023-12-11,4,5,5,4,3,4
CFB008211,C010,2023-12-11,5,3,4,3,4,3
CFB008212,C020,2023-12-11,3,3,4,4,3,5
CFB008213,C075,2023-12-11,2,1,3,3,4,4
CFB008214,C048,2023-12-11,4,3,5,2,5,3
CFB008215,C031,2023-12-11,3,3,3,3,2,4
CFB008216,C040,2023-12-11,4,3,5,4,4,3
CFB008217,C080,2023-12-11,5,4,4,4,3,4
CFB008218,C048,2023-12-11,4,3,5,4,3,5
CFB008219,C013,2023-12-12,3,3,4,4,2,3
CFB008220,C020,2023-12-12,4,5,4,5,5,5
CFB008221,C010,2023-12-12,2,3,3,4,4,3
CFB008222,C002,2023-12-12,5,2,3,4,3,4
CFB008223,C038,2023-12-12,5,4,4,5,3,5
CFB008224,C024,2023-12-12,5,4,4,5,2,4
CFB008225,C078,2023-12-12,5,4,5,5,2,4
CFB008226,C070,2023-12-12,4,4,3,3,4,5
CFB008227,C081,2023-12-12,5,5,5,4,2,4
CFB008228,C030,2023-12-12,3,3,4,5,3,3
CFB008229,C038,2023-12-12,5,4,4,3,2,4
CFB008230,C048,2023-12-12,5,4,4,4,3,5
CFB008231,C040,2023-12-12,4,3,5,4,4,5
CFB008232,C080,2023-12-12,5,3,5,5,2,5
CFB008233,C060,2023-12-12,4,5,3,4,3,4
CFB008234,C065,2023-12-12,5,4,5,5,2,5
CFB008235,C051,2023-12-12,3,2,2,2,2,5
CFB008236,C079,2023-12-12,5,5,5,5,5,4
CFB008237,C034,2023-12-12,4,4,4,5,3,4
CFB008238,C027,2023-12-12,2,4,4,4,3,4
CFB008239,C085,2023-12-12,3,3,4,4,2,3
CFB008240,C035,2023-12-12,4,4,2,5,2,4
CFB008241,C018,2023-12-12,3,4,3,3,1,3
CFB008242,C063,2023-12-12,5,2,3,3,5,3
CFB008243,C020,2023-12-12,5,3,5,5,3,5
CFB008244,C002,2023-12-12,5,4,4,3,3,4
CFB008245,C045,2023-12-12,4,3,3,4,5,4
CFB008246,C002,2023-12-12,4,2,4,3,1,4
CFB008247,C010,2023-12-12,2,3,4,3,3,3
CFB008248,C055,2023-12-12,5,5,4,4,5,5
CFB008249,C056,2023-12-12,4,4,3,5,1,3
CFB008250,C010,2023-12-12,3,3,3,5,3,3
CFB008251,C088,2023-12-12,4,5,4,4,2,4
CFB008252,C055,2023-12-12,4,4,3,2,2,2
CFB008253,C008,2023-12-12,5,3,3,5,3,5
CFB008254,C004,2023-12-12,4,4,4,4,3,3
CFB008255,C066,2023-12-12,4,4,4,4,4,3
CFB008256,C061,2023-12-12,5,2,5,3,4,3
CFB008257,C010,2023-12-12,3,2,4,3,2,4
CFB008258,C089,2023-12-12,4,2,1,5,3,2
CFB008259,C032,2023-12-12,3,3,3,3,1,5
CFB008260,C065,2023-12-12,4,2,2,2,4,3
CFB008261,C075,2023-12-13,2,2,3,4,5,4
CFB008262,C061,2023-12-13,5,5,4,3,3,4
CFB008263,C036,2023-12-13,4,4,4,4,3,4
CFB008264,C073,2023-12-13,5,4,4,3,4,3
CFB008265,C030,2023-12-13,5,4,5,4,4,4
CFB008266,C021,2023-12-13,3,2,3,3,3,4
CFB008267,C007,2023-12-13,4,4,3,4,5,5
CFB008268,C081,2023-12-13,3,3,4,3,2,4
CFB008269,C032,2023-12-13,4,3,4,3,2,4
CFB008270,C018,2023-12-13,4,5,4,5,4,4
CFB008271,C027,2023-12-13,5,5,5,5,4,5
CFB008272,C007,2023-12-13,4,3,4,4,3,3
CFB008273,C074,2023-12-13,5,4,3,5,3,2
CFB008274,C081,2023-12-13,4,4,3,5,2,4
CFB008275,C059,2023-12-13,3,4,4,4,4,4
CFB008276,C021,2023-12-13,3,4,5,4,4,3
CFB008277,C027,2023-12-13,4,5,4,4,1,2
CFB008278,C088,2023-12-13,4,4,4,4,2,4
CFB008279,C043,2023-12-13,5,3,3,5,2,3
CFB008280,C080,2023-12-13,5,4,5,5,3,5
CFB008281,C007,2023-12-13,4,1,4,4,3,3
CFB008282,C013,2023-12-13,3,2,4,4,3,3
CFB008283,C075,2023-12-13,4,2,2,2,5,3
CFB008284,C084,2023-12-13,3,4,5,4,2,5
CFB008285,C021,2023-12-13,2,2,3,4,4,1
CFB008286,C077,2023-12-13,3,2,3,5,4,4
CFB008287,C044,2023-12-13,3,4,5,5,2,5
CFB008288,C055,2023-12-13,2,3,4,3,2,2
CFB008289,C089,2023-12-13,3,4,4,5,2,2
CFB008290,C035,2023-12-13,3,4,5,2,4,4
CFB008291,C027,2023-12-13,3,3,4,5,4,3
CFB008292,C021,2023-12-13,4,4,1,4,3,4
CFB008293,C036,2023-12-13,2,4,4,2,3,4
CFB008294,C007,2023-12-13,3,3,3,5,3,5
CFB008295,C002,2023-12-13,3,4,4,4,3,4
CFB008296,C031,2023-12-13,4,4,3,3,2,4
CFB008297,C039,2023-12-13,2,5,5,4,5,4
CFB008298,C046,2023-12-13,4,3,4,5,2,3
CFB008299,C073,2023-12-13,5,4,4,5,4,3
CFB008300,C018,2023-12-13,4,3,4,3,3,4
CFB008301,C060,2023-12-13,4,5,5,5,5,4
CFB008302,C061,2023-12-13,5,3,4,4,5,5
CFB008303,C054,2023-12-13,5,5,3,4,3,5
CFB008304,C021,2023-12-13,3,3,5,2,1,3
CFB008305,C080,2023-12-13,2,3,3,5,2,4
CFB008306,C056,2023-12-13,4,2,4,3,3,4
CFB008307,C004,2023-12-13,3,5,2,4,3,3
CFB008308,C087,2023-12-13,5,4,5,4,4,5
CFB008309,C074,2023-12-13,5,3,4,3,3,5
CFB008310,C069,2023-12-13,5,5,3,5,3,5
CFB008311,C016,2023-12-13,5,3,2,3,3,5
CFB008312,C056,2023-12-13,3,4,5,5,3,4
CFB008313,C032,2023-12-13,4,4,4,2,4,3
CFB008314,C070,2023-12-14,4,5,3,2,4,3
CFB008315,C075,2023-12-14,4,5,5,5,4,4
CFB008316,C065,2023-12-14,4,4,2,4,4,4
CFB008317,C079,2023-12-14,4,4,4,4,5,2
CFB008318,C075,2023-12-14,5,3,3,5,4,4
CFB008319,C059,2023-12-14,2,4,4,5,4,4
CFB008320,C031,2023-12-14,3,5,4,5,2,4
CFB008321,C037,2023-12-14,5,4,4,4,3,4
CFB008322,C080,2023-12-14,3,5,5,4,4,3
CFB008323,C016,2023-12-14,3,4,5,5,3,3
CFB008324,C007,2023-12-14,4,4,5,5,5,5
CFB008325,C013,2023-12-14,4,3,4,4,3,5
CFB008326,C024,2023-12-14,4,5,4,3,4,5
CFB008327,C081,2023-12-14,3,3,5,4,3,5
CFB008328,C088,2023-12-14,2,4,2,3,4,3
CFB008329,C081,2023-12-14,5,4,4,3,3,4
CFB008330,C027,2023-12-14,5,4,4,5,4,4
CFB008331,C048,2023-12-14,5,3,4,5,3,5
CFB008332,C030,2023-12-14,5,5,3,5,4,5
CFB008333,C040,2023-12-14,5,5,4,4,5,4
CFB008334,C070,2023-12-14,2,3,3,4,3,4
CFB008335,C065,2023-12-14,5,4,3,4,2,4
CFB008336,C066,2023-12-14,4,4,5,4,2,4
CFB008337,C070,2023-12-14,3,3,3,2,4,4
CFB008338,C069,2023-12-14,2,5,4,5,1,5
CFB008339,C031,2023-12-14,4,3,3,3,2,4
CFB008340,C070,2023-12-14,3,3,3,5,4,4
CFB008341,C002,2023-12-14,4,3,3,2,3,5
CFB008342,C021,2023-12-14,4,4,4,5,3,4
CFB008343,C045,2023-12-14,5,2,3,3,1,2
CFB008344,C067,2023-12-14,4,2,2,4,2,3
CFB008345,C006,2023-12-14,5,4,4,4,2,4
CFB008346,C068,2023-12-14,3,4,4,5,3,4
CFB008347,C035,2023-12-14,5,3,4,5,4,3
CFB008348,C081,2023-12-14,3,2,3,2,3,3
CFB008349,C061,2023-12-14,4,4,2,5,3,3
CFB008350,C045,2023-12-14,4,4,4,2,2,3
CFB008351,C036,2023-12-14,5,4,5,5,4,4
CFB008352,C030,2023-12-14,5,4,4,3,2,5
CFB008353,C032,2023-12-14,3,2,3,3,2,3
CFB008354,C085,2023-12-14,4,2,3,5,3,4
CFB008355,C075,2023-12-14,3,4,2,3,3,5
CFB008356,C061,2023-12-14,5,4,2,5,4,2
CFB008357,C089,2023-12-14,4,3,4,4,4,3
CFB008358,C045,2023-12-14,4,5,4,3,1,5
CFB008359,C068,2023-12-14,4,5,5,4,2,4
CFB008360,C040,2023-12-14,4,5,3,4,3,5
CFB008361,C055,2023-12-14,1,5,4,4,2,4
CFB008362,C013,2023-12-14,4,4,5,5,2,5
CFB008363,C079,2023-12-14,4,4,3,3,3,4
CFB008364,C013,2023-12-14,5,4,3,4,3,4
CFB008365,C062,2023-12-14,3,4,4,4,3,4
CFB008366,C006,2023-12-14,4,3,4,3,1,4
CFB008367,C002,2023-12-15,5,5,5,4,4,4
CFB008368,C030,2023-12-15,4,3,5,5,4,5
CFB008369,C084,2023-12-15,5,4,3,3,3,5
CFB008370,C040,2023-12-15,2,3,3,4,4,2
CFB008371,C027,2023-12-15,4,5,5,5,5,3
CFB008372,C070,2023-12-15,5,4,4,4,4,4
CFB008373,C054,2023-12-15,4,5,5,4,2,3
CFB008374,C036,2023-12-15,5,4,4,3,2,5
CFB008375,C046,2023-12-15,4,4,5,3,2,5
CFB008376,C065,2023-12-15,5,4,5,5,4,5
CFB008377,C056,2023-12-15,3,4,3,3,2,4
CFB008378,C069,2023-12-15,4,5,4,5,5,4
CFB008379,C010,2023-12-15,5,3,3,4,4,4
CFB008380,C063,2023-12-15,4,4,2,5,2,4
CFB008381,C062,2023-12-15,4,4,4,4,3,3
CFB008382,C018,2023-12-15,5,5,5,5,4,5
CFB008383,C070,2023-12-15,3,4,4,3,2,3
CFB008384,C069,2023-12-15,5,4,4,5,4,5
CFB008385,C081,2023-12-15,3,4,3,5,4,4
CFB008386,C006,2023-12-15,3,5,2,4,2,5
CFB008387,C048,2023-12-15,5,4,3,5,3,4
CFB008388,C087,2023-12-15,2,3,2,4,4,3
CFB008389,C040,2023-12-15,5,4,2,4,1,3
CFB008390,C068,2023-12-15,4,4,4,3,3,4
CFB008391,C069,2023-12-15,3,3,4,5,3,5
CFB008392,C008,2023-12-15,4,3,5,5,4,3
CFB008393,C045,2023-12-15,5,2,5,5,3,3
CFB008394,C007,2023-12-15,4,3,4,3,3,3
CFB008395,C077,2023-12-15,2,4,5,3,2,4
CFB008396,C030,2023-12-15,5,4,3,5,3,5
CFB008397,C024,2023-12-15,2,2,2,3,3,3
CFB008398,C084,2023-12-15,2,2,4,4,4,5
CFB008399,C062,2023-12-15,5,4,3,3,4,3
CFB008400,C027,2023-12-15,3,2,2,4,4,4
CFB008401,C065,2023-12-15,3,2,2,5,3,1
CFB008402,C055,2023-12-15,4,4,3,4,4,3
CFB008403,C006,2023-12-15,5,1,4,5,5,3
CFB008404,C069,2023-12-15,3,3,4,3,5,2
CFB008405,C031,2023-12-15,4,3,3,3,3,3
CFB008406,C073,2023-12-15,2,5,3,5,3,3
CFB008407,C013,2023-12-15,4,2,5,5,2,5
CFB008408,C084,2023-12-15,5,4,4,5,2,3
CFB008409,C089,2023-12-15,4,5,3,5,3,5
CFB008410,C040,2023-12-15,4,3,5,4,3,5
CFB008411,C021,2023-12-15,3,4,2,4,4,4
CFB008412,C046,2023-12-15,5,3,2,3,5,3
CFB008413,C030,2023-12-15,4,2,3,4,3,4
CFB008414,C085,2023-12-15,4,3,4,4,5,3
CFB008415,C081,2023-12-15,4,2,5,4,2,1
CFB008416,C007,2023-12-15,5,4,5,3,4,3
CFB008417,C068,2023-12-15,4,5,5,4,4,4
CFB008418,C035,2023-12-15,4,3,4,3,3,3
CFB008419,C035,2023-12-15,5,4,4,2,3,4
CFB008420,C034,2023-12-15,5,3,4,5,5,3
CFB008421,C070,2023-12-15,3,3,4,5,2,4
CFB008422,C030,2023-12-15,5,4,3,5,2,5
CFB008423,C078,2023-12-15,3,3,5,5,2,5
CFB008424,C077,2023-12-15,4,3,4,3,4,5
CFB008425,C017,2023-12-15,4,4,2,2,3,3
CFB008426,C085,2023-12-16,5,5,3,3,4,5
CFB008427,C021,2023-12-16,3,3,3,3,4,3
CFB008428,C078,2023-12-16,5,5,4,5,5,5
CFB008429,C088,2023-12-16,3,5,4,4,4,4
CFB008430,C002,2023-12-16,4,4,4,4,3,4
CFB008431,C069,2023-12-16,5,4,4,3,3,3
CFB008432,C038,2023-12-16,4,5,4,4,3,5
CFB008433,C036,2023-12-16,3,3,4,4,3,5
CFB008434,C059,2023-12-16,3,4,3,4,3,4
CFB008435,C015,2023-12-16,4,4,4,3,2,5
CFB008436,C034,2023-12-16,4,4,5,4,2,3
CFB008437,C056,2023-12-16,3,3,3,4,4,5
CFB008438,C039,2023-12-16,4,4,3,3,4,4
CFB008439,C089,2023-12-16,4,5,5,5,4,4
CFB008440,C068,2023-12-16,5,4,5,4,4,5
CFB008441,C067,2023-12-16,2,3,3,3,2,3
CFB008442,C080,2023-12-16,3,3,1,5,4,4
CFB008443,C015,2023-12-16,4,2,2,5,1,5
CFB008444,C038,2023-12-16,4,2,3,2,3,3
CFB008445,C038,2023-12-16,4,3,5,5,3,5
CFB008446,C059,2023-12-16,4,4,2,4,2,5
CFB008447,C081,2023-12-16,5,2,3,3,1,5
CFB008448,C070,2023-12-16,4,3,4,3,2,3
CFB008449,C070,2023-12-16,3,4,4,3,2,3
CFB008450,C002,2023-12-16,3,4,4,3,4,3
CFB008451,C066,2023-12-16,2,4,3,4,3,3
CFB008452,C067,2023-12-16,4,4,4,4,2,2
CFB008453,C040,2023-12-16,4,3,5,4,1,3
CFB008454,C085,2023-12-16,3,1,4,2,3,3
CFB008455,C075,2023-12-16,3,3,3,4,3,2
CFB008456,C030,2023-12-16,4,3,4,3,5,2
CFB008457,C085,2023-12-16,3,3,4,5,3,4
CFB008458,C063,2023-12-16,5,4,4,4,3,4
CFB008459,C044,2023-12-16,4,2,5,2,1,4
CFB008460,C081,2023-12-16,2,2,4,3,3,3
CFB008461,C027,2023-12-16,5,4,5,5,2,5
CFB008462,C006,2023-12-16,1,2,3,3,4,4
CFB008463,C073,2023-12-16,3,4,5,4,2,5
CFB008464,C040,2023-12-16,3,4,4,3,3,4
CFB008465,C020,2023-12-16,5,5,5,3,4,5
CFB008466,C068,2023-12-16,3,3,5,3,4,3
CFB008467,C079,2023-12-16,4,4,3,3,3,5
CFB008468,C038,2023-12-17,5,4,4,5,2,4
CFB008469,C060,2023-12-17,4,3,3,3,4,5
CFB008470,C006,2023-12-17,5,3,4,4,5,5
CFB008471,C085,2023-12-17,5,3,5,4,4,5
CFB008472,C039,2023-12-17,3,5,4,5,4,5
CFB008473,C088,2023-12-17,3,3,3,5,4,5
CFB008474,C013,2023-12-17,5,5,5,4,2,5
CFB008475,C065,2023-12-17,4,3,1,4,3,4
CFB008476,C020,2023-12-17,5,3,5,5,4,4
CFB008477,C027,2023-12-17,4,4,5,4,3,4
CFB008478,C037,2023-12-17,5,4,5,5,4,5
CFB008479,C039,2023-12-17,5,5,3,5,4,3
CFB008480,C068,2023-12-17,4,4,3,5,3,3
CFB008481,C036,2023-12-17,5,4,5,5,2,5
CFB008482,C081,2023-12-17,4,5,2,5,4,4
CFB008483,C069,2023-12-17,5,5,5,4,5,5
CFB008484,C046,2023-12-17,4,3,4,5,3,5
CFB008485,C043,2023-12-17,3,2,3,3,3,3
CFB008486,C065,2023-12-17,5,5,5,2,2,2
CFB008487,C045,2023-12-17,5,4,3,5,3,4
CFB008488,C070,2023-12-17,4,2,4,5,4,4
CFB008489,C027,2023-12-17,5,4,5,3,3,5
CFB008490,C060,2023-12-17,2,3,5,5,4,3
CFB008491,C006,2023-12-17,5,4,5,4,4,4
CFB008492,C013,2023-12-17,3,3,2,3,2,4
CFB008493,C069,2023-12-17,3,3,3,3,4,2
CFB008494,C070,2023-12-17,4,3,3,3,5,2
CFB008495,C046,2023-12-17,4,2,2,3,2,4
CFB008496,C002,2023-12-17,3,3,4,4,2,4
CFB008497,C067,2023-12-17,3,4,5,4,3,4
CFB008498,C039,2023-12-17,3,2,3,3,4,3
CFB008499,C038,2023-12-17,4,2,3,3,4,4
CFB008500,C039,2023-12-17,4,3,4,4,3,4
CFB008501,C078,2023-12-17,3,2,5,4,4,4
CFB008502,C066,2023-12-17,3,3,5,4,3,5
CFB008503,C055,2023-12-17,4,3,2,4,3,3
CFB008504,C056,2023-12-17,2,4,4,4,1,2
CFB008505,C004,2023-12-17,4,4,4,3,3,4
CFB008506,C032,2023-12-17,2,2,4,3,3,3
CFB008507,C080,2023-12-17,2,2,4,5,2,3
CFB008508,C070,2023-12-17,5,4,5,5,3,5
CFB008509,C068,2023-12-17,3,4,4,2,1,3
CFB008510,C016,2023-12-17,4,4,3,3,4,4
CFB008511,C040,2023-12-17,5,4,5,4,4,4
CFB008512,C048,2023-12-17,2,5,3,4,4,4
CFB008513,C066,2023-12-17,3,2,3,4,2,2
CFB008514,C070,2023-12-17,4,4,5,3,3,5
CFB008515,C068,2023-12-17,5,3,1,5,2,3
CFB008516,C007,2023-12-18,5,5,4,5,5,5
CFB008517,C075,2023-12-18,3,3,2,3,2,4
CFB008518,C036,2023-12-18,4,3,3,5,4,4
CFB008519,C032,2023-12-18,4,3,4,5,4,4
CFB008520,C015,2023-12-18,4,4,4,5,5,4
CFB008521,C018,2023-12-18,5,4,5,5,2,5
CFB008522,C069,2023-12-18,5,5,5,4,4,5
CFB008523,C007,2023-12-18,4,3,4,4,1,4
CFB008524,C061,2023-12-18,3,3,5,5,3,3
CFB008525,C035,2023-12-18,3,3,4,5,3,1
CFB008526,C013,2023-12-18,5,4,4,5,3,5
CFB008527,C021,2023-12-18,3,4,3,3,1,4
CFB008528,C024,2023-12-18,3,4,4,4,4,3
CFB008529,C021,2023-12-18,3,4,4,5,4,3
CFB008530,C088,2023-12-18,3,5,5,4,4,5
CFB008531,C084,2023-12-18,4,4,2,4,3,4
CFB008532,C006,2023-12-18,5,4,5,4,3,4
CFB008533,C038,2023-12-18,3,3,4,4,1,3
CFB008534,C051,2023-12-18,4,4,4,4,2,3
CFB008535,C006,2023-12-18,3,3,3,4,3,5
CFB008536,C067,2023-12-18,3,4,3,5,3,2
CFB008537,C063,2023-12-18,2,3,3,3,4,4
CFB008538,C031,2023-12-18,3,4,4,2,2,4
CFB008539,C044,2023-12-18,4,3,4,5,2,4
CFB008540,C043,2023-12-18,4,5,4,3,3,5
CFB008541,C034,2023-12-18,4,3,2,4,3,2
CFB008542,C032,2023-12-18,2,4,3,3,4,2
CFB008543,C030,2023-12-18,5,4,4,5,4,2
CFB008544,C002,2023-12-18,5,5,4,2,3,3
CFB008545,C017,2023-12-18,5,5,4,5,3,4
CFB008546,C074,2023-12-18,4,4,4,3,4,4
CFB008547,C077,2023-12-18,3,3,3,3,1,5
CFB008548,C031,2023-12-18,5,4,4,4,4,4
CFB008549,C079,2023-12-18,4,4,2,3,4,4
CFB008550,C008,2023-12-18,4,2,5,3,3,4
CFB008551,C087,2023-12-18,4,5,5,5,3,5
CFB008552,C034,2023-12-18,3,3,2,4,2,3
CFB008553,C045,2023-12-18,4,5,3,3,3,3
CFB008554,C048,2023-12-19,3,2,3,4,3,4
CFB008555,C061,2023-12-19,3,2,3,3,4,5
CFB008556,C046,2023-12-19,5,4,4,4,4,4
CFB008557,C044,2023-12-19,5,2,4,4,5,4
CFB008558,C051,2023-12-19,3,2,4,4,2,3
CFB008559,C080,2023-12-19,4,5,5,5,4,4
CFB008560,C065,2023-12-19,5,5,4,4,5,3
CFB008561,C045,2023-12-19,4,3,3,5,4,3
CFB008562,C063,2023-12-19,5,4,3,5,2,4
CFB008563,C047,2023-12-19,4,3,3,4,1,5
CFB008564,C020,2023-12-19,4,5,4,3,2,4
CFB008565,C006,2023-12-19,3,4,3,4,1,5
CFB008566,C051,2023-12-19,4,3,4,4,4,3
CFB008567,C080,2023-12-19,5,3,4,5,4,3
CFB008568,C035,2023-12-19,4,4,5,4,2,4
CFB008569,C075,2023-12-19,4,5,5,3,2,4
CFB008570,C034,2023-12-19,4,5,5,4,1,4
CFB008571,C070,2023-12-19,4,3,3,5,4,3
CFB008572,C002,2023-12-19,4,5,5,3,4,5
CFB008573,C088,2023-12-19,4,4,3,3,3,5
CFB008574,C078,2023-12-19,4,5,4,3,3,4
CFB008575,C034,2023-12-19,2,4,2,3,4,3
CFB008576,C078,2023-12-19,3,3,3,4,3,2
CFB008577,C030,2023-12-19,3,3,3,4,3,1
CFB008578,C059,2023-12-19,3,3,4,3,3,3
CFB008579,C062,2023-12-19,3,2,3,4,1,5
CFB008580,C078,2023-12-19,5,4,4,4,2,4
CFB008581,C027,2023-12-19,5,5,4,5,3,5
CFB008582,C034,2023-12-19,3,5,4,3,2,2
CFB008583,C073,2023-12-19,4,5,4,4,4,3
CFB008584,C030,2023-12-19,3,4,3,3,3,3
CFB008585,C084,2023-12-19,3,3,2,5,4,3
CFB008586,C080,2023-12-19,4,2,4,4,1,5
CFB008587,C034,2023-12-19,4,4,4,5,2,2
CFB008588,C080,2023-12-19,4,3,4,3,3,4
CFB008589,C039,2023-12-19,4,4,5,5,3,3
CFB008590,C056,2023-12-19,3,3,3,4,4,3
CFB008591,C086,2023-12-19,2,4,4,4,3,3
CFB008592,C044,2023-12-19,4,4,5,4,2,4
CFB008593,C089,2023-12-19,4,3,4,4,2,3
CFB008594,C047,2023-12-19,3,4,4,3,3,4
CFB008595,C043,2023-12-19,5,4,4,3,2,5
CFB008596,C066,2023-12-19,4,2,5,3,4,5
CFB008597,C084,2023-12-19,5,4,5,4,4,4
CFB008598,C086,2023-12-19,2,2,3,3,4,5
CFB008599,C035,2023-12-19,4,3,3,2,4,4
CFB008600,C045,2023-12-19,4,3,5,4,2,2
CFB008601,C039,2023-12-19,4,4,4,4,3,5
CFB008602,C046,2023-12-19,4,3,3,3,3,3
CFB008603,C024,2023-12-19,4,4,3,3,2,4
CFB008604,C081,2023-12-19,5,4,4,3,1,5
CFB008605,C056,2023-12-19,3,3,5,3,2,4
CFB008606,C079,2023-12-19,5,2,4,3,3,3
CFB008607,C032,2023-12-19,5,5,4,4,4,5
CFB008608,C047,2023-12-19,4,3,4,4,3,3
CFB008609,C007,2023-12-19,3,4,4,4,4,4
CFB008610,C027,2024-04-05,5,3,2,4,3,5
CFB008611,C089,2024-04-05,4,4,4,5,4,5
CFB008612,C030,2024-04-05,3,3,4,4,3,5
CFB008613,C027,2024-04-05,5,5,4,5,3,5
CFB008614,C037,2024-04-05,3,5,4,3,3,4
CFB008615,C004,2024-04-05,5,3,4,4,3,5
CFB008616,C045,2024-04-05,5,5,4,4,3,5
CFB008617,C061,2024-04-05,5,4,3,5,4,5
CFB008618,C075,2024-04-05,5,3,5,2,3,5
CFB008619,C078,2024-04-05,4,4,3,4,1,3
CFB008620,C016,2024-04-05,3,4,4,5,2,4
CFB008621,C070,2024-04-05,5,2,5,3,3,4
CFB008622,C007,2024-04-05,5,3,4,4,4,5
CFB008623,C002,2024-04-05,5,4,5,5,4,5
CFB008624,C046,2024-04-05,5,4,5,3,3,5
CFB008625,C010,2024-04-05,2,3,5,4,4,2
CFB008626,C030,2024-04-05,4,2,4,5,4,4
CFB008627,C080,2024-04-05,4,5,5,4,4,5
CFB008628,C086,2024-04-05,4,5,3,5,4,4
CFB008629,C035,2024-04-05,5,5,5,5,4,5
CFB008630,C024,2024-04-05,5,4,5,4,2,4
CFB008631,C073,2024-04-05,5,5,3,5,3,3
CFB008632,C089,2024-04-05,3,4,2,3,5,4
CFB008633,C079,2024-04-05,4,3,3,3,3,5
CFB008634,C079,2024-04-05,2,3,5,4,4,3
CFB008635,C086,2024-04-05,4,4,3,2,4,4
CFB008636,C010,2024-04-05,4,4,3,5,3,3
CFB008637,C081,2024-04-05,4,4,5,5,3,4
CFB008638,C037,2024-04-05,4,5,5,5,4,4
CFB008639,C079,2024-04-05,3,3,4,4,5,4
CFB008640,C054,2024-04-05,3,4,4,3,4,4
CFB008641,C004,2024-04-05,4,4,3,5,2,5
CFB008642,C051,2024-04-05,4,3,2,5,3,4
CFB008643,C034,2024-04-05,3,3,3,4,3,5
CFB008644,C015,2024-04-05,2,3,2,3,1,2
CFB008645,C087,2024-04-05,5,4,5,4,4,5
CFB008646,C054,2024-04-05,3,4,3,3,2,2
CFB008647,C062,2024-04-05,5,4,4,4,4,3
CFB008648,C067,2024-04-05,4,5,5,5,2,5
CFB008649,C027,2024-04-05,5,5,5,5,4,5
CFB008650,C018,2024-04-05,4,3,3,4,2,3
CFB008651,C039,2024-04-06,4,4,4,4,1,5
CFB008652,C079,2024-04-06,4,5,5,5,3,4
CFB008653,C051,2024-04-06,4,5,5,5,3,4
CFB008654,C043,2024-04-06,4,3,5,5,5,5
CFB008655,C087,2024-04-06,4,3,3,5,2,3
CFB008656,C006,2024-04-06,3,3,4,3,2,5
CFB008657,C079,2024-04-06,5,2,4,3,5,4
CFB008658,C089,2024-04-06,5,4,3,4,3,5
CFB008659,C065,2024-04-06,4,4,4,3,4,4
CFB008660,C018,2024-04-06,5,5,3,4,4,4
CFB008661,C046,2024-04-06,5,4,4,5,3,5
CFB008662,C051,2024-04-06,4,4,5,4,2,4
CFB008663,C080,2024-04-06,5,5,4,5,3,4
CFB008664,C024,2024-04-06,3,5,5,5,3,5
CFB008665,C043,2024-04-06,5,4,3,4,4,5
CFB008666,C046,2024-04-06,4,2,5,5,4,3
CFB008667,C067,2024-04-06,5,4,4,5,4,4
CFB008668,C081,2024-04-06,4,5,4,3,4,3
CFB008669,C073,2024-04-06,5,4,4,5,4,4
CFB008670,C055,2024-04-06,4,5,5,5,4,4
CFB008671,C087,2024-04-06,5,4,3,4,3,5
CFB008672,C067,2024-04-06,5,5,4,3,5,4
CFB008673,C084,2024-04-06,5,3,4,5,5,3
CFB008674,C043,2024-04-06,5,5,5,5,3,5
CFB008675,C079,2024-04-06,5,4,4,4,3,5
CFB008676,C065,2024-04-06,4,4,5,5,4,5
CFB008677,C008,2024-04-06,2,3,3,3,4,4
CFB008678,C060,2024-04-06,5,4,5,4,4,4
CFB008679,C061,2024-04-06,4,3,4,4,2,5
CFB008680,C073,2024-04-06,5,4,5,4,5,5
CFB008681,C037,2024-04-06,3,3,3,3,4,4
CFB008682,C085,2024-04-06,5,5,4,5,5,5
CFB008683,C056,2024-04-06,5,5,4,4,2,4
CFB008684,C039,2024-04-07,4,5,5,5,5,5
CFB008685,C040,2024-04-07,5,5,4,5,2,4
CFB008686,C032,2024-04-07,5,5,5,4,3,5
CFB008687,C067,2024-04-07,5,4,4,4,3,5
CFB008688,C035,2024-04-07,4,3,3,4,3,4
CFB008689,C084,2024-04-07,4,4,3,4,3,3
CFB008690,C037,2024-04-07,4,3,4,4,4,4
CFB008691,C031,2024-04-07,5,5,5,5,3,5
CFB008692,C051,2024-04-07,5,2,4,3,3,5
CFB008693,C084,2024-04-07,4,4,3,4,2,5
CFB008694,C002,2024-04-07,4,4,4,5,5,3
CFB008695,C089,2024-04-07,3,3,1,4,2,3
CFB008696,C008,2024-04-07,4,3,4,5,4,5
CFB008697,C066,2024-04-07,5,5,5,5,4,5
CFB008698,C081,2024-04-07,4,3,4,3,4,5
CFB008699,C047,2024-04-07,4,4,4,5,2,5
CFB008700,C018,2024-04-07,5,4,2,3,3,5
CFB008701,C070,2024-04-07,5,4,2,5,4,3
CFB008702,C060,2024-04-07,3,4,4,4,4,4
CFB008703,C066,2024-04-07,4,3,3,3,3,3
CFB008704,C010,2024-04-07,5,4,4,4,3,4
CFB008705,C068,2024-04-07,4,3,4,3,2,4
CFB008706,C020,2024-04-07,4,4,3,5,4,4
CFB008707,C088,2024-04-07,5,5,5,4,3,3
CFB008708,C074,2024-04-07,5,3,2,3,2,4
CFB008709,C037,2024-04-07,5,4,5,2,4,2
CFB008710,C063,2024-04-07,4,4,3,2,2,3
CFB008711,C079,2024-04-07,4,5,3,4,3,2
CFB008712,C034,2024-04-07,4,3,5,5,2,4
CFB008713,C045,2024-04-07,3,5,4,4,2,4
CFB008714,C066,2024-04-07,5,5,4,3,2,4
CFB008715,C027,2024-04-07,3,4,4,3,1,4
CFB008716,C047,2024-04-07,5,4,5,5,3,5
CFB008717,C075,2024-04-07,4,4,4,4,3,5
CFB008718,C070,2024-04-08,4,4,4,3,3,3
CFB008719,C032,2024-04-08,5,3,5,4,4,4
CFB008720,C035,2024-04-08,5,4,4,3,3,3
CFB008721,C007,2024-04-08,5,3,5,4,4,4
CFB008722,C088,2024-04-08,3,2,4,5,4,3
CFB008723,C020,2024-04-08,5,4,5,4,2,4
CFB008724,C045,2024-04-08,3,5,4,4,4,5
CFB008725,C066,2024-04-08,4,4,4,3,2,2
CFB008726,C084,2024-04-08,5,4,4,4,4,4
CFB008727,C089,2024-04-08,4,4,4,4,4,4
CFB008728,C088,2024-04-08,5,4,5,3,3,3
CFB008729,C074,2024-04-08,4,3,2,4,3,5
CFB008730,C067,2024-04-08,5,4,5,5,5,5
CFB008731,C039,2024-04-08,2,3,2,2,5,2
CFB008732,C079,2024-04-08,5,4,4,4,4,4
CFB008733,C060,2024-04-08,5,4,4,3,5,4
CFB008734,C035,2024-04-08,4,4,5,4,4,5
CFB008735,C073,2024-04-08,5,2,4,4,2,5
CFB008736,C087,2024-04-08,4,4,4,4,4,5
CFB008737,C046,2024-04-08,2,2,3,4,4,5
CFB008738,C048,2024-04-08,5,4,4,5,4,5
CFB008739,C027,2024-04-08,4,4,2,4,3,5
CFB008740,C079,2024-04-08,4,3,5,5,5,4
CFB008741,C027,2024-04-08,4,3,4,5,3,5
CFB008742,C007,2024-04-08,3,4,3,3,4,5
CFB008743,C054,2024-04-08,5,5,5,5,3,5
CFB008744,C002,2024-04-08,5,4,5,4,5,3
CFB008745,C078,2024-04-08,5,4,3,4,2,2
CFB008746,C066,2024-04-08,3,4,3,3,4,3
CFB008747,C068,2024-04-08,4,4,4,3,2,5
CFB008748,C066,2024-04-08,5,3,5,3,3,5
CFB008749,C069,2024-04-08,4,5,3,2,5,5
CFB008750,C004,2024-04-08,4,5,4,3,3,4
CFB008751,C075,2024-04-08,4,2,2,5,4,4
CFB008752,C044,2024-04-08,5,4,5,4,2,4
CFB008753,C027,2024-04-08,3,4,5,4,5,4
CFB008754,C035,2024-04-08,4,1,4,4,3,3
CFB008755,C020,2024-04-08,3,3,4,3,3,3
CFB008756,C051,2024-04-08,3,3,4,4,4,4
CFB008757,C015,2024-04-08,5,4,5,3,2,4
CFB008758,C061,2024-04-09,2,4,5,4,3,3
CFB008759,C021,2024-04-09,5,5,4,5,3,5
CFB008760,C032,2024-04-09,4,4,4,4,4,4
CFB008761,C027,2024-04-09,5,4,4,5,4,4
CFB008762,C089,2024-04-09,5,4,5,5,3,4
CFB008763,C006,2024-04-09,5,4,4,5,3,4
CFB008764,C075,2024-04-09,5,5,5,5,1,5
CFB008765,C086,2024-04-09,3,4,4,3,2,4
CFB008766,C007,2024-04-09,5,4,3,5,4,4
CFB008767,C020,2024-04-09,3,4,5,4,4,2
CFB008768,C080,2024-04-09,3,3,5,3,3,4
CFB008769,C070,2024-04-09,3,3,4,4,2,5
CFB008770,C063,2024-04-09,3,5,3,5,4,3
CFB008771,C038,2024-04-09,4,5,4,3,3,4
CFB008772,C013,2024-04-09,4,4,5,4,5,4
CFB008773,C013,2024-04-09,4,2,3,3,3,5
CFB008774,C063,2024-04-09,5,4,5,5,4,4
CFB008775,C051,2024-04-09,5,5,5,4,4,4
CFB008776,C040,2024-04-09,4,4,5,5,3,4
CFB008777,C016,2024-04-09,2,4,3,5,3,4
CFB008778,C036,2024-04-09,4,5,2,4,3,4
CFB008779,C007,2024-04-09,4,5,4,5,3,4
CFB008780,C074,2024-04-09,5,4,4,4,4,4
CFB008781,C079,2024-04-09,5,3,3,3,4,4
CFB008782,C062,2024-04-09,3,5,4,2,3,3
CFB008783,C013,2024-04-09,4,4,4,5,2,5
CFB008784,C040,2024-04-09,5,5,4,4,4,5
CFB008785,C038,2024-04-09,5,3,4,5,3,5
CFB008786,C070,2024-04-09,5,5,3,4,4,5
CFB008787,C078,2024-04-09,5,4,3,4,4,5
CFB008788,C063,2024-04-09,5,3,5,4,3,4
CFB008789,C074,2024-04-09,5,5,5,5,4,5
CFB008790,C081,2024-04-10,3,2,4,4,3,4
CFB008791,C084,2024-04-10,4,4,4,5,2,3
CFB008792,C024,2024-04-10,5,4,4,4,3,3
CFB008793,C013,2024-04-10,5,4,5,5,3,4
CFB008794,C007,2024-04-10,4,4,5,5,3,4
CFB008795,C051,2024-04-10,3,4,4,4,4,5
CFB008796,C069,2024-04-10,5,5,3,5,2,5
CFB008797,C031,2024-04-10,4,4,5,5,4,5
CFB008798,C062,2024-04-10,4,3,5,4,3,5
CFB008799,C067,2024-04-10,5,5,5,5,4,3
CFB008800,C054,2024-04-10,4,3,4,4,4,5
CFB008801,C045,2024-04-10,5,4,5,5,1,2
CFB008802,C085,2024-04-10,5,5,5,4,5,4
CFB008803,C070,2024-04-10,5,5,4,4,2,5
CFB008804,C008,2024-04-10,4,4,4,4,2,5
CFB008805,C039,2024-04-10,2,3,4,4,3,5
CFB008806,C066,2024-04-10,5,3,4,4,4,5
CFB008807,C010,2024-04-10,3,3,5,5,4,5
CFB008808,C018,2024-04-10,5,5,3,3,3,3
CFB008809,C018,2024-04-10,5,4,2,4,3,3
CFB008810,C007,2024-04-10,5,3,5,5,3,4
CFB008811,C088,2024-04-10,3,3,4,3,4,5
CFB008812,C031,2024-04-10,3,3,5,4,4,3
CFB008813,C088,2024-04-10,4,5,5,5,4,5
CFB008814,C045,2024-04-10,5,5,4,5,4,5
CFB008815,C081,2024-04-10,5,4,4,3,2,4
CFB008816,C007,2024-04-11,5,4,4,5,4,5
CFB008817,C006,2024-04-11,5,4,4,5,2,4
CFB008818,C013,2024-04-11,5,4,5,5,5,5
CFB008819,C034,2024-04-11,3,3,3,4,2,5
CFB008820,C069,2024-04-11,4,3,5,5,5,5
CFB008821,C065,2024-04-11,5,3,5,5,3,5
CFB008822,C035,2024-04-11,5,4,3,5,5,5
CFB008823,C051,2024-04-11,5,4,4,5,1,5
CFB008824,C073,2024-04-11,3,3,4,3,5,5
CFB008825,C074,2024-04-11,4,4,5,3,3,2
CFB008826,C016,2024-04-11,4,3,3,3,4,4
CFB008827,C073,2024-04-11,4,3,4,5,2,3
CFB008828,C088,2024-04-11,5,4,5,4,3,3
CFB008829,C054,2024-04-11,5,4,3,4,3,4
CFB008830,C086,2024-04-11,5,4,5,5,3,4
CFB008831,C075,2024-04-11,4,4,2,2,4,4
CFB008832,C044,2024-04-11,5,3,5,3,3,5
CFB008833,C031,2024-04-11,5,5,4,4,4,4
CFB008834,C035,2024-04-11,3,3,5,4,3,5
CFB008835,C040,2024-04-11,5,5,5,5,5,4
CFB008836,C067,2024-04-11,5,4,5,5,5,5
CFB008837,C068,2024-04-11,4,4,4,4,4,4
CFB008838,C078,2024-04-11,4,5,5,5,4,5
CFB008839,C060,2024-04-11,3,4,3,4,3,3
CFB008840,C087,2024-04-11,5,4,4,5,4,5
CFB008841,C030,2024-04-11,4,2,4,4,4,4
CFB008842,C073,2024-04-12,3,4,3,4,2,3
CFB008843,C066,2024-04-12,5,4,5,4,3,3
CFB008844,C021,2024-04-12,3,4,5,3,3,4
CFB008845,C080,2024-04-12,4,3,5,4,3,3
CFB008846,C087,2024-04-12,5,5,4,4,4,5
CFB008847,C039,2024-04-12,5,3,3,3,3,5
CFB008848,C074,2024-04-12,5,3,4,4,5,3
CFB008849,C054,2024-04-12,5,5,4,5,1,4
CFB008850,C051,2024-04-12,5,2,5,4,2,4
CFB008851,C018,2024-04-12,5,5,4,5,3,5
CFB008852,C088,2024-04-12,3,5,5,5,2,5
CFB008853,C020,2024-04-12,4,5,4,5,2,5
CFB008854,C067,2024-04-12,5,4,4,4,2,4
CFB008855,C037,2024-04-12,5,5,4,4,4,4
CFB008856,C004,2024-04-12,5,3,3,4,3,4
CFB008857,C032,2024-04-12,5,4,5,4,3,5
CFB008858,C077,2024-04-12,4,4,5,5,4,5
CFB008859,C061,2024-04-12,5,5,3,5,2,5
CFB008860,C063,2024-04-12,4,3,5,3,4,4
CFB008861,C062,2024-04-12,5,4,4,4,3,3
CFB008862,C065,2024-04-12,3,5,5,5,3,5
CFB008863,C075,2024-04-12,4,4,4,3,3,3
CFB008864,C075,2024-04-12,5,5,4,3,3,5
CFB008865,C032,2024-04-12,4,4,4,4,4,4
CFB008866,C038,2024-04-12,5,5,5,5,3,5
CFB008867,C002,2024-04-12,1,4,4,3,3,4
CFB008868,C070,2024-04-12,2,4,3,5,4,5
CFB008869,C055,2024-04-12,3,5,4,4,2,5
CFB008870,C067,2024-04-12,3,4,5,4,4,3
CFB008871,C084,2024-04-12,3,3,4,4,3,3
CFB008872,C081,2024-04-12,5,5,5,5,3,5
CFB008873,C021,2024-04-12,4,4,4,5,4,4
CFB008874,C043,2024-04-12,5,4,5,5,3,4
CFB008875,C007,2024-04-12,3,4,4,2,2,2
CFB008876,C007,2024-04-12,5,4,5,4,4,3
CFB008877,C008,2024-04-13,3,2,3,4,2,5
CFB008878,C089,2024-04-13,4,4,4,5,3,3
CFB008879,C087,2024-04-13,5,5,4,4,3,5
CFB008880,C031,2024-04-13,5,4,5,5,3,5
CFB008881,C004,2024-04-13,4,5,3,4,3,4
CFB008882,C018,2024-04-13,5,3,5,4,2,4
CFB008883,C068,2024-04-13,5,5,3,4,3,3
CFB008884,C075,2024-04-13,4,4,4,5,4,5
CFB008885,C024,2024-04-13,5,3,3,4,2,5
CFB008886,C027,2024-04-13,5,3,5,4,3,4
CFB008887,C070,2024-04-13,5,4,3,5,3,3
CFB008888,C079,2024-04-13,4,3,4,4,2,4
CFB008889,C010,2024-04-13,4,5,4,2,4,3
CFB008890,C030,2024-04-13,4,5,5,5,3,4
CFB008891,C060,2024-04-13,4,4,4,5,2,3
CFB008892,C061,2024-04-13,4,4,5,4,2,4
CFB008893,C020,2024-04-13,4,3,4,4,3,4
CFB008894,C081,2024-04-13,5,5,4,5,5,5
CFB008895,C084,2024-04-13,4,5,4,4,2,5
CFB008896,C002,2024-04-13,5,4,5,3,3,4
CFB008897,C055,2024-04-13,5,4,5,4,4,4
CFB008898,C034,2024-04-13,5,4,5,5,5,5
CFB008899,C036,2024-04-13,4,3,5,5,4,3
CFB008900,C079,2024-04-13,4,4,5,5,3,5
CFB008901,C037,2024-04-13,3,4,4,5,5,2
CFB008902,C037,2024-04-13,4,3,5,3,2,4
CFB008903,C085,2024-04-13,2,3,4,5,2,4
CFB008904,C044,2024-04-13,4,3,5,3,4,4
CFB008905,C017,2024-04-13,4,5,4,3,4,2
CFB008906,C084,2024-04-13,5,5,3,3,2,5
CFB008907,C073,2024-04-13,4,3,4,4,5,2
CFB008908,C059,2024-04-13,5,3,5,4,3,5
CFB008909,C074,2024-04-13,4,5,4,5,3,4
CFB008910,C010,2024-04-13,3,4,5,4,3,3
CFB008911,C054,2024-04-14,4,4,4,4,5,3
CFB008912,C002,2024-04-14,5,4,5,5,5,4
CFB008913,C038,2024-04-14,4,3,4,4,5,4
CFB008914,C046,2024-04-14,5,5,5,4,2,3
CFB008915,C073,2024-04-14,5,2,3,4,2,3
CFB008916,C056,2024-04-14,4,2,3,5,4,3
CFB008917,C054,2024-04-14,4,3,4,5,4,3
CFB008918,C051,2024-04-14,5,3,4,4,4,4
CFB008919,C069,2024-04-14,5,3,3,4,4,4
CFB008920,C060,2024-04-14,3,5,5,4,2,3
CFB008921,C015,2024-04-14,4,4,3,4,4,5
CFB008922,C038,2024-04-14,4,4,4,5,3,4
CFB008923,C034,2024-04-14,5,4,4,3,2,5
CFB008924,C020,2024-04-14,5,5,4,4,4,4
CFB008925,C051,2024-04-14,4,4,4,4,2,3
CFB008926,C062,2024-04-14,5,3,3,4,4,5
CFB008927,C073,2024-04-14,5,4,5,5,4,5
CFB008928,C077,2024-04-14,4,3,5,4,4,4
CFB008929,C084,2024-04-14,5,3,3,3,2,4
CFB008930,C065,2024-04-14,5,4,4,4,5,4
CFB008931,C080,2024-04-14,5,4,4,5,3,3
CFB008932,C040,2024-04-14,4,4,3,4,3,4
CFB008933,C056,2024-04-14,5,5,4,4,3,4
CFB008934,C054,2024-04-14,5,5,5,4,3,5
CFB008935,C035,2024-04-14,5,4,4,5,5,4
CFB008936,C069,2024-04-14,5,5,5,5,3,4
CFB008937,C030,2024-04-14,5,5,4,4,3,4
CFB008938,C020,2024-04-14,3,4,1,4,3,5
CFB008939,C030,2024-04-14,5,4,4,4,3,4
CFB008940,C036,2024-04-14,4,4,4,5,3,4
CFB008941,C085,2024-04-14,5,5,5,3,2,4
CFB008942,C044,2024-04-14,5,4,3,3,1,4
CFB008943,C059,2024-04-14,5,3,2,4,2,4
CFB008944,C061,2024-04-14,5,3,4,3,4,4
CFB008945,C065,2024-04-15,5,4,3,5,3,3
CFB008946,C027,2024-04-15,5,3,3,5,4,5
CFB008947,C036,2024-04-15,5,5,4,5,2,5
CFB008948,C006,2024-04-15,5,4,2,4,3,3
CFB008949,C036,2024-04-15,4,5,4,5,1,5
CFB008950,C015,2024-04-15,5,3,4,4,3,5
CFB008951,C054,2024-04-15,5,5,4,4,4,5
CFB008952,C020,2024-04-15,4,3,4,5,3,5
CFB008953,C032,2024-04-15,3,2,3,4,2,4
CFB008954,C073,2024-04-15,4,5,4,4,1,5
CFB008955,C036,2024-04-15,4,4,5,5,4,4
CFB008956,C021,2024-04-15,5,3,4,3,3,4
CFB008957,C089,2024-04-15,5,5,5,5,4,3
CFB008958,C037,2024-04-15,4,4,4,3,5,4
CFB008959,C020,2024-04-15,5,3,4,3,3,3
CFB008960,C038,2024-04-15,5,4,4,5,5,4
CFB008961,C080,2024-04-15,5,4,4,3,3,4
CFB008962,C074,2024-04-15,5,4,5,3,3,5
CFB008963,C002,2024-04-15,4,3,4,4,4,4
CFB008964,C006,2024-04-15,3,3,4,3,3,4
CFB008965,C045,2024-04-15,4,5,3,5,4,3
CFB008966,C062,2024-04-15,4,4,4,5,4,4
CFB008967,C086,2024-04-15,4,3,4,5,5,3
CFB008968,C020,2024-04-15,3,4,3,4,3,3
CFB008969,C043,2024-04-15,3,4,4,4,3,4
CFB008970,C002,2024-04-15,5,4,4,5,5,5
CFB008971,C021,2024-04-15,5,5,4,4,4,4
CFB008972,C068,2024-04-15,4,4,3,5,5,5
CFB008973,C087,2024-04-15,5,4,5,5,4,4
CFB008974,C068,2024-04-15,3,4,4,3,2,4
CFB008975,C040,2024-04-15,5,5,5,5,5,5
CFB008976,C036,2024-04-16,4,4,5,5,2,4
CFB008977,C081,2024-04-16,5,3,5,4,4,5
CFB008978,C045,2024-04-16,5,4,4,4,3,3
CFB008979,C074,2024-04-16,3,4,4,4,4,3
CFB008980,C065,2024-04-16,5,5,5,4,5,5
CFB008981,C040,2024-04-16,5,4,5,4,3,4
CFB008982,C084,2024-04-16,2,3,3,3,2,3
CFB008983,C008,2024-04-16,4,5,4,4,3,4
CFB008984,C008,2024-04-16,5,3,5,4,3,4
CFB008985,C018,2024-04-16,4,5,4,5,3,3
CFB008986,C043,2024-04-16,5,5,5,5,3,5
CFB008987,C075,2024-04-16,4,3,4,4,3,5
CFB008988,C069,2024-04-16,4,3,2,4,4,3
CFB008989,C031,2024-04-16,4,3,5,5,1,4
CFB008990,C044,2024-04-16,5,5,5,4,3,5
CFB008991,C015,2024-04-16,4,3,5,5,4,4
CFB008992,C047,2024-04-16,5,5,5,5,3,5
CFB008993,C020,2024-04-16,3,5,4,2,4,4
CFB008994,C048,2024-04-16,5,3,5,5,3,4
CFB008995,C030,2024-04-16,4,4,4,3,3,4
CFB008996,C027,2024-04-16,5,3,3,3,5,4
CFB008997,C069,2024-04-16,5,3,4,5,3,3
CFB008998,C063,2024-04-16,5,5,5,5,5,5
CFB008999,C085,2024-04-16,5,3,4,5,3,3
CFB009000,C036,2024-04-16,5,3,4,5,2,5
CFB009001,C067,2024-04-16,5,5,5,5,4,5
CFB009002,C073,2024-04-16,5,5,5,3,2,5
CFB009003,C073,2024-04-16,4,4,5,4,4,4
CFB009004,C067,2024-04-16,5,4,4,4,3,3
CFB009005,C013,2024-04-16,5,5,5,5,4,4
CFB009006,C051,2024-04-16,4,5,5,5,3,5
CFB009007,C078,2024-04-17,5,2,5,4,4,5
CFB009008,C047,2024-04-17,5,4,3,5,2,2
CFB009009,C034,2024-04-17,4,3,3,5,2,5
CFB009010,C044,2024-04-17,4,3,5,4,2,5
CFB009011,C037,2024-04-17,3,5,2,3,3,4
CFB009012,C047,2024-04-17,4,4,4,3,1,2
CFB009013,C020,2024-04-17,5,4,5,5,3,4
CFB009014,C080,2024-04-17,5,4,5,5,4,4
CFB009015,C045,2024-04-17,4,4,3,5,5,3
CFB009016,C040,2024-04-17,5,4,4,5,4,5
CFB009017,C031,2024-04-17,2,2,3,3,4,3
CFB009018,C039,2024-04-17,3,4,4,3,5,5
CFB009019,C055,2024-04-17,3,3,4,5,1,4
CFB009020,C038,2024-04-17,5,4,4,3,4,5
CFB009021,C008,2024-04-17,5,5,2,5,4,5
CFB009022,C073,2024-04-17,4,4,4,4,5,4
CFB009023,C061,2024-04-17,3,4,3,3,3,4
CFB009024,C073,2024-04-17,4,2,5,4,3,4
CFB009025,C078,2024-04-17,2,5,4,5,3,3
CFB009026,C039,2024-04-17,5,4,5,5,3,5
CFB009027,C079,2024-04-17,3,5,5,3,3,3
CFB009028,C081,2024-04-17,3,4,5,4,3,3
CFB009029,C060,2024-04-17,5,5,5,5,3,5
CFB009030,C020,2024-04-17,5,4,4,4,5,5
CFB009031,C065,2024-04-17,2,4,2,2,4,3
CFB009032,C070,2024-04-17,5,5,5,5,4,5
CFB009033,C021,2024-04-17,5,5,5,5,3,5
CFB009034,C037,2024-04-17,5,4,4,5,2,4
CFB009035,C073,2024-04-17,4,4,3,4,2,3
CFB009036,C039,2024-04-17,5,5,5,5,4,4
CFB009037,C070,2024-04-17,5,3,4,3,4,4
CFB009038,C075,2024-04-17,4,5,5,3,3,4
CFB009039,C035,2024-04-17,5,4,5,5,4,3
CFB009040,C007,2024-04-17,5,5,4,4,3,4
CFB009041,C081,2024-04-17,5,3,4,5,4,5
CFB009042,C018,2024-04-17,5,4,5,5,4,4
CFB009043,C084,2024-04-17,4,3,4,4,4,3
CFB009044,C081,2024-04-18,5,3,5,3,3,5
CFB009045,C051,2024-04-18,5,4,5,4,4,5
CFB009046,C002,2024-04-18,3,3,4,4,3,5
CFB009047,C008,2024-04-18,3,3,5,4,1,3
CFB009048,C048,2024-04-18,5,4,3,5,4,4
CFB009049,C031,2024-04-18,5,4,4,5,4,4
CFB009050,C032,2024-04-18,4,4,4,4,3,4
CFB009051,C081,2024-04-18,5,4,5,4,2,5
CFB009052,C039,2024-04-18,3,4,3,5,4,5
CFB009053,C073,2024-04-18,5,3,4,4,3,5
CFB009054,C007,2024-04-18,3,5,5,5,5,4
CFB009055,C073,2024-04-18,3,4,5,5,2,5
CFB009056,C061,2024-04-18,3,4,3,5,3,5
CFB009057,C081,2024-04-18,4,5,5,3,3,4
CFB009058,C069,2024-04-18,4,5,4,3,3,4
CFB009059,C059,2024-04-18,5,4,4,4,4,4
CFB009060,C074,2024-04-18,5,4,5,3,2,4
CFB009061,C047,2024-04-18,4,4,4,4,3,3
CFB009062,C037,2024-04-18,4,4,4,4,3,3
CFB009063,C063,2024-04-18,4,5,5,5,3,5
CFB009064,C055,2024-04-18,4,5,5,5,4,5
CFB009065,C021,2024-04-18,3,5,3,4,4,4
CFB009066,C059,2024-04-18,4,5,3,4,3,4
CFB009067,C080,2024-04-18,4,1,5,4,2,4
CFB009068,C068,2024-04-18,3,5,3,5,2,4
CFB009069,C040,2024-04-18,5,4,2,4,4,4
CFB009070,C080,2024-04-18,4,3,4,3,3,4
CFB009071,C039,2024-04-18,4,5,4,4,3,5
CFB009072,C079,2024-04-18,4,2,5,4,4,5
CFB009073,C080,2024-04-18,5,3,3,4,2,3
CFB009074,C043,2024-04-18,5,4,4,5,3,4
CFB009075,C015,2024-04-18,5,3,5,5,2,3
CFB009076,C036,2024-04-18,5,5,4,4,2,5
CFB009077,C016,2024-04-18,4,4,4,5,4,4
CFB009078,C074,2024-04-18,5,4,5,4,3,5
CFB009079,C007,2024-04-19,5,3,4,4,4,5
CFB009080,C006,2024-04-19,5,4,4,4,3,5
CFB009081,C080,2024-04-19,4,4,4,3,4,2
CFB009082,C085,2024-04-19,2,4,4,3,2,4
CFB009083,C018,2024-04-19,5,4,4,3,2,3
CFB009084,C044,2024-04-19,5,4,5,4,5,4
CFB009085,C067,2024-04-19,5,4,5,5,2,5
CFB009086,C006,2024-04-19,3,4,4,3,4,3
CFB009087,C065,2024-04-19,4,4,4,5,4,4
CFB009088,C015,2024-04-19,4,3,3,4,3,5
CFB009089,C067,2024-04-19,3,4,2,5,3,3
CFB009090,C063,2024-04-19,3,5,3,4,3,4
CFB009091,C084,2024-04-19,4,4,4,3,4,5
CFB009092,C031,2024-04-19,4,3,4,5,2,4
CFB009093,C055,2024-04-19,5,4,5,3,2,5
CFB009094,C056,2024-04-19,5,4,4,4,3,5
CFB009095,C077,2024-04-19,3,4,4,5,4,4
CFB009096,C013,2024-04-19,4,3,3,4,4,4
CFB009097,C061,2024-04-19,4,5,4,4,3,5
CFB009098,C080,2024-04-19,5,5,3,4,4,5
CFB009099,C032,2024-04-19,5,3,5,5,4,5
CFB009100,C062,2024-04-19,4,4,3,3,2,2
CFB009101,C060,2024-04-19,5,3,4,3,4,5
CFB009102,C036,2024-04-19,5,4,5,5,4,5
CFB009103,C051,2024-04-19,3,4,3,3,4,4
CFB009104,C085,2024-04-19,4,3,4,2,4,2
CFB009105,C084,2024-04-19,4,5,5,4,4,3
CFB009106,C006,2024-04-19,5,5,4,5,3,5
CFB009107,C035,2024-04-19,5,4,3,4,4,3
CFB009108,C077,2024-04-19,4,4,4,4,2,4
CFB009109,C045,2024-04-19,3,3,5,5,5,4
CFB009110,C056,2024-04-19,4,4,5,4,4,4
CFB009111,C089,2024-04-19,4,4,5,4,2,4
CFB009112,C079,2024-04-19,5,4,3,4,3,5
CFB009113,C070,2024-04-19,3,3,3,3,4,3
CFB009114,C070,2024-04-19,5,4,5,5,3,4
CFB009115,C089,2024-04-19,4,4,4,5,3,3
CFB009116,C037,2024-04-19,3,5,3,5,3,5
CFB009117,C030,2024-04-20,4,3,4,5,3,3
CFB009118,C060,2024-04-20,5,3,4,5,4,3
CFB009119,C031,2024-04-20,5,5,5,5,2,5
CFB009120,C027,2024-04-20,5,4,5,5,3,4
CFB009121,C043,2024-04-20,5,4,4,4,4,4
CFB009122,C018,2024-04-20,5,4,5,5,2,4
CFB009123,C081,2024-04-20,4,4,4,3,3,2
CFB009124,C068,2024-04-20,3,3,4,5,3,4
CFB009125,C046,2024-04-20,5,5,5,5,4,5
CFB009126,C081,2024-04-20,2,3,3,4,5,4
CFB009127,C038,2024-04-20,4,4,5,4,3,3
CFB009128,C027,2024-04-20,5,5,5,3,5,5
CFB009129,C073,2024-04-20,2,4,4,4,3,3
CFB009130,C013,2024-04-20,5,5,4,4,4,5
CFB009131,C006,2024-04-20,5,5,3,4,4,5
CFB009132,C047,2024-04-20,4,4,5,5,3,5
CFB009133,C067,2024-04-20,4,5,5,3,4,4
CFB009134,C088,2024-04-20,5,4,3,5,3,5
CFB009135,C007,2024-04-20,4,3,2,3,3,5
CFB009136,C077,2024-04-20,5,5,4,5,5,4
CFB009137,C060,2024-04-20,4,5,2,4,1,5
CFB009138,C080,2024-04-20,4,3,2,4,3,3
CFB009139,C030,2024-04-20,5,5,4,4,5,4
CFB009140,C063,2024-04-20,4,5,3,4,2,4
CFB009141,C043,2024-04-20,5,4,3,5,3,4
CFB009142,C044,2024-04-20,5,5,5,5,4,5
CFB009143,C067,2024-04-20,3,4,3,4,3,4
CFB009144,C067,2024-04-20,4,3,2,4,5,4
CFB009145,C037,2024-04-21,5,5,4,5,2,4
CFB009146,C021,2024-04-21,3,5,4,5,4,5
CFB009147,C047,2024-04-21,4,5,2,5,4,5
CFB009148,C073,2024-04-21,5,3,3,3,3,4
CFB009149,C024,2024-04-21,3,4,4,4,5,5
CFB009150,C051,2024-04-21,5,4,5,4,5,5
CFB009151,C061,2024-04-21,4,3,4,4,4,4
CFB009152,C045,2024-04-21,5,2,4,4,4,5
CFB009153,C007,2024-04-21,3,4,3,3,4,5
CFB009154,C024,2024-04-21,4,5,4,5,2,3
CFB009155,C032,2024-04-21,5,4,5,5,3,5
CFB009156,C018,2024-04-21,1,4,3,4,4,3
CFB009157,C046,2024-04-21,5,4,3,4,3,4
CFB009158,C030,2024-04-21,5,4,5,3,2,4
CFB009159,C081,2024-04-21,3,5,4,4,2,5
CFB009160,C027,2024-04-21,4,4,4,4,2,5
CFB009161,C069,2024-04-21,2,3,4,3,4,5
CFB009162,C068,2024-04-21,4,5,5,5,1,4
CFB009163,C085,2024-04-21,2,5,4,5,4,5
CFB009164,C039,2024-04-21,4,4,5,3,3,5
CFB009165,C037,2024-04-21,3,3,5,4,1,5
CFB009166,C034,2024-04-21,5,4,4,5,4,5
CFB009167,C047,2024-04-21,4,2,2,3,2,4
CFB009168,C010,2024-04-21,5,4,3,5,3,4
CFB009169,C034,2024-04-21,4,4,3,4,2,5
CFB009170,C062,2024-04-21,4,4,4,5,3,5
CFB009171,C045,2024-04-21,5,3,4,4,3,5
CFB009172,C036,2024-04-21,4,4,4,3,3,4
CFB009173,C069,2024-04-21,5,1,3,5,3,3
CFB009174,C027,2024-04-21,3,4,4,4,2,3
CFB009175,C027,2024-04-21,4,5,4,5,5,5
CFB009176,C010,2024-04-21,5,3,5,4,4,5
CFB009177,C032,2024-04-21,5,4,4,5,3,5
CFB009178,C078,2024-04-21,4,3,3,4,3,3
CFB009179,C063,2024-04-21,2,4,5,4,3,3
CFB009180,C066,2024-04-21,5,3,4,5,2,4
CFB009181,C089,2024-04-21,4,4,4,4,3,4
CFB009182,C065,2024-04-21,5,5,4,5,4,4
CFB009183,C034,2024-04-21,5,4,5,4,3,5
CFB009184,C070,2024-04-21,4,5,5,5,4,5
CFB009185,C031,2024-04-21,3,2,5,3,5,4
CFB009186,C051,2024-04-21,4,4,3,5,3,5
CFB009187,C034,2024-04-21,4,5,4,5,4,5
CFB009188,C007,2024-04-21,4,5,5,4,4,5
CFB009189,C086,2024-04-21,4,5,4,4,3,4
CFB009190,C015,2024-04-21,5,5,4,5,2,5
CFB009191,C047,2024-04-22,5,3,5,4,3,5
CFB009192,C030,2024-04-22,4,3,3,3,4,2
CFB009193,C021,2024-04-22,3,2,4,5,3,3
CFB009194,C043,2024-04-22,5,4,5,4,3,3
CFB009195,C006,2024-04-22,3,5,4,5,4,5
CFB009196,C069,2024-04-22,3,5,4,5,2,5
CFB009197,C075,2024-04-22,4,4,3,4,4,3
CFB009198,C088,2024-04-22,5,4,3,5,5,3
CFB009199,C074,2024-04-22,3,3,4,4,3,3
CFB009200,C020,2024-04-22,5,4,4,5,3,3
CFB009201,C081,2024-04-22,5,4,4,5,3,5
CFB009202,C006,2024-04-22,3,2,5,2,1,4
CFB009203,C060,2024-04-22,4,4,3,3,4,3
CFB009204,C016,2024-04-22,5,5,3,5,3,4
CFB009205,C067,2024-04-22,3,3,4,5,4,3
CFB009206,C038,2024-04-22,5,4,4,4,3,4
CFB009207,C007,2024-04-22,5,4,5,5,3,5
CFB009208,C067,2024-04-22,4,3,5,5,2,4
CFB009209,C089,2024-04-22,5,5,3,5,3,4
CFB009210,C060,2024-04-22,5,5,3,4,4,5
CFB009211,C036,2024-04-22,3,4,5,4,2,4
CFB009212,C031,2024-04-22,5,4,4,5,3,5
CFB009213,C054,2024-04-22,4,4,3,3,3,5
CFB009214,C047,2024-04-22,5,5,3,3,3,4
CFB009215,C031,2024-04-22,5,4,4,3,3,5
CFB009216,C067,2024-04-22,3,3,4,3,3,4
CFB009217,C035,2024-04-22,4,5,5,5,3,4
CFB009218,C060,2024-04-22,4,5,4,4,1,5
CFB009219,C031,2024-04-22,5,4,5,4,5,3
CFB009220,C008,2024-04-22,4,4,5,5,4,5
CFB009221,C013,2024-04-23,5,5,4,5,1,5
CFB009222,C062,2024-04-23,3,2,4,4,2,5
CFB009223,C015,2024-04-23,3,3,5,3,3,5
CFB009224,C007,2024-04-23,3,5,3,5,3,5
CFB009225,C062,2024-04-23,4,4,4,5,4,4
CFB009226,C088,2024-04-23,4,3,5,4,4,5
CFB009227,C035,2024-04-23,4,3,1,3,3,3
CFB009228,C062,2024-04-23,5,4,4,5,3,4
CFB009229,C055,2024-04-23,4,5,3,5,4,2
CFB009230,C007,2024-04-23,4,4,3,5,4,4
CFB009231,C080,2024-04-23,3,5,5,4,5,5
CFB009232,C036,2024-04-23,5,4,3,5,4,5
CFB009233,C055,2024-04-23,4,5,5,5,4,4
CFB009234,C036,2024-04-23,3,2,5,3,3,2
CFB009235,C070,2024-04-23,3,5,4,5,5,4
CFB009236,C015,2024-04-23,3,2,5,4,5,5
CFB009237,C065,2024-04-23,4,4,4,4,4,4
CFB009238,C051,2024-04-23,5,3,4,4,3,4
CFB009239,C080,2024-04-23,3,4,5,4,4,5
CFB009240,C079,2024-04-23,5,4,4,4,4,5
CFB009241,C084,2024-04-23,4,4,4,4,3,3
CFB009242,C088,2024-04-23,4,5,4,4,3,5
CFB009243,C016,2024-04-23,5,5,5,5,3,4
CFB009244,C040,2024-04-23,3,5,4,3,3,5
CFB009245,C084,2024-04-23,5,5,4,3,4,5
CFB009246,C055,2024-04-23,2,3,3,3,4,4
CFB009247,C059,2024-04-23,5,5,3,4,4,5
CFB009248,C088,2024-04-23,5,3,5,5,4,3
CFB009249,C030,2024-04-23,4,4,5,5,5,5
CFB009250,C032,2024-04-23,5,4,4,4,2,3
CFB009251,C013,2024-04-23,5,4,5,2,4,4
CFB009252,C081,2024-04-23,5,5,5,5,4,4
CFB009253,C060,2024-04-23,3,3,3,4,4,5
CFB009254,C020,2024-04-23,4,5,5,4,5,5
CFB009255,C031,2024-04-23,4,5,4,5,3,4
CFB009256,C004,2024-04-23,4,4,4,5,3,5
CFB009257,C068,2024-04-23,5,5,3,5,3,4
CFB009258,C088,2024-04-23,5,3,5,4,4,5
CFB009259,C080,2024-04-24,5,5,5,5,5,5
CFB009260,C024,2024-04-24,5,4,5,5,2,4
CFB009261,C034,2024-04-24,4,4,3,4,3,4
CFB009262,C043,2024-04-24,4,4,3,4,4,3
CFB009263,C032,2024-04-24,5,4,4,2,2,3
CFB009264,C059,2024-04-24,5,4,5,4,3,5
CFB009265,C032,2024-04-24,4,4,5,3,3,5
CFB009266,C089,2024-04-24,3,4,4,4,3,5
CFB009267,C066,2024-04-24,5,4,5,5,3,5
CFB009268,C063,2024-04-24,4,3,5,4,3,5
CFB009269,C017,2024-04-24,5,5,5,5,3,4
CFB009270,C075,2024-04-24,3,2,4,4,4,4
CFB009271,C021,2024-04-24,4,4,5,4,3,4
CFB009272,C089,2024-04-24,5,4,3,5,3,5
CFB009273,C088,2024-04-24,4,5,3,4,3,5
CFB009274,C068,2024-04-24,3,3,4,4,4,2
CFB009275,C089,2024-04-24,5,4,5,5,4,5
CFB009276,C004,2024-04-24,5,4,2,4,2,3
CFB009277,C046,2024-04-24,4,3,2,5,2,4
CFB009278,C015,2024-04-24,3,3,5,5,4,3
CFB009279,C010,2024-04-24,5,3,4,5,3,4
CFB009280,C069,2024-04-24,5,5,2,5,4,5
CFB009281,C002,2024-04-24,5,4,4,3,5,4
CFB009282,C040,2024-04-24,5,5,4,5,5,4
CFB009283,C017,2024-04-24,3,3,2,5,4,5
CFB009284,C080,2024-04-25,4,5,5,5,2,4
CFB009285,C069,2024-04-25,5,3,4,3,2,4
CFB009286,C030,2024-04-25,5,3,5,4,3,3
CFB009287,C044,2024-04-25,4,5,2,4,2,5
CFB009288,C030,2024-04-25,5,3,3,4,4,3
CFB009289,C051,2024-04-25,5,4,5,4,2,4
CFB009290,C007,2024-04-25,4,3,3,4,3,4
CFB009291,C015,2024-04-25,4,5,3,5,4,5
CFB009292,C066,2024-04-25,5,3,5,3,4,3
CFB009293,C056,2024-04-25,4,4,5,5,2,4
CFB009294,C027,2024-04-25,5,3,4,5,4,5
CFB009295,C086,2024-04-25,4,4,5,3,4,3
CFB009296,C075,2024-04-25,4,3,4,5,2,2
CFB009297,C006,2024-04-25,4,3,4,4,3,4
CFB009298,C045,2024-04-25,5,5,5,5,4,4
CFB009299,C079,2024-04-25,5,5,4,5,3,4
CFB009300,C032,2024-04-25,5,5,4,4,4,2
CFB009301,C054,2024-04-25,4,4,5,4,4,5
CFB009302,C077,2024-04-25,5,5,5,5,4,3
CFB009303,C073,2024-04-25,5,4,4,3,4,4
CFB009304,C054,2024-04-25,4,5,3,4,5,3
CFB009305,C030,2024-04-25,4,3,3,4,3,3
CFB009306,C085,2024-04-25,5,4,4,4,3,4
CFB009307,C040,2024-04-25,3,3,4,5,5,4
CFB009308,C037,2024-04-25,4,4,5,5,2,4
CFB009309,C070,2024-04-25,5,3,4,4,2,3
CFB009310,C073,2024-04-25,5,5,4,5,3,4
CFB009311,C081,2024-04-25,3,5,5,5,2,5
CFB009312,C013,2024-04-25,5,4,5,5,3,4
CFB009313,C021,2024-04-25,3,3,3,5,3,3
CFB009314,C068,2024-04-25,5,5,5,4,5,4
CFB009315,C085,2024-04-25,5,4,3,3,2,5
CFB009316,C081,2024-04-25,5,4,5,5,1,5
CFB009317,C060,2024-04-25,4,5,5,4,3,5
CFB009318,C008,2024-04-26,3,4,4,5,1,3
CFB009319,C002,2024-04-26,4,3,3,4,4,3
CFB009320,C016,2024-04-26,4,5,4,5,5,5
CFB009321,C034,2024-04-26,4,4,3,4,2,5
CFB009322,C062,2024-04-26,5,4,4,3,3,4
CFB009323,C006,2024-04-26,5,5,5,3,2,5
CFB009324,C077,2024-04-26,5,4,4,4,4,5
CFB009325,C055,2024-04-26,3,4,5,4,2,4
CFB009326,C085,2024-04-26,4,4,3,5,3,4
CFB009327,C073,2024-04-26,5,4,4,5,3,5
CFB009328,C013,2024-04-26,5,4,4,4,1,5
CFB009329,C070,2024-04-26,3,2,5,4,2,3
CFB009330,C055,2024-04-26,4,3,3,4,5,3
CFB009331,C069,2024-04-26,5,4,4,4,3,5
CFB009332,C077,2024-04-26,4,4,5,3,4,3
CFB009333,C045,2024-04-26,4,4,2,5,3,5
CFB009334,C079,2024-04-26,5,5,5,5,3,5
CFB009335,C084,2024-04-26,5,3,5,5,4,3
CFB009336,C067,2024-04-26,4,4,3,4,4,4
CFB009337,C070,2024-04-26,3,4,4,4,2,3
CFB009338,C073,2024-04-26,4,5,5,5,4,3
CFB009339,C069,2024-04-26,5,5,5,5,2,5
CFB009340,C063,2024-04-26,3,4,4,4,5,2
CFB009341,C030,2024-04-26,4,3,3,3,3,3
CFB009342,C031,2024-04-26,4,2,3,5,1,4
CFB009343,C030,2024-04-26,4,4,4,5,4,4
CFB009344,C020,2024-04-26,4,4,5,5,5,4
CFB009345,C035,2024-04-26,5,3,2,5,5,5
CFB009346,C065,2024-04-27,5,4,4,4,3,3
CFB009347,C067,2024-04-27,2,3,5,5,3,3
CFB009348,C087,2024-04-27,4,5,4,4,3,5
CFB009349,C054,2024-04-27,5,3,5,5,3,4
CFB009350,C063,2024-04-27,5,5,4,5,2,4
CFB009351,C051,2024-04-27,4,3,4,4,3,5
CFB009352,C067,2024-04-27,5,3,5,4,4,4
CFB009353,C068,2024-04-27,4,5,4,5,3,4
CFB009354,C073,2024-04-27,5,4,3,5,3,4
CFB009355,C045,2024-04-27,4,4,4,5,4,5
CFB009356,C038,2024-04-27,4,3,4,4,3,4
CFB009357,C027,2024-04-27,4,4,5,5,4,5
CFB009358,C013,2024-04-27,4,2,5,5,3,5
CFB009359,C087,2024-04-27,4,4,4,4,4,5
CFB009360,C081,2024-04-27,5,5,4,3,3,4
CFB009361,C039,2024-04-27,5,3,5,4,2,3
CFB009362,C013,2024-04-27,4,4,5,3,3,5
CFB009363,C002,2024-04-27,5,4,5,5,3,5
CFB009364,C040,2024-04-27,5,5,4,4,3,5
CFB009365,C062,2024-04-27,5,4,4,5,4,5
CFB009366,C088,2024-04-27,4,4,2,5,4,4
CFB009367,C089,2024-04-27,5,4,5,3,5,5
CFB009368,C055,2024-04-27,3,3,5,5,3,5
CFB009369,C046,2024-04-27,3,4,3,4,2,4
CFB009370,C010,2024-04-27,3,4,4,4,4,4
CFB009371,C078,2024-04-27,4,4,2,5,5,3
CFB009372,C038,2024-04-27,5,5,5,5,3,3
CFB009373,C085,2024-04-27,4,3,5,5,4,3
CFB009374,C037,2024-04-27,5,1,4,2,2,4
CFB009375,C020,2024-04-27,5,5,4,5,3,4
CFB009376,C044,2024-04-27,3,5,4,3,2,4
CFB009377,C061,2024-04-27,3,4,5,4,2,3
CFB009378,C021,2024-04-27,4,5,4,5,4,4
CFB009379,C077,2024-04-27,4,5,4,5,5,4
CFB009380,C074,2024-04-27,4,4,4,3,3,4
CFB009381,C002,2024-04-27,4,3,3,3,3,3
CFB009382,C080,2024-04-27,5,5,4,4,2,5
CFB009383,C063,2024-04-28,5,5,4,5,4,5
CFB009384,C030,2024-04-28,5,3,3,4,5,3
CFB009385,C081,2024-04-28,5,5,3,5,4,2
CFB009386,C055,2024-04-28,5,5,5,5,4,5
CFB009387,C039,2024-04-28,3,3,4,5,1,2
CFB009388,C054,2024-04-28,4,5,4,4,4,3
CFB009389,C047,2024-04-28,5,4,5,5,5,4
CFB009390,C061,2024-04-28,5,4,4,3,1,5
CFB009391,C059,2024-04-28,5,3,5,3,3,4
CFB009392,C032,2024-04-28,3,4,4,5,2,4
CFB009393,C078,2024-04-28,5,3,3,2,2,3
CFB009394,C069,2024-04-28,5,5,4,5,5,5
CFB009395,C079,2024-04-28,5,3,4,4,4,5
CFB009396,C089,2024-04-28,5,4,3,5,3,5
CFB009397,C030,2024-04-28,3,4,4,5,3,4
CFB009398,C077,2024-04-28,4,5,3,4,3,2
CFB009399,C075,2024-04-28,3,4,3,4,3,3
CFB009400,C037,2024-04-28,4,4,3,2,2,3
CFB009401,C046,2024-04-28,4,5,3,4,5,4
CFB009402,C034,2024-04-28,5,4,3,3,4,5
CFB009403,C031,2024-04-28,3,3,5,4,4,3
CFB009404,C037,2024-04-28,5,4,5,5,4,4
CFB009405,C074,2024-04-28,5,4,4,5,2,3
CFB009406,C006,2024-04-28,4,5,3,3,4,3
CFB009407,C054,2024-04-28,5,5,4,4,3,5
CFB009408,C059,2024-04-28,5,5,5,5,4,5
CFB009409,C036,2024-04-28,5,4,4,5,5,5
CFB009410,C006,2024-04-28,4,4,3,5,3,4
CFB009411,C080,2024-04-28,4,4,5,3,4,4
CFB009412,C056,2024-04-28,4,4,4,5,3,3
CFB009413,C036,2024-04-28,5,4,3,5,3,3
CFB009414,C031,2024-04-29,4,4,3,5,2,3
CFB009415,C087,2024-04-29,5,5,5,5,3,4
CFB009416,C077,2024-04-29,4,5,4,2,5,4
CFB009417,C035,2024-04-29,4,5,3,4,5,5
CFB009418,C013,2024-04-29,4,4,2,4,3,3
CFB009419,C087,2024-04-29,5,5,3,4,4,5
CFB009420,C036,2024-04-29,5,4,3,5,1,5
CFB009421,C078,2024-04-29,4,4,4,5,4,4
CFB009422,C063,2024-04-29,3,4,3,3,3,4
CFB009423,C080,2024-04-29,5,4,4,4,3,3
CFB009424,C018,2024-04-29,5,4,5,5,4,4
CFB009425,C066,2024-04-29,5,5,4,3,3,4
CFB009426,C007,2024-04-29,3,5,4,3,4,4
CFB009427,C016,2024-04-29,5,5,3,5,4,5
CFB009428,C070,2024-04-29,3,5,4,4,2,5
CFB009429,C055,2024-04-29,4,4,3,4,3,3
CFB009430,C055,2024-04-29,3,5,2,5,2,5
CFB009431,C087,2024-04-29,5,5,3,4,5,3
CFB009432,C006,2024-04-29,4,5,5,2,3,4
CFB009433,C067,2024-04-29,3,4,4,2,2,3
CFB009434,C043,2024-04-29,4,5,4,5,3,5
CFB009435,C040,2024-04-29,4,3,4,4,4,4
CFB009436,C056,2024-04-29,4,3,5,3,1,3
CFB009437,C046,2024-04-29,4,3,5,4,3,5
CFB009438,C077,2024-04-29,3,4,5,2,3,3
CFB009439,C030,2024-04-30,4,5,5,4,3,4
CFB009440,C089,2024-04-30,5,3,5,4,4,4
CFB009441,C084,2024-04-30,5,5,3,5,4,4
CFB009442,C046,2024-04-30,4,5,4,4,2,4
CFB009443,C017,2024-04-30,4,4,4,2,4,4
CFB009444,C008,2024-04-30,4,4,4,4,4,4
CFB009445,C086,2024-04-30,4,4,5,3,3,5
CFB009446,C043,2024-04-30,3,5,3,5,5,3
CFB009447,C030,2024-04-30,5,4,5,4,2,4
CFB009448,C074,2024-04-30,5,5,5,5,4,3
CFB009449,C044,2024-04-30,3,3,4,3,4,3
CFB009450,C051,2024-04-30,4,5,5,4,3,5
CFB009451,C065,2024-04-30,4,4,3,3,2,5
CFB009452,C004,2024-04-30,5,5,4,5,3,5
CFB009453,C035,2024-04-30,5,5,4,5,5,3
CFB009454,C027,2024-04-30,4,3,4,5,2,4
CFB009455,C074,2024-04-30,5,4,3,5,2,2
CFB009456,C040,2024-04-30,4,3,2,4,3,4
CFB009457,C043,2024-04-30,5,5,5,5,4,5
CFB009458,C070,2024-04-30,2,5,4,4,2,5
CFB009459,C060,2024-04-30,4,4,5,3,4,5
CFB009460,C018,2024-04-30,3,3,5,4,3,5
CFB009461,C088,2024-04-30,5,5,5,5,4,5
CFB009462,C086,2024-04-30,4,3,5,5,4,5
CFB009463,C084,2024-04-30,3,5,4,5,3,5
CFB009464,C018,2024-04-30,4,3,3,4,2,4
CFB009465,C085,2024-04-30,5,5,5,5,3,5
CFB009466,C047,2024-04-30,3,3,4,5,5,5
CFB009467,C030,2024-04-30,5,4,4,4,4,5
CFB009468,C004,2024-05-01,4,4,3,5,3,4
CFB009469,C077,2024-05-01,3,3,3,4,3,3
CFB009470,C054,2024-05-01,4,4,4,4,4,5
CFB009471,C035,2024-05-01,5,2,4,4,4,5
CFB009472,C080,2024-05-01,5,4,4,5,2,5
CFB009473,C068,2024-05-01,5,4,4,2,3,4
CFB009474,C017,2024-05-01,4,4,5,4,3,4
CFB009475,C051,2024-05-01,2,3,3,5,4,2
CFB009476,C021,2024-05-01,5,4,5,4,4,4
CFB009477,C081,2024-05-01,4,3,3,4,3,5
CFB009478,C040,2024-05-01,4,5,5,5,1,5
CFB009479,C051,2024-05-01,3,4,5,3,2,4
CFB009480,C075,2024-05-01,3,3,3,5,3,2
CFB009481,C056,2024-05-01,5,4,4,3,3,4
CFB009482,C081,2024-05-01,4,4,5,5,4,5
CFB009483,C021,2024-05-01,5,4,4,3,4,5
CFB009484,C056,2024-05-01,5,4,5,4,5,5
CFB009485,C010,2024-05-01,3,3,3,3,4,5
CFB009486,C084,2024-05-01,3,3,5,5,2,5
CFB009487,C038,2024-05-01,5,4,4,4,2,4
CFB009488,C073,2024-05-01,5,4,4,5,2,5
CFB009489,C034,2024-05-01,4,4,5,3,3,4
CFB009490,C073,2024-05-01,5,4,4,4,2,4
CFB009491,C021,2024-05-01,4,3,4,5,4,3
CFB009492,C075,2024-05-01,3,2,4,4,4,1
CFB009493,C040,2024-05-01,5,4,5,4,4,5
CFB009494,C077,2024-05-01,4,4,4,4,4,5
CFB009495,C051,2024-05-01,5,3,4,5,4,4
CFB009496,C065,2024-05-01,4,4,4,4,2,5
CFB009497,C010,2024-05-02,3,3,4,5,2,5
CFB009498,C031,2024-05-02,4,4,4,3,5,4
CFB009499,C087,2024-05-02,4,4,4,4,3,3
CFB009500,C084,2024-05-02,5,5,5,4,4,5
CFB009501,C081,2024-05-02,3,4,5,5,4,4
CFB009502,C015,2024-05-02,5,3,5,4,4,4
CFB009503,C075,2024-05-02,5,5,5,5,4,5
CFB009504,C066,2024-05-02,5,4,5,4,3,5
CFB009505,C073,2024-05-02,3,3,3,4,3,5
CFB009506,C018,2024-05-02,4,4,5,5,4,5
CFB009507,C070,2024-05-02,4,4,3,5,5,4
CFB009508,C006,2024-05-02,4,4,2,4,3,5
CFB009509,C063,2024-05-02,2,4,3,4,5,4
CFB009510,C034,2024-05-02,5,3,3,3,3,5
CFB009511,C027,2024-05-02,5,4,4,5,3,4
CFB009512,C046,2024-05-02,4,5,3,3,4,3
CFB009513,C085,2024-05-02,4,4,2,4,3,4
CFB009514,C048,2024-05-02,4,4,5,5,3,4
CFB009515,C002,2024-05-02,5,5,5,5,3,3
CFB009516,C061,2024-05-02,4,4,3,4,4,5
CFB009517,C088,2024-05-02,5,4,3,4,3,2
CFB009518,C021,2024-05-02,5,4,5,3,3,5
CFB009519,C063,2024-05-02,4,5,5,4,4,4
CFB009520,C054,2024-05-02,2,2,5,4,2,5
CFB009521,C079,2024-05-02,5,5,5,5,3,4
CFB009522,C045,2024-05-02,4,5,5,5,2,4
CFB009523,C021,2024-05-02,4,5,5,3,4,5
CFB009524,C045,2024-05-02,4,3,4,4,2,3
CFB009525,C063,2024-05-02,3,4,4,5,4,5
CFB009526,C085,2024-05-02,5,4,4,4,3,5
CFB009527,C038,2024-05-02,5,5,4,4,3,4
CFB009528,C016,2024-05-02,5,5,5,5,3,5
CFB009529,C027,2024-05-02,5,4,4,3,4,4
CFB009530,C035,2024-05-02,5,3,4,3,5,3
CFB009531,C075,2024-05-03,3,3,4,4,4,5
CFB009532,C068,2024-05-03,4,5,4,5,3,5
CFB009533,C037,2024-05-03,4,4,5,4,4,3
CFB009534,C038,2024-05-03,3,3,5,5,2,5
CFB009535,C007,2024-05-03,5,3,4,5,4,3
CFB009536,C015,2024-05-03,4,4,5,3,3,4
CFB009537,C002,2024-05-03,5,5,5,4,1,4
CFB009538,C081,2024-05-03,4,3,3,4,4,5
CFB009539,C084,2024-05-03,4,4,4,4,4,4
CFB009540,C044,2024-05-03,3,4,4,4,3,5
CFB009541,C069,2024-05-03,4,3,3,2,2,5
CFB009542,C038,2024-05-03,5,4,4,4,4,5
CFB009543,C056,2024-05-03,3,5,3,2,4,5
CFB009544,C008,2024-05-03,5,4,4,5,5,5
CFB009545,C069,2024-05-03,4,4,5,4,3,5
CFB009546,C063,2024-05-03,4,3,3,4,4,3
CFB009547,C074,2024-05-03,5,3,4,5,3,3
CFB009548,C075,2024-05-03,5,2,5,4,5,4
CFB009549,C066,2024-05-03,3,5,5,5,5,4
CFB009550,C016,2024-05-03,3,4,4,5,3,5
CFB009551,C024,2024-05-03,5,5,3,3,4,4
CFB009552,C073,2024-05-03,3,4,3,4,2,5
CFB009553,C039,2024-05-03,5,5,5,5,2,4
CFB009554,C016,2024-05-03,5,4,3,4,4,5
CFB009555,C046,2024-05-03,2,4,4,4,4,5
CFB009556,C016,2024-05-03,5,4,3,3,4,2
CFB009557,C086,2024-05-03,4,3,4,4,4,4
CFB009558,C040,2024-05-03,4,4,5,5,4,5
CFB009559,C015,2024-05-03,3,4,5,5,3,4
CFB009560,C031,2024-05-03,5,4,4,4,4,4
CFB009561,C015,2024-05-03,3,5,2,2,2,3
CFB009562,C006,2024-05-03,4,4,4,3,4,4
CFB009563,C045,2024-05-03,5,2,1,2,4,2
CFB009564,C034,2024-05-03,4,4,5,3,3,4
CFB009565,C027,2024-05-03,5,4,4,3,5,5
CFB009566,C027,2024-05-03,4,4,5,5,5,5
CFB009567,C054,2024-05-03,4,4,4,5,3,4
CFB009568,C036,2024-05-03,4,4,4,2,2,3
CFB009569,C048,2024-05-04,5,3,4,4,2,5
CFB009570,C013,2024-05-04,4,4,2,4,4,4
CFB009571,C037,2024-05-04,4,3,4,5,3,4
CFB009572,C002,2024-05-04,5,4,5,3,3,5
CFB009573,C056,2024-05-04,5,5,4,4,2,4
CFB009574,C080,2024-05-04,3,3,5,4,3,4
CFB009575,C060,2024-05-04,5,3,4,3,2,2
CFB009576,C013,2024-05-04,5,3,4,5,4,4
CFB009577,C035,2024-05-04,3,3,4,4,3,4
CFB009578,C089,2024-05-04,4,5,3,4,2,4
CFB009579,C027,2024-05-04,5,5,4,5,3,4
CFB009580,C030,2024-05-04,5,4,4,4,4,4
CFB009581,C021,2024-05-04,3,3,4,4,3,4
CFB009582,C021,2024-05-04,4,5,4,5,4,4
CFB009583,C056,2024-05-04,4,5,5,5,5,5
CFB009584,C069,2024-05-04,5,4,4,4,2,4
CFB009585,C036,2024-05-04,5,4,3,5,3,3
CFB009586,C006,2024-05-04,5,4,3,4,4,4
CFB009587,C068,2024-05-04,5,4,4,5,3,4
CFB009588,C051,2024-05-04,5,4,4,5,4,5
CFB009589,C027,2024-05-04,5,4,5,4,3,4
CFB009590,C089,2024-05-04,4,5,3,4,1,4
CFB009591,C040,2024-05-04,5,5,5,4,2,5
CFB009592,C080,2024-05-04,5,4,3,5,3,5
CFB009593,C006,2024-05-04,3,3,5,5,1,4
CFB009594,C077,2024-05-04,4,3,5,4,1,4
CFB009595,C008,2024-05-04,5,5,5,5,4,4
CFB009596,C040,2024-05-04,3,3,2,3,1,3
CFB009597,C045,2024-05-04,4,4,3,3,4,4
CFB009598,C054,2024-05-04,4,5,5,5,4,5
CFB009599,C062,2024-05-04,4,5,4,3,2,5
CFB009600,C030,2024-05-04,5,4,5,5,3,4
CFB009601,C069,2024-05-05,5,5,3,3,3,3
CFB009602,C061,2024-05-05,4,4,4,5,3,4
CFB009603,C086,2024-05-05,5,5,4,4,2,5
CFB009604,C084,2024-05-05,4,4,4,5,2,3
CFB009605,C085,2024-05-05,4,4,4,5,3,4
CFB009606,C060,2024-05-05,2,3,5,4,3,5
CFB009607,C020,2024-05-05,5,2,4,4,4,4
CFB009608,C021,2024-05-05,5,3,5,5,2,5
CFB009609,C054,2024-05-05,5,5,4,5,5,4
CFB009610,C016,2024-05-05,5,4,5,2,4,3
CFB009611,C075,2024-05-05,4,5,5,4,5,5
CFB009612,C070,2024-05-05,4,4,5,4,2,4
CFB009613,C032,2024-05-05,4,3,5,4,4,3
CFB009614,C086,2024-05-05,5,4,4,5,5,4
CFB009615,C047,2024-05-05,3,2,4,3,3,4
CFB009616,C034,2024-05-05,4,4,3,3,2,4
CFB009617,C010,2024-05-05,5,4,3,5,2,5
CFB009618,C002,2024-05-05,4,3,5,4,4,4
CFB009619,C006,2024-05-05,5,4,4,4,3,3
CFB009620,C073,2024-05-05,4,4,3,4,4,5
CFB009621,C088,2024-05-05,5,3,3,4,3,5
CFB009622,C032,2024-05-05,5,4,3,3,3,5
CFB009623,C007,2024-05-05,4,4,5,4,4,5
CFB009624,C013,2024-05-05,5,5,2,3,2,5
CFB009625,C043,2024-05-05,3,4,4,5,3,3
CFB009626,C006,2024-05-05,5,3,3,3,4,4
CFB009627,C044,2024-05-05,5,4,4,4,4,5
CFB009628,C018,2024-05-05,4,4,4,3,4,5
CFB009629,C063,2024-05-05,4,5,4,3,3,3
CFB009630,C047,2024-05-05,4,5,5,4,4,5
CFB009631,C048,2024-05-05,5,5,5,3,3,5
CFB009632,C040,2024-05-05,3,3,5,3,3,5
CFB009633,C065,2024-05-05,3,5,4,4,5,5
CFB009634,C063,2024-05-05,4,3,5,3,2,4
CFB009635,C045,2024-05-05,4,4,4,4,3,4
CFB009636,C007,2024-05-05,4,5,4,4,4,2
CFB009637,C069,2024-05-05,4,3,3,3,3,4
CFB009638,C046,2024-05-05,4,2,3,5,3,5
CFB009639,C066,2024-05-05,5,4,5,5,2,4
CFB009640,C040,2024-05-05,3,3,2,4,3,4
CFB009641,C016,2024-05-05,5,5,5,4,3,4
CFB009642,C074,2024-05-05,5,5,4,4,3,5
CFB009643,C081,2024-05-05,5,5,5,5,4,5
CFB009644,C086,2024-05-05,4,5,5,4,3,4
CFB009645,C086,2024-05-05,4,5,5,5,3,3
CFB009646,C046,2024-05-05,4,5,5,4,2,3
CFB009647,C075,2024-05-05,4,5,4,5,5,3
CFB009648,C087,2024-05-05,5,5,5,5,2,3
CFB009649,C020,2024-05-06,4,5,5,4,4,4
CFB009650,C010,2024-05-06,4,4,5,5,3,4
CFB009651,C004,2024-05-06,5,5,5,5,5,5
CFB009652,C065,2024-05-06,5,4,3,4,3,5
CFB009653,C034,2024-05-06,4,5,4,5,3,2
CFB009654,C063,2024-05-06,5,3,5,4,3,5
CFB009655,C084,2024-05-06,5,5,5,4,3,4
CFB009656,C036,2024-05-06,5,5,4,4,4,3
CFB009657,C036,2024-05-06,5,3,4,3,3,2
CFB009658,C054,2024-05-06,3,5,5,4,4,4
CFB009659,C067,2024-05-06,5,5,5,5,4,4
CFB009660,C073,2024-05-06,4,3,5,5,3,5
CFB009661,C079,2024-05-06,5,5,4,5,3,4
CFB009662,C070,2024-05-06,5,4,4,5,3,5
CFB009663,C032,2024-05-06,4,4,5,4,1,4
CFB009664,C035,2024-05-06,4,3,3,5,3,4
CFB009665,C074,2024-05-06,4,3,3,3,1,3
CFB009666,C069,2024-05-06,4,3,5,3,4,4
CFB009667,C007,2024-05-06,4,3,4,4,4,4
CFB009668,C031,2024-05-06,5,4,5,4,3,3
CFB009669,C081,2024-05-06,5,3,5,4,3,5
CFB009670,C038,2024-05-06,4,5,4,5,4,4
CFB009671,C063,2024-05-06,3,4,4,3,3,4
CFB009672,C055,2024-05-06,4,3,3,3,4,3
CFB009673,C055,2024-05-06,5,5,5,4,5,4
CFB009674,C020,2024-05-06,4,3,4,5,4,4
CFB009675,C055,2024-05-06,4,3,4,3,2,5
CFB009676,C030,2024-05-06,4,3,4,4,4,4
CFB009677,C027,2024-05-06,5,5,5,4,3,5
CFB009678,C069,2024-05-06,4,5,5,4,2,4
CFB009679,C088,2024-05-06,5,4,5,3,3,3
CFB009680,C086,2024-05-06,4,5,4,5,2,5
CFB009681,C004,2024-05-06,4,3,4,3,3,3
CFB009682,C002,2024-05-06,4,5,4,4,3,5
CFB009683,C035,2024-05-06,5,5,4,4,4,5
CFB009684,C062,2024-05-06,5,4,3,4,3,4
CFB009685,C013,2024-05-06,4,1,4,3,2,3
CFB009686,C070,2024-05-06,4,4,4,5,5,4
CFB009687,C069,2024-05-06,4,2,3,4,2,2
CFB009688,C069,2024-05-06,4,3,5,5,2,4
CFB009689,C044,2024-05-06,3,3,4,5,2,5
CFB009690,C079,2024-05-06,3,5,5,4,2,3
CFB009691,C081,2024-05-06,5,3,3,3,5,3
CFB009692,C047,2024-05-07,4,4,1,3,3,5
CFB009693,C024,2024-05-07,3,4,4,4,3,3
CFB009694,C006,2024-05-07,5,4,5,4,4,5
CFB009695,C078,2024-05-07,5,4,4,4,4,2
CFB009696,C018,2024-05-07,4,5,5,4,4,5
CFB009697,C085,2024-05-07,3,4,4,4,4,5
CFB009698,C036,2024-05-07,5,4,3,4,3,5
CFB009699,C018,2024-05-07,4,4,5,5,3,4
CFB009700,C018,2024-05-07,5,5,4,4,1,2
CFB009701,C067,2024-05-07,5,4,4,5,2,3
CFB009702,C031,2024-05-07,5,4,2,4,2,4
CFB009703,C060,2024-05-07,5,5,4,5,2,4
CFB009704,C085,2024-05-07,5,3,3,5,3,3
CFB009705,C060,2024-05-07,5,5,4,4,2,5
CFB009706,C046,2024-05-07,5,4,5,4,3,4
CFB009707,C045,2024-05-07,5,4,4,5,4,4
CFB009708,C077,2024-05-07,5,5,5,4,2,4
CFB009709,C006,2024-05-07,4,5,2,4,3,3
CFB009710,C002,2024-05-07,4,5,4,4,2,5
CFB009711,C020,2024-05-07,4,5,4,4,4,3
CFB009712,C002,2024-05-07,4,2,2,3,3,4
CFB009713,C054,2024-05-07,4,3,3,4,2,4
CFB009714,C045,2024-05-07,4,4,4,4,2,5
CFB009715,C077,2024-05-07,4,3,4,4,3,4
CFB009716,C039,2024-05-07,3,3,4,4,4,4
CFB009717,C010,2024-05-07,4,4,5,5,4,3
CFB009718,C054,2024-05-07,4,4,3,3,2,4
CFB009719,C054,2024-05-07,5,5,3,4,3,2
CFB009720,C070,2024-05-07,5,4,4,5,3,5
CFB009721,C078,2024-05-07,3,5,4,4,3,4
CFB009722,C088,2024-05-07,5,4,5,5,3,5
CFB009723,C015,2024-05-07,3,3,2,4,2,5
CFB009724,C008,2024-05-08,4,5,5,4,4,4
CFB009725,C086,2024-05-08,5,5,4,4,3,4
CFB009726,C046,2024-05-08,4,4,4,5,2,5
CFB009727,C039,2024-05-08,3,5,5,3,4,4
CFB009728,C048,2024-05-08,5,4,4,4,4,5
CFB009729,C018,2024-05-08,4,4,4,4,4,4
CFB009730,C048,2024-05-08,4,3,5,4,4,4
CFB009731,C031,2024-05-08,5,5,3,4,2,4
CFB009732,C073,2024-05-08,3,4,5,5,4,4
CFB009733,C065,2024-05-08,2,4,5,5,2,5
CFB009734,C048,2024-05-08,4,4,5,5,3,4
CFB009735,C066,2024-05-08,3,4,4,5,2,5
CFB009736,C046,2024-05-08,4,3,4,3,3,3
CFB009737,C015,2024-05-08,3,5,2,4,4,3
CFB009738,C035,2024-05-08,5,3,5,4,4,3
CFB009739,C051,2024-05-08,5,4,5,5,4,5
CFB009740,C027,2024-05-08,3,3,4,4,3,4
CFB009741,C030,2024-05-08,4,4,5,5,4,4
CFB009742,C069,2024-05-08,4,4,4,5,4,4
CFB009743,C002,2024-05-08,2,4,4,3,3,4
CFB009744,C002,2024-05-08,4,4,3,4,3,4
CFB009745,C044,2024-05-08,3,5,4,4,4,5
CFB009746,C024,2024-05-08,3,2,4,2,2,3
CFB009747,C077,2024-05-08,5,5,4,5,3,5
CFB009748,C040,2024-05-08,5,5,4,5,2,2
CFB009749,C034,2024-05-08,5,3,5,4,2,5
CFB009750,C054,2024-05-08,5,3,3,4,3,5
CFB009751,C018,2024-05-09,3,3,4,4,4,5
CFB009752,C060,2024-05-09,5,5,4,4,4,5
CFB009753,C020,2024-05-09,5,4,5,5,5,5
CFB009754,C055,2024-05-09,5,5,4,5,5,4
CFB009755,C069,2024-05-09,4,4,5,5,3,5
CFB009756,C068,2024-05-09,5,4,4,5,4,4
CFB009757,C007,2024-05-09,5,4,5,4,4,5
CFB009758,C088,2024-05-09,4,3,4,4,2,3
CFB009759,C075,2024-05-09,4,4,3,4,3,5
CFB009760,C081,2024-05-09,3,1,3,4,3,3
CFB009761,C079,2024-05-09,3,3,3,4,3,3
CFB009762,C007,2024-05-09,4,4,5,4,3,5
CFB009763,C080,2024-05-09,5,3,3,2,5,3
CFB009764,C089,2024-05-09,4,3,4,4,5,5
CFB009765,C016,2024-05-09,4,4,4,4,2,4
CFB009766,C060,2024-05-09,5,5,3,4,4,4
CFB009767,C066,2024-05-09,4,5,3,4,5,4
CFB009768,C088,2024-05-09,4,5,5,4,2,5
CFB009769,C038,2024-05-09,4,4,4,4,3,5
CFB009770,C030,2024-05-09,2,5,4,5,3,3
CFB009771,C039,2024-05-09,5,4,3,4,3,3
CFB009772,C078,2024-05-09,3,4,4,5,2,5
CFB009773,C015,2024-05-09,5,5,5,5,5,5
CFB009774,C046,2024-05-09,4,4,3,5,4,4
CFB009775,C027,2024-05-09,3,5,3,4,3,5
CFB009776,C087,2024-05-09,4,5,5,5,4,5
CFB009777,C015,2024-05-09,4,5,5,4,2,4
CFB009778,C068,2024-05-09,4,5,3,5,2,5
CFB009779,C036,2024-05-09,5,5,4,5,4,4
CFB009780,C010,2024-05-09,4,5,3,5,3,5
CFB009781,C065,2024-05-09,4,3,4,4,4,4
CFB009782,C073,2024-05-09,4,5,4,4,3,4
CFB009783,C030,2024-05-09,1,4,5,4,3,4
CFB009784,C017,2024-05-09,5,4,5,5,3,5
CFB009785,C087,2024-05-09,4,4,4,3,4,5
CFB009786,C059,2024-05-09,5,3,4,5,5,4
CFB009787,C067,2024-05-09,3,5,5,5,4,4
CFB009788,C084,2024-05-09,5,5,5,5,3,5
CFB009789,C066,2024-05-09,5,3,5,4,5,4
CFB009790,C056,2024-05-10,5,4,4,4,3,4
CFB009791,C066,2024-05-10,4,4,3,4,5,5
CFB009792,C054,2024-05-10,5,5,5,4,4,4
CFB009793,C035,2024-05-10,3,5,5,4,2,2
CFB009794,C007,2024-05-10,5,3,3,3,2,4
CFB009795,C086,2024-05-10,5,5,4,4,2,4
CFB009796,C088,2024-05-10,3,5,4,5,3,4
CFB009797,C037,2024-05-10,4,5,5,5,2,5
CFB009798,C069,2024-05-10,5,5,4,4,3,5
CFB009799,C079,2024-05-10,4,1,3,2,4,3
CFB009800,C031,2024-05-10,4,4,5,4,2,4
CFB009801,C074,2024-05-10,5,2,3,4,3,5
CFB009802,C037,2024-05-10,5,4,3,5,2,5
CFB009803,C070,2024-05-10,4,4,5,5,3,4
CFB009804,C062,2024-05-10,5,5,5,5,4,5
CFB009805,C074,2024-05-10,3,3,4,5,4,4
CFB009806,C032,2024-05-10,5,4,4,5,4,4
CFB009807,C015,2024-05-10,3,4,5,5,3,4
CFB009808,C056,2024-05-10,5,4,5,4,4,5
CFB009809,C056,2024-05-10,5,4,5,4,4,5
CFB009810,C047,2024-05-10,5,3,4,5,4,5
CFB009811,C081,2024-05-10,5,5,5,5,3,5
CFB009812,C034,2024-05-10,4,5,4,4,4,5
CFB009813,C088,2024-05-10,5,4,5,5,3,4
CFB009814,C044,2024-05-10,4,3,5,4,2,5
CFB009815,C079,2024-05-10,5,4,5,4,3,4
CFB009816,C030,2024-05-10,4,4,4,5,5,5
CFB009817,C051,2024-05-10,3,3,3,5,2,4
CFB009818,C008,2024-05-11,5,4,4,4,1,2
CFB009819,C008,2024-05-11,5,3,4,5,4,4
CFB009820,C075,2024-05-11,5,4,3,5,4,4
CFB009821,C035,2024-05-11,3,5,5,4,3,4
CFB009822,C073,2024-05-11,5,5,5,5,2,4
CFB009823,C048,2024-05-11,4,4,3,5,4,3
CFB009824,C039,2024-05-11,4,2,4,5,4,3
CFB009825,C031,2024-05-11,5,3,4,4,2,4
CFB009826,C085,2024-05-11,5,2,3,4,3,5
CFB009827,C080,2024-05-11,5,4,5,4,2,2
CFB009828,C037,2024-05-11,4,3,5,4,3,4
CFB009829,C035,2024-05-11,3,3,3,5,2,4
CFB009830,C039,2024-05-11,5,4,5,4,4,4
CFB009831,C018,2024-05-11,5,4,4,5,3,4
CFB009832,C007,2024-05-11,3,2,4,3,3,5
CFB009833,C030,2024-05-11,5,4,5,4,3,3
CFB009834,C006,2024-05-11,4,3,4,4,3,5
CFB009835,C068,2024-05-11,3,3,5,3,4,5
CFB009836,C055,2024-05-11,4,4,5,5,4,3
CFB009837,C013,2024-05-11,5,5,5,3,1,4
CFB009838,C059,2024-05-11,5,5,4,5,4,4
CFB009839,C008,2024-05-11,5,3,5,4,3,4
CFB009840,C038,2024-05-11,3,3,4,4,4,4
CFB009841,C007,2024-05-11,3,5,3,4,4,3
CFB009842,C035,2024-05-11,4,2,3,2,2,3
CFB009843,C030,2024-05-11,4,4,4,3,4,3
CFB009844,C054,2024-05-11,5,4,2,5,3,4
CFB009845,C021,2024-05-11,5,4,3,4,4,3
CFB009846,C073,2024-05-11,4,3,5,4,3,5
CFB009847,C038,2024-05-11,5,5,4,4,4,3
CFB009848,C010,2024-05-11,5,4,3,3,3,3
CFB009849,C039,2024-05-11,4,5,5,4,1,5
CFB009850,C038,2024-05-11,3,4,5,3,4,4
CFB009851,C006,2024-05-11,5,5,5,4,4,5
CFB009852,C013,2024-05-11,5,5,4,5,3,5
CFB009853,C065,2024-05-11,5,4,3,3,3,3
CFB009854,C074,2024-05-11,4,4,5,5,4,5
CFB009855,C062,2024-05-11,4,5,3,5,2,4
CFB009856,C034,2024-05-11,4,4,4,3,3,2
CFB009857,C043,2024-05-12,5,5,4,5,4,3
CFB009858,C063,2024-05-12,3,3,2,4,4,3
CFB009859,C020,2024-05-12,4,4,5,5,3,5
CFB009860,C024,2024-05-12,4,4,4,5,4,3
CFB009861,C088,2024-05-12,4,4,3,5,2,4
CFB009862,C021,2024-05-12,4,5,5,4,3,5
CFB009863,C027,2024-05-12,3,4,4,4,2,4
CFB009864,C035,2024-05-12,2,5,4,5,4,5
CFB009865,C078,2024-05-12,3,5,3,4,4,3
CFB009866,C027,2024-05-12,2,3,3,5,3,4
CFB009867,C063,2024-05-12,3,3,4,5,4,4
CFB009868,C039,2024-05-12,5,4,4,5,4,4
CFB009869,C038,2024-05-12,5,5,5,4,3,5
CFB009870,C075,2024-05-12,5,4,5,5,2,5
CFB009871,C013,2024-05-12,5,5,5,5,4,5
CFB009872,C063,2024-05-12,4,5,3,5,4,4
CFB009873,C006,2024-05-12,3,4,4,4,2,5
CFB009874,C075,2024-05-12,5,4,5,4,5,4
CFB009875,C069,2024-05-12,4,5,4,5,4,5
CFB009876,C037,2024-05-12,4,5,4,3,3,4
CFB009877,C066,2024-05-12,5,4,5,4,3,5
CFB009878,C035,2024-05-12,4,4,3,3,3,5
CFB009879,C068,2024-05-12,5,2,5,4,5,5
CFB009880,C079,2024-05-12,3,2,3,4,3,4
CFB009881,C040,2024-05-12,5,2,3,4,4,4
CFB009882,C073,2024-05-12,4,4,5,5,4,3
CFB009883,C062,2024-05-12,5,3,2,3,3,5
CFB009884,C078,2024-05-12,3,5,3,5,3,4
CFB009885,C043,2024-05-12,3,4,5,4,1,3
CFB009886,C065,2024-05-12,4,3,1,2,3,4
CFB009887,C017,2024-05-12,4,4,5,2,4,3
CFB009888,C004,2024-05-12,3,3,3,4,5,4
CFB009889,C060,2024-05-12,4,2,1,3,2,4
CFB009890,C008,2024-05-12,4,3,4,5,2,2
CFB009891,C044,2024-05-12,4,3,3,4,2,4
CFB009892,C059,2024-05-12,4,4,4,3,3,3
CFB009893,C047,2024-05-12,4,5,5,5,1,5
CFB009894,C043,2024-05-12,5,5,4,4,5,3
CFB009895,C040,2024-05-12,5,3,3,4,2,2
CFB009896,C038,2024-05-12,4,3,5,4,3,4
CFB009897,C015,2024-05-13,4,4,4,3,3,5
CFB009898,C067,2024-05-13,5,4,5,4,4,5
CFB009899,C027,2024-05-13,4,5,5,4,4,2
CFB009900,C044,2024-05-13,5,4,4,4,4,4
CFB009901,C074,2024-05-13,4,3,4,3,3,3
CFB009902,C068,2024-05-13,4,4,2,5,2,4
CFB009903,C084,2024-05-13,5,3,4,4,2,4
CFB009904,C069,2024-05-13,3,4,4,5,3,4
CFB009905,C075,2024-05-13,4,5,5,3,4,4
CFB009906,C036,2024-05-13,5,4,3,5,3,5
CFB009907,C046,2024-05-13,5,4,4,4,3,5
CFB009908,C002,2024-05-13,5,4,5,3,5,5
CFB009909,C085,2024-05-13,5,5,5,2,4,5
CFB009910,C016,2024-05-13,5,5,5,5,5,4
CFB009911,C055,2024-05-13,4,4,5,5,5,5
CFB009912,C070,2024-05-13,5,5,4,4,2,5
CFB009913,C086,2024-05-13,5,5,4,5,3,3
CFB009914,C024,2024-05-13,4,2,5,5,3,3
CFB009915,C007,2024-05-13,5,4,5,3,2,5
CFB009916,C044,2024-05-13,4,4,5,4,4,4
CFB009917,C086,2024-05-13,4,4,3,5,3,5
CFB009918,C088,2024-05-13,4,3,5,4,4,5
CFB009919,C016,2024-05-13,5,3,4,4,3,4
CFB009920,C073,2024-05-13,4,4,4,5,3,5
CFB009921,C039,2024-05-13,2,4,3,4,3,4
CFB009922,C075,2024-05-13,5,5,5,5,4,5
CFB009923,C066,2024-05-13,3,3,4,4,3,4
CFB009924,C060,2024-05-13,4,5,5,5,2,3
CFB009925,C067,2024-05-13,4,4,5,5,3,5
CFB009926,C039,2024-05-13,5,5,4,4,5,5
CFB009927,C067,2024-05-13,5,5,5,4,4,4
CFB009928,C013,2024-05-13,5,2,4,5,4,4
CFB009929,C080,2024-05-13,5,3,4,5,3,5
CFB009930,C081,2024-05-13,3,4,3,3,3,4
CFB009931,C075,2024-05-13,4,4,5,5,5,4
CFB009932,C063,2024-05-14,5,3,4,5,5,4
CFB009933,C048,2024-05-14,5,5,5,5,4,4
CFB009934,C067,2024-05-14,5,5,5,3,2,4
CFB009935,C080,2024-05-14,5,4,3,5,4,3
CFB009936,C073,2024-05-14,3,3,4,3,3,4
CFB009937,C032,2024-05-14,3,4,4,3,3,4
CFB009938,C027,2024-05-14,3,2,4,4,5,5
CFB009939,C008,2024-05-14,4,5,4,3,4,4
CFB009940,C048,2024-05-14,5,4,5,5,3,5
CFB009941,C078,2024-05-14,5,4,3,5,3,5
CFB009942,C066,2024-05-14,4,3,5,4,2,4
CFB009943,C086,2024-05-14,4,5,5,5,4,5
CFB009944,C021,2024-05-14,4,4,4,3,3,4
CFB009945,C038,2024-05-14,5,4,3,5,4,5
CFB009946,C006,2024-05-14,5,4,4,3,4,5
CFB009947,C086,2024-05-14,5,4,5,3,2,3
CFB009948,C048,2024-05-14,4,3,5,4,4,4
CFB009949,C048,2024-05-14,5,5,5,5,4,5
CFB009950,C008,2024-05-14,4,4,5,5,5,5
CFB009951,C032,2024-05-14,4,4,4,4,2,3
CFB009952,C048,2024-05-14,5,5,5,5,2,5
CFB009953,C017,2024-05-14,5,5,4,4,3,3
CFB009954,C045,2024-05-14,5,5,5,5,5,3
CFB009955,C036,2024-05-14,4,4,5,5,2,3
CFB009956,C085,2024-05-15,4,4,1,3,3,4
CFB009957,C051,2024-05-15,5,3,3,4,4,5
CFB009958,C044,2024-05-15,5,4,4,5,2,4
CFB009959,C027,2024-05-15,3,5,5,4,3,5
CFB009960,C074,2024-05-15,5,5,5,4,4,4
CFB009961,C087,2024-05-15,4,3,3,5,4,3
CFB009962,C027,2024-05-15,4,5,5,5,4,5
CFB009963,C074,2024-05-15,4,5,5,4,4,4
CFB009964,C077,2024-05-15,5,2,3,3,5,5
CFB009965,C007,2024-05-15,5,4,3,4,1,3
CFB009966,C054,2024-05-15,5,4,5,5,3,2
CFB009967,C073,2024-05-15,4,4,5,5,3,4
CFB009968,C055,2024-05-15,5,1,4,3,4,5
CFB009969,C007,2024-05-15,4,3,5,4,2,4
CFB009970,C085,2024-05-15,5,4,3,5,2,5
CFB009971,C039,2024-05-15,4,2,4,5,2,4
CFB009972,C004,2024-05-15,4,5,4,4,4,5
CFB009973,C002,2024-05-15,4,3,4,3,2,4
CFB009974,C038,2024-05-15,5,4,5,3,3,4
CFB009975,C070,2024-05-15,3,5,2,4,2,2
CFB009976,C027,2024-05-15,5,2,5,4,3,5
CFB009977,C032,2024-05-15,5,4,5,5,4,4
CFB009978,C059,2024-05-15,5,4,5,4,3,5
CFB009979,C054,2024-05-15,5,3,5,4,3,5
CFB009980,C038,2024-05-15,5,5,5,3,5,5
CFB009981,C047,2024-05-15,4,5,4,4,2,3
CFB009982,C047,2024-05-15,4,3,5,4,4,3
CFB009983,C062,2024-05-15,5,4,5,5,3,3
CFB009984,C031,2024-05-15,5,4,4,3,4,3
CFB009985,C065,2024-05-15,2,4,3,4,3,5
CFB009986,C007,2024-05-15,5,3,4,3,4,5
CFB009987,C020,2024-05-15,5,3,5,4,4,5
CFB009988,C034,2024-05-15,5,3,2,3,3,3
CFB009989,C037,2024-05-15,4,5,4,5,3,4
CFB009990,C043,2024-05-15,5,4,5,4,3,2
CFB009991,C008,2024-05-15,3,3,4,3,3,3
CFB009992,C043,2024-05-15,4,4,4,4,3,5
CFB009993,C008,2024-05-15,4,5,4,4,3,4
CFB009994,C067,2024-05-15,4,3,4,5,3,3
CFB009995,C078,2024-05-15,4,4,4,5,4,3
CFB009996,C068,2024-05-16,4,3,3,5,4,4
CFB009997,C086,2024-05-16,4,5,5,3,4,4
CFB009998,C080,2024-05-16,3,4,4,4,4,3
CFB009999,C018,2024-05-16,4,4,5,5,4,5
CFB010000,C079,2024-05-16,3,3,2,3,3,4
CFB010001,C068,2024-05-16,4,4,4,2,4,4
CFB010002,C068,2024-05-16,5,5,5,4,2,5
CFB010003,C039,2024-05-16,5,5,5,4,1,4
CFB010004,C085,2024-05-16,5,4,3,3,2,4
CFB010005,C070,2024-05-16,5,5,5,4,3,5
CFB010006,C036,2024-05-16,4,4,3,4,2,4
CFB010007,C088,2024-05-16,5,4,5,5,3,4
CFB010008,C002,2024-05-16,5,5,5,5,3,4
CFB010009,C066,2024-05-16,5,4,5,4,3,4
CFB010010,C074,2024-05-16,3,3,3,3,4,3
CFB010011,C043,2024-05-16,5,3,4,3,4,5
CFB010012,C036,2024-05-16,4,5,5,3,3,5
CFB010013,C046,2024-05-16,5,4,5,2,2,5
CFB010014,C015,2024-05-16,4,4,5,5,3,5
CFB010015,C075,2024-05-16,4,4,4,3,3,5
CFB010016,C016,2024-05-16,4,4,5,4,3,5
CFB010017,C073,2024-05-16,4,3,4,5,2,5
CFB010018,C078,2024-05-16,5,4,5,4,3,4
CFB010019,C048,2024-05-16,5,5,5,4,5,5
CFB010020,C010,2024-05-16,5,4,5,4,4,5
CFB010021,C021,2024-05-16,5,3,5,3,5,4
CFB010022,C089,2024-05-16,4,5,4,3,4,4
CFB010023,C078,2024-05-16,3,4,4,4,2,5
CFB010024,C035,2024-05-16,5,4,4,5,4,4
CFB010025,C062,2024-05-16,5,4,4,5,2,4
CFB010026,C018,2024-05-16,4,3,5,2,3,4
CFB010027,C073,2024-05-16,4,3,4,4,4,3
CFB010028,C062,2024-05-16,5,5,4,3,3,5
CFB010029,C075,2024-05-16,3,3,2,3,1,4
CFB010030,C062,2024-05-16,3,4,4,4,2,4
CFB010031,C013,2024-05-16,5,4,3,4,3,4
CFB010032,C036,2024-05-16,5,5,4,4,5,4
CFB010033,C036,2024-05-16,3,5,5,5,3,5
CFB010034,C070,2024-05-16,4,3,3,3,4,4
CFB010035,C085,2024-05-16,5,4,4,5,3,3
CFB010036,C067,2024-05-16,4,3,5,4,4,3
CFB010037,C070,2024-05-17,4,4,4,5,3,4
CFB010038,C021,2024-05-17,5,3,5,3,3,5
CFB010039,C074,2024-05-17,4,3,3,3,3,5
CFB010040,C085,2024-05-17,5,4,5,5,2,4
CFB010041,C017,2024-05-17,4,5,4,5,3,5
CFB010042,C069,2024-05-17,5,4,5,3,3,5
CFB010043,C079,2024-05-17,5,5,4,3,3,4
CFB010044,C045,2024-05-17,5,4,5,5,2,4
CFB010045,C044,2024-05-17,4,3,3,4,2,4
CFB010046,C039,2024-05-17,4,3,5,3,4,4
CFB010047,C059,2024-05-17,5,5,4,5,3,5
CFB010048,C080,2024-05-17,3,3,3,5,3,3
CFB010049,C018,2024-05-17,5,5,4,5,4,4
CFB010050,C088,2024-05-17,4,5,3,5,3,5
CFB010051,C008,2024-05-17,4,3,3,5,5,5
CFB010052,C032,2024-05-17,4,4,5,3,4,5
CFB010053,C078,2024-05-17,4,2,3,4,1,3
CFB010054,C040,2024-05-17,4,5,4,4,2,2
CFB010055,C037,2024-05-17,5,4,4,5,5,5
CFB010056,C065,2024-05-17,5,5,5,3,4,4
CFB010057,C007,2024-05-17,5,5,3,4,3,4
CFB010058,C065,2024-05-17,5,5,5,5,4,5
CFB010059,C018,2024-05-17,5,5,4,5,5,4
CFB010060,C074,2024-05-17,5,5,3,4,2,5
CFB010061,C075,2024-05-17,5,4,5,5,5,5
CFB010062,C069,2024-05-17,4,5,5,5,5,5
CFB010063,C044,2024-05-17,4,5,4,5,3,5
CFB010064,C034,2024-05-18,4,5,4,4,4,4
CFB010065,C073,2024-05-18,5,4,4,5,4,4
CFB010066,C070,2024-05-18,2,3,4,5,4,4
CFB010067,C043,2024-05-18,2,3,4,4,4,2
CFB010068,C059,2024-05-18,4,1,4,5,3,4
CFB010069,C078,2024-05-18,4,4,4,4,3,2
CFB010070,C010,2024-05-18,4,5,5,4,4,5
CFB010071,C010,2024-05-18,4,4,4,4,4,2
CFB010072,C006,2024-05-18,2,4,5,4,3,4
CFB010073,C039,2024-05-18,5,5,4,5,3,4
CFB010074,C027,2024-05-18,5,3,5,4,5,5
CFB010075,C038,2024-05-18,3,3,4,4,1,5
CFB010076,C038,2024-05-18,5,4,3,5,3,3
CFB010077,C081,2024-05-18,5,5,3,4,2,5
CFB010078,C013,2024-05-18,4,5,4,5,3,5
CFB010079,C027,2024-05-18,4,4,3,4,4,5
CFB010080,C036,2024-05-18,3,4,4,5,2,4
CFB010081,C054,2024-05-18,3,4,4,4,2,5
CFB010082,C068,2024-05-18,5,4,4,4,4,4
CFB010083,C021,2024-05-18,5,4,5,4,2,5
CFB010084,C063,2024-05-18,5,4,5,5,3,4
CFB010085,C054,2024-05-18,3,4,4,5,4,3
CFB010086,C088,2024-05-18,5,4,3,4,3,4
CFB010087,C004,2024-05-18,4,3,4,5,3,5
CFB010088,C062,2024-05-18,5,4,5,5,4,5
CFB010089,C074,2024-05-18,4,5,4,4,3,5
CFB010090,C063,2024-05-18,2,2,4,5,3,2
CFB010091,C031,2024-05-18,5,3,4,5,5,5
CFB010092,C047,2024-05-18,4,4,2,3,3,4
CFB010093,C040,2024-05-18,5,4,3,5,3,4
CFB010094,C047,2024-05-18,5,4,5,4,4,5
CFB010095,C020,2024-05-18,5,4,3,4,3,3
CFB010096,C068,2024-05-19,2,3,5,4,4,3
CFB010097,C008,2024-05-19,4,3,1,3,2,4
CFB010098,C051,2024-05-19,4,4,4,4,4,3
CFB010099,C081,2024-05-19,3,3,4,4,5,4
CFB010100,C007,2024-05-19,5,2,4,4,4,5
CFB010101,C048,2024-05-19,3,5,4,4,3,2
CFB010102,C024,2024-05-19,4,3,3,3,4,3
CFB010103,C070,2024-05-19,5,5,5,4,2,5
CFB010104,C002,2024-05-19,5,4,3,4,2,4
CFB010105,C081,2024-05-19,4,4,3,5,5,3
CFB010106,C062,2024-05-19,5,4,4,5,4,3
CFB010107,C016,2024-05-19,5,4,5,4,4,3
CFB010108,C060,2024-05-19,5,3,4,5,4,5
CFB010109,C007,2024-05-19,3,5,4,5,3,5
CFB010110,C024,2024-05-19,3,4,4,5,3,3
CFB010111,C039,2024-05-19,5,5,4,5,2,5
CFB010112,C047,2024-05-19,4,4,4,4,5,5
CFB010113,C056,2024-05-19,3,5,5,5,3,4
CFB010114,C074,2024-05-19,5,5,3,5,3,5
CFB010115,C059,2024-05-19,4,4,5,4,3,4
CFB010116,C004,2024-05-19,4,5,5,4,2,5
CFB010117,C089,2024-05-19,4,3,2,4,3,5
CFB010118,C043,2024-05-19,5,3,4,4,3,5
CFB010119,C062,2024-05-19,3,5,4,3,2,3
CFB010120,C002,2024-05-19,4,3,4,5,2,4
CFB010121,C038,2024-05-19,5,4,4,5,3,4
CFB010122,C027,2024-05-19,4,3,5,2,3,4
CFB010123,C075,2024-05-19,5,4,2,4,5,5
CFB010124,C031,2024-05-19,5,4,4,3,2,4
CFB010125,C010,2024-05-19,3,4,3,4,3,5
CFB010126,C013,2024-05-19,5,5,5,5,4,3
CFB010127,C088,2024-05-19,4,3,3,4,2,2
CFB010128,C046,2024-05-19,4,4,4,4,3,4
CFB010129,C081,2024-05-19,5,5,5,5,3,4
CFB010130,C077,2024-05-19,4,5,4,3,4,5
CFB010131,C088,2024-05-19,5,5,2,3,5,2
CFB010132,C006,2024-05-19,4,3,2,4,1,1
CFB010133,C046,2024-05-19,4,5,5,5,4,3
CFB010134,C062,2024-05-19,2,3,3,4,5,4
CFB010135,C027,2024-11-10,4,4,3,4,1,5
CFB010136,C010,2024-11-10,3,2,3,4,3,2
CFB010137,C070,2024-11-10,2,4,3,5,3,4
CFB010138,C059,2024-11-10,5,2,3,4,3,3
CFB010139,C040,2024-11-10,4,3,3,5,1,3
CFB010140,C025,2024-11-10,3,3,4,5,5,5
CFB010141,C040,2024-11-10,4,5,2,2,3,3
CFB010142,C078,2024-11-10,5,4,4,4,4,4
CFB010143,C035,2024-11-10,5,4,4,4,4,3
CFB010144,C004,2024-11-10,3,3,3,4,4,2
CFB010145,C086,2024-11-10,5,5,4,3,4,5
CFB010146,C017,2024-11-10,4,4,3,4,3,3
CFB010147,C085,2024-11-10,4,3,3,2,3,4
CFB010148,C055,2024-11-10,5,3,4,5,5,4
CFB010149,C077,2024-11-10,4,3,3,4,3,4
CFB010150,C004,2024-11-10,3,2,2,4,3,3
CFB010151,C051,2024-11-10,5,2,4,4,3,5
CFB010152,C081,2024-11-10,3,4,3,3,5,5
CFB010153,C020,2024-11-10,4,4,3,5,3,4
CFB010154,C035,2024-11-10,3,2,4,3,2,3
CFB010155,C077,2024-11-10,4,5,4,3,2,2
CFB010156,C088,2024-11-10,5,5,5,5,3,5
CFB010157,C055,2024-11-10,4,4,5,4,2,4
CFB010158,C040,2024-11-10,5,3,3,3,4,4
CFB010159,C084,2024-11-10,5,4,3,5,4,3
CFB010160,C035,2024-11-10,4,4,3,3,3,3
CFB010161,C087,2024-11-10,4,4,4,4,4,3
CFB010162,C055,2024-11-10,3,2,4,2,2,3
CFB010163,C066,2024-11-10,3,3,4,5,3,3
CFB010164,C025,2024-11-10,3,5,3,4,4,2
CFB010165,C010,2024-11-10,5,3,4,2,3,4
CFB010166,C070,2024-11-10,4,4,3,4,3,5
CFB010167,C021,2024-11-10,4,4,4,4,1,4
CFB010168,C024,2024-11-10,4,3,4,1,3,3
CFB010169,C040,2024-11-10,4,4,3,4,2,2
CFB010170,C040,2024-11-10,3,3,2,3,3,3
CFB010171,C068,2024-11-10,4,4,4,5,3,5
CFB010172,C016,2024-11-11,4,4,5,4,4,3
CFB010173,C069,2024-11-11,2,3,2,4,2,5
CFB010174,C084,2024-11-11,3,3,4,4,3,4
CFB010175,C054,2024-11-11,5,4,5,5,5,5
CFB010176,C063,2024-11-11,3,4,3,5,3,5
CFB010177,C060,2024-11-11,3,3,3,3,4,4
CFB010178,C060,2024-11-11,4,4,3,3,4,4
CFB010179,C002,2024-11-11,3,4,4,5,3,5
CFB010180,C060,2024-11-11,4,4,2,4,3,4
CFB010181,C073,2024-11-11,4,4,4,3,5,4
CFB010182,C016,2024-11-11,4,2,3,3,2,4
CFB010183,C048,2024-11-11,4,4,4,4,3,4
CFB010184,C008,2024-11-11,3,3,5,5,3,3
CFB010185,C054,2024-11-11,4,3,2,5,5,3
CFB010186,C023,2024-11-11,5,5,5,4,4,5
CFB010187,C021,2024-11-11,4,3,5,4,2,5
CFB010188,C078,2024-11-11,4,4,3,4,1,4
CFB010189,C031,2024-11-11,3,5,4,4,2,5
CFB010190,C089,2024-11-11,4,3,3,4,3,4
CFB010191,C021,2024-11-11,4,3,4,3,3,2
CFB010192,C007,2024-11-11,2,3,2,2,3,3
CFB010193,C027,2024-11-11,3,5,5,5,2,4
CFB010194,C010,2024-11-11,5,4,3,3,4,4
CFB010195,C030,2024-11-11,3,3,3,2,2,3
CFB010196,C060,2024-11-11,3,2,3,3,4,4
CFB010197,C018,2024-11-11,2,3,5,4,3,4
CFB010198,C069,2024-11-11,5,3,3,4,3,5
CFB010199,C021,2024-11-11,5,2,4,3,2,2
CFB010200,C032,2024-11-11,5,2,4,3,5,4
CFB010201,C039,2024-11-11,4,2,3,4,2,3
CFB010202,C038,2024-11-11,2,4,3,3,4,5
CFB010203,C059,2024-11-11,3,3,4,5,4,3
CFB010204,C026,2024-11-12,3,3,5,4,4,4
CFB010205,C078,2024-11-12,5,5,4,5,4,5
CFB010206,C030,2024-11-12,5,3,1,4,4,4
CFB010207,C079,2024-11-12,5,5,5,5,4,4
CFB010208,C048,2024-11-12,5,4,3,5,3,4
CFB010209,C002,2024-11-12,4,4,4,4,3,3
CFB010210,C013,2024-11-12,4,2,5,3,5,2
CFB010211,C020,2024-11-12,4,3,4,3,4,5
CFB010212,C044,2024-11-12,2,4,4,3,2,5
CFB010213,C073,2024-11-12,5,5,4,5,2,5
CFB010214,C059,2024-11-12,4,4,5,4,4,4
CFB010215,C026,2024-11-12,4,4,3,4,2,2
CFB010216,C073,2024-11-12,4,4,3,2,4,3
CFB010217,C039,2024-11-12,5,4,3,4,4,2
CFB010218,C080,2024-11-12,5,3,4,5,3,4
CFB010219,C055,2024-11-12,4,3,4,4,4,4
CFB010220,C060,2024-11-12,4,4,5,5,2,5
CFB010221,C032,2024-11-12,3,3,5,5,4,3
CFB010222,C069,2024-11-12,4,4,5,3,3,3
CFB010223,C086,2024-11-12,4,3,5,5,4,3
CFB010224,C025,2024-11-12,5,5,4,4,4,5
CFB010225,C067,2024-11-12,3,3,3,5,5,5
CFB010226,C075,2024-11-12,2,3,2,3,4,4
CFB010227,C088,2024-11-12,4,4,3,4,2,3
CFB010228,C075,2024-11-12,5,3,4,5,1,5
CFB010229,C040,2024-11-12,5,4,4,4,2,3
CFB010230,C044,2024-11-12,3,3,4,5,4,5
CFB010231,C030,2024-11-12,5,5,4,4,3,4
CFB010232,C088,2024-11-12,3,4,2,5,4,4
CFB010233,C025,2024-11-12,4,4,3,3,2,4
CFB010234,C087,2024-11-12,2,4,4,3,2,4
CFB010235,C047,2024-11-12,4,3,3,5,4,4
CFB010236,C013,2024-11-12,5,2,3,5,2,4
CFB010237,C037,2024-11-12,3,4,4,4,2,3
CFB010238,C085,2024-11-12,4,2,4,5,5,4
CFB010239,C067,2024-11-12,3,2,4,4,3,5
CFB010240,C045,2024-11-12,4,3,3,4,4,4
CFB010241,C015,2024-11-12,4,3,5,3,3,3
CFB010242,C032,2024-11-12,5,3,4,4,3,2
CFB010243,C061,2024-11-12,4,3,4,3,3,3
CFB010244,C060,2024-11-12,3,2,3,3,2,2
CFB010245,C063,2024-11-12,3,5,4,3,1,3
CFB010246,C002,2024-11-12,3,2,3,4,4,3
CFB010247,C081,2024-11-12,4,5,5,4,4,3
CFB010248,C020,2024-11-12,4,3,4,3,3,1
CFB010249,C054,2024-11-12,1,3,3,3,5,3
CFB010250,C044,2024-11-12,3,4,3,4,5,3
CFB010251,C089,2024-11-12,4,3,3,3,4,5
CFB010252,C024,2024-11-12,3,4,3,4,3,2
CFB010253,C038,2024-11-13,4,4,4,4,5,3
CFB010254,C074,2024-11-13,4,4,3,4,5,2
CFB010255,C079,2024-11-13,4,3,4,3,2,4
CFB010256,C088,2024-11-13,5,5,4,5,4,5
CFB010257,C070,2024-11-13,3,3,3,3,4,4
CFB010258,C023,2024-11-13,5,5,4,4,4,2
CFB010259,C046,2024-11-13,4,5,4,3,3,3
CFB010260,C061,2024-11-13,3,3,4,4,2,3
CFB010261,C048,2024-11-13,4,3,3,3,1,5
CFB010262,C063,2024-11-13,3,4,4,4,3,3
CFB010263,C030,2024-11-13,4,5,5,4,1,4
CFB010264,C024,2024-11-13,4,4,3,4,3,3
CFB010265,C038,2024-11-13,5,3,4,4,3,4
CFB010266,C061,2024-11-13,3,2,3,5,3,3
CFB010267,C055,2024-11-13,5,3,3,4,2,3
CFB010268,C066,2024-11-13,4,4,5,4,2,3
CFB010269,C027,2024-11-13,3,3,3,4,4,4
CFB010270,C023,2024-11-13,4,5,4,3,4,4
CFB010271,C070,2024-11-13,4,3,4,3,1,4
CFB010272,C066,2024-11-13,5,5,3,3,3,2
CFB010273,C039,2024-11-13,4,1,3,4,4,2
CFB010274,C026,2024-11-13,5,3,3,3,2,3
CFB010275,C079,2024-11-13,3,3,4,4,5,4
CFB010276,C026,2024-11-13,4,4,5,3,4,3
CFB010277,C068,2024-11-13,4,2,5,2,4,3
CFB010278,C070,2024-11-13,4,3,3,4,2,3
CFB010279,C088,2024-11-13,5,4,3,4,4,5
CFB010280,C087,2024-11-13,4,3,4,4,2,3
CFB010281,C013,2024-11-13,4,3,4,5,5,5
CFB010282,C074,2024-11-13,2,2,2,2,3,2
CFB010283,C047,2024-11-13,2,4,4,3,2,2
CFB010284,C065,2024-11-13,3,2,5,3,3,3
CFB010285,C047,2024-11-13,2,2,4,3,5,3
CFB010286,C089,2024-11-13,2,4,3,4,2,5
CFB010287,C081,2024-11-13,3,4,4,3,2,2
CFB010288,C006,2024-11-14,4,3,4,5,3,4
CFB010289,C051,2024-11-14,4,4,4,3,4,5
CFB010290,C051,2024-11-14,3,4,4,3,3,5
CFB010291,C040,2024-11-14,2,2,4,3,3,3
CFB010292,C040,2024-11-14,5,3,5,5,2,5
CFB010293,C080,2024-11-14,3,5,4,5,2,3
CFB010294,C023,2024-11-14,2,3,2,4,2,4
CFB010295,C038,2024-11-14,4,4,5,5,3,4
CFB010296,C034,2024-11-14,4,4,3,4,3,2
CFB010297,C073,2024-11-14,5,3,3,4,1,3
CFB010298,C073,2024-11-14,3,4,3,4,3,4
CFB010299,C077,2024-11-14,4,3,4,5,3,4
CFB010300,C061,2024-11-14,5,4,4,4,5,5
CFB010301,C063,2024-11-14,5,4,4,4,2,4
CFB010302,C062,2024-11-14,5,5,2,5,4,4
CFB010303,C077,2024-11-14,4,4,4,4,2,4
CFB010304,C073,2024-11-14,5,4,3,4,3,4
CFB010305,C010,2024-11-14,4,4,4,3,2,3
CFB010306,C045,2024-11-14,4,4,5,5,3,5
CFB010307,C070,2024-11-14,5,4,4,5,3,3
CFB010308,C016,2024-11-14,3,3,4,3,2,5
CFB010309,C020,2024-11-14,4,4,4,5,2,4
CFB010310,C021,2024-11-14,4,3,3,5,5,3
CFB010311,C074,2024-11-14,5,4,5,5,3,5
CFB010312,C087,2024-11-14,2,4,4,3,2,4
CFB010313,C007,2024-11-14,5,4,5,4,3,2
CFB010314,C060,2024-11-14,5,5,5,4,4,4
CFB010315,C010,2024-11-14,1,2,4,2,4,1
CFB010316,C074,2024-11-14,4,3,4,5,2,3
CFB010317,C074,2024-11-14,3,4,3,3,3,5
CFB010318,C035,2024-11-14,3,3,4,4,2,3
CFB010319,C054,2024-11-14,4,3,4,3,4,5
CFB010320,C054,2024-11-14,4,4,3,2,4,4
CFB010321,C059,2024-11-14,4,4,3,3,3,5
CFB010322,C030,2024-11-14,3,3,3,2,5,2
CFB010323,C086,2024-11-14,3,3,5,3,3,4
CFB010324,C025,2024-11-14,5,4,5,4,1,4
CFB010325,C085,2024-11-14,2,3,1,4,3,4
CFB010326,C034,2024-11-15,4,3,5,5,1,2
CFB010327,C037,2024-11-15,4,3,5,3,3,5
CFB010328,C067,2024-11-15,5,3,3,4,3,4
CFB010329,C026,2024-11-15,3,3,3,4,4,4
CFB010330,C084,2024-11-15,4,3,4,3,4,4
CFB010331,C034,2024-11-15,3,3,4,2,3,4
CFB010332,C062,2024-11-15,4,4,3,4,3,4
CFB010333,C069,2024-11-15,2,2,1,4,3,3
CFB010334,C024,2024-11-15,4,3,5,4,5,3
CFB010335,C087,2024-11-15,3,4,5,4,4,3
CFB010336,C061,2024-11-15,4,4,5,2,2,3
CFB010337,C063,2024-11-15,4,4,3,5,5,3
CFB010338,C070,2024-11-15,5,3,5,5,2,4
CFB010339,C048,2024-11-15,3,3,2,4,4,5
CFB010340,C070,2024-11-15,4,3,4,4,4,5
CFB010341,C065,2024-11-15,4,4,4,3,5,4
CFB010342,C060,2024-11-15,2,4,3,4,4,3
CFB010343,C036,2024-11-15,4,3,4,3,2,3
CFB010344,C070,2024-11-15,4,3,5,2,3,4
CFB010345,C059,2024-11-15,5,3,5,5,4,3
CFB010346,C007,2024-11-15,3,3,2,4,2,3
CFB010347,C023,2024-11-15,3,2,3,4,2,3
CFB010348,C010,2024-11-15,3,2,4,2,4,2
CFB010349,C035,2024-11-15,2,3,3,3,3,3
CFB010350,C046,2024-11-15,3,2,4,3,4,4
CFB010351,C079,2024-11-15,4,3,4,3,3,3
CFB010352,C085,2024-11-15,5,3,4,3,4,4
CFB010353,C051,2024-11-15,4,3,3,1,3,3
CFB010354,C065,2024-11-15,4,3,4,4,3,5
CFB010355,C018,2024-11-15,5,2,3,4,2,4
CFB010356,C084,2024-11-16,4,4,4,3,3,4
CFB010357,C089,2024-11-16,3,3,3,2,4,5
CFB010358,C065,2024-11-16,4,3,4,3,4,4
CFB010359,C048,2024-11-16,5,5,4,4,4,5
CFB010360,C044,2024-11-16,5,5,4,3,3,5
CFB010361,C002,2024-11-16,4,4,2,5,3,3
CFB010362,C078,2024-11-16,2,2,3,3,1,3
CFB010363,C085,2024-11-16,5,3,3,3,2,4
CFB010364,C086,2024-11-16,4,3,4,4,4,4
CFB010365,C077,2024-11-16,4,4,3,4,4,3
CFB010366,C010,2024-11-16,4,4,4,5,2,5
CFB010367,C067,2024-11-16,3,3,2,4,3,3
CFB010368,C061,2024-11-16,5,3,4,4,4,4
CFB010369,C048,2024-11-16,3,3,4,5,3,5
CFB010370,C078,2024-11-16,3,3,4,5,4,5
CFB010371,C060,2024-11-16,3,3,4,5,3,5
CFB010372,C080,2024-11-16,5,4,4,5,3,4
CFB010373,C081,2024-11-16,5,4,4,4,2,4
CFB010374,C031,2024-11-16,5,3,3,3,4,4
CFB010375,C060,2024-11-16,4,4,5,4,3,4
CFB010376,C079,2024-11-16,4,2,4,4,2,3
CFB010377,C074,2024-11-16,4,5,3,3,5,3
CFB010378,C035,2024-11-16,3,4,5,5,5,5
CFB010379,C030,2024-11-16,3,5,5,3,2,5
CFB010380,C069,2024-11-16,4,4,4,4,3,3
CFB010381,C008,2024-11-16,4,4,3,5,3,4
CFB010382,C065,2024-11-16,3,3,1,3,3,1
CFB010383,C045,2024-11-16,4,4,4,4,3,4
CFB010384,C044,2024-11-16,4,4,4,3,4,3
CFB010385,C027,2024-11-16,5,3,4,3,2,4
CFB010386,C040,2024-11-16,4,2,3,3,2,4
CFB010387,C010,2024-11-16,4,4,5,4,4,5
CFB010388,C036,2024-11-16,3,4,2,4,3,2
CFB010389,C034,2024-11-16,4,3,2,2,3,3
CFB010390,C027,2024-11-16,3,2,3,3,3,2
CFB010391,C059,2024-11-16,3,4,3,5,5,5
CFB010392,C007,2024-11-16,4,4,3,2,4,5
CFB010393,C068,2024-11-16,2,2,2,3,3,4
CFB010394,C059,2024-11-16,3,3,2,3,2,4
CFB010395,C016,2024-11-17,4,4,3,5,3,4
CFB010396,C063,2024-11-17,4,4,5,3,3,5
CFB010397,C085,2024-11-17,4,4,4,4,3,4
CFB010398,C018,2024-11-17,1,4,3,4,5,4
CFB010399,C004,2024-11-17,5,4,4,4,3,3
CFB010400,C002,2024-11-17,4,2,4,4,2,3
CFB010401,C087,2024-11-17,4,5,4,3,3,3
CFB010402,C063,2024-11-17,3,3,2,3,3,3
CFB010403,C061,2024-11-17,3,3,2,4,4,3
CFB010404,C026,2024-11-17,3,4,4,5,4,5
CFB010405,C085,2024-11-17,3,2,3,1,3,5
CFB010406,C075,2024-11-17,2,3,4,3,4,4
CFB010407,C040,2024-11-17,3,4,4,4,3,5
CFB010408,C060,2024-11-17,3,3,5,3,4,5
CFB010409,C068,2024-11-17,3,5,4,5,3,3
CFB010410,C089,2024-11-17,4,3,3,2,3,3
CFB010411,C037,2024-11-17,4,3,4,5,3,5
CFB010412,C032,2024-11-17,4,2,3,3,3,4
CFB010413,C065,2024-11-17,4,4,5,4,5,3
CFB010414,C036,2024-11-17,5,3,4,5,3,5
CFB010415,C087,2024-11-17,4,4,3,3,3,3
CFB010416,C073,2024-11-17,3,3,4,4,3,3
CFB010417,C087,2024-11-17,3,4,4,4,3,3
CFB010418,C059,2024-11-17,3,3,4,2,1,3
CFB010419,C036,2024-11-17,4,1,5,3,2,1
CFB010420,C017,2024-11-17,4,3,4,4,3,4
CFB010421,C036,2024-11-17,3,3,4,3,3,3
CFB010422,C036,2024-11-17,3,4,3,4,2,3
CFB010423,C036,2024-11-17,5,3,3,4,1,4
CFB010424,C040,2024-11-17,4,3,3,3,5,1
CFB010425,C081,2024-11-17,4,4,4,3,3,4
CFB010426,C004,2024-11-17,3,3,2,4,4,4
CFB010427,C067,2024-11-17,5,4,3,5,2,3
CFB010428,C039,2024-11-17,5,4,5,4,5,4
CFB010429,C069,2024-11-17,3,3,3,4,1,4
CFB010430,C051,2024-11-17,3,3,5,4,4,4
CFB010431,C035,2024-11-18,5,3,2,3,4,3
CFB010432,C039,2024-11-18,5,4,5,4,2,2
CFB010433,C065,2024-11-18,5,3,3,3,4,3
CFB010434,C056,2024-11-18,3,4,5,5,4,2
CFB010435,C061,2024-11-18,3,5,4,5,3,4
CFB010436,C010,2024-11-18,3,4,5,2,4,4
CFB010437,C044,2024-11-18,4,4,5,5,2,5
CFB010438,C062,2024-11-18,3,4,4,2,3,4
CFB010439,C035,2024-11-18,5,4,2,3,3,3
CFB010440,C086,2024-11-18,4,4,4,4,4,4
CFB010441,C013,2024-11-18,5,3,3,3,1,2
CFB010442,C013,2024-11-18,3,3,3,5,2,4
CFB010443,C018,2024-11-18,4,3,3,3,3,1
CFB010444,C021,2024-11-18,3,3,3,4,2,4
CFB010445,C040,2024-11-18,3,4,3,5,3,3
CFB010446,C004,2024-11-18,4,3,2,4,3,2
CFB010447,C034,2024-11-18,4,4,3,5,3,4
CFB010448,C045,2024-11-18,4,2,2,3,3,2
CFB010449,C074,2024-11-18,4,5,4,3,3,3
CFB010450,C075,2024-11-18,3,3,2,3,4,4
CFB010451,C018,2024-11-18,4,4,4,4,2,4
CFB010452,C084,2024-11-18,2,2,3,3,3,4
CFB010453,C045,2024-11-18,4,5,3,3,3,4
CFB010454,C073,2024-11-18,3,3,2,5,4,4
CFB010455,C043,2024-11-18,5,3,4,4,2,4
CFB010456,C016,2024-11-18,3,4,5,4,2,5
CFB010457,C036,2024-11-18,4,1,3,2,4,3
CFB010458,C061,2024-11-18,4,2,3,3,3,2
CFB010459,C010,2024-11-18,5,2,3,4,4,4
CFB010460,C004,2024-11-18,3,2,4,4,3,3
CFB010461,C037,2024-11-18,4,3,3,2,3,3
CFB010462,C045,2024-11-19,4,3,5,5,3,5
CFB010463,C066,2024-11-19,4,2,3,3,4,2
CFB010464,C039,2024-11-19,5,4,5,3,2,3
CFB010465,C006,2024-11-19,3,3,3,3,2,4
CFB010466,C032,2024-11-19,5,4,3,5,3,4
CFB010467,C032,2024-11-19,5,3,4,5,3,4
CFB010468,C062,2024-11-19,3,4,3,4,4,3
CFB010469,C018,2024-11-19,4,3,5,5,5,4
CFB010470,C002,2024-11-19,4,4,4,5,2,5
CFB010471,C084,2024-11-19,5,4,2,2,3,3
CFB010472,C031,2024-11-19,3,3,4,4,3,2
CFB010473,C025,2024-11-19,4,4,3,5,2,4
CFB010474,C037,2024-11-19,4,4,3,3,3,4
CFB010475,C080,2024-11-19,5,4,3,5,3,5
CFB010476,C038,2024-11-19,3,5,4,4,2,3
CFB010477,C069,2024-11-19,4,4,4,5,1,4
CFB010478,C066,2024-11-19,4,4,4,4,4,5
CFB010479,C073,2024-11-19,5,4,4,4,2,5
CFB010480,C006,2024-11-19,5,5,4,4,3,4
CFB010481,C048,2024-11-19,4,4,5,4,2,3
CFB010482,C074,2024-11-19,4,5,5,5,5,5
CFB010483,C075,2024-11-19,2,5,4,3,3,3
CFB010484,C006,2024-11-19,4,4,4,4,3,3
CFB010485,C081,2024-11-19,2,3,3,3,4,3
CFB010486,C054,2024-11-19,4,2,3,3,3,3
CFB010487,C024,2024-11-19,4,4,2,5,3,4
CFB010488,C060,2024-11-19,4,3,4,3,3,4
CFB010489,C078,2024-11-19,5,3,5,4,3,3
CFB010490,C066,2024-11-19,4,3,3,2,3,3
CFB010491,C038,2024-11-19,4,3,3,4,3,2
CFB010492,C008,2024-11-19,4,4,3,3,4,5
CFB010493,C066,2024-11-19,3,5,3,4,5,3
CFB010494,C069,2024-11-19,2,4,3,4,2,3
CFB010495,C026,2024-11-19,5,5,3,3,3,2
CFB010496,C075,2024-11-19,5,5,5,4,2,3
CFB010497,C004,2024-11-19,5,3,2,4,5,3
CFB010498,C032,2024-11-19,2,4,3,3,3,2
CFB010499,C073,2024-11-19,4,4,4,3,2,4
CFB010500,C035,2024-11-20,5,5,5,4,5,4
CFB010501,C061,2024-11-20,5,5,4,4,5,3
CFB010502,C077,2024-11-20,4,3,3,3,4,3
CFB010503,C032,2024-11-20,4,2,4,4,3,5
CFB010504,C039,2024-11-20,5,4,4,5,5,5
CFB010505,C087,2024-11-20,3,3,3,4,4,4
CFB010506,C086,2024-11-20,5,3,4,4,2,5
CFB010507,C075,2024-11-20,4,2,4,4,4,3
CFB010508,C008,2024-11-20,3,3,4,5,2,4
CFB010509,C024,2024-11-20,4,2,4,5,3,5
CFB010510,C015,2024-11-20,3,3,4,1,4,3
CFB010511,C030,2024-11-20,3,5,2,3,3,3
CFB010512,C051,2024-11-20,5,2,3,5,3,4
CFB010513,C068,2024-11-20,3,4,4,5,3,5
CFB010514,C027,2024-11-20,4,3,2,4,2,3
CFB010515,C008,2024-11-20,3,2,4,4,4,4
CFB010516,C018,2024-11-20,2,4,4,3,4,5
CFB010517,C040,2024-11-20,5,2,3,5,4,5
CFB010518,C037,2024-11-20,3,2,3,2,2,5
CFB010519,C037,2024-11-20,4,3,5,3,2,2
CFB010520,C065,2024-11-20,3,4,2,3,3,5
CFB010521,C002,2024-11-20,3,1,3,3,3,4
CFB010522,C074,2024-11-20,3,3,3,2,3,2
CFB010523,C027,2024-11-20,2,4,4,4,3,3
CFB010524,C068,2024-11-20,4,4,3,5,4,5
CFB010525,C055,2024-11-20,3,4,2,4,4,4
CFB010526,C007,2024-11-20,4,2,3,4,2,5
CFB010527,C025,2024-11-20,4,3,3,4,2,3
CFB010528,C016,2024-11-20,2,4,2,3,2,3
CFB010529,C043,2024-11-20,3,4,4,4,3,3
CFB010530,C032,2024-11-21,2,3,3,5,3,2
CFB010531,C067,2024-11-21,5,2,2,2,2,4
CFB010532,C086,2024-11-21,2,3,4,3,3,4
CFB010533,C025,2024-11-21,4,3,4,4,3,5
CFB010534,C080,2024-11-21,5,3,3,5,3,4
CFB010535,C036,2024-11-21,4,4,4,4,4,4
CFB010536,C069,2024-11-21,5,4,5,3,5,5
CFB010537,C045,2024-11-21,4,3,5,4,3,5
CFB010538,C059,2024-11-21,4,3,4,5,4,3
CFB010539,C048,2024-11-21,5,3,5,4,1,4
CFB010540,C084,2024-11-21,4,3,5,4,3,3
CFB010541,C035,2024-11-21,3,3,4,4,5,4
CFB010542,C080,2024-11-21,5,4,5,2,5,4
CFB010543,C063,2024-11-21,3,4,4,4,4,4
CFB010544,C017,2024-11-21,4,4,3,3,3,3
CFB010545,C085,2024-11-21,5,2,5,4,2,3
CFB010546,C074,2024-11-21,2,3,4,2,3,3
CFB010547,C079,2024-11-21,3,3,3,1,2,3
CFB010548,C075,2024-11-21,1,3,4,3,2,2
CFB010549,C084,2024-11-21,3,2,1,3,2,4
CFB010550,C031,2024-11-21,4,3,4,5,2,4
CFB010551,C086,2024-11-21,5,4,3,4,3,3
CFB010552,C045,2024-11-21,3,3,4,4,3,2
CFB010553,C046,2024-11-21,2,3,3,4,3,3
CFB010554,C043,2024-11-21,4,3,5,4,3,4
CFB010555,C004,2024-11-22,4,3,3,4,4,4
CFB010556,C026,2024-11-22,3,5,3,2,3,2
CFB010557,C026,2024-11-22,4,5,5,5,5,5
CFB010558,C030,2024-11-22,3,5,5,4,3,4
CFB010559,C070,2024-11-22,5,5,4,5,2,5
CFB010560,C048,2024-11-22,5,4,5,4,3,2
CFB010561,C016,2024-11-22,4,2,5,4,4,5
CFB010562,C079,2024-11-22,4,4,5,5,3,4
CFB010563,C081,2024-11-22,5,3,4,5,3,3
CFB010564,C060,2024-11-22,5,2,5,3,3,4
CFB010565,C007,2024-11-22,3,5,3,4,3,3
CFB010566,C087,2024-11-22,5,4,4,4,3,5
CFB010567,C034,2024-11-22,2,4,3,2,2,3
CFB010568,C031,2024-11-22,5,5,5,4,4,4
CFB010569,C060,2024-11-22,4,5,4,5,5,4
CFB010570,C007,2024-11-22,4,4,4,4,4,5
CFB010571,C068,2024-11-22,3,4,5,3,2,3
CFB010572,C032,2024-11-22,3,3,4,4,4,4
CFB010573,C034,2024-11-22,5,3,4,3,3,3
CFB010574,C013,2024-11-22,2,5,3,3,2,4
CFB010575,C059,2024-11-22,1,3,2,4,1,2
CFB010576,C025,2024-11-22,3,4,4,3,5,5
CFB010577,C087,2024-11-22,4,3,2,2,3,2
CFB010578,C021,2024-11-22,3,1,1,3,3,3
CFB010579,C073,2024-11-22,4,5,4,4,3,3
CFB010580,C074,2024-11-22,2,4,2,4,4,4
CFB010581,C035,2024-11-22,4,2,5,4,2,4
CFB010582,C013,2024-11-22,5,3,3,4,3,4
CFB010583,C079,2024-11-22,3,4,2,4,2,4
CFB010584,C059,2024-11-22,5,4,4,4,2,4
CFB010585,C087,2024-11-22,5,4,4,4,4,4
CFB010586,C084,2024-11-22,5,2,3,5,4,4
CFB010587,C089,2024-11-22,4,3,4,3,4,5
CFB010588,C062,2024-11-23,4,4,5,5,4,4
CFB010589,C075,2024-11-23,5,4,5,4,2,5
CFB010590,C021,2024-11-23,5,5,5,4,4,4
CFB010591,C002,2024-11-23,3,2,3,2,4,5
CFB010592,C070,2024-11-23,5,3,3,4,5,3
CFB010593,C037,2024-11-23,4,4,4,4,2,4
CFB010594,C063,2024-11-23,2,2,3,3,3,2
CFB010595,C077,2024-11-23,4,3,1,4,2,3
CFB010596,C089,2024-11-23,5,3,3,5,3,5
CFB010597,C031,2024-11-23,4,2,4,3,5,3
CFB010598,C067,2024-11-23,3,5,3,3,3,4
CFB010599,C086,2024-11-23,4,3,5,4,3,4
CFB010600,C085,2024-11-23,5,5,3,4,5,4
CFB010601,C034,2024-11-23,3,3,4,4,3,4
CFB010602,C025,2024-11-23,5,2,4,4,2,3
CFB010603,C034,2024-11-23,3,2,4,3,5,3
CFB010604,C036,2024-11-23,3,4,4,4,1,4
CFB010605,C026,2024-11-23,3,4,3,4,2,3
CFB010606,C084,2024-11-23,3,2,4,2,4,3
CFB010607,C087,2024-11-23,2,3,4,4,3,3
CFB010608,C032,2024-11-23,1,3,4,4,2,3
CFB010609,C008,2024-11-23,4,3,2,3,3,3
CFB010610,C086,2024-11-23,4,4,4,4,3,4
CFB010611,C075,2024-11-23,2,5,4,2,4,3
CFB010612,C046,2024-11-23,4,5,3,3,1,4
CFB010613,C055,2024-11-23,4,4,3,5,2,4
CFB010614,C089,2024-11-23,3,3,4,4,3,3
CFB010615,C016,2024-11-23,3,4,3,2,4,3
CFB010616,C054,2024-11-23,2,3,3,4,2,1
CFB010617,C085,2024-11-23,3,4,3,3,4,3
CFB010618,C065,2024-11-23,4,3,2,4,4,4
CFB010619,C004,2024-11-23,4,2,5,4,3,3
CFB010620,C015,2024-11-23,4,3,4,5,4,5
CFB010621,C016,2024-11-24,3,3,5,5,3,5
CFB010622,C074,2024-11-24,4,4,3,5,2,4
CFB010623,C086,2024-11-24,4,5,5,4,2,4
CFB010624,C030,2024-11-24,4,3,4,4,4,5
CFB010625,C059,2024-11-24,5,4,4,4,4,3
CFB010626,C089,2024-11-24,3,3,3,3,4,3
CFB010627,C031,2024-11-24,5,5,5,5,4,5
CFB010628,C085,2024-11-24,5,3,3,5,3,2
CFB010629,C045,2024-11-24,4,3,2,3,5,4
CFB010630,C026,2024-11-24,4,4,3,4,2,3
CFB010631,C089,2024-11-24,2,3,5,4,3,2
CFB010632,C056,2024-11-24,4,4,3,4,3,3
CFB010633,C085,2024-11-24,5,3,5,5,3,5
CFB010634,C084,2024-11-24,5,3,3,4,3,2
CFB010635,C047,2024-11-24,4,3,3,4,1,3
CFB010636,C008,2024-11-24,4,4,2,2,1,3
CFB010637,C007,2024-11-24,2,3,2,2,2,2
CFB010638,C032,2024-11-24,4,4,3,4,3,2
CFB010639,C078,2024-11-24,4,3,3,3,3,4
CFB010640,C059,2024-11-24,2,3,4,4,1,3
CFB010641,C016,2024-11-24,3,3,3,5,4,3
CFB010642,C063,2024-11-24,4,2,3,4,3,2
CFB010643,C087,2024-11-24,4,3,3,2,3,4
CFB010644,C018,2024-11-24,4,3,3,4,2,3
CFB010645,C070,2024-11-24,3,2,4,3,3,4
CFB010646,C030,2024-11-24,3,2,2,2,2,4
CFB010647,C017,2024-11-24,3,3,4,5,4,4
CFB010648,C081,2024-11-24,4,2,5,3,2,3
CFB010649,C017,2024-11-24,4,4,5,3,2,5
CFB010650,C025,2024-11-24,3,5,3,4,5,3
CFB010651,C063,2024-11-24,2,3,3,5,2,4
CFB010652,C074,2024-11-24,2,2,4,3,3,3
CFB010653,C065,2024-11-24,4,4,5,5,3,4
CFB010654,C051,2024-11-24,4,4,3,2,4,3
CFB010655,C084,2024-11-25,5,4,4,5,4,5
CFB010656,C013,2024-11-25,2,4,4,5,3,5
CFB010657,C036,2024-11-25,5,3,3,1,3,3
CFB010658,C067,2024-11-25,4,2,4,4,2,4
CFB010659,C013,2024-11-25,4,4,4,5,4,5
CFB010660,C087,2024-11-25,2,3,5,3,4,4
CFB010661,C038,2024-11-25,3,2,4,4,4,3
CFB010662,C035,2024-11-25,5,3,4,3,5,4
CFB010663,C013,2024-11-25,5,5,4,5,5,5
CFB010664,C002,2024-11-25,4,3,4,5,2,2
CFB010665,C059,2024-11-25,5,4,4,5,2,3
CFB010666,C046,2024-11-25,4,4,3,4,3,5
CFB010667,C007,2024-11-25,5,3,4,5,1,4
CFB010668,C077,2024-11-25,4,5,4,5,4,5
CFB010669,C048,2024-11-25,4,3,5,5,4,4
CFB010670,C059,2024-11-25,5,4,3,5,3,4
CFB010671,C023,2024-11-25,4,3,4,4,4,3
CFB010672,C046,2024-11-25,3,3,4,4,5,3
CFB010673,C010,2024-11-25,5,2,3,4,2,5
CFB010674,C088,2024-11-25,4,3,4,4,3,4
CFB010675,C060,2024-11-25,4,3,4,4,3,3
CFB010676,C027,2024-11-25,4,3,4,5,2,3
CFB010677,C030,2024-11-25,4,5,4,4,5,3
CFB010678,C035,2024-11-25,3,4,4,5,2,3
CFB010679,C077,2024-11-25,4,4,4,4,3,3
CFB010680,C073,2024-11-25,3,4,5,3,3,4
CFB010681,C018,2024-11-25,4,5,5,5,4,4
CFB010682,C081,2024-11-25,5,3,5,4,3,3
CFB010683,C023,2024-11-25,4,1,4,2,2,3
CFB010684,C027,2024-11-25,3,2,4,4,3,3
CFB010685,C027,2024-11-25,4,4,3,4,2,3
CFB010686,C063,2024-11-25,4,5,5,3,3,5
CFB010687,C077,2024-11-25,4,4,5,2,3,5
CFB010688,C067,2024-11-25,3,3,4,4,1,3
CFB010689,C081,2024-11-25,4,4,4,4,3,1
CFB010690,C075,2024-11-25,4,3,4,3,2,4
CFB010691,C084,2024-11-25,3,3,1,1,4,2
CFB010692,C087,2024-11-26,5,1,3,3,2,4
CFB010693,C054,2024-11-26,4,4,4,3,4,4
CFB010694,C007,2024-11-26,4,2,5,5,2,4
CFB010695,C024,2024-11-26,3,1,4,3,1,3
CFB010696,C051,2024-11-26,5,2,4,4,5,4
CFB010697,C047,2024-11-26,3,4,3,2,3,4
CFB010698,C039,2024-11-26,4,3,2,5,4,3
CFB010699,C018,2024-11-26,3,2,1,4,4,2
CFB010700,C030,2024-11-26,3,2,1,4,3,3
CFB010701,C020,2024-11-26,4,3,4,4,3,4
CFB010702,C027,2024-11-26,5,4,5,3,4,4
CFB010703,C086,2024-11-26,2,4,3,3,3,2
CFB010704,C013,2024-11-26,2,3,3,3,4,4
CFB010705,C089,2024-11-26,3,4,2,3,2,3
CFB010706,C016,2024-11-26,3,3,4,2,4,4
CFB010707,C068,2024-11-26,4,2,5,3,3,3
CFB010708,C034,2024-11-26,3,2,4,3,2,3
CFB010709,C025,2024-11-26,4,4,4,5,1,4
CFB010710,C047,2024-11-26,4,4,3,5,1,4
CFB010711,C065,2024-11-26,3,4,3,4,3,3
CFB010712,C030,2024-11-26,3,4,4,4,3,5
CFB010713,C070,2024-11-26,4,5,4,2,4,3
CFB010714,C035,2024-11-26,5,3,4,5,3,5
CFB010715,C010,2024-11-27,5,5,3,3,4,4
CFB010716,C038,2024-11-27,5,5,3,5,3,3
CFB010717,C006,2024-11-27,5,4,5,4,3,4
CFB010718,C035,2024-11-27,5,2,5,5,2,5
CFB010719,C006,2024-11-27,5,4,4,4,2,4
CFB010720,C086,2024-11-27,4,3,4,4,4,5
CFB010721,C024,2024-11-27,4,3,5,2,1,4
CFB010722,C018,2024-11-27,4,3,3,4,2,2
CFB010723,C036,2024-11-27,3,5,4,5,3,5
CFB010724,C013,2024-11-27,4,3,4,3,2,4
CFB010725,C081,2024-11-27,2,3,3,3,5,3
CFB010726,C021,2024-11-27,5,3,5,4,5,4
CFB010727,C020,2024-11-27,5,4,5,5,3,5
CFB010728,C002,2024-11-27,4,3,4,3,5,5
CFB010729,C079,2024-11-27,5,4,5,3,4,5
CFB010730,C068,2024-11-27,3,5,3,3,3,3
CFB010731,C079,2024-11-27,5,4,4,4,3,4
CFB010732,C054,2024-11-27,3,5,5,3,3,4
CFB010733,C089,2024-11-27,3,5,3,4,3,4
CFB010734,C048,2024-11-27,3,4,3,3,3,3
CFB010735,C017,2024-11-27,4,2,3,3,3,4
CFB010736,C031,2024-11-27,5,4,4,2,2,3
CFB010737,C013,2024-11-27,5,3,3,4,4,4
CFB010738,C039,2024-11-28,4,5,5,4,3,3
CFB010739,C021,2024-11-28,3,2,3,4,2,4
CFB010740,C025,2024-11-28,4,4,4,5,3,5
CFB010741,C043,2024-11-28,3,5,3,5,3,4
CFB010742,C081,2024-11-28,4,4,4,3,3,2
CFB010743,C075,2024-11-28,5,3,4,4,3,4
CFB010744,C048,2024-11-28,4,4,3,3,4,5
CFB010745,C040,2024-11-28,5,5,4,3,2,5
CFB010746,C018,2024-11-28,4,4,3,4,3,5
CFB010747,C075,2024-11-28,5,3,2,3,4,2
CFB010748,C074,2024-11-28,4,4,4,2,3,3
CFB010749,C030,2024-11-28,3,4,4,5,2,5
CFB010750,C089,2024-11-28,5,5,5,5,2,5
CFB010751,C010,2024-11-28,4,3,3,3,2,3
CFB010752,C078,2024-11-28,5,2,3,3,2,2
CFB010753,C018,2024-11-28,3,2,2,2,1,3
CFB010754,C035,2024-11-28,4,3,3,4,1,2
CFB010755,C085,2024-11-28,3,3,3,3,1,3
CFB010756,C060,2024-11-28,4,4,5,4,5,5
CFB010757,C067,2024-11-28,5,4,3,4,5,4
CFB010758,C088,2024-11-28,2,5,3,3,2,3
CFB010759,C038,2024-11-28,3,2,3,4,3,4
CFB010760,C043,2024-11-28,3,2,5,4,2,4
CFB010761,C067,2024-11-28,5,5,5,5,4,4
CFB010762,C069,2024-11-28,5,5,5,4,2,4
CFB010763,C010,2024-11-28,5,1,2,2,4,3
CFB010764,C060,2024-11-28,5,3,4,3,2,5
CFB010765,C007,2024-11-28,4,5,2,5,3,3
CFB010766,C077,2024-11-28,5,4,4,4,3,5
CFB010767,C032,2024-11-28,4,3,4,3,3,3
CFB010768,C032,2024-11-29,5,2,4,3,1,4
CFB010769,C010,2024-11-29,4,3,3,4,4,4
CFB010770,C024,2024-11-29,4,4,4,4,4,4
CFB010771,C066,2024-11-29,4,2,3,2,1,2
CFB010772,C054,2024-11-29,4,4,5,5,4,5
CFB010773,C027,2024-11-29,3,5,3,5,5,4
CFB010774,C070,2024-11-29,4,3,5,5,2,4
CFB010775,C088,2024-11-29,4,4,3,3,3,3
CFB010776,C086,2024-11-29,4,4,4,5,5,3
CFB010777,C081,2024-11-29,5,4,3,5,4,5
CFB010778,C026,2024-11-29,4,4,4,4,3,4
CFB010779,C069,2024-11-29,2,4,5,3,2,2
CFB010780,C075,2024-11-29,5,4,4,3,4,4
CFB010781,C046,2024-11-29,3,4,4,4,4,3
CFB010782,C039,2024-11-29,5,4,2,3,5,4
CFB010783,C088,2024-11-29,4,4,2,4,3,4
CFB010784,C067,2024-11-29,3,4,5,3,3,4
CFB010785,C062,2024-11-29,3,3,2,4,3,3
CFB010786,C046,2024-11-29,2,3,3,3,4,2
CFB010787,C054,2024-11-29,4,4,4,4,3,3
CFB010788,C021,2024-11-29,5,3,4,3,4,4
CFB010789,C075,2024-11-29,3,4,3,4,2,3
CFB010790,C030,2024-11-29,3,3,4,3,3,4
CFB010791,C059,2024-11-29,4,5,2,4,4,5
CFB010792,C068,2024-11-29,4,3,5,3,2,5
CFB010793,C047,2024-11-29,2,3,4,3,4,3
CFB010794,C017,2024-11-29,3,3,4,3,3,5
CFB010795,C070,2024-11-29,5,2,2,4,2,4
CFB010796,C048,2024-11-29,1,4,2,2,3,4
CFB010797,C030,2024-11-29,4,2,2,3,1,4
CFB010798,C073,2024-11-29,3,4,5,4,4,4
CFB010799,C040,2024-11-29,3,3,3,3,1,3
CFB010800,C061,2024-11-29,3,4,5,5,3,5
CFB010801,C008,2024-11-29,5,4,4,5,4,5
CFB010802,C006,2024-11-29,4,3,3,3,5,2
CFB010803,C039,2024-11-30,5,4,4,4,5,4
CFB010804,C078,2024-11-30,5,5,5,5,3,3
CFB010805,C080,2024-11-30,4,3,3,1,2,2
CFB010806,C040,2024-11-30,3,3,4,5,4,4
CFB010807,C068,2024-11-30,4,4,2,4,3,2
CFB010808,C068,2024-11-30,4,4,4,5,5,3
CFB010809,C002,2024-11-30,4,4,5,3,4,4
CFB010810,C025,2024-11-30,3,2,3,3,1,3
CFB010811,C063,2024-11-30,4,5,3,4,4,4
CFB010812,C040,2024-11-30,3,3,5,4,2,4
CFB010813,C044,2024-11-30,4,4,2,5,2,2
CFB010814,C084,2024-11-30,5,5,5,4,1,5
CFB010815,C080,2024-11-30,5,5,4,5,4,5
CFB010816,C034,2024-11-30,3,3,4,3,5,4
CFB010817,C081,2024-11-30,5,4,5,4,2,4
CFB010818,C062,2024-11-30,4,4,4,3,3,2
CFB010819,C078,2024-11-30,4,2,4,3,2,4
CFB010820,C063,2024-11-30,5,3,3,4,2,4
CFB010821,C088,2024-11-30,4,3,4,5,5,3
CFB010822,C010,2024-11-30,5,5,4,3,2,4
CFB010823,C024,2024-11-30,3,3,4,4,2,5
CFB010824,C077,2024-11-30,5,3,3,3,5,4
CFB010825,C035,2024-11-30,3,3,5,3,3,5
CFB010826,C021,2024-11-30,4,1,2,3,3,3
CFB010827,C035,2024-11-30,3,3,3,4,5,3
CFB010828,C066,2024-11-30,3,4,4,3,5,3
CFB010829,C034,2024-11-30,3,2,3,3,2,4
CFB010830,C035,2024-11-30,4,4,3,5,2,5
CFB010831,C040,2024-11-30,4,3,3,5,3,4
CFB010832,C027,2024-11-30,4,4,3,3,1,4
CFB010833,C066,2024-11-30,2,3,5,2,5,4
CFB010834,C066,2024-11-30,4,2,4,4,4,4
CFB010835,C037,2024-11-30,4,2,5,3,3,2
CFB010836,C036,2024-12-01,5,4,3,4,5,5
CFB010837,C004,2024-12-01,4,3,3,3,3,4
CFB010838,C055,2024-12-01,4,5,5,4,3,4
CFB010839,C079,2024-12-01,4,4,5,3,3,5
CFB010840,C087,2024-12-01,4,4,3,4,4,3
CFB010841,C075,2024-12-01,4,4,5,5,2,4
CFB010842,C075,2024-12-01,5,5,4,5,3,5
CFB010843,C032,2024-12-01,4,4,2,3,4,3
CFB010844,C030,2024-12-01,5,5,5,5,2,5
CFB010845,C062,2024-12-01,2,4,4,4,3,4
CFB010846,C010,2024-12-01,4,4,5,3,4,3
CFB010847,C040,2024-12-01,4,3,2,2,3,3
CFB010848,C027,2024-12-01,3,4,3,4,2,2
CFB010849,C080,2024-12-01,3,3,2,4,3,2
CFB010850,C036,2024-12-01,3,4,5,3,5,5
CFB010851,C069,2024-12-01,4,5,5,3,4,5
CFB010852,C073,2024-12-01,4,3,2,3,1,3
CFB010853,C043,2024-12-01,5,3,5,3,5,4
CFB010854,C066,2024-12-01,4,3,4,4,2,4
CFB010855,C063,2024-12-01,3,5,3,3,4,3
CFB010856,C037,2024-12-01,5,4,5,3,3,3
CFB010857,C060,2024-12-01,5,5,5,5,5,3
CFB010858,C020,2024-12-01,5,4,4,4,4,3
CFB010859,C031,2024-12-01,5,2,5,3,3,4
CFB010860,C035,2024-12-01,4,4,3,4,4,5
CFB010861,C051,2024-12-01,3,2,2,4,3,3
CFB010862,C026,2024-12-01,3,3,3,3,3,3
CFB010863,C043,2024-12-01,4,3,4,4,5,3
CFB010864,C055,2024-12-01,4,3,2,4,4,4
CFB010865,C002,2024-12-01,3,3,4,3,3,1
CFB010866,C085,2024-12-01,3,3,3,3,2,5
CFB010867,C046,2024-12-01,3,3,5,4,1,1
CFB010868,C089,2024-12-01,3,3,4,3,2,2
CFB010869,C068,2024-12-01,4,4,3,5,2,5
CFB010870,C065,2024-12-01,5,5,4,4,4,5
CFB010871,C085,2024-12-01,3,2,2,4,2,4
CFB010872,C043,2024-12-01,3,4,4,4,3,4
CFB010873,C067,2024-12-02,3,2,2,3,3,3
CFB010874,C067,2024-12-02,3,5,3,4,4,3
CFB010875,C027,2024-12-02,5,4,5,4,3,3
CFB010876,C038,2024-12-02,4,4,4,5,2,3
CFB010877,C032,2024-12-02,4,3,3,4,4,4
CFB010878,C084,2024-12-02,2,2,4,3,3,3
CFB010879,C013,2024-12-02,4,5,3,4,3,5
CFB010880,C056,2024-12-02,4,5,3,3,4,5
CFB010881,C044,2024-12-02,4,3,5,5,3,4
CFB010882,C031,2024-12-02,4,4,4,4,5,4
CFB010883,C018,2024-12-02,2,3,3,3,4,4
CFB010884,C026,2024-12-02,5,3,3,4,2,5
CFB010885,C069,2024-12-02,4,3,4,4,3,3
CFB010886,C015,2024-12-02,5,4,5,4,3,4
CFB010887,C021,2024-12-02,2,3,5,5,2,5
CFB010888,C045,2024-12-02,4,3,4,3,4,3
CFB010889,C089,2024-12-02,3,3,3,3,3,4
CFB010890,C048,2024-12-02,5,3,2,4,3,5
CFB010891,C026,2024-12-02,4,3,4,4,5,5
CFB010892,C030,2024-12-02,4,3,3,4,3,3
CFB010893,C032,2024-12-02,2,2,3,3,4,3
CFB010894,C013,2024-12-02,4,3,3,3,4,3
CFB010895,C017,2024-12-02,3,4,3,3,4,4
CFB010896,C086,2024-12-02,5,4,3,2,3,4
CFB010897,C034,2024-12-02,3,3,2,2,1,3
CFB010898,C077,2024-12-02,2,2,4,4,3,4
CFB010899,C084,2024-12-02,4,3,4,3,5,2
CFB010900,C088,2024-12-02,3,4,4,3,2,4
CFB010901,C069,2024-12-02,4,3,3,3,3,3
CFB010902,C040,2024-12-02,4,2,3,3,5,4
CFB010903,C086,2024-12-03,5,5,4,3,3,5
CFB010904,C073,2024-12-03,2,5,3,4,2,3
CFB010905,C015,2024-12-03,5,2,4,5,4,4
CFB010906,C061,2024-12-03,4,2,3,4,3,4
CFB010907,C025,2024-12-03,3,3,4,2,3,4
CFB010908,C024,2024-12-03,4,4,4,3,4,3
CFB010909,C026,2024-12-03,3,4,3,3,2,3
CFB010910,C004,2024-12-03,3,4,5,4,4,4
CFB010911,C008,2024-12-03,2,4,3,4,3,3
CFB010912,C020,2024-12-03,5,5,3,3,4,4
CFB010913,C060,2024-12-03,4,4,4,4,4,5
CFB010914,C061,2024-12-03,4,3,4,4,3,4
CFB010915,C039,2024-12-03,4,2,4,5,2,4
CFB010916,C081,2024-12-03,3,2,3,3,2,3
CFB010917,C077,2024-12-03,3,5,5,3,4,4
CFB010918,C073,2024-12-03,5,4,5,4,2,4
CFB010919,C068,2024-12-03,3,4,3,3,1,4
CFB010920,C038,2024-12-03,5,4,5,5,4,2
CFB010921,C044,2024-12-03,4,5,5,4,4,4
CFB010922,C069,2024-12-03,5,3,4,3,1,3
CFB010923,C026,2024-12-03,3,4,3,3,3,3
CFB010924,C069,2024-12-03,3,1,1,2,4,3
CFB010925,C031,2024-12-03,2,3,3,4,4,3
CFB010926,C013,2024-12-03,3,5,3,5,3,4
CFB010927,C020,2024-12-03,5,3,4,2,3,5
CFB010928,C084,2024-12-03,3,2,4,5,3,3
CFB010929,C086,2024-12-03,4,3,4,4,3,4
CFB010930,C045,2024-12-03,3,5,3,3,1,3
CFB010931,C086,2024-12-03,4,2,4,5,4,5
CFB010932,C086,2024-12-03,3,4,4,3,4,4
CFB010933,C035,2024-12-03,3,4,4,5,3,5
CFB010934,C075,2024-12-03,3,3,4,5,4,4
CFB010935,C015,2024-12-03,5,4,3,2,3,4
CFB010936,C056,2024-12-03,5,4,5,4,1,4
CFB010937,C061,2024-12-03,3,3,3,4,3,3
CFB010938,C089,2024-12-03,5,2,3,3,4,4
CFB010939,C010,2024-12-04,4,3,4,3,3,4
CFB010940,C080,2024-12-04,2,2,2,3,2,4
CFB010941,C010,2024-12-04,4,4,4,3,4,4
CFB010942,C008,2024-12-04,4,3,5,5,4,3
CFB010943,C040,2024-12-04,4,3,5,3,5,5
CFB010944,C024,2024-12-04,3,3,5,3,5,4
CFB010945,C086,2024-12-04,3,2,5,2,2,2
CFB010946,C025,2024-12-04,4,4,3,4,2,4
CFB010947,C073,2024-12-04,4,5,3,5,2,5
CFB010948,C008,2024-12-04,4,2,3,3,2,4
CFB010949,C018,2024-12-04,5,4,5,2,4,5
CFB010950,C061,2024-12-04,3,2,2,3,2,4
CFB010951,C017,2024-12-04,3,4,3,4,3,4
CFB010952,C084,2024-12-04,3,5,4,4,2,4
CFB010953,C044,2024-12-04,4,2,4,5,5,4
CFB010954,C044,2024-12-04,4,4,2,2,3,4
CFB010955,C043,2024-12-04,3,3,4,3,1,2
CFB010956,C008,2024-12-04,3,3,4,3,3,4
CFB010957,C066,2024-12-04,4,4,3,4,3,5
CFB010958,C034,2024-12-04,1,4,2,3,5,3
CFB010959,C069,2024-12-04,3,4,3,4,2,4
CFB010960,C075,2024-12-04,5,3,4,4,1,4
CFB010961,C006,2024-12-04,3,4,3,3,1,4
CFB010962,C059,2024-12-04,3,1,3,4,4,3
CFB010963,C016,2024-12-04,5,3,5,3,2,4
CFB010964,C079,2024-12-04,4,4,3,5,4,4
CFB010965,C059,2024-12-04,4,3,4,4,3,5
CFB010966,C031,2024-12-04,2,3,4,4,4,2
CFB010967,C046,2024-12-04,4,2,3,5,4,4
CFB010968,C088,2024-12-04,3,4,4,4,1,4
CFB010969,C038,2024-12-04,3,4,3,5,2,4
CFB010970,C084,2024-12-04,5,3,3,5,4,4
CFB010971,C059,2024-12-04,3,3,3,3,4,4
CFB010972,C007,2024-12-04,3,4,4,3,2,5
CFB010973,C048,2024-12-04,4,4,3,5,2,3
CFB010974,C017,2024-12-05,5,5,5,4,3,5
CFB010975,C026,2024-12-05,3,4,3,4,4,4
CFB010976,C025,2024-12-05,4,4,3,5,2,2
CFB010977,C007,2024-12-05,3,3,5,4,3,4
CFB010978,C023,2024-12-05,4,3,4,4,3,3
CFB010979,C023,2024-12-05,5,3,2,4,1,5
CFB010980,C065,2024-12-05,4,5,4,4,3,5
CFB010981,C044,2024-12-05,3,3,4,4,2,3
CFB010982,C059,2024-12-05,2,4,5,4,5,3
CFB010983,C086,2024-12-05,5,3,1,3,3,4
CFB010984,C043,2024-12-05,4,4,3,4,4,3
CFB010985,C030,2024-12-05,4,4,4,3,3,3
CFB010986,C087,2024-12-05,2,4,5,3,3,3
CFB010987,C013,2024-12-05,2,4,2,1,3,3
CFB010988,C018,2024-12-05,2,3,3,4,3,4
CFB010989,C080,2024-12-05,4,2,3,3,3,2
CFB010990,C065,2024-12-05,4,2,4,5,4,4
CFB010991,C036,2024-12-05,4,5,4,4,2,5
CFB010992,C084,2024-12-05,4,3,4,4,5,1
CFB010993,C021,2024-12-05,5,4,5,4,2,5
CFB010994,C038,2024-12-05,3,3,3,2,3,2
CFB010995,C002,2024-12-05,4,4,4,5,2,4
CFB010996,C008,2024-12-05,4,5,3,5,3,5
CFB010997,C035,2024-12-05,4,4,5,3,3,3
CFB010998,C074,2024-12-05,2,4,3,4,3,3
CFB010999,C030,2024-12-05,5,4,4,3,3,4
CFB011000,C038,2024-12-05,4,5,3,4,4,4
CFB011001,C059,2024-12-05,3,3,2,3,5,4
CFB011002,C062,2024-12-05,4,3,4,4,4,5
CFB011003,C023,2024-12-05,4,4,5,4,3,3
CFB011004,C037,2024-12-05,5,4,3,5,3,4
CFB011005,C037,2024-12-05,1,5,4,4,2,5
CFB011006,C059,2024-12-05,2,3,3,3,3,3
CFB011007,C067,2024-12-05,3,3,2,3,1,2
CFB011008,C030,2024-12-05,4,4,3,4,3,5
CFB011009,C004,2024-12-05,5,3,5,4,2,4
CFB011010,C078,2024-12-05,2,2,4,4,1,4
CFB011011,C070,2024-12-05,3,4,5,4,2,3
CFB011012,C040,2024-12-05,5,3,4,5,4,4
CFB011013,C025,2024-12-05,3,4,3,2,3,4
CFB011014,C063,2024-12-05,2,5,3,4,2,2
CFB011015,C020,2024-12-06,4,4,5,3,4,4
CFB011016,C070,2024-12-06,3,2,2,4,2,3
CFB011017,C059,2024-12-06,4,3,4,4,3,4
CFB011018,C066,2024-12-06,4,3,4,4,3,4
CFB011019,C061,2024-12-06,4,4,4,2,2,2
CFB011020,C045,2024-12-06,2,5,5,4,2,5
CFB011021,C037,2024-12-06,3,4,4,4,4,5
CFB011022,C034,2024-12-06,4,5,3,5,5,3
CFB011023,C086,2024-12-06,4,3,1,5,4,4
CFB011024,C061,2024-12-06,4,3,4,4,2,4
CFB011025,C020,2024-12-06,5,3,2,5,2,3
CFB011026,C077,2024-12-06,5,4,5,3,2,5
CFB011027,C034,2024-12-06,3,3,3,3,2,4
CFB011028,C035,2024-12-06,5,4,3,4,3,4
CFB011029,C084,2024-12-06,5,5,4,5,3,4
CFB011030,C067,2024-12-06,5,2,3,4,3,4
CFB011031,C008,2024-12-06,3,3,3,4,4,4
CFB011032,C043,2024-12-06,3,3,4,4,3,5
CFB011033,C061,2024-12-06,5,4,5,4,3,4
CFB011034,C074,2024-12-06,2,4,4,2,4,4
CFB011035,C034,2024-12-06,4,5,5,3,3,4
CFB011036,C046,2024-12-06,5,2,3,3,3,3
CFB011037,C007,2024-12-06,4,2,3,3,3,4
CFB011038,C021,2024-12-06,5,4,4,5,2,4
CFB011039,C080,2024-12-06,2,4,5,4,2,4
CFB011040,C048,2024-12-06,3,2,3,2,2,2
CFB011041,C056,2024-12-06,4,3,5,5,3,4
CFB011042,C068,2024-12-06,5,4,3,3,3,3
CFB011043,C035,2024-12-06,5,4,5,4,2,4
CFB011044,C067,2024-12-06,4,4,2,4,3,4
CFB011045,C088,2024-12-06,3,4,3,3,3,5
CFB011046,C030,2024-12-06,3,3,3,3,2,1
CFB011047,C054,2024-12-06,3,4,3,3,4,5
CFB011048,C007,2024-12-06,4,2,5,3,3,2
CFB011049,C035,2024-12-06,4,3,4,4,1,4
CFB011050,C044,2024-12-06,4,4,5,5,2,5
CFB011051,C051,2024-12-07,4,3,4,4,2,4
CFB011052,C018,2024-12-07,4,3,3,4,2,5
CFB011053,C027,2024-12-07,5,5,4,4,3,5
CFB011054,C059,2024-12-07,3,3,2,3,3,5
CFB011055,C024,2024-12-07,4,3,3,5,4,5
CFB011056,C085,2024-12-07,4,3,3,3,5,4
CFB011057,C079,2024-12-07,3,3,2,4,1,3
CFB011058,C002,2024-12-07,3,3,5,4,3,4
CFB011059,C037,2024-12-07,2,4,5,5,4,4
CFB011060,C077,2024-12-07,4,3,5,3,2,2
CFB011061,C002,2024-12-07,2,2,4,3,2,4
CFB011062,C034,2024-12-07,4,5,5,3,4,3
CFB011063,C061,2024-12-07,4,3,3,2,3,4
CFB011064,C048,2024-12-07,3,2,3,3,3,4
CFB011065,C073,2024-12-07,3,5,4,4,3,3
CFB011066,C078,2024-12-07,4,4,4,5,3,4
CFB011067,C038,2024-12-07,4,4,4,4,4,3
CFB011068,C061,2024-12-07,4,4,2,5,3,5
CFB011069,C021,2024-12-07,4,4,4,2,5,4
CFB011070,C067,2024-12-07,2,1,1,3,2,1
CFB011071,C036,2024-12-07,4,4,3,4,3,4
CFB011072,C017,2024-12-07,4,4,3,3,1,3
CFB011073,C075,2024-12-07,3,4,4,4,3,5
CFB011074,C055,2024-12-07,3,4,4,3,3,3
CFB011075,C055,2024-12-07,3,1,3,3,2,4
CFB011076,C031,2024-12-07,5,3,3,4,5,3
CFB011077,C089,2024-12-07,3,3,4,4,3,4
CFB011078,C027,2024-12-07,4,3,2,4,3,3
CFB011079,C006,2024-12-07,4,3,4,4,2,4
CFB011080,C036,2024-12-07,2,3,4,3,1,3
CFB011081,C025,2024-12-07,3,3,4,3,3,2
CFB011082,C004,2024-12-07,2,4,4,4,3,5
CFB011083,C068,2024-12-08,5,1,3,4,4,4
CFB011084,C069,2024-12-08,4,4,3,4,3,4
CFB011085,C084,2024-12-08,5,4,4,4,3,5
CFB011086,C070,2024-12-08,3,3,4,3,2,3
CFB011087,C075,2024-12-08,3,3,4,3,3,5
CFB011088,C069,2024-12-08,5,4,5,4,4,2
CFB011089,C026,2024-12-08,4,4,3,5,3,3
CFB011090,C066,2024-12-08,3,3,3,3,3,3
CFB011091,C051,2024-12-08,4,3,4,3,2,4
CFB011092,C007,2024-12-08,3,2,3,3,3,4
CFB011093,C084,2024-12-08,4,4,5,4,3,3
CFB011094,C063,2024-12-08,4,2,3,4,4,4
CFB011095,C017,2024-12-08,5,3,5,5,3,4
CFB011096,C089,2024-12-08,4,4,4,5,2,3
CFB011097,C065,2024-12-08,5,3,3,3,4,4
CFB011098,C084,2024-12-08,4,5,3,3,4,3
CFB011099,C013,2024-12-08,1,3,3,2,2,4
CFB011100,C038,2024-12-08,5,4,4,2,2,4
CFB011101,C034,2024-12-08,5,5,4,3,4,3
CFB011102,C060,2024-12-08,4,5,3,3,2,4
CFB011103,C032,2024-12-08,4,5,4,5,4,5
CFB011104,C045,2024-12-08,4,5,4,5,3,5
CFB011105,C002,2024-12-08,2,3,3,3,2,4
CFB011106,C081,2024-12-08,4,4,3,3,1,4
CFB011107,C015,2024-12-08,3,2,2,3,3,4
CFB011108,C004,2024-12-08,3,4,3,4,3,4
CFB011109,C025,2024-12-09,3,2,4,4,4,5
CFB011110,C015,2024-12-09,4,4,4,5,5,3
CFB011111,C061,2024-12-09,4,3,5,4,4,4
CFB011112,C051,2024-12-09,4,2,3,5,3,3
CFB011113,C069,2024-12-09,5,3,3,3,3,4
CFB011114,C018,2024-12-09,3,4,3,2,4,1
CFB011115,C077,2024-12-09,5,4,5,5,3,3
CFB011116,C087,2024-12-09,5,5,4,3,3,3
CFB011117,C036,2024-12-09,4,5,5,4,3,5
CFB011118,C046,2024-12-09,3,4,4,5,5,4
CFB011119,C078,2024-12-09,4,4,3,3,4,2
CFB011120,C069,2024-12-09,3,4,5,3,3,4
CFB011121,C047,2024-12-09,4,5,3,3,2,4
CFB011122,C008,2024-12-09,3,3,3,4,4,3
CFB011123,C037,2024-12-09,4,4,4,3,3,3
CFB011124,C013,2024-12-09,4,5,4,4,2,3
CFB011125,C084,2024-12-09,5,3,3,4,1,4
CFB011126,C065,2024-12-09,5,3,3,4,5,3
CFB011127,C068,2024-12-09,5,3,4,3,5,4
CFB011128,C026,2024-12-09,4,2,4,4,4,4
CFB011129,C075,2024-12-09,4,5,4,4,2,3
CFB011130,C060,2024-12-09,4,4,2,5,4,5
CFB011131,C037,2024-12-09,4,3,5,2,4,4
CFB011132,C026,2024-12-09,3,3,3,2,4,3
CFB011133,C079,2024-12-09,3,3,3,4,3,2
CFB011134,C062,2024-12-09,4,4,4,5,3,4
CFB011135,C035,2024-12-09,3,1,4,4,2,3
CFB011136,C046,2024-12-09,2,3,3,3,3,4
CFB011137,C089,2024-12-09,3,4,4,4,2,3
CFB011138,C035,2024-12-09,4,4,4,4,3,4
CFB011139,C038,2024-12-09,3,4,5,3,2,4
CFB011140,C036,2024-12-09,4,2,4,5,4,4
CFB011141,C047,2024-12-09,5,3,3,4,3,2
CFB011142,C054,2024-12-09,4,4,4,5,2,4
CFB011143,C010,2024-12-10,4,3,4,3,3,5
CFB011144,C068,2024-12-10,2,4,5,3,1,3
CFB011145,C054,2024-12-10,3,3,2,3,2,3
CFB011146,C023,2024-12-10,3,4,4,3,4,5
CFB011147,C039,2024-12-10,5,4,5,4,5,4
CFB011148,C020,2024-12-10,5,5,4,4,2,3
CFB011149,C037,2024-12-10,4,5,4,4,2,3
CFB011150,C069,2024-12-10,3,3,3,5,3,3
CFB011151,C018,2024-12-10,4,3,2,3,1,4
CFB011152,C067,2024-12-10,4,4,4,4,2,3
CFB011153,C070,2024-12-10,4,5,4,4,3,5
CFB011154,C021,2024-12-10,4,4,5,4,1,4
CFB011155,C080,2024-12-10,4,4,3,5,3,4
CFB011156,C070,2024-12-10,4,4,5,4,3,4
CFB011157,C004,2024-12-10,4,4,3,3,3,4
CFB011158,C060,2024-12-10,3,2,4,5,4,3
CFB011159,C075,2024-12-10,4,3,4,2,3,4
CFB011160,C074,2024-12-10,3,3,4,3,4,3
CFB011161,C031,2024-12-10,3,3,3,5,2,3
CFB011162,C035,2024-12-10,2,3,4,2,3,3
CFB011163,C045,2024-12-10,3,3,3,4,3,3
CFB011164,C027,2024-12-10,3,3,4,5,1,4
CFB011165,C065,2024-12-10,4,4,4,4,3,4
CFB011166,C075,2024-12-10,4,3,3,3,4,3
CFB011167,C087,2024-12-10,3,3,4,2,4,5
CFB011168,C007,2024-12-10,4,5,4,3,4,3
CFB011169,C060,2024-12-10,4,3,4,4,2,3
CFB011170,C043,2024-12-10,3,3,3,3,1,3
CFB011171,C032,2024-12-10,5,3,3,5,4,5
CFB011172,C088,2024-12-10,3,4,4,3,2,3
CFB011173,C013,2024-12-10,3,4,4,5,1,3
CFB011174,C085,2024-12-10,5,4,5,5,2,5
CFB011175,C021,2024-12-10,3,3,3,5,1,3
CFB011176,C081,2024-12-11,5,4,4,3,1,3
CFB011177,C061,2024-12-11,4,2,4,4,3,3
CFB011178,C020,2024-12-11,3,4,4,4,4,5
CFB011179,C073,2024-12-11,5,5,3,3,2,4
CFB011180,C018,2024-12-11,3,3,3,4,2,4
CFB011181,C055,2024-12-11,2,4,4,5,4,5
CFB011182,C066,2024-12-11,5,3,3,4,5,5
CFB011183,C030,2024-12-11,4,3,4,3,4,4
CFB011184,C066,2024-12-11,5,4,3,3,4,4
CFB011185,C087,2024-12-11,3,3,3,3,4,3
CFB011186,C073,2024-12-11,5,5,5,4,2,4
CFB011187,C048,2024-12-11,4,4,4,5,3,4
CFB011188,C048,2024-12-11,5,4,4,5,3,5
CFB011189,C061,2024-12-11,3,3,4,3,4,2
CFB011190,C040,2024-12-11,5,4,3,2,3,3
CFB011191,C002,2024-12-11,3,3,3,3,4,4
CFB011192,C061,2024-12-11,2,4,4,2,4,5
CFB011193,C063,2024-12-11,4,2,2,5,5,4
CFB011194,C031,2024-12-11,3,3,4,5,2,4
CFB011195,C037,2024-12-11,4,5,2,4,3,4
CFB011196,C062,2024-12-11,3,4,5,3,1,3
CFB011197,C010,2024-12-11,3,3,2,3,3,3
CFB011198,C088,2024-12-11,4,2,4,5,3,3
CFB011199,C039,2024-12-11,3,4,3,5,3,2
CFB011200,C088,2024-12-11,5,4,4,4,2,4
CFB011201,C073,2024-12-11,3,4,3,4,5,3
CFB011202,C036,2024-12-11,3,4,5,5,2,4
CFB011203,C015,2024-12-11,3,3,4,3,4,4
CFB011204,C084,2024-12-11,4,5,3,5,4,5
CFB011205,C088,2024-12-11,2,4,3,4,4,2
CFB011206,C034,2024-12-11,5,3,4,4,5,5
CFB011207,C074,2024-12-11,2,3,4,3,2,2
CFB011208,C040,2024-12-11,5,3,3,4,2,3
CFB011209,C047,2024-12-11,1,4,3,4,2,3
CFB011210,C074,2024-12-12,5,5,4,5,4,4
CFB011211,C031,2024-12-12,2,3,2,2,3,3
CFB011212,C068,2024-12-12,4,4,4,5,2,4
CFB011213,C084,2024-12-12,5,5,5,5,4,4
CFB011214,C047,2024-12-12,5,4,5,4,3,4
CFB011215,C080,2024-12-12,4,2,4,3,3,3
CFB011216,C085,2024-12-12,5,5,5,5,3,4
CFB011217,C027,2024-12-12,4,2,4,3,1,3
CFB011218,C059,2024-12-12,3,4,4,3,4,3
CFB011219,C027,2024-12-12,4,3,4,4,2,3
CFB011220,C086,2024-12-12,3,4,3,5,4,3
CFB011221,C080,2024-12-12,5,5,5,4,3,4
CFB011222,C027,2024-12-12,2,3,4,4,5,4
CFB011223,C067,2024-12-12,3,4,3,4,3,4
CFB011224,C067,2024-12-12,4,3,3,3,2,3
CFB011225,C066,2024-12-12,5,5,5,3,3,3
CFB011226,C087,2024-12-12,5,4,3,3,3,5
CFB011227,C046,2024-12-12,3,3,4,3,2,3
CFB011228,C038,2024-12-12,3,2,3,2,3,4
CFB011229,C073,2024-12-12,2,3,3,3,3,4
CFB011230,C007,2024-12-12,3,5,4,4,3,5
CFB011231,C039,2024-12-12,2,4,3,3,4,3
CFB011232,C070,2024-12-12,3,3,5,3,2,4
CFB011233,C068,2024-12-12,4,3,3,4,3,5
CFB011234,C073,2024-12-12,4,3,4,4,3,2
CFB011235,C020,2024-12-12,5,4,3,4,4,4
CFB011236,C032,2024-12-12,2,4,4,5,3,5
CFB011237,C070,2024-12-12,5,4,4,5,4,5
CFB011238,C063,2024-12-12,3,5,2,3,3,4
CFB011239,C061,2024-12-12,5,4,4,3,1,4
CFB011240,C078,2024-12-12,5,4,4,5,4,3
CFB011241,C039,2024-12-12,3,4,5,4,2,4
CFB011242,C007,2024-12-12,3,3,4,5,4,4
CFB011243,C036,2024-12-12,4,4,5,2,4,5
CFB011244,C004,2024-12-12,4,4,5,5,2,3
CFB011245,C024,2024-12-12,5,3,5,4,2,4
CFB011246,C068,2024-12-12,4,3,3,5,2,5
CFB011247,C006,2024-12-13,3,4,2,4,2,4
CFB011248,C065,2024-12-13,3,1,3,4,3,4
CFB011249,C008,2024-12-13,4,2,3,4,5,3
CFB011250,C084,2024-12-13,3,3,5,3,5,5
CFB011251,C051,2024-12-13,4,5,5,5,3,5
CFB011252,C004,2024-12-13,3,2,3,4,2,2
CFB011253,C088,2024-12-13,4,4,4,4,3,5
CFB011254,C070,2024-12-13,5,4,4,3,2,3
CFB011255,C079,2024-12-13,5,5,5,5,4,4
CFB011256,C080,2024-12-13,3,4,4,3,3,3
CFB011257,C079,2024-12-13,5,5,4,4,2,2
CFB011258,C026,2024-12-13,2,5,4,5,3,2
CFB011259,C070,2024-12-13,4,5,4,4,3,5
CFB011260,C027,2024-12-13,4,4,2,3,4,4
CFB011261,C036,2024-12-13,3,3,5,4,3,4
CFB011262,C048,2024-12-13,3,2,2,4,3,2
CFB011263,C063,2024-12-13,3,2,3,4,3,4
CFB011264,C035,2024-12-13,1,3,4,3,2,3
CFB011265,C035,2024-12-13,3,5,2,5,4,4
CFB011266,C018,2024-12-13,4,3,4,3,5,5
CFB011267,C043,2024-12-13,3,4,3,3,1,5
CFB011268,C021,2024-12-13,4,4,3,4,4,3
CFB011269,C051,2024-12-13,4,3,3,3,3,2
CFB011270,C078,2024-12-13,5,4,5,4,3,5
CFB011271,C040,2024-12-13,4,5,4,3,3,5
CFB011272,C035,2024-12-13,4,4,3,4,4,5
CFB011273,C045,2024-12-13,3,3,3,3,2,3
CFB011274,C069,2024-12-13,4,2,4,3,3,3
CFB011275,C068,2024-12-13,4,3,2,2,4,2
CFB011276,C038,2024-12-14,4,3,4,4,3,3
CFB011277,C002,2024-12-14,3,2,3,3,5,3
CFB011278,C048,2024-12-14,4,4,5,4,4,5
CFB011279,C031,2024-12-14,4,3,4,4,3,3
CFB011280,C039,2024-12-14,5,5,5,4,3,5
CFB011281,C030,2024-12-14,5,3,4,3,3,4
CFB011282,C063,2024-12-14,4,2,3,4,2,5
CFB011283,C036,2024-12-14,5,3,4,5,3,3
CFB011284,C069,2024-12-14,4,4,5,3,3,3
CFB011285,C031,2024-12-14,3,4,3,4,1,5
CFB011286,C035,2024-12-14,3,2,4,5,5,2
CFB011287,C034,2024-12-14,4,3,4,3,2,4
CFB011288,C036,2024-12-14,4,5,3,4,4,3
CFB011289,C032,2024-12-14,3,4,4,4,3,5
CFB011290,C030,2024-12-14,5,3,5,3,2,4
CFB011291,C088,2024-12-14,1,2,2,2,2,4
CFB011292,C078,2024-12-14,4,4,4,3,2,2
CFB011293,C080,2024-12-14,3,3,2,4,2,4
CFB011294,C048,2024-12-14,5,4,5,4,1,5
CFB011295,C068,2024-12-14,3,3,3,5,5,4
CFB011296,C070,2024-12-14,2,4,2,4,2,3
CFB011297,C066,2024-12-14,4,3,4,3,4,4
CFB011298,C032,2024-12-14,3,2,5,3,5,4
CFB011299,C040,2024-12-14,3,3,5,3,2,3
CFB011300,C027,2024-12-14,3,2,2,4,2,3
CFB011301,C027,2024-12-14,3,3,4,4,4,4
CFB011302,C087,2024-12-14,4,3,3,4,5,3
CFB011303,C059,2024-12-14,3,3,3,3,3,2
CFB011304,C045,2024-12-14,3,4,3,5,3,3
CFB011305,C043,2024-12-14,2,2,4,3,3,3
CFB011306,C048,2024-12-15,5,4,5,4,3,3
CFB011307,C074,2024-12-15,4,3,4,3,1,5
CFB011308,C008,2024-12-15,4,4,3,5,3,4
CFB011309,C036,2024-12-15,4,3,4,4,3,2
CFB011310,C084,2024-12-15,4,3,4,4,1,4
CFB011311,C075,2024-12-15,3,4,3,3,1,3
CFB011312,C073,2024-12-15,4,3,4,4,3,3
CFB011313,C027,2024-12-15,5,5,5,4,4,4
CFB011314,C030,2024-12-15,4,4,2,5,2,3
CFB011315,C067,2024-12-15,5,4,4,3,4,5
CFB011316,C039,2024-12-15,4,4,5,3,3,4
CFB011317,C067,2024-12-15,5,3,4,5,3,4
CFB011318,C068,2024-12-15,5,4,4,3,2,2
CFB011319,C051,2024-12-15,4,3,3,3,3,4
CFB011320,C047,2024-12-15,4,2,5,5,3,4
CFB011321,C089,2024-12-15,4,5,5,4,4,5
CFB011322,C038,2024-12-15,4,3,4,4,3,3
CFB011323,C038,2024-12-15,4,4,3,2,2,4
CFB011324,C081,2024-12-15,4,3,4,4,2,4
CFB011325,C045,2024-12-15,5,3,3,3,2,3
CFB011326,C068,2024-12-15,5,1,3,5,3,3
CFB011327,C021,2024-12-15,3,2,3,3,3,4
CFB011328,C078,2024-12-15,5,5,4,5,3,4
CFB011329,C004,2024-12-15,4,3,5,3,2,5
CFB011330,C036,2024-12-15,3,4,5,5,4,4
CFB011331,C010,2024-12-15,3,4,3,4,3,3
CFB011332,C077,2024-12-15,1,2,4,3,4,4
CFB011333,C045,2024-12-15,4,5,5,5,3,4
CFB011334,C047,2024-12-15,4,3,4,4,5,5
CFB011335,C025,2024-12-15,3,4,4,5,4,5
CFB011336,C063,2024-12-15,3,5,4,4,2,2
CFB011337,C043,2024-12-15,3,4,4,3,4,2
CFB011338,C006,2024-12-15,4,3,5,3,3,2
CFB011339,C077,2024-12-15,3,3,2,3,1,4
CFB011340,C004,2024-12-15,3,3,4,3,3,4
CFB011341,C044,2024-12-15,4,4,4,5,3,5
CFB011342,C075,2024-12-15,4,4,4,3,4,3
CFB011343,C080,2024-12-15,2,3,4,4,3,5
CFB011344,C025,2024-12-15,4,4,5,5,4,5
CFB011345,C010,2024-12-15,3,2,1,3,3,4
CFB011346,C007,2024-12-15,5,3,5,5,2,5
CFB011347,C031,2024-12-16,5,5,5,4,3,5
CFB011348,C043,2024-12-16,5,5,5,4,4,5
CFB011349,C025,2024-12-16,3,2,2,4,2,3
CFB011350,C078,2024-12-16,3,3,4,4,3,5
CFB011351,C018,2024-12-16,4,4,5,4,4,4
CFB011352,C059,2024-12-16,4,4,4,4,4,4
CFB011353,C037,2024-12-16,3,4,3,4,3,4
CFB011354,C069,2024-12-16,4,4,4,5,4,4
CFB011355,C068,2024-12-16,3,5,5,4,2,4
CFB011356,C036,2024-12-16,2,3,4,3,4,4
CFB011357,C077,2024-12-16,4,2,4,5,3,2
CFB011358,C061,2024-12-16,3,3,3,3,3,3
CFB011359,C038,2024-12-16,3,3,3,5,2,3
CFB011360,C040,2024-12-16,4,4,3,3,2,5
CFB011361,C035,2024-12-16,4,4,3,3,3,5
CFB011362,C085,2024-12-16,5,4,5,4,3,3
CFB011363,C025,2024-12-16,4,4,4,5,3,3
CFB011364,C051,2024-12-16,3,5,4,5,4,5
CFB011365,C063,2024-12-16,5,5,4,2,5,3
CFB011366,C059,2024-12-16,5,4,3,5,4,3
CFB011367,C066,2024-12-16,4,3,4,4,2,4
CFB011368,C010,2024-12-16,2,3,2,3,3,4
CFB011369,C046,2024-12-16,5,4,3,4,4,3
CFB011370,C045,2024-12-16,4,4,3,3,4,4
CFB011371,C030,2024-12-16,5,5,4,5,3,4
CFB011372,C026,2024-12-16,4,3,4,4,2,5
CFB011373,C078,2024-12-16,2,2,2,3,4,4
CFB011374,C021,2024-12-16,4,4,4,3,2,4
CFB011375,C070,2024-12-16,5,4,5,5,1,5
CFB011376,C004,2024-12-16,5,5,2,3,2,3
CFB011377,C021,2024-12-17,3,3,4,4,3,4
CFB011378,C073,2024-12-17,5,5,5,5,2,2
CFB011379,C010,2024-12-17,3,4,2,3,2,3
CFB011380,C084,2024-12-17,3,3,5,5,3,5
CFB011381,C089,2024-12-17,4,3,5,5,5,3
CFB011382,C032,2024-12-17,4,4,2,4,4,3
CFB011383,C015,2024-12-17,5,5,4,5,4,2
CFB011384,C004,2024-12-17,5,2,4,3,2,4
CFB011385,C080,2024-12-17,5,3,5,4,4,5
CFB011386,C059,2024-12-17,5,3,4,4,3,4
CFB011387,C034,2024-12-17,4,4,4,4,4,4
CFB011388,C089,2024-12-17,4,5,4,4,2,4
CFB011389,C018,2024-12-17,2,3,3,3,3,4
CFB011390,C046,2024-12-17,5,4,5,4,5,5
CFB011391,C066,2024-12-17,5,5,3,4,5,4
CFB011392,C036,2024-12-17,3,3,5,3,3,4
CFB011393,C088,2024-12-17,4,5,5,3,4,4
CFB011394,C087,2024-12-17,5,4,3,5,2,4
CFB011395,C056,2024-12-17,2,3,4,3,5,3
CFB011396,C030,2024-12-17,4,4,3,4,1,3
CFB011397,C085,2024-12-17,5,5,3,4,4,5
CFB011398,C027,2024-12-17,4,3,2,3,2,3
CFB011399,C068,2024-12-17,4,4,5,5,2,4
CFB011400,C080,2024-12-17,5,2,5,3,4,4
CFB011401,C031,2024-12-17,3,3,4,3,1,3
CFB011402,C085,2024-12-17,5,5,5,5,3,5
CFB011403,C030,2024-12-17,4,4,4,3,2,3
CFB011404,C039,2024-12-17,4,2,4,2,4,4
CFB011405,C060,2024-12-18,4,4,4,4,5,4
CFB011406,C010,2024-12-18,3,3,4,5,5,3
CFB011407,C013,2024-12-18,5,4,3,4,4,5
CFB011408,C027,2024-12-18,4,4,3,5,5,5
CFB011409,C067,2024-12-18,4,2,4,3,2,5
CFB011410,C025,2024-12-18,4,4,2,4,4,3
CFB011411,C017,2024-12-18,5,4,3,4,4,5
CFB011412,C066,2024-12-18,4,3,3,5,3,5
CFB011413,C081,2024-12-18,4,5,3,4,3,3
CFB011414,C081,2024-12-18,4,4,5,4,3,3
CFB011415,C086,2024-12-18,4,2,2,4,3,3
CFB011416,C073,2024-12-18,4,3,2,3,2,3
CFB011417,C035,2024-12-18,3,2,3,3,3,2
CFB011418,C080,2024-12-18,4,3,4,4,2,5
CFB011419,C070,2024-12-18,5,3,1,3,4,5
CFB011420,C067,2024-12-18,4,3,5,4,2,3
CFB011421,C054,2024-12-18,3,3,3,4,5,2
CFB011422,C015,2024-12-18,3,4,3,3,1,3
CFB011423,C045,2024-12-18,3,3,4,2,4,2
CFB011424,C087,2024-12-18,3,3,3,5,3,3
CFB011425,C088,2024-12-18,5,5,4,4,4,3
CFB011426,C024,2024-12-18,2,4,2,3,2,2
CFB011427,C077,2024-12-18,3,4,2,2,3,2
CFB011428,C007,2024-12-18,3,3,3,3,4,4
CFB011429,C010,2024-12-18,4,5,4,5,3,4
CFB011430,C027,2024-12-18,3,2,3,3,3,3
CFB011431,C045,2024-12-18,3,2,3,3,3,5
CFB011432,C062,2024-12-18,4,2,4,3,5,3
CFB011433,C039,2024-12-19,4,4,5,5,3,5
CFB011434,C051,2024-12-19,3,5,4,4,2,4
CFB011435,C030,2024-12-19,5,3,4,5,3,5
CFB011436,C039,2024-12-19,5,2,2,4,3,3
CFB011437,C074,2024-12-19,3,3,4,5,4,5
CFB011438,C024,2024-12-19,2,3,4,3,4,3
CFB011439,C025,2024-12-19,5,5,5,5,2,5
CFB011440,C086,2024-12-19,4,5,5,5,3,3
CFB011441,C060,2024-12-19,4,3,4,5,5,3
CFB011442,C046,2024-12-19,5,2,4,3,2,3
CFB011443,C081,2024-12-19,4,5,5,5,4,3
CFB011444,C086,2024-12-19,3,3,4,4,5,4
CFB011445,C032,2024-12-19,5,4,2,4,4,4
CFB011446,C075,2024-12-19,5,4,4,4,3,4
CFB011447,C054,2024-12-19,2,4,5,4,3,3
CFB011448,C016,2024-12-19,5,4,5,5,3,4
CFB011449,C038,2024-12-19,5,3,3,4,4,4
CFB011450,C046,2024-12-19,4,4,5,3,3,4
CFB011451,C030,2024-12-19,5,4,5,4,4,3
CFB011452,C047,2024-12-19,4,3,3,3,3,4
CFB011453,C007,2024-12-19,3,3,2,3,3,3
CFB011454,C086,2024-12-19,3,2,3,4,2,4
CFB011455,C034,2024-12-19,4,4,3,3,3,3
CFB011456,C046,2024-12-19,3,2,4,2,2,3
CFB011457,C010,2024-12-19,5,4,4,4,5,4
CFB011458,C024,2024-12-19,5,3,2,3,2,4
CFB011459,C047,2024-12-19,2,5,3,3,5,5
CFB011460,C061,2024-12-19,3,2,3,4,3,3
CFB011461,C037,2024-12-19,4,2,4,3,3,3
CFB011462,C008,2024-12-19,3,3,3,5,3,2
CFB011463,C023,2024-12-19,5,3,4,4,4,4
CFB011464,C048,2025-01-01,5,3,3,4,3,4
CFB011465,C034,2025-01-01,4,4,3,4,5,3
CFB011466,C015,2025-01-01,4,3,4,5,4,3
CFB011467,C074,2025-01-01,3,3,3,2,3,4
CFB011468,C027,2025-01-02,4,3,3,3,2,1
CFB011469,C044,2025-01-02,4,2,5,4,4,5
CFB011470,C077,2025-01-02,3,3,2,2,3,2
CFB011471,C086,2025-01-02,4,4,5,4,4,5
CFB011472,C010,2025-01-02,5,5,5,5,3,5
CFB011473,C066,2025-01-02,4,3,3,3,4,3
CFB011474,C073,2025-01-02,4,5,3,3,4,4
CFB011475,C002,2025-01-03,4,4,3,4,4,2
CFB011476,C055,2025-01-03,5,3,3,5,3,3
CFB011477,C027,2025-01-03,5,3,4,4,1,4
CFB011478,C039,2025-01-03,5,3,5,3,3,5
CFB011479,C068,2025-01-03,3,5,3,4,3,3
CFB011480,C060,2025-01-03,4,3,3,3,4,4
CFB011481,C030,2025-01-03,4,5,5,5,2,3
CFB011482,C048,2025-01-04,4,4,5,4,3,4
CFB011483,C069,2025-01-04,4,4,4,4,5,5
CFB011484,C070,2025-01-04,3,3,5,4,5,3
CFB011485,C008,2025-01-04,4,2,3,4,2,4
CFB011486,C043,2025-01-04,5,4,4,3,4,4
CFB011487,C030,2025-01-04,5,4,5,4,5,3
CFB011488,C013,2025-01-05,4,4,3,3,3,5
CFB011489,C065,2025-01-05,4,2,5,5,3,3
CFB011490,C073,2025-01-05,4,4,5,2,4,4
CFB011491,C073,2025-01-05,2,3,3,4,1,2
CFB011492,C027,2025-01-05,4,3,4,5,1,3
CFB011493,C084,2025-01-05,2,3,4,5,2,4
CFB011494,C056,2025-01-05,5,5,5,3,3,4
CFB011495,C023,2025-01-05,4,2,4,5,2,4
CFB011496,C077,2025-01-05,4,5,2,5,3,4
CFB011497,C081,2025-01-06,4,4,3,4,3,5
CFB011498,C069,2025-01-06,4,3,4,3,2,3
CFB011499,C044,2025-01-06,5,3,5,3,3,4
CFB011500,C045,2025-01-06,3,2,3,5,3,4
CFB011501,C046,2025-01-06,3,4,4,4,3,5
CFB011502,C036,2025-01-06,4,3,4,2,3,2
CFB011503,C066,2025-01-06,2,3,2,2,3,2
CFB011504,C040,2025-01-06,5,4,5,3,5,5
CFB011505,C075,2025-01-07,2,4,5,5,4,5
CFB011506,C081,2025-01-07,4,5,3,5,4,5
CFB011507,C084,2025-01-07,2,4,4,4,5,5
CFB011508,C081,2025-01-07,3,4,4,4,3,4
CFB011509,C007,2025-01-07,4,4,5,5,3,5
CFB011510,C087,2025-01-08,3,4,2,4,5,4
CFB011511,C030,2025-01-08,2,4,5,5,2,5
CFB011512,C047,2025-01-08,5,3,4,3,3,4
CFB011513,C068,2025-01-08,5,5,5,5,3,5
CFB011514,C089,2025-01-08,3,3,2,3,4,5
CFB011515,C048,2025-01-08,4,5,4,3,3,4
CFB011516,C060,2025-01-08,2,4,4,3,3,5
CFB011517,C074,2025-01-08,5,2,4,4,4,4
CFB011518,C086,2025-01-09,5,5,5,5,4,5
CFB011519,C004,2025-01-09,4,4,5,4,5,5
CFB011520,C051,2025-01-09,3,4,4,2,2,5
CFB011521,C070,2025-01-09,5,4,2,4,3,4
CFB011522,C004,2025-01-09,5,2,5,3,4,3
CFB011523,C079,2025-01-09,5,4,5,4,3,4
CFB011524,C030,2025-01-09,4,4,5,4,3,4
CFB011525,C030,2025-01-09,5,4,5,3,5,5
CFB011526,C030,2025-01-10,5,4,4,4,5,4
CFB011527,C086,2025-01-10,3,4,3,3,4,5
CFB011528,C056,2025-01-10,5,3,4,4,4,5
CFB011529,C074,2025-01-10,4,4,5,4,2,5
CFB011530,C039,2025-01-10,3,5,5,5,2,5
CFB011531,C073,2025-01-10,3,2,4,4,3,5
CFB011532,C067,2025-01-10,4,4,4,4,2,5
CFB011533,C056,2025-01-10,3,5,4,3,4,5
CFB011534,C046,2025-01-10,4,5,4,5,4,4
CFB011535,C020,2025-01-10,4,3,4,3,2,3
CFB011536,C023,2025-01-11,4,4,2,3,3,4
CFB011537,C078,2025-01-11,5,5,5,3,2,5
CFB011538,C040,2025-01-11,5,5,4,5,3,5
CFB011539,C047,2025-01-11,2,4,4,4,5,4
CFB011540,C084,2025-01-12,4,1,3,2,3,1
CFB011541,C059,2025-01-12,2,3,3,4,5,2
CFB011542,C039,2025-01-12,4,5,5,4,5,5
CFB011543,C063,2025-01-12,3,3,4,4,3,3
CFB011544,C075,2025-01-12,4,4,4,5,5,5
CFB011545,C051,2025-01-12,4,5,4,5,3,5
CFB011546,C056,2025-01-12,3,5,4,5,4,3
CFB011547,C045,2025-01-12,4,4,5,5,4,5
CFB011548,C069,2025-01-12,4,5,5,3,2,3
CFB011549,C040,2025-01-12,4,5,4,4,3,3
CFB011550,C079,2025-01-12,3,4,5,4,4,5
CFB011551,C074,2025-01-12,4,5,5,4,3,4
CFB011552,C026,2025-01-12,4,3,4,5,4,3
CFB011553,C008,2025-01-12,3,3,4,3,3,4
CFB011554,C002,2025-01-12,4,4,5,4,3,4
CFB011555,C047,2025-01-12,5,3,3,3,4,5
CFB011556,C067,2025-01-13,5,5,5,4,4,5
CFB011557,C021,2025-01-13,4,4,4,4,4,4
CFB011558,C081,2025-01-13,3,4,3,2,5,4
CFB011559,C056,2025-01-13,4,3,4,5,3,5
CFB011560,C069,2025-01-13,5,4,4,3,3,3
CFB011561,C027,2025-01-13,5,5,5,4,4,4
CFB011562,C067,2025-01-13,5,4,5,4,4,5
CFB011563,C025,2025-01-13,5,3,4,4,3,2
CFB011564,C055,2025-01-13,3,3,3,4,1,2
CFB011565,C039,2025-01-13,4,4,3,5,3,3
CFB011566,C060,2025-01-13,4,4,4,3,2,3
CFB011567,C018,2025-01-14,5,5,4,4,3,3
CFB011568,C002,2025-01-14,4,4,3,3,2,3
CFB011569,C065,2025-01-14,3,2,1,5,1,1
CFB011570,C038,2025-01-14,5,5,5,4,3,5
CFB011571,C068,2025-01-14,4,3,3,5,3,5
CFB011572,C068,2025-01-14,3,5,5,4,4,5
CFB011573,C039,2025-01-14,5,5,5,4,2,3
CFB011574,C034,2025-01-14,3,3,3,3,4,5
CFB011575,C059,2025-01-14,4,5,5,4,3,5
CFB011576,C081,2025-01-14,4,3,4,3,2,5
CFB011577,C070,2025-01-14,3,3,4,5,2,4
CFB011578,C039,2025-01-14,4,4,5,4,3,5
CFB011579,C015,2025-01-14,3,2,3,3,4,4
CFB011580,C040,2025-01-14,4,5,4,4,4,4
CFB011581,C079,2025-01-15,4,4,4,4,4,5
CFB011582,C062,2025-01-15,4,4,3,4,2,3
CFB011583,C032,2025-01-16,4,4,3,5,4,5
CFB011584,C002,2025-01-16,5,4,4,2,4,5
CFB011585,C030,2025-01-16,5,5,3,3,2,5
CFB011586,C021,2025-01-16,5,4,5,5,4,5
CFB011587,C018,2025-01-16,3,4,4,4,4,4
CFB011588,C061,2025-01-16,5,3,4,4,1,5
CFB011589,C039,2025-01-16,5,3,3,3,4,5
CFB011590,C069,2025-01-16,4,4,4,4,1,4
CFB011591,C004,2025-01-16,5,4,5,5,5,5
CFB011592,C048,2025-01-16,4,4,5,4,5,4
CFB011593,C030,2025-01-16,5,4,5,4,3,4
CFB011594,C079,2025-01-16,5,4,4,4,3,5
CFB011595,C034,2025-01-17,5,3,3,3,4,3
CFB011596,C020,2025-01-17,4,5,5,4,4,4
CFB011597,C075,2025-01-17,5,5,4,5,4,4
CFB011598,C037,2025-01-17,4,4,5,5,2,3
CFB011599,C086,2025-01-17,4,4,3,5,3,4
CFB011600,C065,2025-01-17,5,3,4,5,4,3
CFB011601,C075,2025-01-17,4,4,1,3,3,3
CFB011602,C051,2025-01-18,4,3,3,4,5,4
CFB011603,C020,2025-01-18,4,3,4,4,2,5
CFB011604,C059,2025-01-18,5,2,4,5,3,5
CFB011605,C038,2025-01-18,5,2,4,4,3,4
CFB011606,C081,2025-01-18,5,4,5,5,3,3
CFB011607,C087,2025-01-18,2,5,2,2,3,4
CFB011608,C037,2025-01-18,2,3,2,2,4,2
CFB011609,C075,2025-01-18,5,4,5,4,4,2
CFB011610,C021,2025-01-18,4,5,4,4,5,5
CFB011611,C023,2025-01-19,3,2,2,3,3,4
CFB011612,C002,2025-01-19,2,3,4,5,4,5
CFB011613,C002,2025-01-19,4,4,3,3,2,4
CFB011614,C073,2025-01-19,4,4,1,4,3,4
CFB011615,C063,2025-01-19,5,5,4,4,2,3
CFB011616,C037,2025-01-19,5,5,3,4,4,5
CFB011617,C073,2025-01-19,5,4,4,4,4,5
CFB011618,C038,2025-01-19,3,5,3,3,2,3
CFB011619,C081,2025-01-19,5,2,4,3,3,4
CFB011620,C084,2025-01-19,4,4,3,5,3,4
CFB011621,C059,2025-01-19,3,5,5,5,3,4
CFB011622,C047,2025-01-19,4,3,5,4,3,3
CFB011623,C044,2025-01-19,3,3,4,5,2,3
CFB011624,C018,2025-01-20,4,4,3,5,2,4
CFB011625,C078,2025-01-20,5,2,3,3,3,4
CFB011626,C030,2025-01-20,3,5,2,4,2,3
CFB011627,C018,2025-01-20,3,5,4,4,4,3
CFB011628,C059,2025-01-20,3,3,3,1,4,2
CFB011629,C002,2025-01-20,5,4,4,5,4,5
CFB011630,C077,2025-01-20,4,4,4,4,4,4
CFB011631,C043,2025-01-20,4,3,4,5,3,4
CFB011632,C024,2025-01-20,5,4,5,5,4,4
CFB011633,C040,2025-01-21,5,3,5,4,2,5
CFB011634,C015,2025-01-21,4,4,5,3,4,2
CFB011635,C073,2025-01-21,3,2,4,2,1,3
CFB011636,C030,2025-01-21,4,3,4,4,4,3
CFB011637,C074,2025-01-21,4,3,5,4,2,4
CFB011638,C045,2025-01-21,2,4,4,4,1,5
CFB011639,C074,2025-01-22,2,3,4,4,4,3
CFB011640,C010,2025-01-22,3,3,4,5,4,4
CFB011641,C046,2025-01-22,4,5,4,3,5,3
CFB011642,C035,2025-01-22,4,3,3,2,2,5
CFB011643,C073,2025-01-22,3,5,5,4,2,5
CFB011644,C051,2025-01-22,2,4,4,3,4,4
CFB011645,C043,2025-01-22,5,3,4,5,3,5
CFB011646,C032,2025-01-22,5,4,3,4,4,4
CFB011647,C013,2025-01-22,4,3,5,5,4,5
CFB011648,C077,2025-01-22,4,5,4,5,3,5
CFB011649,C073,2025-01-22,4,3,4,5,3,4
CFB011650,C063,2025-01-22,4,5,4,3,3,5
CFB011651,C084,2025-01-23,4,3,3,3,3,3
CFB011652,C035,2025-01-23,5,3,4,5,2,4
CFB011653,C017,2025-01-23,4,4,4,3,2,2
CFB011654,C084,2025-01-23,3,3,3,3,4,4
CFB011655,C010,2025-01-24,4,3,4,4,4,4
CFB011656,C007,2025-01-24,5,4,5,5,3,3
CFB011657,C060,2025-01-24,4,5,4,4,3,5
CFB011658,C031,2025-01-24,4,5,4,5,5,5
CFB011659,C080,2025-01-24,4,3,5,5,1,4
CFB011660,C013,2025-01-24,4,3,5,4,4,2
CFB011661,C030,2025-01-25,4,4,4,5,4,5
CFB011662,C054,2025-01-25,3,2,4,3,1,5
CFB011663,C084,2025-01-25,2,4,3,4,2,3
CFB011664,C031,2025-01-25,5,3,4,4,3,4
CFB011665,C080,2025-01-25,2,4,3,3,3,3
CFB011666,C069,2025-01-25,3,3,3,4,4,4
CFB011667,C017,2025-01-25,4,5,5,5,2,4
CFB011668,C020,2025-01-26,5,2,3,5,5,4
CFB011669,C044,2025-01-26,4,2,3,4,4,4
CFB011670,C034,2025-01-26,3,2,4,3,4,5
CFB011671,C017,2025-01-26,4,4,3,4,2,4
CFB011672,C068,2025-01-26,4,5,3,4,3,3
CFB011673,C054,2025-01-26,4,3,3,2,2,2
CFB011674,C017,2025-01-26,4,3,4,4,5,4
CFB011675,C084,2025-01-26,5,5,5,5,5,5
CFB011676,C078,2025-01-26,4,4,4,5,4,4
CFB011677,C040,2025-01-26,3,5,4,4,5,4
CFB011678,C066,2025-01-27,5,3,5,4,1,5
CFB011679,C088,2025-01-27,5,5,4,4,4,4
CFB011680,C046,2025-01-27,3,4,3,3,4,3
CFB011681,C081,2025-01-27,4,4,4,4,4,4
CFB011682,C048,2025-01-27,5,1,2,3,3,3
CFB011683,C010,2025-01-27,3,5,3,2,1,3
CFB011684,C065,2025-01-27,4,4,3,5,3,3
CFB011685,C080,2025-01-27,3,3,4,5,3,4
CFB011686,C027,2025-01-28,3,3,3,4,3,5
CFB011687,C007,2025-01-28,4,4,3,3,3,3
CFB011688,C031,2025-01-28,3,4,5,4,4,4
CFB011689,C065,2025-01-28,4,3,4,4,2,4
CFB011690,C026,2025-01-28,4,5,3,5,2,4
CFB011691,C037,2025-01-28,4,5,4,3,3,4
CFB011692,C040,2025-01-29,5,5,5,2,3,3
CFB011693,C018,2025-01-29,5,3,3,4,1,4
CFB011694,C025,2025-01-29,3,3,4,2,2,3
CFB011695,C067,2025-01-29,4,4,4,5,3,3
CFB011696,C038,2025-01-29,3,3,5,2,2,2
CFB011697,C069,2025-01-29,3,4,3,4,3,4
CFB011698,C026,2025-01-29,4,3,2,2,3,4
CFB011699,C055,2025-01-30,5,5,3,5,2,4
CFB011700,C087,2025-01-30,4,4,4,3,4,5
CFB011701,C043,2025-01-30,3,3,2,2,3,3
CFB011702,C034,2025-01-30,5,5,4,5,3,4
CFB011703,C013,2025-01-30,5,5,5,4,3,4
CFB011704,C086,2025-01-30,2,5,5,4,5,4
CFB011705,C056,2025-01-30,3,4,4,4,3,5
CFB011706,C010,2025-01-30,5,4,4,4,2,3
CFB011707,C025,2025-01-30,4,5,3,4,3,4
CFB011708,C023,2025-01-30,2,3,3,4,4,3
CFB011709,C004,2025-01-31,5,5,4,5,4,5
CFB011710,C006,2025-01-31,3,3,5,5,2,4
CFB011711,C037,2025-01-31,4,4,4,4,4,5
CFB011712,C069,2025-01-31,2,4,4,4,4,3
CFB011713,C087,2025-01-31,3,2,3,3,2,2
CFB011714,C026,2025-01-31,4,4,4,5,2,4
CFB011715,C027,2025-01-31,2,4,4,3,2,5
CFB011716,C034,2025-01-31,3,3,2,3,3,3
CFB011717,C079,2025-01-31,4,4,3,4,4,5
CFB011718,C067,2025-01-31,4,4,4,4,4,3
CFB011719,C046,2025-01-31,4,3,4,4,3,3
CFB011720,C078,2025-01-31,4,4,3,3,5,4
CFB011721,C065,2025-02-01,4,1,3,2,1,3
CFB011722,C018,2025-02-01,3,5,5,4,2,4
CFB011723,C048,2025-02-01,5,5,5,4,3,5
CFB011724,C031,2025-02-01,4,2,3,4,4,4
CFB011725,C051,2025-02-01,3,2,1,3,4,3
CFB011726,C035,2025-02-01,2,3,4,4,3,3
CFB011727,C067,2025-02-01,4,2,3,4,4,2
CFB011728,C034,2025-02-01,2,5,4,3,4,2
CFB011729,C066,2025-02-01,4,4,3,3,4,3
CFB011730,C059,2025-02-01,3,3,2,4,4,3
CFB011731,C043,2025-02-02,5,4,5,4,2,4
CFB011732,C046,2025-02-02,5,3,4,3,3,3
CFB011733,C021,2025-02-02,3,3,4,3,1,4
CFB011734,C016,2025-02-02,3,4,3,2,3,3
CFB011735,C074,2025-02-02,5,3,5,4,2,4
CFB011736,C054,2025-02-02,4,4,4,5,3,4
CFB011737,C043,2025-02-02,3,3,4,3,2,3
CFB011738,C015,2025-02-02,1,3,5,2,2,4
CFB011739,C070,2025-02-02,5,5,4,5,3,4
CFB011740,C079,2025-02-02,5,5,5,5,4,2
CFB011741,C016,2025-02-02,5,5,5,5,2,5
CFB011742,C059,2025-02-03,4,3,4,4,4,5
CFB011743,C031,2025-02-03,5,3,4,4,1,4
CFB011744,C008,2025-02-03,4,4,4,4,3,4
CFB011745,C089,2025-02-03,2,3,2,3,2,3
CFB011746,C055,2025-02-03,3,3,3,2,2,2
CFB011747,C026,2025-02-03,4,5,5,5,5,4
CFB011748,C047,2025-02-03,5,5,5,4,3,5
CFB011749,C039,2025-02-03,5,5,3,4,2,4
CFB011750,C066,2025-02-03,5,4,3,5,4,4
CFB011751,C013,2025-02-03,4,3,3,4,4,4
CFB011752,C055,2025-02-04,5,3,4,5,3,5
CFB011753,C075,2025-02-04,3,5,2,4,4,3
CFB011754,C073,2025-02-04,3,4,5,5,3,4
CFB011755,C074,2025-02-04,4,3,5,4,3,5
CFB011756,C046,2025-02-05,5,4,4,5,3,3
CFB011757,C038,2025-02-05,4,5,3,4,4,3
CFB011758,C061,2025-02-05,3,3,3,3,3,3
CFB011759,C070,2025-02-05,3,3,4,4,2,4
CFB011760,C088,2025-02-05,4,2,3,2,3,2
CFB011761,C043,2025-02-05,4,2,3,4,2,4
CFB011762,C048,2025-02-05,1,3,4,5,3,5
CFB011763,C016,2025-02-05,3,3,3,3,2,3
CFB011764,C027,2025-02-05,5,4,5,3,1,3
CFB011765,C025,2025-02-06,4,4,3,4,3,4
CFB011766,C008,2025-02-06,4,3,5,5,3,4
CFB011767,C088,2025-02-06,5,4,3,3,3,4
CFB011768,C045,2025-02-06,5,2,3,4,2,2
CFB011769,C017,2025-02-06,5,5,4,5,3,5
CFB011770,C077,2025-02-06,3,2,2,4,4,4
CFB011771,C024,2025-02-06,5,5,5,4,4,5
CFB011772,C030,2025-02-06,3,1,2,3,3,2
CFB011773,C074,2025-02-06,5,4,4,2,4,4
CFB011774,C074,2025-02-06,4,4,3,4,4,3
CFB011775,C077,2025-02-06,4,4,4,3,4,2
CFB011776,C024,2025-02-06,4,4,5,5,3,5
CFB011777,C024,2025-02-06,5,5,4,4,5,5
CFB011778,C027,2025-02-06,3,4,5,4,3,4
CFB011779,C046,2025-02-06,4,4,4,5,3,5
CFB011780,C044,2025-02-07,5,3,4,4,2,3
CFB011781,C034,2025-02-07,4,4,5,4,3,3
CFB011782,C025,2025-02-07,4,5,2,2,3,4
CFB011783,C074,2025-02-07,5,5,4,4,1,5
CFB011784,C038,2025-02-07,5,4,4,2,4,5
CFB011785,C073,2025-02-07,5,4,5,5,2,4
CFB011786,C018,2025-02-07,4,2,2,4,4,3
CFB011787,C086,2025-02-07,3,3,4,3,2,4
CFB011788,C038,2025-02-08,5,5,4,5,3,5
CFB011789,C086,2025-02-08,5,3,3,3,5,4
CFB011790,C048,2025-02-08,4,4,3,5,3,5
CFB011791,C013,2025-02-08,5,3,3,5,3,5
CFB011792,C046,2025-02-09,4,2,3,5,4,5
CFB011793,C040,2025-02-09,2,3,4,3,2,2
CFB011794,C075,2025-02-09,2,4,5,2,4,4
CFB011795,C026,2025-02-09,4,3,4,4,3,4
CFB011796,C039,2025-02-09,5,5,5,5,4,5
CFB011797,C044,2025-02-09,3,4,4,4,5,5
CFB011798,C007,2025-02-09,3,3,3,5,2,4
CFB011799,C075,2025-02-09,3,4,4,5,3,4
CFB011800,C043,2025-02-09,3,4,4,4,3,4
CFB011801,C069,2025-02-09,5,3,4,4,4,4
CFB011802,C027,2025-02-09,5,3,3,3,2,5
CFB011803,C048,2025-02-09,5,4,4,5,4,5
CFB011804,C030,2025-02-09,5,5,5,3,2,3
CFB011805,C084,2025-02-09,4,4,2,5,3,3
CFB011806,C069,2025-02-09,4,3,5,5,3,4
CFB011807,C045,2025-02-09,5,4,5,5,4,5
CFB011808,C084,2025-02-10,3,2,4,4,5,3
CFB011809,C025,2025-02-10,5,4,5,4,4,5
CFB011810,C054,2025-02-10,4,3,5,2,2,4
CFB011811,C060,2025-02-10,5,4,5,4,4,4
CFB011812,C039,2025-02-10,3,3,4,4,3,4
CFB011813,C065,2025-02-10,3,4,3,4,5,5
CFB011814,C046,2025-02-11,2,3,2,4,4,4
CFB011815,C078,2025-02-11,4,3,5,5,3,5
CFB011816,C051,2025-02-11,5,3,3,3,2,2
CFB011817,C036,2025-02-11,4,4,4,4,1,4
CFB011818,C078,2025-02-11,3,3,2,4,4,4
CFB011819,C087,2025-02-11,4,3,3,3,3,3
CFB011820,C048,2025-02-12,5,4,5,4,4,4
CFB011821,C021,2025-02-12,5,4,5,5,4,5
CFB011822,C020,2025-02-12,5,3,5,5,4,3
CFB011823,C056,2025-02-12,5,4,5,5,4,4
CFB011824,C054,2025-02-12,5,5,4,5,3,4
CFB011825,C023,2025-02-12,4,3,3,3,2,2
CFB011826,C080,2025-02-12,3,4,4,3,5,4
CFB011827,C075,2025-02-12,4,3,4,3,1,4
CFB011828,C039,2025-02-12,3,4,2,5,4,4
CFB011829,C035,2025-02-12,4,5,4,4,3,5
CFB011830,C013,2025-02-12,4,3,4,3,3,5
CFB011831,C038,2025-02-13,5,5,3,5,3,4
CFB011832,C037,2025-02-13,3,3,2,3,3,3
CFB011833,C070,2025-02-13,5,3,4,5,3,3
CFB011834,C006,2025-02-13,2,3,4,3,3,3
CFB011835,C070,2025-02-13,3,3,3,3,2,3
CFB011836,C016,2025-02-13,5,2,4,4,2,4
CFB011837,C036,2025-02-13,4,3,3,5,4,3
CFB011838,C038,2025-02-13,5,3,3,4,2,3
CFB011839,C068,2025-02-13,5,4,5,4,2,5
CFB011840,C080,2025-02-13,4,3,4,3,3,4
CFB011841,C038,2025-02-13,5,5,4,5,2,5
CFB011842,C023,2025-02-14,5,4,4,4,3,3
CFB011843,C078,2025-02-14,4,4,3,2,3,3
CFB011844,C051,2025-02-14,4,3,3,4,5,4
CFB011845,C039,2025-02-14,3,3,1,3,1,5
CFB011846,C021,2025-02-14,5,4,4,4,2,5
CFB011847,C045,2025-02-14,4,4,4,4,4,3
CFB011848,C020,2025-02-14,5,5,5,4,1,4
CFB011849,C087,2025-02-14,5,4,4,5,3,5
CFB011850,C031,2025-02-15,5,4,4,5,3,5
CFB011851,C075,2025-02-15,4,5,3,3,2,4
CFB011852,C061,2025-02-15,5,4,5,5,2,4
CFB011853,C007,2025-02-15,4,3,3,3,3,3
CFB011854,C043,2025-02-15,5,3,4,5,2,3
CFB011855,C032,2025-02-15,5,3,4,4,4,3
CFB011856,C035,2025-02-15,4,3,4,4,5,5
CFB011857,C004,2025-02-15,5,5,5,5,3,5
CFB011858,C087,2025-02-15,3,4,4,3,3,2
CFB011859,C074,2025-02-16,4,5,4,3,4,3
CFB011860,C034,2025-02-16,4,5,3,4,2,4
CFB011861,C080,2025-02-16,3,4,3,3,3,5
CFB011862,C047,2025-02-16,3,2,5,3,5,5
CFB011863,C024,2025-02-16,4,5,5,4,4,5
CFB011864,C035,2025-02-16,5,3,5,3,4,5
CFB011865,C036,2025-02-16,4,2,4,5,2,4
CFB011866,C075,2025-02-16,5,3,4,3,3,3
CFB011867,C038,2025-02-16,4,3,3,5,3,4
CFB011868,C060,2025-02-16,5,3,4,5,5,5
CFB011869,C067,2025-02-16,5,5,3,4,2,4
CFB011870,C081,2025-02-17,5,5,5,5,4,4
CFB011871,C062,2025-02-17,3,3,2,4,4,4
CFB011872,C067,2025-02-17,4,3,3,3,3,3
CFB011873,C020,2025-02-17,5,3,4,3,5,4
CFB011874,C069,2025-02-17,2,4,4,4,3,3
CFB011875,C051,2025-02-17,4,3,3,5,2,3
CFB011876,C039,2025-02-17,5,3,3,3,2,4
CFB011877,C037,2025-02-17,3,5,5,4,2,4
CFB011878,C068,2025-02-17,4,4,4,4,3,5
CFB011879,C067,2025-02-18,4,5,5,3,2,5
CFB011880,C073,2025-02-18,5,4,2,3,4,5
CFB011881,C078,2025-02-18,5,4,4,5,4,5
CFB011882,C018,2025-02-18,3,4,4,3,2,3
CFB011883,C006,2025-02-18,4,5,3,5,4,3
CFB011884,C060,2025-02-18,3,4,4,5,3,5
CFB011885,C024,2025-02-18,4,1,4,5,2,4
CFB011886,C047,2025-02-18,3,5,5,4,5,5
CFB011887,C056,2025-02-18,4,2,5,3,4,4
CFB011888,C016,2025-02-19,3,4,3,4,4,5
CFB011889,C023,2025-02-19,5,2,3,2,2,4
CFB011890,C073,2025-02-19,4,5,4,2,4,5
CFB011891,C018,2025-02-19,5,4,4,4,2,4
CFB011892,C013,2025-02-19,3,4,4,5,3,5
CFB011893,C045,2025-02-19,4,2,3,4,3,5
CFB011894,C061,2025-02-19,4,3,4,4,2,4
CFB011895,C051,2025-02-19,3,4,3,4,4,3
CFB011896,C074,2025-02-19,5,4,2,5,4,4
CFB011897,C031,2025-02-19,3,3,5,4,5,4
CFB011898,C067,2025-02-20,4,3,4,4,2,5
CFB011899,C059,2025-02-20,2,3,3,4,5,2
CFB011900,C021,2025-02-20,3,4,2,3,1,2
CFB011901,C043,2025-02-20,5,4,4,2,3,3
CFB011902,C070,2025-02-20,5,3,3,4,3,5
CFB011903,C088,2025-02-20,3,4,2,3,2,4
CFB011904,C078,2025-02-21,4,4,4,4,5,4
CFB011905,C035,2025-02-21,4,4,4,5,2,4
CFB011906,C023,2025-02-21,4,4,2,4,4,4
CFB011907,C068,2025-02-21,2,4,2,4,1,2
CFB011908,C016,2025-02-21,5,5,5,4,2,4
CFB011909,C021,2025-02-21,4,5,4,5,5,5
CFB011910,C070,2025-02-21,2,2,3,3,2,2
CFB011911,C027,2025-02-21,4,3,2,4,2,5
CFB011912,C010,2025-02-21,3,4,3,5,3,4
CFB011913,C073,2025-02-21,3,5,3,3,3,3
CFB011914,C065,2025-02-21,3,5,5,4,4,3
CFB011915,C079,2025-02-21,4,2,4,4,3,4
CFB011916,C059,2025-02-21,3,3,4,4,5,2
CFB011917,C002,2025-02-21,5,4,4,4,4,3
CFB011918,C070,2025-02-21,5,4,4,4,4,5
CFB011919,C010,2025-02-21,3,3,1,4,2,4
CFB011920,C018,2025-02-22,4,4,5,4,4,5
CFB011921,C038,2025-02-22,5,2,2,3,2,5
CFB011922,C081,2025-02-22,3,3,4,4,4,4
CFB011923,C059,2025-02-22,3,3,3,3,2,3
CFB011924,C010,2025-02-22,5,4,4,5,2,5
CFB011925,C048,2025-02-22,2,4,3,5,3,4
CFB011926,C010,2025-02-22,4,3,4,3,3,3
CFB011927,C017,2025-02-22,4,3,4,4,5,5
CFB011928,C021,2025-02-22,4,3,3,5,5,4
CFB011929,C070,2025-02-22,3,5,4,4,4,4
CFB011930,C088,2025-02-22,5,5,5,4,3,4
CFB011931,C021,2025-02-22,3,4,4,5,3,4
CFB011932,C037,2025-02-23,5,2,2,2,3,2
CFB011933,C004,2025-02-23,3,5,4,4,4,4
CFB011934,C074,2025-02-23,5,5,4,3,5,5
CFB011935,C066,2025-02-23,5,4,5,5,2,2
CFB011936,C069,2025-02-23,4,3,4,3,3,3
CFB011937,C065,2025-02-23,3,5,4,4,3,3
CFB011938,C078,2025-02-23,4,4,5,5,2,5
CFB011939,C068,2025-02-23,5,3,4,5,4,4
CFB011940,C032,2025-02-23,5,4,4,4,5,5
CFB011941,C045,2025-02-23,5,5,4,4,4,5
CFB011942,C030,2025-02-23,2,3,4,3,4,3
CFB011943,C026,2025-02-23,3,3,4,2,2,2
CFB011944,C062,2025-02-23,4,1,2,4,1,2
CFB011945,C089,2025-02-24,4,3,2,5,3,3
CFB011946,C032,2025-02-24,5,2,4,3,4,5
CFB011947,C088,2025-02-24,4,4,3,4,4,5
CFB011948,C067,2025-02-25,4,5,4,4,5,5
CFB011949,C038,2025-02-25,4,5,5,4,4,4
CFB011950,C081,2025-02-25,4,5,5,4,3,4
CFB011951,C015,2025-02-25,3,4,3,4,2,3
CFB011952,C048,2025-02-25,3,4,4,4,3,3
CFB011953,C085,2025-02-25,4,4,5,4,3,5
CFB011954,C065,2025-02-25,4,4,5,3,2,3
CFB011955,C060,2025-02-25,3,3,3,3,4,2
CFB011956,C048,2025-02-25,5,2,4,3,2,4
CFB011957,C013,2025-02-25,5,3,4,5,4,3
CFB011958,C078,2025-02-25,5,3,5,5,2,4
CFB011959,C062,2025-02-25,5,4,5,5,3,4
CFB011960,C018,2025-02-25,2,1,3,2,2,2
CFB011961,C086,2025-02-26,5,4,4,2,5,3
CFB011962,C043,2025-02-26,4,4,5,4,4,4
CFB011963,C077,2025-02-26,4,4,4,4,2,4
CFB011964,C073,2025-02-26,3,4,3,5,2,3
CFB011965,C061,2025-02-26,4,5,5,4,3,4
CFB011966,C074,2025-02-26,4,4,5,4,3,4
CFB011967,C087,2025-02-26,4,4,3,5,4,4
CFB011968,C039,2025-02-26,3,1,4,5,3,3
CFB011969,C035,2025-02-27,2,3,2,3,2,3
CFB011970,C030,2025-02-27,3,3,3,3,4,3
CFB011971,C044,2025-02-27,4,4,3,5,3,4
CFB011972,C039,2025-02-27,3,3,4,4,3,3
CFB011973,C069,2025-02-27,5,3,5,2,2,3
CFB011974,C039,2025-02-27,2,5,5,3,4,4
CFB011975,C075,2025-02-27,3,3,3,3,3,3
CFB011976,C063,2025-02-27,3,3,3,2,2,5
CFB011977,C040,2025-02-27,3,3,5,4,3,5
CFB011978,C062,2025-02-27,4,2,4,4,3,2
CFB011979,C045,2025-02-27,5,5,3,3,3,3
CFB011980,C061,2025-02-27,4,4,5,4,5,5
CFB011981,C065,2025-02-28,3,4,4,4,4,4
CFB011982,C073,2025-02-28,3,5,4,5,5,4
CFB011983,C048,2025-02-28,2,2,4,5,2,2
CFB011984,C084,2025-02-28,3,3,4,2,5,1
CFB011985,C043,2025-02-28,3,3,3,4,3,3
CFB011986,C017,2025-02-28,3,3,5,3,3,2
CFB011987,C063,2025-02-28,4,3,4,3,2,5
CFB011988,C068,2025-02-28,5,3,2,4,3,5
CFB011989,C077,2025-02-28,4,4,4,5,4,3
CFB011990,C035,2025-02-28,3,4,5,5,4,4
CFB011991,C010,2025-02-28,2,3,4,4,5,5
CFB011992,C007,2025-02-28,3,3,4,4,3,4
CFB011993,C059,2025-02-28,4,3,3,4,2,2
CFB011994,C006,2025-03-01,5,3,5,5,4,2
CFB011995,C054,2025-03-01,5,2,4,5,4,3
CFB011996,C084,2025-03-01,3,4,5,5,3,4
CFB011997,C060,2025-03-01,4,4,3,4,2,5
CFB011998,C046,2025-03-01,3,5,5,4,2,5
CFB011999,C054,2025-03-01,3,4,5,4,3,3
CFB012000,C006,2025-03-01,3,5,3,3,4,3
CFB012001,C054,2025-03-01,4,4,4,5,2,5
CFB012002,C034,2025-03-01,4,3,4,5,2,5
CFB012003,C020,2025-03-01,4,5,5,4,3,5
CFB012004,C062,2025-03-01,4,4,5,3,2,4
CFB012005,C060,2025-03-01,3,4,5,4,3,3
CFB012006,C065,2025-03-01,5,5,5,4,4,4
CFB012007,C065,2025-03-01,4,3,5,3,2,5
CFB012008,C060,2025-03-01,4,4,4,4,4,5
CFB012009,C066,2025-03-02,4,4,3,5,5,5
CFB012010,C017,2025-03-02,5,4,4,5,2,5
CFB012011,C043,2025-03-02,4,5,5,4,2,3
CFB012012,C026,2025-03-02,2,4,3,3,4,4
CFB012013,C035,2025-03-02,5,4,3,4,5,4
CFB012014,C055,2025-03-02,5,4,5,5,5,4
CFB012015,C018,2025-03-02,5,3,4,5,3,5
CFB012016,C026,2025-03-02,3,4,4,2,4,4
CFB012017,C035,2025-03-02,5,4,5,3,3,4
CFB012018,C039,2025-03-02,4,3,4,4,4,2
CFB012019,C006,2025-03-02,3,3,4,4,3,5
CFB012020,C089,2025-03-03,4,4,4,5,2,5
CFB012021,C040,2025-03-03,5,2,3,3,4,3
CFB012022,C032,2025-03-03,5,3,3,4,4,4
CFB012023,C030,2025-03-03,5,2,4,4,2,5
CFB012024,C067,2025-03-03,5,5,5,5,2,3
CFB012025,C067,2025-03-03,3,4,3,3,3,4
CFB012026,C010,2025-03-03,4,4,4,4,2,4
CFB012027,C032,2025-03-03,4,4,5,4,4,3
CFB012028,C059,2025-03-04,4,5,5,4,3,5
CFB012029,C059,2025-03-04,5,4,4,4,3,4
CFB012030,C073,2025-03-04,4,4,4,5,4,5
CFB012031,C059,2025-03-04,4,3,5,4,2,5
CFB012032,C035,2025-03-04,4,4,2,5,3,2
CFB012033,C060,2025-03-04,4,3,4,5,4,5
CFB012034,C016,2025-03-04,2,3,3,5,2,4
CFB012035,C010,2025-03-04,4,3,3,3,2,4
CFB012036,C065,2025-03-04,4,4,3,3,4,3
CFB012037,C013,2025-03-04,5,4,4,4,2,4
CFB012038,C062,2025-03-04,3,4,4,4,2,5
CFB012039,C060,2025-03-05,5,4,4,3,4,4
CFB012040,C059,2025-03-05,3,4,2,4,3,3
CFB012041,C027,2025-03-05,4,2,2,5,2,3
CFB012042,C061,2025-03-06,4,3,5,4,3,4
CFB012043,C054,2025-03-06,4,3,3,3,2,4
CFB012044,C054,2025-03-06,2,3,4,4,3,4
CFB012045,C030,2025-03-06,4,5,5,4,4,4
CFB012046,C032,2025-03-06,4,5,3,4,3,4
CFB012047,C010,2025-03-06,4,3,5,5,3,3
CFB012048,C023,2025-03-07,5,4,3,3,4,3
CFB012049,C086,2025-03-07,3,4,3,4,3,3
CFB012050,C021,2025-03-07,2,4,3,5,2,3
CFB012051,C006,2025-03-07,4,4,4,4,4,4
CFB012052,C030,2025-03-07,5,3,3,4,2,3
CFB012053,C073,2025-03-07,3,2,3,4,2,2
CFB012054,C006,2025-03-07,5,5,5,5,3,4
CFB012055,C027,2025-03-07,4,4,4,4,2,5
CFB012056,C037,2025-03-08,4,2,4,5,2,3
CFB012057,C027,2025-03-08,3,4,5,5,3,5
CFB012058,C068,2025-03-08,3,5,5,3,3,5
CFB012059,C025,2025-03-08,5,5,5,4,3,3
CFB012060,C040,2025-03-08,4,4,3,4,3,4
CFB012061,C040,2025-03-08,4,5,5,3,4,5
CFB012062,C037,2025-03-08,3,2,5,2,3,4
CFB012063,C047,2025-03-08,4,4,4,3,3,4
CFB012064,C034,2025-03-08,4,4,5,5,3,5
CFB012065,C066,2025-03-09,5,4,4,5,3,4
CFB012066,C040,2025-03-09,4,4,4,5,3,4
CFB012067,C030,2025-03-09,4,2,3,3,3,4
CFB012068,C051,2025-03-09,5,3,3,3,2,4
CFB012069,C070,2025-03-09,5,4,2,4,4,2
CFB012070,C044,2025-03-09,4,2,4,4,2,4
CFB012071,C063,2025-03-09,4,3,3,3,1,4
CFB012072,C045,2025-03-09,4,5,3,3,3,4
CFB012073,C025,2025-03-09,5,5,5,5,3,5
CFB012074,C063,2025-03-09,2,4,3,5,2,4
CFB012075,C046,2025-03-09,4,4,5,3,3,4
CFB012076,C025,2025-03-09,3,3,4,2,2,3
CFB012077,C032,2025-03-09,4,4,3,4,4,5
CFB012078,C030,2025-03-10,3,3,5,3,4,5
CFB012079,C069,2025-03-10,5,4,3,3,3,5
CFB012080,C077,2025-03-10,4,2,5,3,3,4
CFB012081,C065,2025-03-10,4,3,3,4,1,3
CFB012082,C077,2025-03-10,4,4,4,4,2,4
CFB012083,C074,2025-03-10,5,3,4,4,3,5
CFB012084,C089,2025-03-10,3,4,2,4,2,4
CFB012085,C051,2025-03-10,3,5,3,3,5,3
CFB012086,C047,2025-03-11,4,3,3,4,2,3
CFB012087,C075,2025-03-11,4,4,3,4,3,4
CFB012088,C070,2025-03-11,5,2,5,3,3,5
CFB012089,C075,2025-03-11,4,4,3,4,4,4
CFB012090,C036,2025-03-11,3,3,2,4,3,4
CFB012091,C010,2025-03-11,4,4,4,4,3,5
CFB012092,C061,2025-03-11,4,1,4,3,4,3
CFB012093,C048,2025-03-11,3,2,4,4,2,3
CFB012094,C048,2025-03-11,5,5,4,3,1,5
CFB012095,C063,2025-03-11,3,4,5,4,3,4
CFB012096,C070,2025-03-11,5,2,5,4,3,4
CFB012097,C056,2025-03-11,4,3,5,4,3,4
CFB012098,C034,2025-03-11,4,3,3,3,2,5
CFB012099,C075,2025-03-12,4,5,4,5,5,4
CFB012100,C065,2025-03-12,5,5,4,5,3,4
CFB012101,C044,2025-03-12,5,4,5,5,3,5
CFB012102,C084,2025-03-13,4,4,2,3,3,3
CFB012103,C013,2025-03-13,2,4,3,3,2,3
CFB012104,C031,2025-03-13,4,3,4,5,2,4
CFB012105,C039,2025-03-13,5,3,5,5,3,4
CFB012106,C018,2025-03-13,4,5,3,5,2,3
CFB012107,C068,2025-03-13,4,5,4,3,5,3
CFB012108,C023,2025-03-13,4,4,3,3,3,4
CFB012109,C081,2025-03-13,4,4,3,5,2,3
CFB012110,C026,2025-03-13,4,4,5,5,3,3
CFB012111,C020,2025-03-13,4,4,4,4,3,3
CFB012112,C010,2025-03-13,3,4,4,4,3,4
CFB012113,C077,2025-03-13,4,2,3,3,2,1
CFB012114,C039,2025-03-14,3,4,5,3,2,5
CFB012115,C087,2025-03-14,3,5,4,4,2,5
CFB012116,C065,2025-03-14,3,3,3,5,1,5
CFB012117,C060,2025-03-14,4,2,4,4,1,3
CFB012118,C089,2025-03-14,2,3,4,4,4,3
CFB012119,C008,2025-03-14,4,4,4,3,3,3
CFB012120,C065,2025-03-14,2,4,3,3,3,4
CFB012121,C047,2025-03-14,5,4,5,4,4,2
CFB012122,C081,2025-03-14,3,4,2,5,2,5
CFB012123,C088,2025-03-14,5,5,4,4,5,5
CFB012124,C027,2025-03-15,4,4,5,5,4,5
CFB012125,C015,2025-03-15,3,3,5,4,5,3
CFB012126,C031,2025-03-15,4,4,5,3,2,5
CFB012127,C020,2025-03-16,3,3,5,4,3,4
CFB012128,C006,2025-03-16,3,3,4,3,3,3
CFB012129,C044,2025-03-16,5,5,4,5,3,5
CFB012130,C067,2025-03-16,5,4,5,4,3,1
CFB012131,C031,2025-03-16,3,4,3,3,3,3
CFB012132,C031,2025-03-16,3,3,2,4,2,3
CFB012133,C061,2025-03-16,5,5,5,3,4,4
CFB012134,C066,2025-03-16,3,3,4,4,3,4
CFB012135,C034,2025-03-16,4,4,4,4,2,2
CFB012136,C059,2025-03-16,5,4,4,4,3,5
CFB012137,C039,2025-03-16,4,4,4,5,3,4
CFB012138,C038,2025-03-16,4,3,4,5,3,4
CFB012139,C044,2025-03-16,3,2,2,4,2,2
CFB012140,C088,2025-03-16,5,2,4,4,3,4
CFB012141,C037,2025-03-16,4,4,4,4,5,3
CFB012142,C030,2025-03-16,3,4,4,3,2,4
CFB012143,C034,2025-03-16,5,2,4,4,2,3
CFB012144,C061,2025-03-17,5,5,4,5,4,5
CFB012145,C074,2025-03-17,5,4,5,5,3,4
CFB012146,C051,2025-03-17,3,3,3,5,2,4
CFB012147,C077,2025-03-17,2,2,3,2,1,4
CFB012148,C046,2025-03-17,4,4,3,4,3,4
CFB012149,C054,2025-03-17,4,3,2,4,4,3
CFB012150,C063,2025-03-17,4,3,3,4,1,4
CFB012151,C079,2025-03-17,3,3,2,2,1,2
CFB012152,C016,2025-03-17,5,2,4,5,4,4
CFB012153,C024,2025-03-18,3,5,5,3,5,4
CFB012154,C067,2025-03-18,4,4,3,5,3,2
CFB012155,C075,2025-03-18,3,3,4,4,4,4
CFB012156,C081,2025-03-18,4,3,2,3,4,3
CFB012157,C013,2025-03-18,4,5,4,4,4,3
CFB012158,C030,2025-03-18,4,5,4,4,3,5
CFB012159,C085,2025-03-18,5,3,4,5,3,4
CFB012160,C084,2025-03-18,3,3,4,2,2,4
CFB012161,C080,2025-03-18,4,5,3,5,2,4
CFB012162,C047,2025-03-18,5,3,3,4,3,2
CFB012163,C021,2025-03-18,4,3,5,5,4,4
CFB012164,C079,2025-03-18,4,2,2,3,5,4
CFB012165,C043,2025-03-18,5,4,3,4,4,5
CFB012166,C015,2025-03-19,5,2,5,3,3,4
CFB012167,C021,2025-03-19,5,3,2,5,4,3
CFB012168,C039,2025-03-19,2,3,4,5,3,4
CFB012169,C015,2025-03-19,3,5,2,4,1,3
CFB012170,C077,2025-03-19,4,4,4,3,4,4
CFB012171,C063,2025-03-19,3,4,3,5,2,5
CFB012172,C078,2025-03-20,5,2,4,4,4,4
CFB012173,C010,2025-03-20,5,4,4,4,3,4
CFB012174,C078,2025-03-20,4,2,3,3,4,2
CFB012175,C060,2025-03-20,5,4,4,5,3,4
CFB012176,C002,2025-03-20,5,4,4,5,3,4
CFB012177,C080,2025-03-20,4,4,5,5,3,4
CFB012178,C032,2025-03-20,4,3,4,4,3,3
CFB012179,C056,2025-03-21,3,5,4,3,3,3
CFB012180,C025,2025-03-21,4,4,5,2,1,4
CFB012181,C038,2025-03-21,4,4,2,5,4,4
CFB012182,C073,2025-03-21,4,3,5,3,2,5
CFB012183,C007,2025-03-21,4,4,2,5,1,4
CFB012184,C074,2025-03-21,4,4,2,4,3,3
CFB012185,C030,2025-03-21,4,5,5,3,3,5
CFB012186,C007,2025-03-22,3,3,3,3,3,3
CFB012187,C080,2025-03-22,3,4,4,5,4,3
CFB012188,C067,2025-03-22,3,3,2,2,3,4
CFB012189,C089,2025-03-22,3,4,3,4,3,5
CFB012190,C088,2025-03-22,3,3,4,4,3,4
CFB012191,C051,2025-03-22,5,5,3,5,2,4
CFB012192,C026,2025-03-22,3,1,4,4,4,2
CFB012193,C027,2025-03-22,5,5,5,5,2,5
CFB012194,C087,2025-03-23,4,3,3,2,4,4
CFB012195,C085,2025-03-23,5,4,5,5,3,4
CFB012196,C069,2025-03-23,5,5,5,5,5,4
CFB012197,C085,2025-03-23,4,5,3,5,3,5
CFB012198,C018,2025-03-23,4,3,4,5,4,3
CFB012199,C078,2025-03-23,4,3,2,5,4,3
CFB012200,C070,2025-03-23,3,3,4,4,2,3
CFB012201,C060,2025-03-24,5,5,2,4,4,3
CFB012202,C073,2025-03-24,5,5,3,4,4,3
CFB012203,C081,2025-03-24,3,3,3,2,2,3
CFB012204,C086,2025-03-24,4,3,3,1,2,3
CFB012205,C086,2025-03-24,4,4,3,4,3,4
CFB012206,C084,2025-03-24,3,5,5,5,4,5
CFB012207,C046,2025-03-24,5,4,3,5,4,4
CFB012208,C067,2025-03-25,2,5,3,4,2,5
CFB012209,C069,2025-03-25,4,4,2,2,3,4
CFB012210,C078,2025-03-25,5,5,5,5,3,3
CFB012211,C035,2025-03-25,4,4,4,5,4,2
CFB012212,C036,2025-03-25,3,4,4,4,1,4
CFB012213,C051,2025-03-26,4,4,3,4,3,3
CFB012214,C067,2025-03-26,4,4,4,3,3,4
CFB012215,C074,2025-03-26,3,4,4,2,5,4
CFB012216,C036,2025-03-26,4,4,4,4,2,4
CFB012217,C004,2025-03-26,4,3,4,5,4,3
CFB012218,C037,2025-03-26,5,3,3,4,3,5
CFB012219,C021,2025-03-26,4,4,4,5,2,4
CFB012220,C043,2025-03-26,4,5,3,4,3,4
CFB012221,C063,2025-03-26,5,5,5,4,2,5
CFB012222,C054,2025-03-27,4,5,5,4,3,5
CFB012223,C086,2025-03-27,5,4,3,4,4,4
CFB012224,C088,2025-03-27,5,4,5,3,3,3
CFB012225,C067,2025-03-27,4,3,4,4,4,3
CFB012226,C060,2025-03-28,5,2,3,5,4,3
CFB012227,C004,2025-03-28,5,5,4,4,3,3
CFB012228,C039,2025-03-28,5,5,3,3,3,4
CFB012229,C073,2025-03-28,4,3,4,4,3,3
CFB012230,C008,2025-03-28,4,4,5,3,4,4
CFB012231,C089,2025-03-28,3,4,3,4,4,3
CFB012232,C067,2025-03-28,5,4,4,5,4,5
CFB012233,C078,2025-03-28,5,5,4,4,2,4
CFB012234,C044,2025-03-29,4,4,4,5,4,5
CFB012235,C061,2025-03-29,3,5,2,3,2,2
CFB012236,C025,2025-03-29,5,4,4,3,3,5
CFB012237,C046,2025-03-29,5,4,4,4,4,5
CFB012238,C039,2025-03-29,3,4,4,3,2,2
CFB012239,C051,2025-03-29,4,5,3,5,5,4
CFB012240,C081,2025-03-29,5,3,5,3,2,4
CFB012241,C020,2025-03-29,5,5,5,5,4,3
CFB012242,C043,2025-03-29,5,3,3,3,3,5
CFB012243,C084,2025-03-29,4,3,4,4,2,3
CFB012244,C065,2025-03-29,4,3,4,5,2,3
CFB012245,C018,2025-03-30,4,4,4,5,3,4
CFB012246,C008,2025-03-30,2,3,3,2,2,5
CFB012247,C023,2025-03-30,5,4,3,3,5,4
CFB012248,C018,2025-03-30,2,2,3,3,4,3
CFB012249,C081,2025-03-30,4,4,4,5,2,4
CFB012250,C062,2025-03-30,4,3,4,3,2,4
CFB012251,C007,2025-03-30,5,4,5,5,2,4
CFB012252,C062,2025-03-30,5,4,3,2,3,5
CFB012253,C040,2025-03-30,4,4,4,4,5,4
CFB012254,C013,2025-03-30,3,5,3,3,4,4
CFB012255,C087,2025-03-31,4,2,4,3,5,5
CFB012256,C037,2025-03-31,3,3,3,4,3,2
CFB012257,C023,2025-03-31,4,4,4,4,2,2
CFB012258,C056,2025-03-31,5,4,4,4,3,4
CFB012259,C087,2025-03-31,5,5,5,5,4,5
CFB012260,C062,2025-03-31,4,4,1,3,3,5
CFB012261,C027,2025-03-31,3,3,5,4,4,3
CFB012262,C084,2025-03-31,4,4,4,3,3,3
CFB012263,C025,2025-03-31,3,3,4,3,5,3
CFB012264,C020,2025-03-31,4,4,4,3,3,3
CFB012265,C032,2025-03-31,3,4,3,4,4,4
CFB012266,C006,2025-04-01,4,4,5,5,2,3
CFB012267,C081,2025-04-01,5,3,5,5,4,4
CFB012268,C068,2025-04-01,3,3,4,4,3,2
CFB012269,C021,2025-04-01,4,4,3,3,3,4
CFB012270,C081,2025-04-01,3,5,3,5,3,5
CFB012271,C080,2025-04-01,5,5,3,5,5,4
CFB012272,C088,2025-04-01,3,3,5,3,2,3
CFB012273,C034,2025-04-01,4,2,2,5,4,5
CFB012274,C051,2025-04-01,3,2,5,3,3,5
CFB012275,C039,2025-04-01,3,3,4,5,3,4
CFB012276,C043,2025-04-02,4,3,5,5,3,3
CFB012277,C065,2025-04-02,5,5,5,5,3,4
CFB012278,C008,2025-04-02,5,4,5,5,4,5
CFB012279,C034,2025-04-02,3,4,4,1,3,3
CFB012280,C073,2025-04-02,5,5,5,4,5,5
CFB012281,C035,2025-04-02,2,2,3,3,5,2
CFB012282,C018,2025-04-02,5,5,3,2,2,5
CFB012283,C079,2025-04-02,4,4,4,3,2,5
CFB012284,C044,2025-04-03,4,3,2,2,3,2
CFB012285,C069,2025-04-03,4,2,3,4,3,4
CFB012286,C079,2025-04-03,4,3,3,3,1,3
CFB012287,C080,2025-04-03,5,2,3,4,4,3
CFB012288,C031,2025-04-03,2,2,2,4,4,2
CFB012289,C078,2025-04-03,3,2,3,3,2,3
CFB012290,C048,2025-04-03,4,4,3,3,2,5
CFB012291,C085,2025-04-03,4,5,5,4,4,3
CFB012292,C034,2025-04-03,4,3,4,3,2,3
CFB012293,C039,2025-04-03,4,4,3,1,3,3
CFB012294,C086,2025-04-04,3,4,3,4,4,4
CFB012295,C046,2025-04-04,5,4,5,4,4,3
CFB012296,C086,2025-04-04,5,5,3,4,3,5
CFB012297,C067,2025-04-04,3,3,3,4,4,2
CFB012298,C067,2025-04-04,4,4,3,4,3,4
CFB012299,C073,2025-04-04,4,4,3,5,3,3
CFB012300,C051,2025-04-05,5,5,5,4,3,4
CFB012301,C069,2025-04-05,4,5,3,3,2,4
CFB012302,C065,2025-04-05,5,2,3,4,2,3
CFB012303,C087,2025-04-05,5,4,4,5,4,4
CFB012304,C084,2025-04-05,4,4,2,4,3,4
CFB012305,C006,2025-04-05,5,3,3,5,4,3
CFB012306,C055,2025-04-05,4,3,3,5,5,5
CFB012307,C068,2025-04-05,4,5,4,4,2,3
CFB012308,C081,2025-04-05,4,3,4,4,1,2
CFB012309,C006,2025-04-05,3,2,4,4,1,3
CFB012310,C025,2025-04-05,4,2,4,5,2,4
CFB012311,C047,2025-04-05,5,4,4,3,4,4
CFB012312,C055,2025-04-05,4,4,5,5,3,4
CFB012313,C080,2025-04-05,3,3,4,4,2,4
CFB012314,C062,2025-04-05,3,3,2,4,1,4
CFB012315,C067,2025-04-05,3,1,3,4,3,5
CFB012316,C089,2025-04-05,3,3,5,5,3,3
CFB012317,C085,2025-04-05,4,5,4,3,4,4
CFB012318,C079,2025-04-05,3,3,4,4,4,5
CFB012319,C046,2025-04-05,4,4,3,4,3,5
CFB012320,C026,2025-04-05,4,5,4,4,5,5
CFB012321,C088,2025-04-05,4,2,3,4,1,3
CFB012322,C013,2025-04-05,2,1,3,3,4,4
CFB012323,C088,2025-04-05,5,3,3,4,3,5
CFB012324,C065,2025-04-05,5,2,2,2,2,3
CFB012325,C007,2025-04-05,3,5,4,3,4,3
CFB012326,C018,2025-04-05,3,3,3,3,2,3
CFB012327,C079,2025-04-05,3,3,4,5,4,4
CFB012328,C084,2025-04-05,4,3,3,4,3,3
CFB012329,C034,2025-04-05,5,5,5,5,5,4
CFB012330,C051,2025-04-05,2,4,3,4,2,4
CFB012331,C039,2025-04-05,4,5,5,4,1,4
CFB012332,C062,2025-04-05,2,3,4,3,2,2
CFB012333,C080,2025-04-05,4,3,4,3,4,3
CFB012334,C020,2025-04-06,5,3,2,5,3,1
CFB012335,C080,2025-04-06,3,4,3,4,3,5
CFB012336,C080,2025-04-06,4,4,5,4,4,4
CFB012337,C087,2025-04-06,5,4,4,4,4,4
CFB012338,C037,2025-04-06,4,5,4,5,4,4
CFB012339,C034,2025-04-06,3,2,3,4,5,4
CFB012340,C077,2025-04-06,4,4,3,4,2,5
CFB012341,C054,2025-04-06,3,3,3,4,2,5
CFB012342,C004,2025-04-06,2,2,4,4,3,4
CFB012343,C018,2025-04-06,5,3,4,4,2,3
CFB012344,C004,2025-04-06,5,3,5,4,3,4
CFB012345,C086,2025-04-06,4,5,4,4,3,5
CFB012346,C066,2025-04-06,3,3,3,3,3,5
CFB012347,C070,2025-04-06,3,3,4,4,3,4
CFB012348,C010,2025-04-06,4,5,5,4,3,5
CFB012349,C077,2025-04-06,4,5,5,2,2,3
CFB012350,C066,2025-04-06,4,4,5,3,4,4
CFB012351,C030,2025-04-06,4,3,5,4,3,4
CFB012352,C074,2025-04-06,4,3,3,5,3,3
CFB012353,C040,2025-04-06,3,3,3,3,2,4
CFB012354,C066,2025-04-06,5,3,2,5,4,5
CFB012355,C078,2025-04-06,5,4,5,4,4,3
CFB012356,C027,2025-04-06,3,4,5,5,4,5
CFB012357,C075,2025-04-06,5,4,5,5,4,5
CFB012358,C051,2025-04-06,3,3,3,3,3,4
CFB012359,C081,2025-04-06,4,3,4,5,3,3
CFB012360,C020,2025-04-06,5,5,5,5,3,4
CFB012361,C024,2025-04-06,3,2,4,4,3,3
CFB012362,C078,2025-04-06,4,5,3,5,2,5
CFB012363,C077,2025-04-06,3,2,2,3,5,5
CFB012364,C048,2025-04-06,3,3,3,2,3,3
CFB012365,C013,2025-04-06,4,5,3,5,1,5
CFB012366,C040,2025-04-06,3,4,5,4,3,3
CFB012367,C062,2025-04-06,4,3,2,4,4,3
CFB012368,C063,2025-04-06,5,2,4,3,3,4
CFB012369,C051,2025-04-07,5,3,3,4,2,3
CFB012370,C045,2025-04-07,3,3,4,1,3,4
CFB012371,C078,2025-04-07,4,4,4,4,4,5
CFB012372,C006,2025-04-07,4,3,5,5,5,4
CFB012373,C021,2025-04-07,5,2,1,2,1,3
CFB012374,C084,2025-04-07,4,5,3,5,4,4
CFB012375,C047,2025-04-07,5,4,4,4,4,5
CFB012376,C030,2025-04-07,4,4,3,3,3,4
CFB012377,C032,2025-04-07,5,3,5,3,4,5
CFB012378,C065,2025-04-07,4,4,4,5,4,3
CFB012379,C061,2025-04-07,4,4,4,3,3,5
CFB012380,C038,2025-04-07,3,4,4,3,2,3
CFB012381,C025,2025-04-07,5,5,4,5,5,4
CFB012382,C013,2025-04-07,3,1,3,3,3,1
CFB012383,C008,2025-04-07,4,3,3,3,5,5
CFB012384,C060,2025-04-07,5,3,4,3,2,4
CFB012385,C024,2025-04-07,5,5,5,4,3,3
CFB012386,C085,2025-04-07,2,2,3,1,1,2
CFB012387,C074,2025-04-07,5,3,4,4,5,4
CFB012388,C067,2025-04-07,3,4,3,3,5,4
CFB012389,C087,2025-04-07,4,5,5,4,4,3
CFB012390,C036,2025-04-07,3,4,4,3,2,3
CFB012391,C055,2025-04-07,5,4,3,4,3,3
CFB012392,C079,2025-04-07,5,5,3,4,5,5
CFB012393,C044,2025-04-07,5,4,4,3,3,5
CFB012394,C027,2025-04-07,4,4,3,3,3,5
CFB012395,C013,2025-04-07,4,4,4,5,4,4
CFB012396,C017,2025-04-07,3,4,5,4,3,3
CFB012397,C065,2025-04-07,4,3,4,4,4,5
CFB012398,C088,2025-04-07,5,4,5,3,3,3
CFB012399,C065,2025-04-07,2,4,3,3,3,5
CFB012400,C039,2025-04-07,5,4,3,4,3,4
CFB012401,C027,2025-04-07,5,5,5,5,3,4
CFB012402,C077,2025-04-07,5,3,3,4,2,4
CFB012403,C065,2025-04-07,5,3,4,3,2,3
CFB012404,C010,2025-04-07,4,4,2,5,5,4
CFB012405,C073,2025-04-08,3,2,2,3,4,5
CFB012406,C021,2025-04-08,5,4,3,3,3,3
CFB012407,C088,2025-04-08,3,4,3,2,3,2
CFB012408,C075,2025-04-08,4,3,5,5,4,4
CFB012409,C046,2025-04-08,4,4,5,3,4,5
CFB012410,C085,2025-04-08,4,2,3,5,3,3
CFB012411,C066,2025-04-08,3,4,4,4,3,3
CFB012412,C069,2025-04-08,4,5,4,5,4,3
CFB012413,C020,2025-04-08,3,3,4,5,4,4
CFB012414,C010,2025-04-08,5,4,5,4,3,5
CFB012415,C070,2025-04-08,4,5,4,4,3,3
CFB012416,C089,2025-04-08,5,2,3,2,1,4
CFB012417,C060,2025-04-08,4,5,5,4,4,5
CFB012418,C046,2025-04-08,5,3,4,3,4,5
CFB012419,C069,2025-04-08,4,2,4,3,3,3
CFB012420,C004,2025-04-08,3,4,3,3,3,4
CFB012421,C074,2025-04-08,4,4,4,5,4,3
CFB012422,C010,2025-04-08,5,3,3,4,5,5
CFB012423,C062,2025-04-08,4,4,3,4,3,4
CFB012424,C007,2025-04-08,4,4,5,5,1,4
CFB012425,C056,2025-04-08,4,4,3,4,3,5
CFB012426,C035,2025-04-08,4,4,5,4,4,3
CFB012427,C020,2025-04-08,3,4,5,5,3,5
CFB012428,C059,2025-04-08,4,4,2,3,2,4
CFB012429,C002,2025-04-08,2,4,4,3,4,5
CFB012430,C040,2025-04-08,5,5,4,5,4,3
CFB012431,C073,2025-04-08,5,4,4,4,1,4
CFB012432,C038,2025-04-08,3,3,4,5,2,5
CFB012433,C069,2025-04-09,5,2,4,3,3,3
CFB012434,C086,2025-04-09,3,5,4,4,3,4
CFB012435,C010,2025-04-09,5,5,5,5,2,3
CFB012436,C031,2025-04-09,5,5,5,4,2,5
CFB012437,C017,2025-04-09,3,5,4,4,3,5
CFB012438,C020,2025-04-09,4,2,3,3,3,4
CFB012439,C080,2025-04-09,5,2,5,5,4,5
CFB012440,C026,2025-04-09,3,3,5,4,2,4
CFB012441,C026,2025-04-09,4,5,3,5,5,3
CFB012442,C068,2025-04-09,5,5,5,4,5,5
CFB012443,C074,2025-04-09,3,3,4,2,2,4
CFB012444,C086,2025-04-09,5,4,4,5,4,5
CFB012445,C036,2025-04-09,4,4,4,3,4,3
CFB012446,C080,2025-04-09,3,3,3,4,5,3
CFB012447,C085,2025-04-09,5,4,5,3,4,5
CFB012448,C051,2025-04-09,2,2,3,5,3,4
CFB012449,C056,2025-04-09,4,3,5,5,1,4
CFB012450,C086,2025-04-09,4,4,3,5,4,4
CFB012451,C086,2025-04-09,5,3,5,4,2,3
CFB012452,C086,2025-04-09,5,4,4,5,3,4
CFB012453,C023,2025-04-09,4,3,5,5,3,4
CFB012454,C036,2025-04-09,3,3,1,3,3,5
CFB012455,C063,2025-04-09,4,4,5,3,4,5
CFB012456,C066,2025-04-09,4,4,4,4,3,4
CFB012457,C085,2025-04-09,3,4,5,3,4,3
CFB012458,C054,2025-04-09,3,3,4,4,3,4
CFB012459,C086,2025-04-09,4,4,3,5,2,4
CFB012460,C054,2025-04-09,5,4,5,3,4,4
CFB012461,C040,2025-04-09,4,5,4,5,4,3
CFB012462,C060,2025-04-09,3,3,5,4,4,2
CFB012463,C039,2025-04-09,5,4,5,4,3,4
CFB012464,C086,2025-04-09,5,3,3,5,4,4
CFB012465,C002,2025-04-09,3,4,5,5,4,5
CFB012466,C016,2025-04-09,4,3,3,3,3,2
CFB012467,C027,2025-04-09,3,4,5,5,5,4
CFB012468,C018,2025-04-09,4,4,3,4,3,4
CFB012469,C027,2025-04-09,5,3,4,4,3,3
CFB012470,C081,2025-04-09,5,3,4,4,3,4
CFB012471,C068,2025-04-10,4,4,5,5,3,5
CFB012472,C066,2025-04-10,4,5,4,4,4,5
CFB012473,C080,2025-04-10,4,4,4,4,3,2
CFB012474,C027,2025-04-10,5,4,4,3,4,4
CFB012475,C025,2025-04-10,4,4,4,5,2,4
CFB012476,C036,2025-04-10,3,4,3,3,3,2
CFB012477,C051,2025-04-10,2,3,5,3,3,3
CFB012478,C081,2025-04-10,5,2,5,5,5,4
CFB012479,C070,2025-04-10,3,2,3,4,4,4
CFB012480,C048,2025-04-10,3,3,2,2,3,4
CFB012481,C008,2025-04-10,4,2,4,3,1,4
CFB012482,C036,2025-04-10,5,2,3,3,5,3
CFB012483,C089,2025-04-10,4,4,2,3,4,4
CFB012484,C013,2025-04-10,3,2,3,1,3,4
CFB012485,C026,2025-04-10,4,3,2,4,5,3
CFB012486,C073,2025-04-10,4,5,3,4,4,5
CFB012487,C040,2025-04-10,3,3,3,3,3,4
CFB012488,C015,2025-04-10,4,4,4,4,3,3
CFB012489,C017,2025-04-10,4,2,2,5,3,4
CFB012490,C067,2025-04-10,3,3,4,5,3,3
CFB012491,C051,2025-04-10,4,4,5,5,2,5
CFB012492,C054,2025-04-10,5,2,2,5,3,4
CFB012493,C077,2025-04-10,5,5,4,3,3,4
CFB012494,C026,2025-04-10,5,5,4,5,1,3
CFB012495,C037,2025-04-10,4,4,3,4,2,3
CFB012496,C015,2025-04-10,4,4,4,4,3,4
CFB012497,C073,2025-04-10,2,3,3,4,3,4
CFB012498,C032,2025-04-10,5,4,5,3,1,4
CFB012499,C089,2025-04-10,4,4,3,5,3,4
CFB012500,C043,2025-04-10,5,5,5,4,4,5
CFB012501,C067,2025-04-10,3,5,5,4,4,5
CFB012502,C007,2025-04-10,5,3,3,4,2,3
CFB012503,C037,2025-04-10,5,4,2,5,3,5
CFB012504,C084,2025-04-10,4,3,3,3,3,5
CFB012505,C045,2025-04-10,4,3,5,2,2,4
CFB012506,C040,2025-04-10,4,3,3,4,3,3
CFB012507,C039,2025-04-10,4,4,3,4,4,2
CFB012508,C081,2025-04-10,3,4,4,4,5,5
CFB012509,C044,2025-04-10,3,4,4,4,2,3
CFB012510,C034,2025-04-10,5,3,4,5,3,5
CFB012511,C036,2025-04-11,4,4,4,3,2,5
CFB012512,C047,2025-04-11,3,3,4,5,4,4
CFB012513,C018,2025-04-11,5,4,4,3,3,3
CFB012514,C002,2025-04-11,4,4,3,5,3,4
CFB012515,C030,2025-04-11,5,4,5,5,5,3
CFB012516,C054,2025-04-11,4,3,5,5,3,3
CFB012517,C037,2025-04-11,3,3,3,4,3,5
CFB012518,C069,2025-04-11,5,3,4,3,2,4
CFB012519,C039,2025-04-11,4,3,4,4,3,5
CFB012520,C085,2025-04-11,5,3,3,4,4,5
CFB012521,C087,2025-04-11,5,4,5,4,3,4
CFB012522,C066,2025-04-11,5,5,5,3,1,4
CFB012523,C024,2025-04-11,4,3,3,4,3,5
CFB012524,C061,2025-04-11,5,3,3,4,5,4
CFB012525,C013,2025-04-11,3,5,3,4,4,5
CFB012526,C081,2025-04-11,4,4,3,3,3,2
CFB012527,C044,2025-04-11,4,4,4,3,5,4
CFB012528,C085,2025-04-11,4,5,4,3,1,4
CFB012529,C061,2025-04-11,5,3,3,3,4,4
CFB012530,C039,2025-04-11,5,5,5,5,2,4
CFB012531,C061,2025-04-11,5,4,5,5,4,4
CFB012532,C088,2025-04-11,3,4,4,4,4,4
CFB012533,C045,2025-04-11,4,3,2,5,2,5
CFB012534,C086,2025-04-11,3,5,5,4,2,5
CFB012535,C080,2025-04-11,5,5,5,4,3,5
CFB012536,C039,2025-04-11,4,4,3,3,2,4
CFB012537,C025,2025-04-11,3,4,3,3,4,3
CFB012538,C055,2025-04-11,4,4,4,4,1,2
CFB012539,C031,2025-04-11,4,5,4,4,2,4
CFB012540,C088,2025-04-11,4,4,3,5,3,3
CFB012541,C078,2025-04-11,5,5,5,5,4,4
CFB012542,C046,2025-04-11,5,5,5,4,3,4
CFB012543,C077,2025-04-11,4,3,3,5,3,5
CFB012544,C032,2025-04-11,4,4,4,4,3,4
CFB012545,C060,2025-04-11,5,3,5,3,3,5
CFB012546,C018,2025-04-11,4,2,2,2,3,3
CFB012547,C063,2025-04-11,3,4,4,4,3,3
CFB012548,C037,2025-04-11,4,4,5,4,4,5
CFB012549,C066,2025-04-11,4,5,3,4,3,3
CFB012550,C075,2025-04-11,3,4,4,4,3,5
CFB012551,C065,2025-04-11,5,3,4,5,1,4
CFB012552,C010,2025-04-11,4,4,4,3,3,5
CFB012553,C073,2025-04-11,5,4,5,4,3,5
CFB012554,C047,2025-04-11,5,3,4,3,4,4
CFB012555,C070,2025-04-11,4,3,4,4,2,5
CFB012556,C075,2025-04-12,5,1,5,5,4,3
CFB012557,C025,2025-04-12,4,4,5,5,4,4
CFB012558,C026,2025-04-12,4,4,4,4,4,5
CFB012559,C036,2025-04-12,4,4,5,4,3,5
CFB012560,C054,2025-04-12,5,3,4,5,4,4
CFB012561,C060,2025-04-12,4,3,4,4,4,4
CFB012562,C008,2025-04-12,5,5,5,4,2,5
CFB012563,C074,2025-04-12,5,4,3,5,2,4
CFB012564,C024,2025-04-12,3,4,3,4,4,3
CFB012565,C002,2025-04-12,5,4,3,3,3,5
CFB012566,C062,2025-04-12,4,4,4,3,4,3
CFB012567,C047,2025-04-12,5,5,4,5,4,5
CFB012568,C059,2025-04-12,3,5,4,5,3,5
CFB012569,C085,2025-04-12,5,5,3,4,2,2
CFB012570,C047,2025-04-12,1,3,3,5,5,3
CFB012571,C010,2025-04-12,4,5,3,5,4,5
CFB012572,C068,2025-04-12,5,4,3,4,3,5
CFB012573,C006,2025-04-12,3,5,5,4,5,4
CFB012574,C034,2025-04-12,5,2,5,3,5,4
CFB012575,C086,2025-04-12,5,5,5,5,4,4
CFB012576,C069,2025-04-12,5,5,5,5,3,5
CFB012577,C035,2025-04-12,4,4,4,3,2,4
CFB012578,C034,2025-04-12,5,4,5,3,4,3
CFB012579,C013,2025-04-12,4,5,4,4,3,3
CFB012580,C063,2025-04-12,5,3,5,5,1,4
CFB012581,C081,2025-04-12,5,5,5,5,3,4
CFB012582,C087,2025-04-12,4,4,5,4,4,5
CFB012583,C038,2025-04-12,3,3,4,3,4,5
CFB012584,C040,2025-04-12,4,5,5,3,2,4
CFB012585,C002,2025-04-12,4,3,5,5,5,4
CFB012586,C037,2025-04-12,4,3,4,3,1,5
CFB012587,C048,2025-04-12,5,4,4,5,4,3
CFB012588,C021,2025-04-12,4,4,3,5,4,4
CFB012589,C063,2025-04-12,5,5,5,5,2,5
CFB012590,C046,2025-04-12,2,3,3,5,3,3
CFB012591,C084,2025-04-12,4,3,3,5,3,3
CFB012592,C084,2025-04-12,5,5,4,5,3,4
CFB012593,C025,2025-04-12,5,4,2,4,3,3
CFB012594,C002,2025-04-12,4,3,3,4,2,3
CFB012595,C075,2025-04-13,3,4,3,3,1,2
CFB012596,C038,2025-04-13,5,5,5,5,4,5
CFB012597,C027,2025-04-13,5,4,4,4,4,5
CFB012598,C054,2025-04-13,5,5,5,5,2,4
CFB012599,C088,2025-04-13,4,3,3,4,3,5
CFB012600,C039,2025-04-13,5,5,5,4,4,5
CFB012601,C016,2025-04-13,4,3,5,4,2,3
CFB012602,C047,2025-04-13,4,5,5,4,3,4
CFB012603,C088,2025-04-13,5,3,4,4,5,5
CFB012604,C077,2025-04-13,4,5,4,5,3,3
CFB012605,C087,2025-04-13,3,3,3,3,4,4
CFB012606,C021,2025-04-13,3,3,4,3,1,2
CFB012607,C034,2025-04-13,3,3,4,5,2,4
CFB012608,C086,2025-04-13,4,3,2,4,4,4
CFB012609,C021,2025-04-13,5,5,5,4,2,3
CFB012610,C081,2025-04-13,4,3,4,3,4,3
CFB012611,C073,2025-04-13,5,2,3,4,2,4
CFB012612,C034,2025-04-13,5,3,5,4,4,5
CFB012613,C035,2025-04-13,4,3,4,3,4,5
CFB012614,C044,2025-04-13,5,4,4,4,2,4
CFB012615,C055,2025-04-13,4,3,4,5,2,5
CFB012616,C069,2025-04-13,2,4,1,3,3,2
CFB012617,C010,2025-04-13,3,3,2,3,2,5
CFB012618,C006,2025-04-13,4,5,5,4,5,5
CFB012619,C039,2025-04-13,3,4,3,4,3,4
CFB012620,C025,2025-04-13,4,2,5,4,4,3
CFB012621,C037,2025-04-13,2,4,4,4,5,3
CFB012622,C070,2025-04-13,4,3,4,5,4,4
CFB012623,C080,2025-04-13,3,4,4,4,4,2
CFB012624,C078,2025-04-13,5,5,4,5,2,5
CFB012625,C026,2025-04-13,5,4,4,3,4,3
CFB012626,C073,2025-04-13,4,5,5,4,4,3
CFB012627,C048,2025-04-13,4,3,2,5,4,4
CFB012628,C088,2025-04-13,3,2,4,5,3,2
CFB012629,C037,2025-04-14,4,3,4,4,3,4
CFB012630,C040,2025-04-14,4,4,5,3,2,3
CFB012631,C060,2025-04-14,5,3,5,4,3,4
CFB012632,C032,2025-04-14,4,4,5,5,2,4
CFB012633,C046,2025-04-14,5,3,5,3,4,5
CFB012634,C020,2025-04-14,3,5,3,4,4,5
CFB012635,C031,2025-04-14,5,4,4,5,3,5
CFB012636,C031,2025-04-14,5,4,3,4,5,5
CFB012637,C035,2025-04-14,3,4,2,3,3,3
CFB012638,C021,2025-04-14,3,3,4,3,4,5
CFB012639,C044,2025-04-14,4,5,4,3,2,4
CFB012640,C027,2025-04-14,3,2,3,4,3,4
CFB012641,C037,2025-04-14,5,5,4,4,4,5
CFB012642,C067,2025-04-14,5,4,5,4,2,4
CFB012643,C032,2025-04-14,4,4,5,4,3,4
CFB012644,C030,2025-04-14,4,2,3,4,3,4
CFB012645,C078,2025-04-14,4,2,3,3,3,2
CFB012646,C017,2025-04-14,3,3,4,5,4,5
CFB012647,C061,2025-04-14,5,5,4,4,2,4
CFB012648,C006,2025-04-14,4,4,2,4,4,3
CFB012649,C070,2025-04-14,3,3,4,3,4,3
CFB012650,C008,2025-04-14,4,4,4,3,3,4
CFB012651,C068,2025-04-14,4,4,3,4,3,5
CFB012652,C089,2025-04-14,4,5,5,4,3,5
CFB012653,C025,2025-04-14,3,4,5,4,3,3
CFB012654,C055,2025-04-14,3,4,4,3,2,3
CFB012655,C016,2025-04-14,4,3,4,4,5,5
CFB012656,C081,2025-04-14,3,3,4,4,3,4
CFB012657,C031,2025-04-14,3,5,2,2,3,4
CFB012658,C044,2025-04-15,4,3,5,5,3,4
CFB012659,C061,2025-04-15,2,3,3,3,3,4
CFB012660,C027,2025-04-15,5,4,4,4,2,3
CFB012661,C031,2025-04-15,4,4,5,5,4,5
CFB012662,C025,2025-04-15,5,5,5,5,5,3
CFB012663,C067,2025-04-15,4,4,4,4,4,4
CFB012664,C027,2025-04-15,4,4,3,3,3,3
CFB012665,C026,2025-04-15,3,5,5,3,3,5
CFB012666,C021,2025-04-15,3,4,3,3,2,2
CFB012667,C084,2025-04-15,4,4,5,4,4,5
CFB012668,C030,2025-04-15,4,4,2,4,4,5
CFB012669,C025,2025-04-15,2,5,4,4,4,5
CFB012670,C060,2025-04-15,5,3,2,4,5,5
CFB012671,C061,2025-04-15,5,5,4,5,1,5
CFB012672,C065,2025-04-15,5,4,4,5,3,4
CFB012673,C010,2025-04-15,4,5,3,5,3,4
CFB012674,C027,2025-04-15,5,3,3,3,4,2
CFB012675,C015,2025-04-15,2,3,3,3,4,3
CFB012676,C023,2025-04-15,4,3,3,4,4,5
CFB012677,C025,2025-04-15,4,5,4,3,5,4
CFB012678,C036,2025-04-15,4,4,5,3,4,5
CFB012679,C077,2025-04-15,5,2,3,4,3,4
CFB012680,C066,2025-04-15,4,2,4,3,2,4
CFB012681,C073,2025-04-15,5,4,5,2,3,4
CFB012682,C063,2025-04-15,4,5,4,3,3,5
CFB012683,C055,2025-04-15,3,3,4,5,3,4
CFB012684,C073,2025-04-15,4,3,4,4,3,4
CFB012685,C055,2025-04-15,4,5,4,5,3,4
CFB012686,C065,2025-04-15,5,4,3,4,4,4
CFB012687,C013,2025-04-15,3,4,4,3,4,2
CFB012688,C040,2025-04-15,5,4,4,4,2,4
CFB012689,C089,2025-04-15,5,4,5,4,4,5
CFB012690,C020,2025-04-16,3,3,3,5,3,4
CFB012691,C077,2025-04-16,4,2,4,4,2,4
CFB012692,C066,2025-04-16,4,1,4,3,1,4
CFB012693,C086,2025-04-16,4,4,4,5,4,4
CFB012694,C031,2025-04-16,5,4,5,4,4,4
CFB012695,C032,2025-04-16,4,4,4,5,3,3
CFB012696,C065,2025-04-16,3,2,2,3,2,3
CFB012697,C067,2025-04-16,3,3,4,4,2,3
CFB012698,C054,2025-04-16,5,4,3,3,4,3
CFB012699,C068,2025-04-16,5,2,2,4,1,5
CFB012700,C040,2025-04-16,5,4,3,4,1,2
CFB012701,C079,2025-04-16,4,3,3,2,5,4
CFB012702,C054,2025-04-16,5,5,5,4,4,5
CFB012703,C040,2025-04-16,4,4,4,3,4,4
CFB012704,C060,2025-04-16,5,5,3,4,2,3
CFB012705,C023,2025-04-16,4,4,4,3,3,2
CFB012706,C016,2025-04-16,5,3,5,4,4,3
CFB012707,C067,2025-04-16,5,1,4,4,2,4
CFB012708,C061,2025-04-16,5,4,4,4,5,3
CFB012709,C084,2025-04-16,4,4,3,3,2,4
CFB012710,C078,2025-04-16,4,4,4,4,2,5
CFB012711,C044,2025-04-16,5,4,5,4,2,5
CFB012712,C087,2025-04-16,4,3,3,4,4,3
CFB012713,C044,2025-04-16,3,3,2,5,4,4
CFB012714,C070,2025-04-16,3,4,3,5,4,5
CFB012715,C074,2025-04-16,4,3,3,3,1,4
CFB012716,C046,2025-04-16,5,4,4,4,3,5
CFB012717,C016,2025-04-16,3,4,3,4,2,4
CFB012718,C015,2025-04-16,3,4,4,2,4,4
CFB012719,C007,2025-04-16,5,3,4,3,5,3
CFB012720,C075,2025-04-17,2,3,3,2,2,4
CFB012721,C070,2025-04-17,2,4,3,3,3,3
CFB012722,C010,2025-04-17,4,2,4,5,5,4
CFB012723,C089,2025-04-17,4,4,5,4,3,5
CFB012724,C018,2025-04-17,5,5,4,5,3,5
CFB012725,C086,2025-04-17,3,2,3,4,2,4
CFB012726,C037,2025-04-17,4,4,5,4,2,5
CFB012727,C079,2025-04-17,5,4,4,4,4,5
CFB012728,C056,2025-04-17,2,4,5,3,3,5
CFB012729,C032,2025-04-17,4,4,4,5,4,4
CFB012730,C075,2025-04-17,4,4,5,5,3,5
CFB012731,C017,2025-04-17,5,2,4,3,4,5
CFB012732,C059,2025-04-17,4,3,3,2,4,4
CFB012733,C024,2025-04-17,5,5,4,5,3,5
CFB012734,C080,2025-04-17,5,4,4,4,5,4
CFB012735,C007,2025-04-17,4,4,5,5,4,5
CFB012736,C030,2025-04-17,3,4,5,3,4,2
CFB012737,C026,2025-04-17,4,5,5,4,2,5
CFB012738,C020,2025-04-17,4,2,3,4,2,5
CFB012739,C070,2025-04-17,5,4,4,4,3,5
CFB012740,C085,2025-04-18,3,3,3,3,2,2
CFB012741,C062,2025-04-18,5,5,4,5,4,3
CFB012742,C069,2025-04-18,5,3,4,4,5,4
CFB012743,C039,2025-04-18,5,5,4,3,2,5
CFB012744,C048,2025-04-18,5,5,5,3,2,4
CFB012745,C065,2025-04-18,2,4,4,2,3,4
CFB012746,C070,2025-04-18,4,4,4,4,3,3
CFB012747,C054,2025-04-18,5,4,3,4,3,5
CFB012748,C013,2025-04-18,5,4,4,4,3,3
CFB012749,C008,2025-04-18,5,5,4,3,3,4
CFB012750,C060,2025-04-18,4,5,3,4,2,5
CFB012751,C044,2025-04-18,3,3,3,5,2,5
CFB012752,C066,2025-04-18,4,3,3,3,4,4
CFB012753,C078,2025-04-18,4,3,3,2,2,4
CFB012754,C061,2025-04-18,5,5,5,4,4,5
CFB012755,C059,2025-04-18,3,5,4,5,2,3
CFB012756,C010,2025-04-18,5,5,5,4,4,5
CFB012757,C004,2025-04-18,3,5,4,4,3,3
CFB012758,C069,2025-04-18,5,3,3,5,3,4
CFB012759,C015,2025-04-18,5,5,4,5,3,5
CFB012760,C020,2025-04-18,5,3,2,4,4,2
CFB012761,C074,2025-04-18,4,4,5,3,3,3
CFB012762,C065,2025-04-18,5,4,4,5,4,5
CFB012763,C089,2025-04-18,4,3,4,3,2,3
CFB012764,C024,2025-04-18,4,5,4,3,3,3
CFB012765,C088,2025-04-18,4,4,5,3,2,4
CFB012766,C054,2025-04-18,5,4,3,5,4,4
CFB012767,C063,2025-04-18,5,3,4,4,3,3
CFB012768,C038,2025-04-18,4,2,4,4,2,5
CFB012769,C065,2025-04-18,4,5,4,5,5,4
CFB012770,C030,2025-04-18,3,3,3,4,4,3
CFB012771,C010,2025-04-18,4,3,3,3,3,5
CFB012772,C080,2025-04-18,4,5,2,3,4,4
CFB012773,C070,2025-04-18,5,5,3,4,3,4
CFB012774,C031,2025-04-18,3,3,2,3,3,3
CFB012775,C085,2025-04-18,4,3,4,4,3,4
CFB012776,C079,2025-04-18,4,4,4,4,2,5
CFB012777,C047,2025-04-18,4,3,3,5,2,4
CFB012778,C002,2025-04-19,4,3,4,3,2,5
CFB012779,C063,2025-04-19,3,3,4,4,3,4
CFB012780,C078,2025-04-19,3,4,4,3,5,5
CFB012781,C073,2025-04-19,3,3,3,3,1,1
CFB012782,C039,2025-04-19,4,4,5,4,3,5
CFB012783,C024,2025-04-19,5,4,2,5,2,4
CFB012784,C074,2025-04-19,4,4,5,5,3,5
CFB012785,C080,2025-04-19,4,3,4,4,2,3
CFB012786,C017,2025-04-19,4,4,4,4,3,4
CFB012787,C055,2025-04-19,2,4,3,4,2,2
CFB012788,C048,2025-04-19,4,5,5,4,4,5
CFB012789,C081,2025-04-19,4,5,5,5,4,4
CFB012790,C018,2025-04-19,4,4,2,4,2,3
CFB012791,C044,2025-04-19,4,5,4,3,4,4
CFB012792,C004,2025-04-19,5,5,5,5,1,4
CFB012793,C010,2025-04-19,4,4,4,2,3,5
CFB012794,C078,2025-04-19,4,5,4,5,3,3
CFB012795,C074,2025-04-19,3,5,5,5,3,4
CFB012796,C075,2025-04-19,4,4,5,4,3,5
CFB012797,C035,2025-04-19,3,3,3,4,4,4
CFB012798,C065,2025-04-19,4,4,4,4,4,3
CFB012799,C037,2025-04-19,5,5,4,5,4,3
CFB012800,C032,2025-04-19,4,3,5,4,5,3
CFB012801,C016,2025-04-19,5,5,4,4,3,4
CFB012802,C086,2025-04-19,4,3,3,4,2,2
CFB012803,C035,2025-04-19,4,4,4,5,4,4
CFB012804,C030,2025-04-19,5,2,4,4,4,4
CFB012805,C013,2025-04-19,3,3,5,3,3,1
CFB012806,C040,2025-04-20,4,3,4,4,5,5
CFB012807,C045,2025-04-20,4,3,5,1,2,2
CFB012808,C081,2025-04-20,5,5,4,4,3,4
CFB012809,C055,2025-04-20,2,4,4,4,3,5
CFB012810,C046,2025-04-20,3,3,5,5,2,3
CFB012811,C089,2025-04-20,5,4,5,5,2,4
CFB012812,C061,2025-04-20,3,3,4,5,4,5
CFB012813,C062,2025-04-20,5,3,2,4,2,2
CFB012814,C044,2025-04-20,4,3,4,4,4,4
CFB012815,C025,2025-04-20,3,3,3,4,2,3
CFB012816,C086,2025-04-20,4,4,4,3,2,4
CFB012817,C088,2025-04-20,5,5,5,4,3,5
CFB012818,C035,2025-04-20,5,3,4,4,3,4
CFB012819,C062,2025-04-20,5,4,5,4,2,4
CFB012820,C088,2025-04-20,5,5,5,4,4,2
CFB012821,C054,2025-04-20,5,2,4,3,4,4
CFB012822,C051,2025-04-20,2,2,5,4,3,3
CFB012823,C010,2025-04-20,5,4,5,4,3,4
CFB012824,C062,2025-04-20,5,5,5,4,2,4
CFB012825,C054,2025-04-20,5,4,4,5,4,5
CFB012826,C068,2025-04-20,3,3,5,4,5,3
CFB012827,C074,2025-04-20,4,3,3,5,4,3
CFB012828,C043,2025-04-20,4,4,4,3,5,5
CFB012829,C046,2025-04-20,4,4,5,5,4,5
CFB012830,C002,2025-04-20,4,3,4,5,2,3
CFB012831,C035,2025-04-20,5,5,4,4,3,5
CFB012832,C048,2025-04-20,4,2,4,5,4,4
CFB012833,C036,2025-04-20,5,4,4,5,5,4
CFB012834,C066,2025-04-20,5,5,5,3,3,4
CFB012835,C038,2025-04-20,5,4,5,5,5,5
CFB012836,C025,2025-04-20,5,5,4,3,4,5
CFB012837,C054,2025-04-21,4,5,5,4,3,4
CFB012838,C043,2025-04-21,5,5,3,5,3,5
CFB012839,C056,2025-04-21,4,3,3,5,4,3
CFB012840,C030,2025-04-21,4,5,4,5,4,4
CFB012841,C051,2025-04-21,5,4,4,3,2,3
CFB012842,C034,2025-04-21,4,4,3,5,3,3
CFB012843,C051,2025-04-21,5,5,3,3,2,3
CFB012844,C045,2025-04-21,4,3,4,4,4,3
CFB012845,C080,2025-04-21,4,4,4,3,4,3
CFB012846,C030,2025-04-21,5,4,5,3,2,3
CFB012847,C021,2025-04-21,3,5,4,3,4,4
CFB012848,C063,2025-04-21,5,4,4,4,3,4
CFB012849,C031,2025-04-21,4,3,5,3,4,4
CFB012850,C068,2025-04-21,4,5,4,4,2,4
CFB012851,C035,2025-04-21,3,4,3,5,5,4
CFB012852,C035,2025-04-21,3,2,5,3,3,5
CFB012853,C061,2025-04-21,3,4,4,3,2,3
CFB012854,C079,2025-04-21,2,2,3,4,4,4
CFB012855,C080,2025-04-21,5,5,3,5,2,4
CFB012856,C069,2025-04-21,4,3,4,4,3,3
CFB012857,C089,2025-04-21,5,4,3,5,3,5
CFB012858,C048,2025-04-21,5,3,3,5,1,5
CFB012859,C070,2025-04-21,4,3,4,4,2,3
CFB012860,C017,2025-04-21,4,4,5,4,2,4
CFB012861,C010,2025-04-22,5,4,5,5,3,5
CFB012862,C089,2025-04-22,2,4,3,2,4,3
CFB012863,C054,2025-04-22,4,4,5,4,4,4
CFB012864,C075,2025-04-22,3,4,5,3,4,3
CFB012865,C015,2025-04-22,5,5,4,5,4,4
CFB012866,C084,2025-04-22,4,5,4,4,4,3
CFB012867,C075,2025-04-22,5,3,4,5,4,3
CFB012868,C088,2025-04-22,4,5,4,4,5,5
CFB012869,C086,2025-04-22,3,4,4,3,2,4
CFB012870,C051,2025-04-22,4,3,4,5,1,3
CFB012871,C044,2025-04-22,3,4,3,3,4,2
CFB012872,C056,2025-04-22,3,3,4,2,3,5
CFB012873,C040,2025-04-22,5,5,5,5,3,3
CFB012874,C025,2025-04-22,4,4,4,3,5,5
CFB012875,C051,2025-04-22,5,4,4,4,5,5
CFB012876,C034,2025-04-22,4,4,5,5,4,4
CFB012877,C073,2025-04-22,4,3,4,3,4,3
CFB012878,C004,2025-04-22,4,5,4,4,4,5
CFB012879,C030,2025-04-22,5,5,4,4,2,5
CFB012880,C040,2025-04-22,5,4,3,3,4,1
CFB012881,C059,2025-04-22,4,3,5,5,4,4
CFB012882,C018,2025-04-22,3,3,4,3,2,2
CFB012883,C032,2025-04-22,2,3,2,3,3,3
CFB012884,C031,2025-04-22,5,4,5,5,3,3
CFB012885,C026,2025-04-22,4,3,4,4,2,4
CFB012886,C013,2025-04-22,4,5,5,4,4,5
CFB012887,C002,2025-04-22,5,3,4,4,4,4
CFB012888,C051,2025-04-22,4,4,5,4,3,4
CFB012889,C046,2025-04-23,5,5,5,5,3,5
CFB012890,C077,2025-04-23,4,4,3,4,4,4
CFB012891,C015,2025-04-23,3,4,3,4,3,2
CFB012892,C067,2025-04-23,4,3,2,2,4,3
CFB012893,C007,2025-04-23,4,4,5,4,4,5
CFB012894,C035,2025-04-23,4,5,5,5,2,3
CFB012895,C055,2025-04-23,5,5,4,4,3,5
CFB012896,C061,2025-04-23,4,4,5,5,3,4
CFB012897,C074,2025-04-23,4,5,5,4,3,4
CFB012898,C087,2025-04-23,5,4,5,3,3,3
CFB012899,C084,2025-04-23,5,4,5,3,3,2
CFB012900,C080,2025-04-23,5,5,5,3,3,3
CFB012901,C026,2025-04-23,4,4,4,4,3,5
CFB012902,C068,2025-04-23,4,5,3,5,4,4
CFB012903,C036,2025-04-23,3,5,2,5,4,3
CFB012904,C015,2025-04-23,4,3,3,3,4,4
CFB012905,C085,2025-04-23,5,4,3,4,4,3
CFB012906,C070,2025-04-23,5,4,4,5,4,4
CFB012907,C059,2025-04-23,3,5,3,4,4,3
CFB012908,C062,2025-04-23,5,4,3,5,4,4
CFB012909,C035,2025-04-23,5,5,5,4,3,4
CFB012910,C075,2025-04-23,4,3,3,5,2,4
CFB012911,C024,2025-04-23,2,3,4,2,2,4
CFB012912,C089,2025-04-23,4,3,4,3,5,4
CFB012913,C056,2025-04-23,4,4,3,4,1,4
CFB012914,C089,2025-04-23,3,2,4,5,4,5
CFB012915,C015,2025-04-23,4,2,3,5,3,4
CFB012916,C054,2025-04-23,4,4,5,4,3,3
CFB012917,C034,2025-04-23,5,5,2,5,4,4
CFB012918,C013,2025-04-23,3,3,4,4,3,5
CFB012919,C089,2025-04-23,4,4,2,3,3,5
CFB012920,C080,2025-04-23,4,4,3,5,4,5
CFB012921,C025,2025-04-23,4,3,5,5,3,5
CFB012922,C047,2025-04-23,5,4,5,4,3,4
CFB012923,C047,2025-04-24,4,4,5,4,4,4
CFB012924,C036,2025-04-24,5,5,4,4,4,4
CFB012925,C032,2025-04-24,4,3,3,4,3,4
CFB012926,C010,2025-04-24,4,3,3,2,3,3
CFB012927,C079,2025-04-24,5,5,5,4,3,4
CFB012928,C079,2025-04-24,4,3,5,5,2,5
CFB012929,C078,2025-04-24,4,4,3,5,2,4
CFB012930,C016,2025-04-24,4,4,4,3,4,4
CFB012931,C080,2025-04-24,4,4,4,4,4,5
CFB012932,C025,2025-04-24,4,3,3,4,2,4
CFB012933,C030,2025-04-24,5,5,4,5,4,4
CFB012934,C067,2025-04-24,5,4,5,4,5,4
CFB012935,C063,2025-04-24,4,3,3,4,3,4
CFB012936,C066,2025-04-24,5,2,4,4,3,3
CFB012937,C074,2025-04-24,5,4,4,5,5,4
CFB012938,C020,2025-04-24,5,4,4,4,5,5
CFB012939,C034,2025-04-24,5,4,4,5,4,3
CFB012940,C035,2025-04-24,4,4,5,5,3,4
CFB012941,C051,2025-04-24,4,5,4,4,2,4
CFB012942,C039,2025-04-24,5,4,4,3,2,5
CFB012943,C066,2025-04-24,4,4,2,3,1,2
CFB012944,C066,2025-04-24,4,5,4,5,2,4
CFB012945,C004,2025-04-24,4,3,5,2,2,5
CFB012946,C084,2025-04-24,5,5,4,5,4,4
CFB012947,C084,2025-04-24,5,5,5,3,3,3
CFB012948,C027,2025-04-24,5,5,4,4,4,3
CFB012949,C048,2025-04-24,5,5,5,5,3,5
CFB012950,C068,2025-04-25,5,4,5,3,4,3
CFB012951,C023,2025-04-25,5,4,4,5,2,5
CFB012952,C069,2025-04-25,3,4,2,3,5,3
CFB012953,C034,2025-04-25,5,5,5,5,2,5
CFB012954,C054,2025-04-25,5,4,4,4,3,5
CFB012955,C070,2025-04-25,4,3,4,4,1,5
CFB012956,C051,2025-04-25,4,3,3,3,2,2
CFB012957,C002,2025-04-25,3,3,3,4,4,4
CFB012958,C027,2025-04-25,4,3,3,5,3,3
CFB012959,C074,2025-04-25,5,5,3,4,2,4
CFB012960,C061,2025-04-25,4,4,3,4,2,4
CFB012961,C016,2025-04-25,3,3,4,4,3,3
CFB012962,C004,2025-04-25,3,3,3,4,5,5
CFB012963,C008,2025-04-25,3,3,3,4,3,3
CFB012964,C086,2025-04-25,5,5,5,5,4,5
CFB012965,C067,2025-04-25,4,1,3,4,4,2
CFB012966,C069,2025-04-25,5,3,5,5,2,4
CFB012967,C013,2025-04-25,3,5,2,3,3,1
CFB012968,C021,2025-04-25,5,2,4,3,4,3
CFB012969,C008,2025-04-25,5,3,5,5,4,3
CFB012970,C034,2025-04-25,5,5,5,5,5,3
CFB012971,C038,2025-04-25,3,3,5,4,4,5
CFB012972,C066,2025-04-25,3,5,4,4,3,4
CFB012973,C087,2025-04-25,5,4,5,5,5,5
CFB012974,C040,2025-04-25,5,5,4,4,2,4
CFB012975,C074,2025-04-25,5,5,4,3,3,3
CFB012976,C073,2025-04-25,3,4,3,3,3,4
CFB012977,C084,2025-04-25,3,2,3,4,4,4
CFB012978,C013,2025-04-25,5,4,5,4,5,4
CFB012979,C087,2025-04-26,5,4,5,5,3,5
CFB012980,C067,2025-04-26,1,3,5,4,2,5
CFB012981,C073,2025-04-26,5,2,2,3,3,2
CFB012982,C006,2025-04-26,4,3,5,4,3,3
CFB012983,C070,2025-04-26,5,5,5,4,3,5
CFB012984,C059,2025-04-26,3,4,4,3,2,4
CFB012985,C069,2025-04-26,3,4,5,5,4,5
CFB012986,C032,2025-04-26,3,3,4,4,3,2
CFB012987,C034,2025-04-26,3,4,4,5,5,3
CFB012988,C059,2025-04-26,5,5,4,5,5,5
CFB012989,C034,2025-04-26,3,3,3,5,3,4
CFB012990,C089,2025-04-26,5,5,5,4,4,5
CFB012991,C073,2025-04-26,5,5,4,4,2,5
CFB012992,C075,2025-04-26,4,4,5,4,4,2
CFB012993,C075,2025-04-26,4,4,5,5,4,2
CFB012994,C088,2025-04-26,4,3,4,4,5,4
CFB012995,C007,2025-04-26,4,3,3,3,4,3
CFB012996,C023,2025-04-26,4,5,5,4,3,3
CFB012997,C073,2025-04-26,4,4,3,4,3,3
CFB012998,C075,2025-04-26,4,5,4,3,4,4
CFB012999,C008,2025-04-26,4,4,4,5,3,3
CFB013000,C059,2025-04-26,4,5,3,4,2,4
CFB013001,C034,2025-04-26,4,5,2,3,4,5
CFB013002,C020,2025-04-26,5,3,3,4,3,5
CFB013003,C085,2025-04-26,4,2,4,4,3,5
CFB013004,C021,2025-04-26,4,4,4,3,2,3
CFB013005,C006,2025-04-26,5,5,4,4,3,4
CFB013006,C068,2025-04-26,4,3,5,4,1,3
CFB013007,C081,2025-04-26,3,3,4,3,4,4
CFB013008,C034,2025-04-26,3,2,3,3,4,2
CFB013009,C035,2025-04-26,4,4,4,5,3,5
CFB013010,C031,2025-04-26,4,3,5,5,3,2
CFB013011,C021,2025-04-26,2,2,3,4,4,2
CFB013012,C069,2025-04-27,4,5,4,4,4,4
CFB013013,C073,2025-04-27,5,4,4,3,1,4
CFB013014,C081,2025-04-27,3,3,4,2,3,5
CFB013015,C034,2025-04-27,4,4,3,3,1,4
CFB013016,C038,2025-04-27,5,5,4,4,1,3
CFB013017,C055,2025-04-27,4,4,4,5,3,5
CFB013018,C085,2025-04-27,5,4,4,5,3,5
CFB013019,C089,2025-04-27,5,5,3,5,3,4
CFB013020,C078,2025-04-27,4,4,4,4,4,4
CFB013021,C073,2025-04-27,4,4,4,3,3,4
CFB013022,C079,2025-04-27,5,4,5,3,4,3
CFB013023,C045,2025-04-27,3,4,4,5,5,5
CFB013024,C087,2025-04-27,3,4,3,5,4,4
CFB013025,C002,2025-04-27,5,4,4,4,5,4
CFB013026,C070,2025-04-27,5,4,3,3,3,3
CFB013027,C035,2025-04-27,5,4,4,3,3,5
CFB013028,C038,2025-04-27,5,5,5,3,3,4
CFB013029,C016,2025-04-27,5,4,4,4,1,4
CFB013030,C081,2025-04-27,4,5,3,5,2,4
CFB013031,C007,2025-04-27,4,4,3,5,2,3
CFB013032,C026,2025-04-27,4,4,3,4,4,4
CFB013033,C024,2025-04-27,4,4,5,5,3,4
CFB013034,C016,2025-04-27,4,4,4,2,2,3
CFB013035,C039,2025-04-27,4,3,4,3,4,4
CFB013036,C040,2025-04-27,3,3,5,5,4,2
CFB013037,C074,2025-04-27,4,4,4,3,4,4
CFB013038,C016,2025-04-27,4,3,3,4,4,4
CFB013039,C010,2025-04-27,4,3,4,5,4,3
CFB013040,C013,2025-04-27,4,4,4,4,2,4
CFB013041,C039,2025-04-27,5,3,4,5,3,3
CFB013042,C073,2025-04-27,4,5,3,5,3,5
CFB013043,C054,2025-04-27,4,3,4,2,5,3
CFB013044,C032,2025-04-27,2,2,4,4,3,4
CFB013045,C066,2025-04-27,4,3,4,4,2,4
CFB013046,C059,2025-04-27,2,2,4,2,1,2
CFB013047,C040,2025-04-27,4,3,3,3,4,4
CFB013048,C038,2025-04-27,3,4,4,4,5,4
CFB013049,C021,2025-04-28,3,3,3,4,3,5
CFB013050,C061,2025-04-28,4,4,5,3,3,5
CFB013051,C068,2025-04-28,4,3,5,3,1,4
CFB013052,C034,2025-04-28,5,4,4,4,5,4
CFB013053,C070,2025-04-28,4,3,3,3,2,4
CFB013054,C051,2025-04-28,5,5,5,4,4,5
CFB013055,C075,2025-04-28,3,2,4,3,3,4
CFB013056,C066,2025-04-28,5,5,5,4,5,5
CFB013057,C068,2025-04-28,3,3,4,5,4,3
CFB013058,C021,2025-04-28,3,2,4,4,2,3
CFB013059,C020,2025-04-28,4,3,4,4,4,5
CFB013060,C063,2025-04-28,3,4,4,3,3,4
CFB013061,C043,2025-04-28,5,3,5,5,2,5
CFB013062,C074,2025-04-28,3,4,3,5,3,5
CFB013063,C021,2025-04-28,5,4,3,5,2,4
CFB013064,C047,2025-04-28,2,3,3,3,2,3
CFB013065,C063,2025-04-28,4,4,3,3,4,5
CFB013066,C067,2025-04-28,4,3,4,3,4,4
CFB013067,C070,2025-04-28,4,4,5,5,4,4
CFB013068,C062,2025-04-28,3,3,4,4,3,5
CFB013069,C010,2025-04-28,3,2,4,3,4,4
CFB013070,C035,2025-04-28,4,3,1,4,4,3
CFB013071,C043,2025-04-28,3,3,3,3,5,3
CFB013072,C018,2025-04-28,4,5,4,4,3,5
CFB013073,C010,2025-04-28,4,5,2,3,5,2
CFB013074,C065,2025-04-28,4,3,1,4,1,5
CFB013075,C067,2025-04-28,3,4,4,5,3,2
CFB013076,C074,2025-04-28,4,5,5,4,5,3
CFB013077,C063,2025-04-28,4,3,5,2,3,4
CFB013078,C069,2025-04-28,5,4,4,4,2,4
CFB013079,C074,2025-04-28,5,5,5,5,3,4
CFB013080,C008,2025-04-28,4,3,4,2,3,4
CFB013081,C010,2025-04-28,5,4,5,5,4,4
CFB013082,C035,2025-04-28,4,4,4,2,1,4
CFB013083,C059,2025-04-28,4,1,4,4,3,2
CFB013084,C079,2025-04-28,2,3,3,4,2,2
CFB013085,C078,2025-04-28,4,5,3,4,4,3
CFB013086,C078,2025-04-28,3,4,4,4,4,5
CFB013087,C063,2025-04-29,3,3,4,5,3,3
CFB013088,C006,2025-04-29,5,3,2,4,4,5
CFB013089,C085,2025-04-29,4,5,5,5,5,4
CFB013090,C045,2025-04-29,4,1,4,2,3,4
CFB013091,C061,2025-04-29,2,4,5,5,4,5
CFB013092,C030,2025-04-29,5,4,4,4,2,5
CFB013093,C063,2025-04-29,4,4,3,5,4,3
CFB013094,C074,2025-04-29,3,2,4,3,5,5
CFB013095,C066,2025-04-29,4,4,4,4,4,3
CFB013096,C002,2025-04-29,4,4,5,4,4,5
CFB013097,C079,2025-04-29,4,5,5,5,4,4
CFB013098,C069,2025-04-29,5,5,4,5,2,5
CFB013099,C020,2025-04-29,4,4,4,4,2,4
CFB013100,C025,2025-04-29,5,5,4,4,4,5
CFB013101,C026,2025-04-29,3,5,4,3,3,5
CFB013102,C060,2025-04-29,4,4,4,5,4,5
CFB013103,C086,2025-04-29,2,5,5,3,4,5
CFB013104,C037,2025-04-29,5,4,5,4,3,4
CFB013105,C055,2025-04-29,3,4,4,2,5,4
CFB013106,C060,2025-04-29,3,3,2,3,3,3
CFB013107,C035,2025-04-29,4,4,3,4,4,4
CFB013108,C084,2025-04-29,4,5,5,5,3,2
CFB013109,C030,2025-04-29,3,4,4,5,4,5
CFB013110,C075,2025-04-30,5,4,5,3,2,5
CFB013111,C069,2025-04-30,5,4,3,3,1,3
CFB013112,C061,2025-04-30,4,4,5,5,2,3
CFB013113,C081,2025-04-30,4,4,4,4,2,5
CFB013114,C007,2025-04-30,4,3,4,5,2,3
CFB013115,C080,2025-04-30,4,4,4,4,2,4
CFB013116,C073,2025-04-30,4,4,5,5,4,3
CFB013117,C023,2025-04-30,4,3,3,3,1,4
CFB013118,C075,2025-04-30,4,2,4,4,5,3
CFB013119,C038,2025-04-30,5,4,5,2,4,4
CFB013120,C043,2025-04-30,2,5,5,4,2,2
CFB013121,C036,2025-04-30,5,4,4,4,5,5
CFB013122,C008,2025-04-30,3,5,5,5,4,4
CFB013123,C059,2025-04-30,3,3,4,4,5,4
CFB013124,C038,2025-04-30,4,4,5,4,4,4
CFB013125,C030,2025-04-30,5,4,3,3,2,4
CFB013126,C032,2025-04-30,4,5,5,4,2,5
CFB013127,C060,2025-04-30,3,4,3,4,4,3
CFB013128,C086,2025-04-30,5,3,5,4,4,5
CFB013129,C039,2025-04-30,3,4,4,3,3,4
CFB013130,C015,2025-04-30,5,4,3,3,3,3
CFB013131,C060,2025-04-30,4,3,3,4,3,3
CFB013132,C089,2025-04-30,5,5,5,3,3,5
CFB013133,C063,2025-04-30,3,4,3,3,2,4
CFB013134,C068,2025-04-30,5,3,5,5,4,5
CFB013135,C044,2025-04-30,5,3,5,4,4,5
CFB013136,C044,2025-04-30,4,3,3,2,4,3
CFB013137,C078,2025-04-30,4,3,4,3,2,3
CFB013138,C015,2025-04-30,5,4,3,3,3,5
CFB013139,C067,2025-04-30,3,4,3,3,3,4
CFB013140,C045,2025-04-30,3,3,3,5,2,5
CFB013141,C010,2025-04-30,5,4,4,4,4,4
CFB013142,C010,2025-04-30,5,5,5,5,1,4
CFB013143,C039,2025-04-30,4,4,5,3,2,3
CFB013144,C051,2025-04-30,4,4,4,5,1,3
CFB013145,C060,2025-04-30,4,4,4,5,3,5
CFB013146,C047,2025-04-30,5,4,4,3,3,2
CFB013147,C016,2025-04-30,4,4,5,4,4,5
CFB013148,C026,2025-04-30,4,4,4,3,2,4
CFB013149,C080,2025-04-30,5,3,2,3,3,3
CFB013150,C066,2025-05-01,5,4,3,5,4,4
CFB013151,C040,2025-05-01,5,4,5,5,3,5
CFB013152,C010,2025-05-01,4,5,3,3,1,4
CFB013153,C038,2025-05-01,5,5,4,5,4,4
CFB013154,C070,2025-05-01,5,3,5,4,4,5
CFB013155,C023,2025-05-01,5,4,4,3,4,4
CFB013156,C070,2025-05-01,4,3,4,3,3,5
CFB013157,C066,2025-05-01,4,4,3,5,3,5
CFB013158,C061,2025-05-01,5,3,4,5,3,4
CFB013159,C075,2025-05-01,2,2,4,4,4,3
CFB013160,C070,2025-05-01,5,5,5,3,4,4
CFB013161,C073,2025-05-01,3,4,5,4,3,4
CFB013162,C045,2025-05-01,4,3,5,3,4,4
CFB013163,C080,2025-05-01,4,4,2,5,1,5
CFB013164,C063,2025-05-01,3,4,3,4,4,5
CFB013165,C026,2025-05-01,4,4,3,5,2,3
CFB013166,C037,2025-05-01,3,3,5,3,4,5
CFB013167,C077,2025-05-01,4,2,4,4,4,2
CFB013168,C066,2025-05-01,5,4,5,5,4,5
CFB013169,C046,2025-05-01,3,2,3,4,2,4
CFB013170,C045,2025-05-01,5,4,3,5,4,4
CFB013171,C073,2025-05-01,4,5,3,4,4,4
CFB013172,C039,2025-05-01,3,4,3,4,2,2
CFB013173,C002,2025-05-01,4,2,4,4,1,4
CFB013174,C020,2025-05-01,3,5,4,4,3,5
CFB013175,C059,2025-05-02,3,4,3,4,3,4
CFB013176,C067,2025-05-02,5,5,3,4,3,5
CFB013177,C025,2025-05-02,5,4,4,4,4,4
CFB013178,C056,2025-05-02,4,4,4,4,3,3
CFB013179,C015,2025-05-02,5,4,4,3,3,4
CFB013180,C060,2025-05-02,5,3,2,5,4,5
CFB013181,C047,2025-05-02,5,5,5,4,4,3
CFB013182,C035,2025-05-02,3,3,4,3,2,4
CFB013183,C086,2025-05-02,3,4,4,5,1,4
CFB013184,C048,2025-05-02,3,3,2,4,3,4
CFB013185,C031,2025-05-02,3,2,4,3,2,3
CFB013186,C087,2025-05-02,4,4,4,5,4,3
CFB013187,C023,2025-05-02,4,5,4,5,4,5
CFB013188,C059,2025-05-02,5,3,4,4,3,4
CFB013189,C020,2025-05-02,5,4,4,4,3,5
CFB013190,C061,2025-05-02,4,4,5,2,3,3
CFB013191,C063,2025-05-02,3,4,4,4,1,3
CFB013192,C030,2025-05-02,4,3,3,4,3,3
CFB013193,C060,2025-05-02,2,4,5,5,3,3
CFB013194,C078,2025-05-02,4,5,4,3,2,4
CFB013195,C010,2025-05-02,4,3,4,4,2,5
CFB013196,C073,2025-05-02,4,3,5,4,2,3
CFB013197,C073,2025-05-02,3,4,5,3,2,4
CFB013198,C062,2025-05-02,3,5,4,5,3,4
CFB013199,C031,2025-05-02,4,4,4,3,3,3
CFB013200,C016,2025-05-03,3,1,3,2,5,2
CFB013201,C002,2025-05-03,5,5,5,5,2,4
CFB013202,C038,2025-05-03,4,3,4,3,3,3
CFB013203,C032,2025-05-03,5,4,2,3,5,3
CFB013204,C035,2025-05-03,4,5,3,2,4,4
CFB013205,C062,2025-05-03,2,3,4,4,4,4
CFB013206,C065,2025-05-03,5,4,5,5,4,5
CFB013207,C006,2025-05-03,2,3,4,5,3,4
CFB013208,C047,2025-05-03,4,4,5,3,5,3
CFB013209,C084,2025-05-03,4,3,4,3,2,3
CFB013210,C088,2025-05-03,4,3,4,5,1,3
CFB013211,C088,2025-05-03,4,3,5,5,2,4
CFB013212,C063,2025-05-03,3,5,4,4,3,4
CFB013213,C035,2025-05-03,4,5,3,4,3,5
CFB013214,C015,2025-05-03,4,4,5,5,3,2
CFB013215,C089,2025-05-03,5,4,4,4,2,4
CFB013216,C046,2025-05-03,3,3,4,4,4,5
CFB013217,C006,2025-05-03,2,4,3,5,3,4
CFB013218,C032,2025-05-03,5,3,4,3,2,3
CFB013219,C067,2025-05-03,4,2,4,4,3,5
CFB013220,C007,2025-05-03,4,3,3,3,5,3
CFB013221,C089,2025-05-03,4,3,5,3,3,3
CFB013222,C044,2025-05-03,5,3,4,4,4,5
CFB013223,C062,2025-05-03,4,5,5,4,2,4
CFB013224,C065,2025-05-03,3,2,3,5,4,5
CFB013225,C038,2025-05-03,4,4,4,5,1,3
CFB013226,C004,2025-05-03,3,3,3,2,2,4
CFB013227,C046,2025-05-03,4,4,3,4,1,3
CFB013228,C077,2025-05-03,5,4,3,4,4,4
CFB013229,C067,2025-05-03,4,4,4,5,2,4
CFB013230,C010,2025-05-03,5,4,4,4,2,2
CFB013231,C032,2025-05-03,4,3,2,4,3,2
CFB013232,C020,2025-05-03,5,3,3,3,3,4
CFB013233,C073,2025-05-03,4,2,4,4,3,4
CFB013234,C073,2025-05-03,3,5,4,4,2,5
CFB013235,C039,2025-05-03,3,2,2,2,3,3
CFB013236,C035,2025-05-03,4,5,5,4,4,5
CFB013237,C002,2025-05-04,4,4,4,4,3,3
CFB013238,C068,2025-05-04,4,4,5,5,5,5
CFB013239,C060,2025-05-04,5,4,3,4,2,3
CFB013240,C055,2025-05-04,5,4,5,3,3,4
CFB013241,C068,2025-05-04,5,4,4,5,4,4
CFB013242,C067,2025-05-04,5,3,5,5,4,5
CFB013243,C047,2025-05-04,5,5,5,5,3,5
CFB013244,C020,2025-05-04,4,3,3,3,3,3
CFB013245,C080,2025-05-04,4,5,3,3,5,4
CFB013246,C031,2025-05-04,4,2,3,4,3,5
CFB013247,C004,2025-05-04,3,4,5,4,3,3
CFB013248,C021,2025-05-04,4,3,2,4,3,4
CFB013249,C080,2025-05-04,5,4,3,4,3,5
CFB013250,C021,2025-05-04,3,4,4,5,5,5
CFB013251,C089,2025-05-04,4,3,5,5,3,4
CFB013252,C023,2025-05-04,4,3,1,4,2,3
CFB013253,C008,2025-05-04,2,3,1,3,4,2
CFB013254,C021,2025-05-04,4,2,3,3,3,3
CFB013255,C080,2025-05-04,5,2,5,4,3,5
CFB013256,C077,2025-05-04,3,4,4,2,3,5
CFB013257,C020,2025-05-04,4,5,3,4,4,4
CFB013258,C032,2025-05-04,4,3,5,3,4,3
CFB013259,C087,2025-05-04,5,4,4,4,3,4
CFB013260,C006,2025-05-04,5,4,4,3,4,3
CFB013261,C039,2025-05-04,4,4,3,5,3,5
CFB013262,C002,2025-05-04,4,3,5,3,3,5
CFB013263,C030,2025-05-04,3,5,4,4,1,5
CFB013264,C079,2025-05-04,5,4,4,4,4,5
CFB013265,C077,2025-05-04,3,4,5,5,3,5
CFB013266,C059,2025-05-04,5,4,3,3,2,4
CFB013267,C084,2025-05-04,2,3,4,3,3,5
CFB013268,C031,2025-05-04,3,3,3,4,2,4
CFB013269,C061,2025-05-05,3,4,2,3,4,2
CFB013270,C044,2025-05-05,3,3,4,5,4,3
CFB013271,C087,2025-05-05,5,4,2,5,2,5
CFB013272,C037,2025-05-05,3,4,4,3,1,3
CFB013273,C043,2025-05-05,5,4,5,5,3,5
CFB013274,C024,2025-05-05,5,4,5,5,5,5
CFB013275,C086,2025-05-05,4,5,4,3,3,4
CFB013276,C067,2025-05-05,4,4,5,5,3,3
CFB013277,C085,2025-05-05,4,2,5,3,4,4
CFB013278,C079,2025-05-05,4,4,4,4,4,5
CFB013279,C086,2025-05-05,5,5,5,5,4,5
CFB013280,C051,2025-05-05,5,4,4,5,5,4
CFB013281,C034,2025-05-05,4,3,3,3,4,4
CFB013282,C062,2025-05-05,5,3,4,4,3,4
CFB013283,C062,2025-05-05,5,3,5,5,4,3
CFB013284,C062,2025-05-05,4,4,4,4,4,4
CFB013285,C036,2025-05-05,4,3,4,4,3,4
CFB013286,C035,2025-05-05,3,2,4,4,4,4
CFB013287,C037,2025-05-05,4,4,4,3,3,4
CFB013288,C032,2025-05-05,4,4,5,5,3,4
CFB013289,C017,2025-05-05,5,3,4,4,4,5
CFB013290,C023,2025-05-05,4,4,2,4,4,4
CFB013291,C036,2025-05-05,3,3,4,3,4,5
CFB013292,C015,2025-05-05,3,5,4,5,2,4
CFB013293,C002,2025-05-05,5,4,4,4,4,4
CFB013294,C075,2025-05-05,5,3,4,3,2,4
CFB013295,C061,2025-05-05,3,4,4,4,4,3
CFB013296,C073,2025-05-06,4,2,4,4,3,4
CFB013297,C077,2025-05-06,3,5,3,4,3,4
CFB013298,C085,2025-05-06,5,5,5,5,3,3
CFB013299,C038,2025-05-06,4,3,5,3,4,3
CFB013300,C081,2025-05-06,3,2,3,4,2,3
CFB013301,C079,2025-05-06,3,4,5,4,5,3
CFB013302,C010,2025-05-06,4,5,3,4,4,3
CFB013303,C060,2025-05-06,2,4,4,4,2,5
CFB013304,C046,2025-05-06,5,4,5,4,5,3
CFB013305,C089,2025-05-06,3,4,5,3,4,4
CFB013306,C078,2025-05-06,4,2,5,3,4,3
CFB013307,C026,2025-05-06,5,3,4,4,4,3
CFB013308,C023,2025-05-06,4,4,3,3,3,1
CFB013309,C068,2025-05-06,5,4,4,3,1,3
CFB013310,C074,2025-05-06,5,3,4,4,3,3
CFB013311,C015,2025-05-06,5,4,3,4,3,5
CFB013312,C035,2025-05-06,4,4,5,4,3,4
CFB013313,C043,2025-05-06,4,4,5,4,3,5
CFB013314,C075,2025-05-06,4,3,4,5,2,4
CFB013315,C043,2025-05-06,3,5,4,5,3,5
CFB013316,C037,2025-05-06,4,4,3,4,4,3
CFB013317,C038,2025-05-06,4,5,3,5,3,4
CFB013318,C046,2025-05-06,4,4,5,3,1,5
CFB013319,C024,2025-05-06,3,3,4,3,3,4
CFB013320,C018,2025-05-06,4,4,3,4,3,3
CFB013321,C034,2025-05-06,4,3,5,5,3,4
CFB013322,C086,2025-05-06,3,2,3,2,4,3
CFB013323,C075,2025-05-06,4,5,3,4,4,4
CFB013324,C047,2025-05-06,4,4,4,5,3,5
CFB013325,C059,2025-05-06,5,3,3,4,3,4
CFB013326,C015,2025-05-06,3,3,3,4,4,4
CFB013327,C054,2025-05-06,4,3,2,4,3,4
CFB013328,C054,2025-05-06,5,3,2,4,3,4
CFB013329,C074,2025-05-06,5,3,4,3,3,4
CFB013330,C016,2025-05-06,4,3,5,3,4,5
CFB013331,C037,2025-05-06,5,4,4,5,1,5
CFB013332,C030,2025-05-06,4,4,4,4,2,5
CFB013333,C039,2025-05-06,4,3,4,5,5,5
CFB013334,C089,2025-05-06,5,4,3,5,4,4
CFB013335,C017,2025-05-06,4,5,5,4,3,4
CFB013336,C069,2025-05-06,4,5,4,4,4,3
CFB013337,C026,2025-05-06,5,3,4,4,3,4
CFB013338,C085,2025-05-07,5,5,4,5,3,5
CFB013339,C055,2025-05-07,5,4,4,3,2,3
CFB013340,C087,2025-05-07,4,3,2,4,5,5
CFB013341,C039,2025-05-07,5,4,3,3,5,4
CFB013342,C026,2025-05-07,3,3,3,4,4,5
CFB013343,C062,2025-05-07,5,4,5,3,4,1
CFB013344,C017,2025-05-07,3,4,4,5,3,4
CFB013345,C079,2025-05-07,3,3,4,5,2,4
CFB013346,C074,2025-05-07,5,3,3,5,3,5
CFB013347,C043,2025-05-07,3,3,3,3,2,3
CFB013348,C080,2025-05-07,3,4,5,5,3,2
CFB013349,C084,2025-05-07,5,5,3,3,3,4
CFB013350,C030,2025-05-07,2,5,5,4,3,4
CFB013351,C081,2025-05-07,4,3,2,5,5,3
CFB013352,C081,2025-05-07,3,4,3,5,4,5
CFB013353,C079,2025-05-07,4,5,4,5,3,4
CFB013354,C087,2025-05-07,5,4,5,4,5,5
CFB013355,C044,2025-05-07,4,4,4,3,4,4
CFB013356,C027,2025-05-07,4,4,5,4,3,5
CFB013357,C066,2025-05-07,5,3,2,4,3,4
CFB013358,C037,2025-05-07,4,4,4,5,1,4
CFB013359,C078,2025-05-07,5,3,4,5,2,5
CFB013360,C036,2025-05-07,4,3,5,4,3,4
CFB013361,C079,2025-05-07,4,5,5,5,3,4
CFB013362,C074,2025-05-07,2,4,4,3,4,2
CFB013363,C008,2025-05-07,4,4,3,5,4,4
CFB013364,C030,2025-05-07,4,4,5,4,3,4
CFB013365,C030,2025-05-07,4,2,4,3,2,4
CFB013366,C069,2025-05-07,3,4,4,4,3,3
CFB013367,C015,2025-05-07,4,3,3,4,4,4
CFB013368,C065,2025-05-07,3,3,4,4,3,4
CFB013369,C036,2025-05-07,2,4,3,5,3,3
CFB013370,C066,2025-05-07,4,2,4,3,3,4
CFB013371,C035,2025-05-07,5,3,4,3,2,4
CFB013372,C087,2025-05-07,3,4,4,4,4,4
CFB013373,C046,2025-05-07,4,2,2,4,4,3
CFB013374,C073,2025-05-07,4,5,5,5,2,3
CFB013375,C051,2025-05-07,4,4,4,4,3,3
CFB013376,C073,2025-05-07,4,2,2,2,3,4
CFB013377,C065,2025-05-07,4,4,5,3,4,4
CFB013378,C023,2025-05-08,5,3,3,5,4,5
CFB013379,C040,2025-05-08,4,3,4,5,3,5
CFB013380,C077,2025-05-08,4,5,3,4,4,5
CFB013381,C087,2025-05-08,5,5,4,5,2,4
CFB013382,C047,2025-05-08,3,5,3,4,4,3
CFB013383,C081,2025-05-08,5,5,3,5,3,4
CFB013384,C075,2025-05-08,5,5,5,5,3,5
CFB013385,C060,2025-05-08,5,3,4,5,2,4
CFB013386,C068,2025-05-08,4,4,3,4,4,5
CFB013387,C066,2025-05-08,3,4,3,3,4,3
CFB013388,C066,2025-05-08,3,4,3,5,3,4
CFB013389,C081,2025-05-08,5,5,4,5,2,5
CFB013390,C061,2025-05-08,5,4,5,3,3,5
CFB013391,C017,2025-05-08,5,4,4,5,5,5
CFB013392,C056,2025-05-08,5,5,5,5,2,4
CFB013393,C046,2025-05-08,3,3,4,3,3,5
CFB013394,C002,2025-05-08,5,4,5,3,2,5
CFB013395,C021,2025-05-08,3,3,2,4,3,5
CFB013396,C034,2025-05-08,4,3,5,2,2,3
CFB013397,C089,2025-05-08,4,4,3,3,3,5
CFB013398,C084,2025-05-08,4,3,3,4,3,4
CFB013399,C039,2025-05-08,4,5,4,4,3,5
CFB013400,C061,2025-05-08,4,4,5,4,1,2
CFB013401,C087,2025-05-08,5,4,5,5,1,5
CFB013402,C077,2025-05-08,3,3,4,3,4,4
CFB013403,C016,2025-05-08,5,5,5,5,5,5
CFB013404,C031,2025-05-08,4,4,3,5,3,3
CFB013405,C046,2025-05-08,5,3,5,5,5,4
CFB013406,C054,2025-05-08,4,3,3,4,2,3
CFB013407,C063,2025-05-08,3,5,4,4,3,4
CFB013408,C006,2025-05-08,3,3,3,4,3,4
CFB013409,C025,2025-05-08,5,3,4,4,4,4
CFB013410,C085,2025-05-08,5,5,4,5,4,5
CFB013411,C081,2025-05-08,4,4,5,4,4,4
CFB013412,C088,2025-05-08,4,3,4,2,2,3
CFB013413,C065,2025-05-08,3,4,3,4,2,4
CFB013414,C078,2025-05-08,5,2,5,4,4,4
CFB013415,C074,2025-05-08,3,4,4,4,4,5
CFB013416,C074,2025-05-08,4,5,3,3,2,3
CFB013417,C073,2025-05-08,3,5,4,4,3,4
CFB013418,C027,2025-05-08,4,4,3,4,3,5
CFB013419,C081,2025-05-09,5,5,5,5,3,4
CFB013420,C047,2025-05-09,4,2,3,2,4,3
CFB013421,C081,2025-05-09,5,3,3,3,4,4
CFB013422,C008,2025-05-09,5,3,3,3,4,4
CFB013423,C084,2025-05-09,4,2,4,5,4,4
CFB013424,C036,2025-05-09,3,5,3,3,3,3
CFB013425,C031,2025-05-09,4,2,3,4,4,4
CFB013426,C060,2025-05-09,5,5,4,5,4,4
CFB013427,C074,2025-05-09,4,4,5,4,2,5
CFB013428,C066,2025-05-09,5,4,3,4,3,3
CFB013429,C061,2025-05-09,5,3,3,3,4,2
CFB013430,C059,2025-05-09,4,4,4,4,4,5
CFB013431,C015,2025-05-09,3,2,3,3,3,3
CFB013432,C007,2025-05-09,2,3,3,4,2,2
CFB013433,C030,2025-05-09,4,3,4,3,4,4
CFB013434,C037,2025-05-09,5,3,4,5,4,4
CFB013435,C066,2025-05-09,4,4,4,5,1,4
CFB013436,C008,2025-05-09,4,3,4,3,4,5
CFB013437,C036,2025-05-09,2,3,5,3,5,4
CFB013438,C060,2025-05-09,4,4,4,5,4,4
CFB013439,C068,2025-05-09,4,5,3,5,3,4
CFB013440,C038,2025-05-09,4,4,3,5,3,4
CFB013441,C020,2025-05-09,3,4,5,3,4,4
CFB013442,C073,2025-05-09,4,4,4,4,4,5
CFB013443,C051,2025-05-09,3,5,5,5,4,5
CFB013444,C026,2025-05-09,5,3,4,3,4,4
CFB013445,C085,2025-05-09,3,3,3,3,4,3
CFB013446,C024,2025-05-09,4,3,5,3,3,4
CFB013447,C077,2025-05-09,4,3,4,3,4,3
CFB013448,C023,2025-05-09,3,4,3,4,4,5
CFB013449,C002,2025-05-09,4,4,5,3,3,4
CFB013450,C069,2025-05-10,4,3,4,3,4,3
CFB013451,C021,2025-05-10,3,4,3,3,4,4
CFB013452,C081,2025-05-10,3,3,4,5,4,4
CFB013453,C086,2025-05-10,4,5,4,5,3,5
CFB013454,C038,2025-05-10,3,4,3,4,3,3
CFB013455,C063,2025-05-10,4,3,3,5,4,4
CFB013456,C059,2025-05-10,3,5,3,4,3,4
CFB013457,C051,2025-05-10,5,4,4,4,1,5
CFB013458,C055,2025-05-10,5,4,2,4,3,5
CFB013459,C045,2025-05-10,5,5,4,5,4,4
CFB013460,C088,2025-05-10,3,4,3,3,3,4
CFB013461,C089,2025-05-10,4,3,4,4,3,3
CFB013462,C051,2025-05-10,3,3,5,4,2,4
CFB013463,C018,2025-05-10,4,4,5,5,3,5
CFB013464,C035,2025-05-10,4,5,4,5,4,5
CFB013465,C073,2025-05-10,3,3,4,5,4,5
CFB013466,C088,2025-05-10,5,4,5,5,4,4
CFB013467,C006,2025-05-10,4,3,3,4,2,2
CFB013468,C078,2025-05-10,4,2,5,5,2,4
CFB013469,C062,2025-05-10,4,3,4,4,3,5
CFB013470,C068,2025-05-10,5,3,4,4,4,4
CFB013471,C085,2025-05-10,4,4,4,4,4,4
CFB013472,C075,2025-05-10,4,5,5,5,3,4
CFB013473,C073,2025-05-10,4,4,4,5,1,4
CFB013474,C086,2025-05-10,4,2,4,2,2,3
CFB013475,C027,2025-05-10,5,4,3,5,2,3
CFB013476,C036,2025-05-10,3,4,4,3,5,3
CFB013477,C061,2025-05-10,4,3,4,4,5,4
CFB013478,C037,2025-05-10,4,4,4,4,3,5
CFB013479,C069,2025-05-10,4,5,3,4,4,3
CFB013480,C013,2025-05-10,4,5,4,3,4,5
CFB013481,C070,2025-05-11,4,4,5,3,5,5
CFB013482,C046,2025-05-11,3,3,4,3,2,3
CFB013483,C088,2025-05-11,5,4,5,4,2,5
CFB013484,C084,2025-05-11,4,3,4,2,3,3
CFB013485,C074,2025-05-11,4,2,5,4,3,3
CFB013486,C035,2025-05-11,4,4,4,3,2,4
CFB013487,C007,2025-05-11,5,4,3,4,4,3
CFB013488,C060,2025-05-11,4,5,2,4,2,5
CFB013489,C063,2025-05-11,4,3,4,5,2,3
CFB013490,C015,2025-05-11,4,5,5,4,2,3
CFB013491,C065,2025-05-11,4,5,5,4,4,5
CFB013492,C066,2025-05-11,4,3,3,5,4,3
CFB013493,C080,2025-05-11,2,2,3,2,2,3
CFB013494,C021,2025-05-11,5,3,4,4,2,2
CFB013495,C021,2025-05-11,5,4,4,5,4,3
CFB013496,C078,2025-05-11,3,2,2,2,4,2
CFB013497,C027,2025-05-11,4,4,3,2,2,5
CFB013498,C075,2025-05-11,5,3,5,4,2,5
CFB013499,C086,2025-05-11,4,3,2,5,5,5
CFB013500,C013,2025-05-11,4,4,5,5,4,5
CFB013501,C027,2025-05-11,4,3,5,4,2,4
CFB013502,C016,2025-05-11,4,3,4,4,3,4
CFB013503,C061,2025-05-11,3,4,5,5,3,3
CFB013504,C067,2025-05-11,4,5,4,3,4,4
CFB013505,C048,2025-05-11,1,2,3,4,1,4
CFB013506,C047,2025-05-11,5,4,3,5,3,3
CFB013507,C060,2025-05-11,5,3,5,5,3,4
CFB013508,C007,2025-05-12,5,5,4,4,3,5
CFB013509,C038,2025-05-12,5,5,5,5,2,5
CFB013510,C040,2025-05-12,4,4,3,2,2,3
CFB013511,C039,2025-05-12,3,4,3,4,2,4
CFB013512,C004,2025-05-12,4,5,4,5,2,5
CFB013513,C087,2025-05-12,5,4,4,2,4,5
CFB013514,C070,2025-05-12,5,5,4,5,1,5
CFB013515,C018,2025-05-12,3,3,5,4,2,4
CFB013516,C068,2025-05-12,5,5,4,5,3,4
CFB013517,C054,2025-05-12,3,3,4,5,3,5
CFB013518,C065,2025-05-12,3,3,3,4,4,4
CFB013519,C027,2025-05-12,5,3,3,3,3,4
CFB013520,C044,2025-05-12,4,5,3,3,3,3
CFB013521,C079,2025-05-12,3,3,4,5,3,5
CFB013522,C039,2025-05-12,2,1,2,4,1,2
CFB013523,C017,2025-05-12,5,4,5,5,4,5
CFB013524,C048,2025-05-12,2,4,4,5,4,4
CFB013525,C020,2025-05-12,4,3,4,4,2,4
CFB013526,C059,2025-05-12,4,4,4,4,4,5
CFB013527,C020,2025-05-12,5,5,5,5,5,4
CFB013528,C087,2025-05-12,3,2,4,3,2,5
CFB013529,C021,2025-05-12,4,5,4,4,2,5
CFB013530,C087,2025-05-12,5,4,5,4,2,4
CFB013531,C081,2025-05-12,3,4,4,4,3,4
CFB013532,C010,2025-05-12,5,5,4,5,5,5
CFB013533,C030,2025-05-12,4,5,5,5,4,5
CFB013534,C087,2025-05-12,5,4,4,4,4,4
CFB013535,C063,2025-05-12,5,4,3,3,3,5
CFB013536,C056,2025-05-12,4,2,3,3,2,4
CFB013537,C002,2025-05-12,3,4,5,5,4,4
CFB013538,C084,2025-05-12,3,4,3,4,4,5
CFB013539,C031,2025-05-12,5,3,4,4,4,3
CFB013540,C010,2025-05-12,5,5,3,5,3,2
CFB013541,C017,2025-05-12,3,5,3,4,4,4
CFB013542,C038,2025-05-12,4,2,3,3,3,3
CFB013543,C034,2025-05-12,2,4,4,5,3,2
CFB013544,C046,2025-05-12,4,1,5,4,4,4
CFB013545,C069,2025-05-12,4,2,4,3,4,3
CFB013546,C035,2025-05-13,5,5,5,4,3,4
CFB013547,C065,2025-05-13,3,5,5,5,3,5
CFB013548,C046,2025-05-13,5,4,4,4,2,4
CFB013549,C036,2025-05-13,3,4,4,2,3,4
CFB013550,C070,2025-05-13,5,4,3,3,3,5
CFB013551,C004,2025-05-13,4,3,3,3,3,3
CFB013552,C055,2025-05-13,4,5,4,5,4,4
CFB013553,C026,2025-05-13,4,3,4,4,3,5
CFB013554,C030,2025-05-13,5,2,3,3,4,4
CFB013555,C044,2025-05-13,5,3,4,4,4,4
CFB013556,C060,2025-05-13,3,4,4,3,3,5
CFB013557,C080,2025-05-13,4,4,4,4,3,5
CFB013558,C074,2025-05-13,2,3,3,4,3,2
CFB013559,C081,2025-05-13,5,4,5,4,4,4
CFB013560,C085,2025-05-13,4,4,4,4,1,5
CFB013561,C025,2025-05-13,5,4,3,5,4,4
CFB013562,C068,2025-05-13,3,4,4,4,2,4
CFB013563,C039,2025-05-13,4,5,3,5,3,3
CFB013564,C060,2025-05-13,4,4,5,4,3,4
CFB013565,C004,2025-05-13,3,3,2,2,3,3
CFB013566,C032,2025-05-13,5,3,4,4,2,5
CFB013567,C039,2025-05-13,3,4,2,3,5,4
CFB013568,C074,2025-05-13,4,4,4,3,3,5
CFB013569,C035,2025-05-13,3,4,5,3,4,3
CFB013570,C089,2025-05-13,4,5,5,3,5,5
CFB013571,C060,2025-05-13,5,4,4,4,3,5
CFB013572,C067,2025-05-13,4,4,4,4,4,4
CFB013573,C026,2025-05-13,4,3,5,3,5,4
CFB013574,C036,2025-05-13,5,5,3,4,5,5
CFB013575,C002,2025-05-13,4,4,5,3,3,4
CFB013576,C088,2025-05-13,4,2,4,3,2,4
CFB013577,C062,2025-05-13,5,5,5,4,1,5
CFB013578,C060,2025-05-13,3,4,2,3,3,2
CFB013579,C061,2025-05-14,4,4,3,2,3,2
CFB013580,C081,2025-05-14,2,3,5,4,5,3
CFB013581,C078,2025-05-14,5,5,4,4,1,4
CFB013582,C068,2025-05-14,3,5,4,5,3,5
CFB013583,C077,2025-05-14,3,2,2,2,3,4
CFB013584,C020,2025-05-14,5,1,3,3,3,4
CFB013585,C051,2025-05-14,4,3,1,3,4,3
CFB013586,C073,2025-05-14,4,3,3,4,5,3
CFB013587,C037,2025-05-14,3,3,4,4,3,3
CFB013588,C026,2025-05-14,3,5,5,4,4,5
CFB013589,C034,2025-05-14,4,5,4,5,2,3
CFB013590,C043,2025-05-14,5,4,4,5,2,5
CFB013591,C089,2025-05-14,4,4,4,2,4,3
CFB013592,C008,2025-05-14,4,4,4,4,3,5
CFB013593,C075,2025-05-14,4,5,3,5,3,3
CFB013594,C036,2025-05-14,4,5,3,4,3,4
CFB013595,C020,2025-05-14,4,3,3,5,3,2
CFB013596,C030,2025-05-14,5,1,3,4,5,4
CFB013597,C079,2025-05-14,4,3,3,4,4,4
CFB013598,C063,2025-05-14,5,4,5,5,2,4
CFB013599,C043,2025-05-14,5,4,3,5,3,5
CFB013600,C002,2025-05-14,5,3,5,5,5,3
CFB013601,C054,2025-05-14,4,5,5,2,3,3
CFB013602,C056,2025-05-14,5,3,3,4,5,4
CFB013603,C035,2025-05-14,4,5,5,5,4,5
CFB013604,C025,2025-05-14,3,4,4,4,3,4
CFB013605,C078,2025-05-14,4,4,4,5,2,4
CFB013606,C069,2025-05-14,4,3,4,3,3,4
CFB013607,C070,2025-05-14,4,4,5,5,3,4
CFB013608,C087,2025-05-14,4,3,3,3,4,3
CFB013609,C034,2025-05-14,5,5,4,4,2,5
CFB013610,C088,2025-05-14,5,4,4,2,3,3
CFB013611,C086,2025-05-14,3,5,1,4,2,4
CFB013612,C075,2025-05-14,4,5,4,5,4,3
CFB013613,C075,2025-05-14,5,5,3,3,2,5
CFB013614,C047,2025-05-14,3,4,3,3,1,3
CFB013615,C046,2025-05-14,1,3,3,4,4,4
CFB013616,C087,2025-05-15,4,4,5,4,2,4
CFB013617,C013,2025-05-15,4,3,3,4,3,4
CFB013618,C067,2025-05-15,5,5,4,4,5,4
CFB013619,C040,2025-05-15,4,5,4,5,3,5
CFB013620,C080,2025-05-15,4,3,4,5,2,3
CFB013621,C015,2025-05-15,4,4,4,4,3,4
CFB013622,C037,2025-05-15,5,4,3,3,2,4
CFB013623,C070,2025-05-15,4,5,5,5,3,3
CFB013624,C081,2025-05-15,3,2,5,5,2,5
CFB013625,C055,2025-05-15,4,5,4,5,3,3
CFB013626,C048,2025-05-15,3,3,4,4,2,5
CFB013627,C047,2025-05-15,5,4,4,4,4,3
CFB013628,C007,2025-05-15,5,4,5,4,4,5
CFB013629,C084,2025-05-15,5,4,4,4,4,5
CFB013630,C048,2025-05-15,5,3,4,5,2,3
CFB013631,C010,2025-05-15,3,3,3,3,3,3
CFB013632,C066,2025-05-15,2,5,4,4,4,3
CFB013633,C074,2025-05-15,4,5,4,5,3,5
CFB013634,C016,2025-05-15,5,3,3,5,1,5
CFB013635,C018,2025-05-15,5,4,4,3,4,3
CFB013636,C021,2025-05-15,3,5,4,4,3,4
CFB013637,C067,2025-05-15,4,4,4,4,3,4
CFB013638,C023,2025-05-15,5,4,5,5,5,3
CFB013639,C026,2025-05-15,5,4,3,3,3,3
CFB013640,C002,2025-05-15,2,3,4,4,4,4
CFB013641,C063,2025-05-15,4,5,5,5,4,4
CFB013642,C081,2025-05-15,4,5,5,4,4,4
CFB013643,C080,2025-05-15,5,4,4,3,4,5
CFB013644,C026,2025-05-15,4,3,4,4,3,5
CFB013645,C061,2025-05-15,4,5,3,3,2,4
CFB013646,C035,2025-05-15,4,5,5,4,2,2
CFB013647,C043,2025-05-15,5,4,4,3,3,3
CFB013648,C032,2025-05-15,4,4,5,3,2,3
CFB013649,C089,2025-05-15,4,4,4,4,2,4
CFB013650,C030,2025-05-16,3,4,5,3,3,5
CFB013651,C074,2025-05-16,4,4,3,4,4,5
CFB013652,C040,2025-05-16,5,4,4,5,5,5
CFB013653,C065,2025-05-16,4,4,4,3,4,5
CFB013654,C044,2025-05-16,4,5,4,3,4,2
CFB013655,C034,2025-05-16,3,3,4,4,4,3
CFB013656,C035,2025-05-16,3,3,4,5,3,4
CFB013657,C044,2025-05-16,4,5,5,5,1,4
CFB013658,C085,2025-05-16,5,5,4,5,1,3
CFB013659,C007,2025-05-16,4,4,5,4,4,3
CFB013660,C032,2025-05-16,3,4,4,3,3,5
CFB013661,C073,2025-05-16,4,4,5,4,3,5
CFB013662,C073,2025-05-16,4,4,2,5,3,4
CFB013663,C077,2025-05-16,2,4,5,3,2,4
CFB013664,C013,2025-05-16,4,4,5,4,3,5
CFB013665,C045,2025-05-16,5,3,3,3,3,3
CFB013666,C031,2025-05-16,3,5,2,3,5,4
CFB013667,C045,2025-05-16,4,4,4,5,2,5
CFB013668,C018,2025-05-16,5,5,5,5,3,3
CFB013669,C010,2025-05-16,5,4,3,3,2,3
CFB013670,C073,2025-05-16,5,4,4,5,3,4
CFB013671,C085,2025-05-16,4,5,2,5,5,4
CFB013672,C060,2025-05-16,3,4,5,4,3,5
CFB013673,C016,2025-05-16,1,3,3,2,2,3
CFB013674,C010,2025-05-16,4,5,5,5,4,5
CFB013675,C008,2025-05-16,2,4,2,3,2,3
CFB013676,C075,2025-05-16,4,5,4,5,3,5
CFB013677,C085,2025-05-16,4,2,4,5,4,4
CFB013678,C089,2025-05-16,4,4,4,5,2,4
CFB013679,C081,2025-05-16,4,5,4,5,3,4
CFB013680,C036,2025-05-16,5,5,3,4,4,4
CFB013681,C036,2025-05-16,5,4,4,5,3,4
CFB013682,C068,2025-05-16,4,4,4,4,2,3
CFB013683,C030,2025-05-16,5,4,5,4,1,4
CFB013684,C048,2025-05-16,5,4,4,5,4,5
CFB013685,C073,2025-05-16,5,4,4,4,2,3
CFB013686,C025,2025-05-16,5,3,4,4,4,3
CFB013687,C055,2025-05-16,5,5,5,5,3,4
CFB013688,C002,2025-05-16,3,3,3,5,3,4
CFB013689,C055,2025-05-16,3,5,5,4,4,5
CFB013690,C065,2025-05-16,5,4,5,3,5,4
CFB013691,C043,2025-05-17,3,4,4,4,1,3
CFB013692,C036,2025-05-17,5,5,4,5,5,4
CFB013693,C006,2025-05-17,4,4,4,4,2,4
CFB013694,C089,2025-05-17,5,5,5,5,4,5
CFB013695,C032,2025-05-17,5,5,5,5,3,5
CFB013696,C075,2025-05-17,5,5,4,4,4,5
CFB013697,C062,2025-05-17,5,4,4,5,3,4
CFB013698,C089,2025-05-17,4,3,5,4,4,3
CFB013699,C059,2025-05-17,4,3,1,4,2,5
CFB013700,C037,2025-05-17,4,3,4,2,3,3
CFB013701,C036,2025-05-17,5,5,5,4,1,4
CFB013702,C077,2025-05-17,5,4,3,4,3,4
CFB013703,C059,2025-05-17,3,3,2,2,5,3
CFB013704,C048,2025-05-17,4,3,5,5,3,5
CFB013705,C040,2025-05-17,5,4,5,4,3,5
CFB013706,C060,2025-05-17,4,5,3,5,4,4
CFB013707,C060,2025-05-17,4,4,4,4,3,4
CFB013708,C073,2025-05-17,5,4,3,4,3,4
CFB013709,C081,2025-05-17,3,4,3,4,4,4
CFB013710,C036,2025-05-17,3,4,3,4,3,5
CFB013711,C007,2025-05-17,2,4,2,4,2,3
CFB013712,C062,2025-05-17,4,3,5,5,4,3
CFB013713,C038,2025-05-17,4,4,4,5,2,4
CFB013714,C089,2025-05-17,3,3,4,4,3,2
CFB013715,C008,2025-05-17,3,5,4,4,3,2
CFB013716,C089,2025-05-17,3,3,4,4,2,4
CFB013717,C060,2025-05-17,4,3,5,5,4,3
CFB013718,C027,2025-05-17,5,2,4,5,2,3
CFB013719,C021,2025-05-17,4,3,3,4,4,3
CFB013720,C037,2025-05-17,4,3,4,3,3,3
CFB013721,C084,2025-05-17,3,4,5,5,1,5
CFB013722,C060,2025-05-17,5,4,5,3,1,3
CFB013723,C007,2025-05-17,3,5,4,2,2,3
CFB013724,C061,2025-05-17,4,2,3,5,4,4
CFB013725,C059,2025-05-18,3,3,4,5,4,2
CFB013726,C020,2025-05-18,4,5,5,5,4,3
CFB013727,C047,2025-05-18,3,5,5,4,2,5
CFB013728,C068,2025-05-18,5,5,5,4,2,3
CFB013729,C084,2025-05-18,5,4,3,4,5,3
CFB013730,C054,2025-05-18,4,3,5,4,4,3
CFB013731,C054,2025-05-18,5,3,4,5,4,4
CFB013732,C077,2025-05-18,5,3,3,5,3,3
CFB013733,C074,2025-05-18,5,3,4,3,2,4
CFB013734,C025,2025-05-18,3,5,3,4,3,4
CFB013735,C025,2025-05-18,4,3,5,4,3,4
CFB013736,C061,2025-05-18,3,1,2,2,2,4
CFB013737,C084,2025-05-18,3,3,2,3,1,3
CFB013738,C047,2025-05-18,4,3,5,5,3,3
CFB013739,C085,2025-05-18,3,2,4,3,2,4
CFB013740,C070,2025-05-18,5,4,3,5,2,4
CFB013741,C045,2025-05-18,4,3,5,5,4,4
CFB013742,C080,2025-05-18,3,4,4,3,3,3
CFB013743,C065,2025-05-18,4,3,5,3,2,4
CFB013744,C089,2025-05-18,5,3,5,4,4,5
CFB013745,C067,2025-05-18,4,4,4,5,5,4
CFB013746,C062,2025-05-18,5,4,4,4,3,4
CFB013747,C047,2025-05-18,4,5,4,4,3,4
CFB013748,C077,2025-05-18,4,4,5,5,4,4
CFB013749,C021,2025-05-18,4,5,4,4,4,5
CFB013750,C025,2025-05-18,4,4,4,5,5,3
CFB013751,C036,2025-05-18,5,5,5,5,3,5
CFB013752,C087,2025-05-18,4,4,2,5,2,4
CFB013753,C051,2025-05-18,4,4,5,5,3,4
CFB013754,C043,2025-05-18,3,1,2,3,2,3
CFB013755,C081,2025-05-18,5,5,3,5,4,5
CFB013756,C075,2025-05-18,2,5,3,4,4,4
CFB013757,C087,2025-05-18,3,4,4,5,5,5
CFB013758,C038,2025-05-18,4,3,4,2,2,3
CFB013759,C021,2025-05-18,2,2,2,3,3,2
CFB013760,C034,2025-05-18,4,4,3,5,3,3
CFB013761,C013,2025-05-18,4,5,4,5,4,5
CFB013762,C045,2025-05-18,4,3,5,5,4,3
CFB013763,C061,2025-05-18,4,2,4,4,4,4
CFB013764,C067,2025-05-18,3,3,4,3,2,3
CFB013765,C031,2025-05-19,4,3,3,5,3,4
CFB013766,C087,2025-05-19,5,4,3,4,3,4
CFB013767,C056,2025-05-19,2,4,3,3,4,2
CFB013768,C032,2025-05-19,3,3,4,4,2,5
CFB013769,C081,2025-05-19,5,3,4,4,3,5
CFB013770,C036,2025-05-19,4,4,4,4,5,5
CFB013771,C010,2025-05-19,3,4,3,3,3,3
CFB013772,C065,2025-05-19,5,5,3,4,5,5
CFB013773,C066,2025-05-19,5,4,4,5,3,5
CFB013774,C081,2025-05-19,4,4,3,4,2,3
CFB013775,C040,2025-05-19,5,4,5,2,4,3
CFB013776,C086,2025-05-19,5,4,4,4,5,3
CFB013777,C046,2025-05-19,1,3,3,5,5,5
CFB013778,C067,2025-05-19,5,3,4,4,3,4
CFB013779,C063,2025-05-19,4,3,4,3,2,3
CFB013780,C045,2025-05-19,4,4,5,5,5,5
CFB013781,C073,2025-05-19,4,4,4,4,4,4
CFB013782,C062,2025-05-19,2,2,4,3,2,3
CFB013783,C030,2025-05-19,3,3,4,4,4,2
CFB013784,C080,2025-05-19,4,4,4,4,3,4
CFB013785,C080,2025-05-19,4,2,4,5,3,4
CFB013786,C075,2025-05-19,5,4,4,5,3,5
CFB013787,C030,2025-05-19,4,4,5,5,3,3
CFB013788,C088,2025-05-19,3,3,3,3,3,3
CFB013789,C051,2025-05-19,4,4,4,4,4,3
CFB013790,C044,2025-05-19,3,3,4,3,3,4
CFB013791,C031,2025-05-19,3,3,3,4,3,4
CFB013792,C061,2025-05-19,2,4,4,4,3,3
CFB013793,C047,2025-05-19,4,4,3,3,4,3
CFB013794,C075,2025-05-19,4,5,4,4,5,3
CFB013795,C013,2025-05-19,2,2,4,3,4,3
CFB013796,C088,2025-05-19,3,4,4,4,2,4
CFB013797,C018,2025-05-19,3,3,3,5,4,5
CFB013798,C067,2025-05-20,5,4,5,4,3,4
CFB013799,C063,2025-05-20,4,4,4,4,3,3
CFB013800,C086,2025-05-20,5,5,5,4,1,5
CFB013801,C015,2025-05-20,5,5,2,5,3,3
CFB013802,C034,2025-05-20,5,4,4,4,2,2
CFB013803,C047,2025-05-20,5,4,4,4,3,4
CFB013804,C078,2025-05-20,4,3,2,4,4,3
CFB013805,C024,2025-05-20,5,4,5,4,4,3
CFB013806,C043,2025-05-20,5,5,4,5,3,3
CFB013807,C048,2025-05-20,1,5,3,1,4,4
CFB013808,C078,2025-05-20,4,4,3,5,1,2
CFB013809,C027,2025-05-20,4,4,2,4,3,3
CFB013810,C004,2025-05-21,4,2,2,3,3,3
CFB013811,C080,2025-05-21,4,3,2,4,4,5
CFB013812,C065,2025-05-21,5,3,3,4,1,4
CFB013813,C006,2025-05-21,5,4,5,4,2,4
CFB013814,C079,2025-05-21,4,4,4,4,3,3
CFB013815,C010,2025-05-21,4,3,5,4,3,3
CFB013816,C018,2025-05-21,3,3,3,2,3,4
CFB013817,C027,2025-05-21,5,4,3,4,4,4
CFB013818,C032,2025-05-21,4,3,4,4,1,4
CFB013819,C040,2025-05-21,5,4,4,3,4,4
CFB013820,C004,2025-05-21,5,2,3,5,3,3
CFB013821,C077,2025-05-21,3,3,4,5,3,4
CFB013822,C036,2025-05-22,3,2,2,1,4,3
CFB013823,C080,2025-05-22,4,2,4,4,4,2
CFB013824,C084,2025-05-22,5,5,5,4,5,5
CFB013825,C047,2025-05-22,4,3,3,3,3,4
CFB013826,C070,2025-05-22,3,3,3,3,5,2
CFB013827,C074,2025-05-22,3,3,4,4,2,3
CFB013828,C065,2025-05-22,3,5,3,4,3,4
CFB013829,C020,2025-05-22,2,3,3,4,3,4
CFB013830,C062,2025-05-22,4,3,2,3,4,3
CFB013831,C015,2025-05-22,4,4,4,4,3,4
CFB013832,C069,2025-05-22,5,4,4,4,4,4
CFB013833,C018,2025-05-22,4,3,4,5,3,4
CFB013834,C073,2025-05-22,5,2,4,5,3,2
CFB013835,C006,2025-05-23,3,4,3,4,3,4
CFB013836,C047,2025-05-23,3,2,2,2,2,2
CFB013837,C067,2025-05-23,4,5,4,2,4,4
CFB013838,C067,2025-05-23,4,3,3,4,2,3
CFB013839,C062,2025-05-23,4,2,4,5,4,3
CFB013840,C039,2025-05-23,4,5,3,4,3,4
CFB013841,C054,2025-05-23,3,4,4,3,4,2
CFB013842,C035,2025-05-23,4,4,5,3,2,5
CFB013843,C084,2025-05-23,4,5,5,5,2,5
CFB013844,C086,2025-05-23,4,5,4,4,1,4
CFB013845,C051,2025-05-23,4,3,3,5,4,5
CFB013846,C073,2025-05-24,5,3,4,3,3,5
CFB013847,C043,2025-05-24,5,5,4,5,2,5
CFB013848,C030,2025-05-24,3,3,3,4,4,4
CFB013849,C088,2025-05-24,4,2,2,1,4,2
CFB013850,C002,2025-05-24,5,5,2,5,5,5
CFB013851,C036,2025-05-24,5,4,2,4,5,3
CFB013852,C046,2025-05-24,5,4,5,5,4,5
CFB013853,C075,2025-05-24,4,3,3,3,2,3
CFB013854,C068,2025-05-24,4,2,4,4,2,3
CFB013855,C074,2025-05-24,5,4,3,5,4,5
CFB013856,C040,2025-05-24,4,3,4,3,3,4
CFB013857,C031,2025-05-25,3,3,3,3,3,2
CFB013858,C046,2025-05-25,4,4,3,5,3,4
CFB013859,C069,2025-05-25,3,4,3,4,2,4
CFB013860,C037,2025-05-25,4,5,5,5,4,5
CFB013861,C040,2025-05-25,3,4,4,4,3,3
CFB013862,C010,2025-05-25,3,3,4,5,3,2
CFB013863,C070,2025-05-26,5,4,4,2,5,4
CFB013864,C047,2025-05-26,3,4,4,5,4,4
CFB013865,C048,2025-05-26,4,3,4,5,2,2
CFB013866,C086,2025-05-26,4,5,4,4,3,3
CFB013867,C087,2025-05-26,5,5,4,4,3,3
CFB013868,C025,2025-05-26,5,4,5,5,2,4
CFB013869,C066,2025-05-26,4,5,4,3,3,5
CFB013870,C026,2025-05-26,5,3,3,4,3,3
CFB013871,C055,2025-05-26,5,4,3,3,3,5
CFB013872,C066,2025-05-27,3,4,5,5,4,4
CFB013873,C085,2025-05-27,4,3,4,5,4,4
CFB013874,C021,2025-05-27,4,3,5,5,4,3
CFB013875,C043,2025-05-27,5,4,5,4,3,3
CFB013876,C037,2025-05-27,4,4,4,4,2,3
CFB013877,C074,2025-05-27,3,3,4,3,4,4
CFB013878,C075,2025-05-28,5,4,5,5,3,5
CFB013879,C039,2025-05-28,4,3,5,3,2,5
CFB013880,C086,2025-05-28,4,2,3,5,3,4
CFB013881,C066,2025-05-28,5,3,2,4,5,4
CFB013882,C027,2025-05-29,5,5,4,5,3,4
CFB013883,C002,2025-05-29,4,4,4,3,3,4
CFB013884,C045,2025-05-29,4,3,3,5,3,5
CFB013885,C038,2025-05-29,4,3,2,4,3,4
CFB013886,C030,2025-05-29,3,5,3,4,2,4
CFB013887,C061,2025-05-29,4,3,3,3,2,5
CFB013888,C085,2025-05-29,3,3,3,3,4,4
CFB013889,C060,2025-05-29,5,4,5,5,4,5
CFB013890,C032,2025-05-29,5,4,4,5,3,4
CFB013891,C089,2025-05-29,4,4,5,4,3,3
CFB013892,C045,2025-05-29,3,4,3,4,2,4
CFB013893,C054,2025-05-29,3,4,3,3,2,1
CFB013894,C013,2025-05-29,5,4,5,3,3,5
CFB013895,C044,2025-05-29,3,3,5,3,3,5
CFB013896,C025,2025-05-29,3,4,4,4,2,3
CFB013897,C040,2025-05-29,5,3,5,4,4,5
CFB013898,C038,2025-05-30,5,4,4,5,4,4
CFB013899,C063,2025-05-30,4,3,3,3,3,3
CFB013900,C065,2025-05-30,4,5,4,5,3,4
CFB013901,C013,2025-05-30,4,3,4,2,4,3
CFB013902,C054,2025-05-30,5,5,3,4,3,5
CFB013903,C080,2025-05-30,3,4,3,4,3,5
CFB013904,C088,2025-05-30,5,4,4,5,3,4
CFB013905,C069,2025-05-30,5,5,5,5,4,4
CFB013906,C088,2025-05-30,5,4,3,5,3,3
CFB013907,C059,2025-05-30,4,5,4,5,3,5
CFB013908,C026,2025-05-30,1,3,4,2,3,5
CFB013909,C062,2025-05-31,5,3,5,4,3,4
CFB013910,C044,2025-05-31,4,4,4,5,4,5
CFB013911,C039,2025-05-31,3,2,3,4,3,4
CFB013912,C061,2025-05-31,4,4,5,4,3,3
CFB013913,C056,2025-05-31,3,4,4,5,3,5
CFB013914,C084,2025-05-31,4,4,4,3,2,4
CFB013915,C007,2025-05-31,2,3,4,5,1,4
CFB013916,C024,2025-05-31,5,4,5,5,5,5
CFB013917,C081,2025-05-31,5,5,5,5,4,5
CFB013918,C070,2025-05-31,4,2,3,4,2,4
CFB013919,C062,2025-05-31,3,3,3,1,4,4
CFB013920,C073,2025-06-01,4,5,3,4,2,5
CFB013921,C060,2025-06-01,5,4,3,4,4,5
CFB013922,C070,2025-06-01,4,1,2,2,4,4
CFB013923,C004,2025-06-01,4,3,2,4,3,4
CFB013924,C045,2025-06-01,5,4,5,4,3,3
CFB013925,C074,2025-06-01,5,5,5,4,1,4
CFB013926,C004,2025-06-01,3,3,5,3,1,2
CFB013927,C045,2025-06-01,5,5,4,4,3,5
CFB013928,C054,2025-06-01,4,1,2,4,3,3
CFB013929,C059,2025-06-01,4,3,3,5,4,4
CFB013930,C030,2025-06-01,5,4,3,4,4,3
CFB013931,C061,2025-06-01,4,3,4,4,2,4
CFB013932,C067,2025-06-02,3,4,4,5,4,3
CFB013933,C068,2025-06-02,4,4,2,2,4,4
CFB013934,C085,2025-06-02,4,4,3,4,3,5
CFB013935,C080,2025-06-02,3,3,5,4,3,4
CFB013936,C035,2025-06-02,5,3,3,4,2,3
CFB013937,C026,2025-06-02,5,4,4,3,3,5
CFB013938,C026,2025-06-02,4,3,4,5,5,5
CFB013939,C074,2025-06-02,5,4,4,4,4,4
CFB013940,C046,2025-06-03,4,5,5,4,2,4
CFB013941,C087,2025-06-03,1,3,3,3,2,4
CFB013942,C074,2025-06-03,4,4,3,4,3,3
CFB013943,C060,2025-06-03,4,4,4,2,5,3
CFB013944,C089,2025-06-03,5,2,2,3,2,5
CFB013945,C038,2025-06-03,4,5,3,3,4,5
CFB013946,C089,2025-06-03,4,4,4,4,4,4
CFB013947,C089,2025-06-03,4,3,3,5,3,4
CFB013948,C047,2025-06-03,5,3,3,4,2,4
CFB013949,C035,2025-06-03,3,3,3,5,3,4
CFB013950,C040,2025-06-04,4,4,4,5,3,5
CFB013951,C065,2025-06-04,5,4,5,4,2,5
CFB013952,C007,2025-06-04,3,3,3,3,4,2
CFB013953,C067,2025-06-04,4,4,4,5,1,4
CFB013954,C054,2025-06-04,4,5,5,3,4,4
CFB013955,C081,2025-06-04,5,3,5,4,4,4
CFB013956,C027,2025-06-04,4,4,5,3,4,4
CFB013957,C056,2025-06-04,3,2,3,3,4,4
CFB013958,C075,2025-06-04,4,3,3,4,3,5
CFB013959,C087,2025-06-05,2,3,4,5,4,5
CFB013960,C063,2025-06-05,5,2,5,2,4,3
CFB013961,C031,2025-06-05,4,4,2,4,5,3
CFB013962,C074,2025-06-05,4,5,3,4,2,5
CFB013963,C016,2025-06-05,5,4,4,5,4,3
CFB013964,C021,2025-06-05,5,3,3,3,4,5
CFB013965,C036,2025-06-05,5,3,3,5,3,2
CFB013966,C073,2025-06-05,5,4,4,5,3,4
CFB013967,C089,2025-06-06,3,5,4,5,4,4
CFB013968,C080,2025-06-06,5,3,5,5,4,4
CFB013969,C020,2025-06-06,4,4,4,4,3,2
CFB013970,C030,2025-06-07,5,5,5,4,4,5
CFB013971,C024,2025-06-07,4,4,3,5,5,4
CFB013972,C030,2025-06-07,5,5,5,5,3,4
CFB013973,C081,2025-06-07,3,4,3,4,3,3
CFB013974,C021,2025-06-07,3,4,3,4,5,4
CFB013975,C048,2025-06-07,4,3,4,5,2,3
CFB013976,C025,2025-06-07,4,4,5,5,3,3
CFB013977,C036,2025-06-07,5,3,4,3,3,4
CFB013978,C070,2025-06-07,5,5,3,5,3,3
CFB013979,C039,2025-06-08,5,5,4,5,2,5
CFB013980,C063,2025-06-08,5,5,4,4,3,5
CFB013981,C021,2025-06-08,4,5,4,4,3,3
CFB013982,C077,2025-06-08,3,3,5,5,5,3
CFB013983,C034,2025-06-08,4,4,3,3,2,4
CFB013984,C066,2025-06-08,5,5,5,4,4,4
CFB013985,C017,2025-06-08,3,4,5,5,3,3
CFB013986,C068,2025-06-09,4,4,4,3,4,3
CFB013987,C037,2025-06-09,2,3,3,4,3,4
CFB013988,C002,2025-06-09,4,3,4,4,4,3
CFB013989,C089,2025-06-09,3,4,4,4,4,4
CFB013990,C063,2025-06-09,5,5,4,5,3,4
CFB013991,C032,2025-06-09,2,2,4,3,3,4
CFB013992,C085,2025-06-10,4,4,3,4,2,5
CFB013993,C067,2025-06-10,4,4,4,5,4,4
CFB013994,C046,2025-06-10,4,5,4,4,2,5
CFB013995,C004,2025-06-10,5,3,3,5,5,5
CFB013996,C067,2025-06-10,5,4,5,5,3,4
CFB013997,C055,2025-06-10,5,5,5,3,2,3
CFB013998,C027,2025-06-10,3,3,4,4,2,4
CFB013999,C026,2025-06-10,4,5,4,3,4,4
CFB014000,C047,2025-06-10,5,2,4,3,2,1
CFB014001,C015,2025-06-10,3,3,3,4,4,5
CFB014002,C067,2025-06-10,3,4,5,3,2,4
CFB014003,C059,2025-06-10,3,3,3,4,3,4
CFB014004,C048,2025-06-11,5,4,4,3,2,4
CFB014005,C027,2025-06-11,4,4,2,4,2,3
CFB014006,C034,2025-06-11,4,5,4,3,4,5
CFB014007,C032,2025-06-11,4,4,4,3,4,4
CFB014008,C038,2025-06-11,4,4,3,3,3,5
CFB014009,C013,2025-06-11,5,2,4,4,3,2
CFB014010,C046,2025-06-11,5,4,2,4,4,3
CFB014011,C043,2025-06-11,3,3,5,5,3,4
CFB014012,C080,2025-06-12,3,5,4,4,3,5
CFB014013,C035,2025-06-12,5,4,4,3,4,3
CFB014014,C026,2025-06-12,3,4,3,4,5,2
CFB014015,C067,2025-06-12,5,4,4,3,5,4
CFB014016,C043,2025-06-12,4,4,4,5,4,5
CFB014017,C074,2025-06-12,5,4,5,5,4,5
CFB014018,C054,2025-06-13,4,4,3,5,5,5
CFB014019,C067,2025-06-13,5,5,5,2,3,5
CFB014020,C074,2025-06-13,5,4,5,4,3,4
CFB014021,C089,2025-06-13,3,4,3,5,4,4
CFB014022,C002,2025-06-13,5,5,5,4,2,4
CFB014023,C030,2025-06-13,5,4,3,4,2,3
CFB014024,C085,2025-06-13,3,3,4,4,3,4
CFB014025,C030,2025-06-13,4,5,3,5,2,3
CFB014026,C086,2025-06-14,4,4,4,5,5,3
CFB014027,C075,2025-06-14,4,4,3,5,4,4
CFB014028,C037,2025-06-14,5,4,3,4,3,3
CFB014029,C027,2025-06-14,3,5,5,5,4,3
CFB014030,C079,2025-06-14,3,3,4,5,2,4
CFB014031,C047,2025-06-14,4,3,4,3,3,5
CFB014032,C034,2025-06-14,4,3,4,3,3,4
CFB014033,C006,2025-06-14,5,3,3,4,2,3
CFB014034,C066,2025-06-14,4,3,3,3,5,3
CFB014035,C034,2025-06-15,4,4,4,4,3,4
CFB014036,C089,2025-06-15,5,3,5,4,4,5
CFB014037,C032,2025-06-15,1,4,3,3,5,3
CFB014038,C075,2025-06-15,3,5,5,5,3,5
CFB014039,C008,2025-06-15,3,5,3,4,2,3
CFB014040,C039,2025-06-15,4,3,4,2,2,5
CFB014041,C056,2025-06-15,4,3,3,2,4,2
CFB014042,C007,2025-06-16,4,3,5,2,5,4
CFB014043,C088,2025-06-16,4,4,5,5,4,4
CFB014044,C034,2025-06-16,5,4,4,5,3,5
CFB014045,C045,2025-06-17,3,2,4,3,3,4
CFB014046,C048,2025-06-17,3,4,4,4,4,3
CFB014047,C039,2025-06-17,3,4,4,3,2,4
CFB014048,C040,2025-06-17,5,5,3,5,4,4
CFB014049,C036,2025-06-17,5,5,5,5,2,5
CFB014050,C027,2025-06-17,2,2,4,3,4,2
CFB014051,C078,2025-06-17,5,3,2,3,2,3
CFB014052,C065,2025-06-17,4,3,3,4,3,3
CFB014053,C066,2025-06-17,4,4,4,4,3,5
CFB014054,C087,2025-06-17,5,4,2,3,4,5
CFB014055,C060,2025-06-17,2,4,5,3,3,5
CFB014056,C088,2025-06-17,4,5,5,5,5,5
CFB014057,C070,2025-06-18,5,3,3,3,4,3
CFB014058,C075,2025-06-18,4,5,5,5,1,5
CFB014059,C054,2025-06-18,5,4,4,5,5,4
CFB014060,C021,2025-06-18,3,4,5,2,3,4
CFB014061,C015,2025-06-18,4,5,3,5,3,4
CFB014062,C007,2025-06-18,3,4,3,2,2,3
CFB014063,C002,2025-06-18,3,4,2,3,5,3
CFB014064,C025,2025-06-18,4,3,4,2,1,4
CFB014065,C085,2025-06-19,5,5,2,4,3,4
CFB014066,C065,2025-06-19,5,4,3,3,2,4
CFB014067,C027,2025-06-19,5,4,3,4,3,3
CFB014068,C040,2025-06-19,5,3,3,2,2,4
CFB014069,C027,2025-06-19,4,2,4,5,3,4
CFB014070,C030,2025-06-19,5,4,3,3,3,5
CFB014071,C048,2025-06-19,4,5,4,5,3,5
CFB014072,C010,2025-06-20,4,4,3,5,2,5
CFB014073,C066,2025-06-20,5,3,4,5,3,5
CFB014074,C025,2025-06-20,5,3,5,4,4,3
CFB014075,C068,2025-06-20,5,5,5,4,5,5
CFB014076,C039,2025-06-20,4,2,4,5,4,5
CFB014077,C077,2025-06-20,3,2,2,3,1,3
CFB014078,C061,2025-06-21,2,4,3,5,1,2
CFB014079,C074,2025-06-21,3,4,5,5,3,5
CFB014080,C073,2025-06-21,5,4,5,5,4,5
CFB014081,C031,2025-06-21,3,4,4,4,3,4
CFB014082,C037,2025-06-21,5,4,3,4,3,5
CFB014083,C086,2025-06-21,3,5,4,5,2,4
CFB014084,C002,2025-06-22,3,2,4,4,3,3
CFB014085,C016,2025-06-22,3,4,5,4,2,2
CFB014086,C039,2025-06-22,5,5,4,3,4,3
CFB014087,C013,2025-06-22,4,4,5,5,3,5
CFB014088,C080,2025-06-22,4,3,4,3,4,3
CFB014089,C032,2025-06-22,4,5,4,5,5,4
CFB014090,C040,2025-06-22,5,4,5,3,5,4
CFB014091,C055,2025-06-22,4,4,5,3,3,4
CFB014092,C032,2025-06-22,5,4,3,3,4,5
CFB014093,C059,2025-06-22,4,4,4,5,3,4
CFB014094,C086,2025-06-22,1,3,3,3,4,4
CFB014095,C051,2025-06-22,5,4,3,4,3,2
CFB014096,C044,2025-06-22,4,4,5,5,4,3
CFB014097,C035,2025-06-22,5,4,5,5,2,3
CFB014098,C048,2025-06-23,4,4,4,4,4,4
CFB014099,C036,2025-06-23,4,4,3,4,4,3
CFB014100,C089,2025-06-23,5,3,5,5,3,5
CFB014101,C006,2025-06-23,5,3,5,5,1,5
CFB014102,C059,2025-06-23,3,3,2,5,3,4
CFB014103,C010,2025-06-24,4,4,3,4,5,3
CFB014104,C075,2025-06-24,5,5,5,4,3,5
CFB014105,C081,2025-06-24,5,4,3,3,3,4
CFB014106,C074,2025-06-24,3,3,5,3,3,4
CFB014107,C070,2025-06-24,3,2,4,4,2,5
CFB014108,C044,2025-06-24,5,4,5,4,3,4
CFB014109,C030,2025-06-24,4,5,5,4,4,5
CFB014110,C040,2025-06-24,3,3,4,5,2,3
CFB014111,C021,2025-06-25,4,3,3,4,3,4
CFB014112,C018,2025-06-25,3,5,2,4,2,3
CFB014113,C021,2025-06-25,3,4,3,3,2,4
CFB014114,C007,2025-06-25,3,5,3,2,2,3
CFB014115,C063,2025-06-25,4,2,2,4,3,2
CFB014116,C068,2025-06-25,3,4,3,3,2,5
CFB014117,C031,2025-06-26,5,4,4,5,5,5
CFB014118,C032,2025-06-26,5,3,3,3,1,5
CFB014119,C045,2025-06-26,5,3,4,4,4,3
CFB014120,C089,2025-06-26,2,3,3,2,2,3
CFB014121,C056,2025-06-26,3,4,3,3,2,4
CFB014122,C046,2025-06-26,4,4,2,3,3,3
CFB014123,C008,2025-06-26,4,5,5,5,3,5
CFB014124,C038,2025-06-26,2,3,3,4,3,4
CFB014125,C024,2025-06-26,5,3,5,5,5,4
CFB014126,C070,2025-06-26,2,4,3,3,1,4
CFB014127,C059,2025-06-27,4,4,3,4,5,4
CFB014128,C046,2025-06-27,4,3,5,3,3,4
CFB014129,C054,2025-06-27,3,3,3,2,2,3
CFB014130,C065,2025-06-27,5,3,3,3,3,5
CFB014131,C074,2025-06-27,3,4,4,4,2,5
CFB014132,C002,2025-06-27,4,4,2,3,3,4
CFB014133,C035,2025-06-27,4,4,4,3,3,4
CFB014134,C086,2025-06-27,4,4,3,4,4,3
CFB014135,C024,2025-06-27,4,3,5,3,2,4
CFB014136,C063,2025-06-28,5,5,5,5,4,5
CFB014137,C015,2025-06-28,5,3,3,4,3,5
CFB014138,C086,2025-06-28,5,5,4,4,1,4
CFB014139,C077,2025-06-28,2,5,4,5,4,3
CFB014140,C004,2025-06-28,4,5,5,5,5,3
CFB014141,C062,2025-06-28,3,5,5,3,3,4
CFB014142,C038,2025-06-28,4,3,3,4,2,4
CFB014143,C069,2025-06-28,4,4,3,4,2,4
CFB014144,C074,2025-06-29,4,4,5,4,2,4
CFB014145,C054,2025-06-29,3,3,3,3,4,3
CFB014146,C063,2025-06-29,5,5,5,5,4,5
CFB014147,C059,2025-06-29,3,3,4,4,4,4
CFB014148,C085,2025-06-29,5,4,4,5,3,5
CFB014149,C062,2025-06-29,3,3,5,3,1,3
CFB014150,C088,2025-06-29,4,5,3,5,1,3
CFB014151,C068,2025-06-29,4,2,5,5,4,2
CFB014152,C034,2025-06-29,4,3,5,4,4,4
CFB014153,C088,2025-06-30,5,3,4,4,5,5
CFB014154,C008,2025-06-30,4,3,5,1,3,3
CFB014155,C068,2025-06-30,3,2,2,3,1,5
CFB014156,C086,2025-06-30,5,5,4,4,3,3
CFB014157,C046,2025-06-30,4,4,5,4,3,4
CFB014158,C046,2025-07-01,3,3,4,4,2,5
CFB014159,C039,2025-07-01,2,4,5,5,2,4
CFB014160,C054,2025-07-01,4,3,2,4,2,5
CFB014161,C048,2025-07-01,5,3,4,5,3,4
CFB014162,C059,2025-07-01,4,3,5,4,4,5
CFB014163,C043,2025-07-02,5,5,5,5,2,5
CFB014164,C013,2025-07-02,4,4,3,4,3,3
CFB014165,C015,2025-07-02,4,4,5,4,3,5
CFB014166,C055,2025-07-02,4,5,3,4,5,5
CFB014167,C032,2025-07-02,4,4,3,4,2,5
CFB014168,C037,2025-07-02,4,4,4,4,2,4
CFB014169,C032,2025-07-02,5,3,5,4,4,4
CFB014170,C084,2025-07-03,5,4,4,5,2,5
CFB014171,C031,2025-07-03,4,2,2,4,4,3
CFB014172,C069,2025-07-03,4,4,5,5,3,4
CFB014173,C027,2025-07-03,4,4,5,3,5,4
CFB014174,C021,2025-07-03,3,2,4,3,3,3
CFB014175,C024,2025-07-03,3,4,5,4,2,2
CFB014176,C067,2025-07-03,4,3,4,4,3,4
CFB014177,C067,2025-07-03,5,4,5,4,2,2
CFB014178,C074,2025-07-04,2,4,4,3,2,4
CFB014179,C080,2025-07-04,4,5,4,4,3,4
CFB014180,C088,2025-07-04,5,3,4,3,5,5
CFB014181,C024,2025-07-04,4,3,3,4,3,4
CFB014182,C021,2025-07-04,5,4,4,4,1,5
CFB014183,C069,2025-07-04,4,3,2,3,1,3
CFB014184,C006,2025-07-04,4,5,5,5,4,5
CFB014185,C051,2025-07-04,3,4,4,4,4,5
CFB014186,C044,2025-07-04,4,4,5,3,2,4
CFB014187,C015,2025-07-04,5,5,5,5,2,5
CFB014188,C018,2025-07-04,4,4,5,4,4,5
CFB014189,C068,2025-07-04,3,3,4,5,2,3
CFB014190,C037,2025-07-04,4,3,5,4,4,3
CFB014191,C063,2025-07-04,3,3,3,4,3,4
CFB014192,C020,2025-07-04,3,3,2,2,3,3
CFB014193,C030,2025-07-05,5,5,4,4,3,4
CFB014194,C051,2025-07-05,4,5,4,4,3,5
CFB014195,C054,2025-07-05,4,4,5,4,4,5
CFB014196,C084,2025-07-05,4,5,4,5,4,3
CFB014197,C074,2025-07-05,4,5,2,4,4,2
CFB014198,C047,2025-07-05,3,3,5,2,1,4
CFB014199,C026,2025-07-06,4,1,3,2,4,3
CFB014200,C085,2025-07-06,5,5,4,4,5,3
CFB014201,C084,2025-07-06,5,4,4,4,5,4
CFB014202,C056,2025-07-06,4,4,4,5,4,5
CFB014203,C085,2025-07-06,3,4,4,4,3,3
CFB014204,C037,2025-07-06,4,4,3,4,3,5
CFB014205,C013,2025-07-06,2,3,3,4,2,4
CFB014206,C038,2025-07-06,3,3,4,3,1,4
CFB014207,C059,2025-07-06,4,3,4,4,4,3
CFB014208,C048,2025-07-06,4,5,4,4,4,4
CFB014209,C039,2025-07-06,4,4,3,4,4,5
CFB014210,C061,2025-07-06,5,4,4,3,4,3
CFB014211,C027,2025-07-07,4,5,5,5,3,4
CFB014212,C036,2025-07-07,3,3,3,3,3,4
CFB014213,C060,2025-07-07,4,5,5,4,5,5
CFB014214,C061,2025-07-07,5,3,5,3,4,3
CFB014215,C062,2025-07-07,3,4,5,5,4,5
CFB014216,C078,2025-07-07,4,4,4,4,5,3
CFB014217,C037,2025-07-07,3,5,3,2,4,3
CFB014218,C021,2025-07-07,5,4,4,3,3,5
CFB014219,C065,2025-07-07,4,3,4,4,4,4
CFB014220,C054,2025-07-07,3,4,4,4,4,3
CFB014221,C035,2025-07-07,3,3,3,4,2,4
CFB014222,C048,2025-07-08,4,3,4,5,4,4
CFB014223,C086,2025-07-08,3,4,4,5,2,5
CFB014224,C008,2025-07-08,4,4,4,4,2,4
CFB014225,C069,2025-07-08,4,4,4,3,3,4
CFB014226,C069,2025-07-08,5,4,4,5,4,5
CFB014227,C006,2025-07-08,5,5,4,5,4,4
CFB014228,C063,2025-07-08,3,3,5,4,2,5
CFB014229,C040,2025-07-08,4,2,4,3,4,3
CFB014230,C013,2025-07-08,5,4,4,4,3,3
CFB014231,C066,2025-07-08,5,4,4,4,4,5
CFB014232,C055,2025-07-08,5,4,3,4,5,4
CFB014233,C059,2025-07-09,4,4,4,5,2,4
CFB014234,C061,2025-07-09,4,5,4,3,3,4
CFB014235,C063,2025-07-09,3,4,2,5,2,2
CFB014236,C085,2025-07-09,4,5,4,5,2,3
CFB014237,C002,2025-07-09,3,4,5,5,3,4
CFB014238,C034,2025-07-09,4,2,3,4,2,5
CFB014239,C087,2025-07-09,3,4,3,2,3,2
CFB014240,C089,2025-07-09,4,3,4,4,2,5
CFB014241,C051,2025-07-09,4,3,3,4,4,4
CFB014242,C067,2025-07-09,5,5,4,5,2,5
CFB014243,C044,2025-07-09,3,2,3,4,2,3
CFB014244,C040,2025-07-09,5,5,3,4,1,5
CFB014245,C085,2025-07-09,5,4,4,5,4,3
CFB014246,C061,2025-07-10,5,4,4,5,3,3
CFB014247,C086,2025-07-10,3,3,4,3,4,5
CFB014248,C078,2025-07-10,5,4,3,5,2,4
CFB014249,C077,2025-07-10,5,4,5,5,2,4
CFB014250,C004,2025-07-10,4,3,5,4,3,4
CFB014251,C040,2025-07-10,4,5,3,4,3,4
CFB014252,C013,2025-07-10,3,2,4,3,4,5
CFB014253,C067,2025-07-10,5,3,4,4,2,3
CFB014254,C037,2025-07-11,5,5,4,5,3,4
CFB014255,C026,2025-07-11,3,3,5,5,2,3
CFB014256,C035,2025-07-11,5,4,5,5,1,4
CFB014257,C073,2025-07-11,2,2,3,2,3,4
CFB014258,C039,2025-07-11,4,4,5,5,4,5
CFB014259,C084,2025-07-11,4,4,5,2,4,3
CFB014260,C085,2025-07-11,3,3,4,5,2,3
CFB014261,C013,2025-07-11,4,4,5,4,2,4
CFB014262,C023,2025-07-11,5,3,4,4,5,5
CFB014263,C032,2025-07-12,5,3,5,4,3,4
CFB014264,C051,2025-07-12,4,4,5,3,2,3
CFB014265,C034,2025-07-12,5,2,5,5,5,4
CFB014266,C084,2025-07-13,3,5,5,5,5,5
CFB014267,C063,2025-07-13,5,4,5,2,4,2
CFB014268,C026,2025-07-13,5,4,5,4,4,4
CFB014269,C044,2025-07-13,3,3,3,5,3,4
CFB014270,C054,2025-07-13,4,3,4,3,3,4
CFB014271,C006,2025-07-13,5,4,3,5,2,5
CFB014272,C074,2025-07-13,4,2,4,4,3,5
CFB014273,C006,2025-07-13,4,5,3,4,3,4
CFB014274,C045,2025-07-13,5,3,4,5,1,4
CFB014275,C085,2025-07-13,3,5,5,4,4,5
CFB014276,C056,2025-07-14,4,5,3,5,4,4
CFB014277,C087,2025-07-14,4,4,5,5,3,4
CFB014278,C007,2025-07-14,4,4,5,3,4,4
CFB014279,C068,2025-07-14,4,4,3,4,3,3
CFB014280,C065,2025-07-14,4,3,4,2,1,5
CFB014281,C020,2025-07-14,3,4,4,5,3,5
CFB014282,C004,2025-07-14,5,4,5,4,3,5
CFB014283,C063,2025-07-14,3,4,4,4,3,5
CFB014284,C062,2025-07-14,4,3,5,4,2,3
CFB014285,C063,2025-07-15,5,4,4,4,3,5
CFB014286,C037,2025-07-15,4,4,4,5,3,5
CFB014287,C087,2025-07-15,3,3,4,3,1,3
CFB014288,C084,2025-07-15,4,3,4,4,3,5
CFB014289,C084,2025-07-15,5,3,5,5,4,4
CFB014290,C089,2025-07-16,4,4,4,3,2,3
CFB014291,C074,2025-07-16,5,3,4,5,2,4
CFB014292,C061,2025-07-16,4,2,3,3,2,3
CFB014293,C069,2025-07-16,2,2,4,3,4,4
CFB014294,C030,2025-07-16,5,3,3,5,3,4
CFB014295,C068,2025-07-16,4,3,3,3,3,5
CFB014296,C080,2025-07-16,4,4,3,3,4,3
CFB014297,C051,2025-07-16,4,4,5,4,4,5
CFB014298,C078,2025-07-16,5,4,5,5,2,5
CFB014299,C075,2025-07-17,5,2,5,5,5,5
CFB014300,C039,2025-07-17,5,4,4,4,4,4
CFB014301,C079,2025-07-17,5,4,4,5,5,5
CFB014302,C031,2025-07-17,3,4,4,5,3,4
CFB014303,C087,2025-07-17,3,3,3,4,5,3
CFB014304,C048,2025-07-17,4,4,3,4,3,4
CFB014305,C073,2025-07-18,5,3,5,5,3,4
CFB014306,C039,2025-07-18,4,3,4,4,2,2
CFB014307,C027,2025-07-18,4,4,5,4,3,4
CFB014308,C034,2025-07-18,5,5,4,5,4,4
CFB014309,C051,2025-07-18,5,5,4,4,4,5
CFB014310,C085,2025-07-18,5,4,4,2,3,3
CFB014311,C043,2025-07-18,5,2,4,4,4,5
CFB014312,C044,2025-07-18,3,3,5,3,3,2
CFB014313,C075,2025-07-18,4,3,5,5,4,5
CFB014314,C047,2025-07-18,5,5,5,5,2,5
CFB014315,C040,2025-07-18,5,4,3,5,3,4
CFB014316,C032,2025-07-18,3,3,3,2,4,2
CFB014317,C027,2025-07-18,4,5,5,2,3,4
CFB014318,C027,2025-07-19,4,5,4,4,4,3
CFB014319,C047,2025-07-19,4,2,5,4,3,3
CFB014320,C044,2025-07-19,4,2,4,5,3,3
CFB014321,C069,2025-07-19,4,4,3,4,4,3
CFB014322,C038,2025-07-19,2,3,3,5,3,3
CFB014323,C023,2025-07-19,4,2,2,2,2,3
CFB014324,C020,2025-07-19,4,3,2,4,5,5
CFB014325,C081,2025-07-19,2,5,2,3,4,3
CFB014326,C087,2025-07-20,4,4,4,5,3,2
CFB014327,C061,2025-07-20,4,4,3,4,3,4
CFB014328,C034,2025-07-20,4,4,3,3,5,5
CFB014329,C031,2025-07-20,2,3,3,3,5,2
CFB014330,C024,2025-07-20,5,4,4,4,2,5
CFB014331,C036,2025-07-20,3,5,4,3,3,4
CFB014332,C060,2025-07-20,5,5,4,4,3,5
CFB014333,C051,2025-07-20,3,4,5,4,3,3
CFB014334,C070,2025-07-20,5,5,5,4,2,5
CFB014335,C066,2025-07-20,4,2,3,5,4,4
CFB014336,C023,2025-07-20,4,4,4,5,3,4
CFB014337,C069,2025-07-20,1,2,2,3,3,3
CFB014338,C089,2025-07-20,5,4,4,4,4,5
CFB014339,C073,2025-07-20,3,3,3,3,5,3
CFB014340,C031,2025-07-20,5,5,5,5,4,3
CFB014341,C088,2025-07-21,5,5,5,4,1,5
CFB014342,C027,2025-07-21,4,3,3,3,3,4
CFB014343,C074,2025-07-21,5,4,5,4,2,5
CFB014344,C069,2025-07-21,4,3,4,3,3,5
CFB014345,C038,2025-07-21,5,5,4,5,3,5
CFB014346,C075,2025-07-21,5,3,5,4,3,5
CFB014347,C021,2025-07-21,4,4,5,2,3,4
CFB014348,C015,2025-07-21,3,5,5,3,4,3
CFB014349,C045,2025-07-21,4,3,2,4,3,3
CFB014350,C037,2025-07-21,4,4,3,4,4,3
CFB014351,C069,2025-07-22,5,4,4,3,3,4
CFB014352,C025,2025-07-22,5,3,4,5,2,3
CFB014353,C034,2025-07-22,4,4,3,5,3,3
CFB014354,C060,2025-07-22,3,4,4,5,3,5
CFB014355,C023,2025-07-22,5,4,5,4,2,4
CFB014356,C015,2025-07-22,3,3,2,2,2,4
CFB014357,C073,2025-07-22,5,3,4,4,4,4
CFB014358,C054,2025-07-22,4,5,4,4,4,4
CFB014359,C023,2025-07-22,4,3,3,5,2,3
CFB014360,C061,2025-07-22,5,4,3,4,3,3
CFB014361,C073,2025-07-22,4,3,3,3,1,4
CFB014362,C059,2025-07-22,5,4,5,5,4,5
CFB014363,C086,2025-07-22,5,3,4,5,3,3
CFB014364,C045,2025-07-23,5,3,5,5,5,5
CFB014365,C044,2025-07-23,4,4,4,5,2,3
CFB014366,C086,2025-07-23,2,3,4,5,3,4
CFB014367,C062,2025-07-23,5,5,3,4,4,5
CFB014368,C078,2025-07-23,3,5,5,5,4,4
CFB014369,C006,2025-07-23,5,5,4,3,4,4
CFB014370,C077,2025-07-23,5,4,5,3,4,4
CFB014371,C059,2025-07-23,5,4,4,3,3,4
CFB014372,C046,2025-07-23,4,4,3,4,1,3
CFB014373,C075,2025-07-23,4,4,4,3,2,5
CFB014374,C070,2025-07-23,5,1,5,4,3,3
CFB014375,C047,2025-07-23,4,4,2,3,2,3
CFB014376,C088,2025-07-23,1,2,3,2,2,1
CFB014377,C061,2025-07-23,2,3,2,3,3,3
CFB014378,C067,2025-07-23,5,4,4,5,2,4
CFB014379,C063,2025-07-23,3,4,4,4,2,5
CFB014380,C089,2025-07-23,4,1,3,4,3,4
CFB014381,C086,2025-07-23,3,3,3,4,3,5
CFB014382,C036,2025-07-24,5,5,5,5,3,5
CFB014383,C017,2025-07-24,2,4,2,4,1,3
CFB014384,C035,2025-07-24,4,5,5,5,4,4
CFB014385,C043,2025-07-24,5,4,1,4,4,4
CFB014386,C061,2025-07-24,4,2,4,5,3,5
CFB014387,C002,2025-07-24,4,4,5,5,4,4
CFB014388,C073,2025-07-24,5,3,5,5,4,5
CFB014389,C086,2025-07-24,5,5,5,5,3,5
CFB014390,C048,2025-07-25,3,3,3,5,5,4
CFB014391,C045,2025-07-25,4,3,3,3,3,3
CFB014392,C080,2025-07-25,4,3,4,3,1,4
CFB014393,C084,2025-07-25,4,3,4,3,3,3
CFB014394,C039,2025-07-25,5,5,3,5,4,4
CFB014395,C074,2025-07-25,3,3,4,4,4,2
CFB014396,C067,2025-07-26,4,4,3,5,2,5
CFB014397,C081,2025-07-26,2,4,3,5,3,2
CFB014398,C069,2025-07-26,3,4,3,3,1,3
CFB014399,C006,2025-07-26,3,5,4,5,3,4
CFB014400,C078,2025-07-26,5,4,5,3,3,3
CFB014401,C043,2025-07-26,3,4,4,5,4,5
CFB014402,C088,2025-07-26,4,4,2,5,4,4
CFB014403,C080,2025-07-26,4,2,3,3,2,3
CFB014404,C070,2025-07-27,3,3,2,4,4,4
CFB014405,C021,2025-07-27,5,5,5,5,3,5
CFB014406,C027,2025-07-27,4,3,3,4,3,5
CFB014407,C069,2025-07-27,5,5,5,5,5,4
CFB014408,C084,2025-07-27,4,5,5,3,2,4
CFB014409,C030,2025-07-27,4,3,4,3,3,2
CFB014410,C015,2025-07-27,4,4,4,3,3,5
CFB014411,C079,2025-07-27,4,3,5,4,4,4
CFB014412,C067,2025-07-27,4,4,4,5,1,3
CFB014413,C056,2025-07-28,4,2,3,5,5,4
CFB014414,C010,2025-07-28,3,4,4,4,3,4
CFB014415,C002,2025-07-28,3,4,4,3,2,5
CFB014416,C040,2025-07-28,2,1,3,3,4,3
CFB014417,C067,2025-07-28,5,4,5,5,5,5
CFB014418,C070,2025-07-28,5,3,5,5,4,4
CFB014419,C044,2025-07-28,3,2,3,4,3,5
CFB014420,C066,2025-07-29,3,4,4,4,2,4
CFB014421,C034,2025-07-29,5,4,4,4,4,4
CFB014422,C069,2025-07-29,2,2,4,3,3,5
CFB014423,C077,2025-07-29,2,4,4,4,3,4
CFB014424,C081,2025-07-29,5,5,5,4,5,3
CFB014425,C027,2025-07-29,5,3,4,5,3,4
CFB014426,C075,2025-07-29,5,4,4,3,4,3
CFB014427,C087,2025-07-29,3,4,4,5,4,3
CFB014428,C086,2025-07-29,5,4,4,5,3,5
CFB014429,C040,2025-07-29,4,3,3,4,3,2
CFB014430,C084,2025-07-30,5,5,5,4,5,3
CFB014431,C030,2025-07-30,5,5,4,4,2,4
CFB014432,C048,2025-07-30,3,3,3,3,2,2
CFB014433,C084,2025-07-30,5,5,4,4,3,5
CFB014434,C007,2025-07-30,4,5,4,4,2,4
CFB014435,C032,2025-07-30,5,5,5,4,4,4
CFB014436,C037,2025-07-30,5,4,4,5,4,5
CFB014437,C007,2025-07-30,4,4,4,4,2,3
CFB014438,C074,2025-07-30,5,3,5,5,2,5
CFB014439,C025,2025-07-30,5,5,4,4,4,4
CFB014440,C087,2025-07-30,5,5,4,3,4,5
CFB014441,C051,2025-07-31,5,3,3,5,2,4
CFB014442,C060,2025-07-31,3,4,5,4,3,3
CFB014443,C054,2025-07-31,5,5,4,5,4,5
CFB014444,C089,2025-07-31,5,3,4,4,3,1
CFB014445,C013,2025-08-01,4,3,3,3,3,4
CFB014446,C004,2025-08-01,4,5,3,5,4,4
CFB014447,C068,2025-08-01,5,4,4,3,1,4
CFB014448,C034,2025-08-01,5,4,3,4,3,3
CFB014449,C045,2025-08-01,3,5,4,3,2,4
CFB014450,C077,2025-08-01,4,4,2,3,2,4
CFB014451,C065,2025-08-01,5,4,4,4,4,5
CFB014452,C007,2025-08-01,3,4,4,4,4,3
CFB014453,C032,2025-08-01,4,4,4,5,1,2
CFB014454,C025,2025-08-01,5,5,5,5,5,3
CFB014455,C078,2025-08-02,4,3,4,3,2,4
CFB014456,C068,2025-08-02,5,4,3,5,3,4
CFB014457,C087,2025-08-02,5,4,3,4,3,4
CFB014458,C023,2025-08-02,5,4,4,4,2,4
CFB014459,C085,2025-08-02,4,3,4,5,4,3
CFB014460,C027,2025-08-02,3,4,4,4,5,3
CFB014461,C007,2025-08-02,5,4,4,5,2,5
CFB014462,C035,2025-08-02,3,3,3,4,3,2
CFB014463,C013,2025-08-02,3,3,5,4,4,4
CFB014464,C017,2025-08-02,4,4,3,4,3,5
CFB014465,C079,2025-08-02,5,3,3,3,2,4
CFB014466,C066,2025-08-03,4,5,4,4,4,3
CFB014467,C048,2025-08-03,5,5,4,3,3,5
CFB014468,C032,2025-08-03,2,3,3,5,2,5
CFB014469,C037,2025-08-03,4,5,4,5,4,5
CFB014470,C048,2025-08-03,3,3,3,5,4,4
CFB014471,C013,2025-08-03,4,4,3,3,3,5
CFB014472,C043,2025-08-03,5,5,5,4,3,5
CFB014473,C089,2025-08-04,5,3,4,4,4,4
CFB014474,C037,2025-08-04,4,3,4,5,3,3
CFB014475,C086,2025-08-04,3,3,5,5,3,4
CFB014476,C027,2025-08-04,3,4,4,3,4,4
CFB014477,C013,2025-08-04,4,2,4,4,3,5
CFB014478,C035,2025-08-04,2,4,1,4,4,4
CFB014479,C021,2025-08-04,3,3,5,3,2,4
CFB014480,C008,2025-08-04,4,4,4,4,5,5
CFB014481,C031,2025-08-04,5,3,3,3,3,3
CFB014482,C044,2025-08-05,2,4,3,4,4,3
CFB014483,C007,2025-08-05,2,2,4,2,4,2
CFB014484,C068,2025-08-05,3,5,5,3,2,4
CFB014485,C043,2025-08-05,4,3,3,4,1,5
CFB014486,C039,2025-08-05,5,2,5,4,4,5
CFB014487,C031,2025-08-05,4,4,3,4,2,4
CFB014488,C015,2025-08-05,3,4,4,5,4,4
CFB014489,C074,2025-08-05,5,4,2,4,4,2
CFB014490,C077,2025-08-05,3,5,5,4,5,4
CFB014491,C044,2025-08-05,5,5,5,5,3,4
CFB014492,C046,2025-08-05,2,2,3,4,4,3
CFB014493,C021,2025-08-06,4,5,5,5,5,3
CFB014494,C079,2025-08-06,3,4,4,4,5,3
CFB014495,C084,2025-08-06,3,4,4,5,4,2
CFB014496,C030,2025-08-06,4,3,5,4,1,4
CFB014497,C068,2025-08-06,3,2,4,3,2,3
CFB014498,C045,2025-08-06,5,2,3,4,3,3
CFB014499,C078,2025-08-06,4,5,3,4,5,4
CFB014500,C073,2025-08-06,5,4,3,4,4,4
CFB014501,C015,2025-08-06,2,5,3,2,4,4
CFB014502,C068,2025-08-06,5,4,4,3,3,2
CFB014503,C040,2025-08-06,5,4,5,5,4,5
CFB014504,C004,2025-08-07,3,2,4,5,4,5
CFB014505,C016,2025-08-07,4,3,3,3,2,3
CFB014506,C084,2025-08-07,3,4,4,4,4,4
CFB014507,C068,2025-08-07,2,3,4,4,2,4
CFB014508,C015,2025-08-07,4,4,5,5,2,4
CFB014509,C038,2025-08-07,5,4,3,4,3,4
CFB014510,C030,2025-08-07,4,4,3,4,1,3
CFB014511,C086,2025-08-07,4,4,5,4,3,5
CFB014512,C024,2025-08-07,5,5,3,3,4,4
CFB014513,C018,2025-08-07,4,2,3,3,4,3
CFB014514,C087,2025-08-08,4,4,3,5,2,5
CFB014515,C081,2025-08-08,4,4,5,5,3,4
CFB014516,C062,2025-08-08,3,5,5,5,3,4
CFB014517,C043,2025-08-08,5,5,4,5,3,5
CFB014518,C078,2025-08-09,4,3,3,5,2,4
CFB014519,C015,2025-08-09,4,5,4,5,4,4
CFB014520,C084,2025-08-09,4,4,5,4,4,3
CFB014521,C055,2025-08-09,4,5,3,4,4,4
CFB014522,C063,2025-08-09,4,4,3,4,3,3
CFB014523,C045,2025-08-09,5,5,5,5,3,5
CFB014524,C025,2025-08-09,5,4,5,4,3,5
CFB014525,C040,2025-08-09,4,4,3,5,5,4
CFB014526,C038,2025-08-09,5,3,4,4,2,4
CFB014527,C074,2025-08-10,5,4,4,4,4,3
CFB014528,C048,2025-08-10,4,3,4,5,2,2
CFB014529,C078,2025-08-10,4,3,3,3,2,3
CFB014530,C054,2025-08-10,3,4,4,5,2,2
CFB014531,C021,2025-08-10,3,4,3,4,3,3
CFB014532,C002,2025-08-10,2,3,4,5,3,4
CFB014533,C034,2025-08-10,4,4,3,4,4,5
CFB014534,C008,2025-08-10,4,3,3,4,3,4
CFB014535,C063,2025-08-10,4,5,5,3,5,5
CFB014536,C069,2025-08-11,5,5,4,5,1,3
CFB014537,C078,2025-08-11,2,4,3,3,3,4
CFB014538,C085,2025-08-11,4,4,4,2,3,5
CFB014539,C007,2025-08-11,5,3,5,4,3,4
CFB014540,C021,2025-08-11,4,3,5,3,3,5
CFB014541,C027,2025-08-11,4,5,2,3,2,3
CFB014542,C030,2025-08-12,3,2,4,3,4,4
CFB014543,C086,2025-08-12,5,5,5,4,4,5
CFB014544,C066,2025-08-12,4,4,4,4,3,3
CFB014545,C067,2025-08-12,4,4,4,3,3,5
CFB014546,C077,2025-08-12,5,4,5,4,3,3
CFB014547,C044,2025-08-12,5,5,5,5,3,5
CFB014548,C078,2025-08-12,4,4,4,5,5,4
CFB014549,C060,2025-08-12,4,5,4,5,4,4
CFB014550,C039,2025-08-12,5,3,2,4,3,4
CFB014551,C073,2025-08-13,4,5,2,4,3,5
CFB014552,C030,2025-08-13,4,4,5,3,3,4
CFB014553,C010,2025-08-13,4,4,4,4,3,4
CFB014554,C069,2025-08-13,4,5,4,4,3,4
CFB014555,C010,2025-08-13,5,5,4,5,2,5
CFB014556,C017,2025-08-14,5,4,4,5,4,5
CFB014557,C006,2025-08-14,3,4,4,5,3,5
CFB014558,C032,2025-08-14,2,3,3,2,3,2
CFB014559,C036,2025-08-14,5,4,4,4,2,4
CFB014560,C069,2025-08-14,4,4,5,4,2,4
CFB014561,C026,2025-08-14,4,4,5,3,4,5
CFB014562,C013,2025-08-14,3,5,4,3,1,3
CFB014563,C027,2025-08-14,3,5,3,4,4,4
CFB014564,C035,2025-08-14,3,3,5,5,3,4
CFB014565,C074,2025-08-14,5,3,4,5,2,4
CFB014566,C040,2025-08-14,4,3,4,4,4,3
CFB014567,C084,2025-08-14,3,5,4,5,5,3
CFB014568,C066,2025-08-15,5,5,5,5,4,3
CFB014569,C002,2025-08-15,5,4,3,4,3,5
CFB014570,C023,2025-08-15,2,2,5,5,2,4
CFB014571,C087,2025-08-15,5,3,4,5,3,5
CFB014572,C038,2025-08-15,5,2,5,4,2,5
CFB014573,C017,2025-08-15,4,3,4,3,3,5
CFB014574,C002,2025-08-16,5,4,5,5,3,4
CFB014575,C025,2025-08-16,4,4,5,5,3,5
CFB014576,C027,2025-08-16,5,3,4,4,3,2
CFB014577,C077,2025-08-16,4,3,4,4,4,5
CFB014578,C061,2025-08-16,5,5,5,3,3,4
CFB014579,C055,2025-08-16,4,4,5,5,3,4
CFB014580,C013,2025-08-16,4,3,4,4,3,4
CFB014581,C054,2025-08-16,4,4,4,4,3,2
CFB014582,C027,2025-08-17,4,4,3,4,4,5
CFB014583,C037,2025-08-17,4,4,3,4,3,4
CFB014584,C079,2025-08-17,3,5,4,3,3,4
CFB014585,C062,2025-08-17,3,3,5,5,4,3
CFB014586,C085,2025-08-17,4,4,2,3,2,4
CFB014587,C062,2025-08-17,3,5,5,5,2,4
CFB014588,C017,2025-08-17,4,4,5,5,3,4
CFB014589,C089,2025-08-17,5,4,3,4,1,4
CFB014590,C044,2025-08-18,4,4,4,4,1,4
CFB014591,C068,2025-08-18,3,4,5,3,3,4
CFB014592,C030,2025-08-18,4,4,4,4,3,4
CFB014593,C040,2025-08-18,3,3,3,4,5,2
CFB014594,C032,2025-08-18,3,2,5,4,2,4
CFB014595,C075,2025-08-18,5,5,5,5,4,5
CFB014596,C031,2025-08-18,5,5,4,4,3,4
CFB014597,C063,2025-08-18,4,3,2,3,2,3
CFB014598,C061,2025-08-18,4,3,4,5,5,4
CFB014599,C035,2025-08-18,5,4,5,3,2,3
CFB014600,C017,2025-08-18,4,3,5,5,1,5
CFB014601,C046,2025-08-18,3,2,3,4,3,3
CFB014602,C086,2025-08-19,3,3,3,4,4,4
CFB014603,C069,2025-08-19,2,4,4,4,4,4
CFB014604,C061,2025-08-19,4,5,5,3,4,4
CFB014605,C030,2025-08-19,5,5,4,4,4,4
CFB014606,C032,2025-08-19,4,4,3,5,5,5
CFB014607,C010,2025-08-19,4,2,2,3,5,2
CFB014608,C069,2025-08-19,2,4,4,3,3,3
CFB014609,C059,2025-08-19,5,4,3,5,1,5
CFB014610,C006,2025-08-19,5,4,4,4,2,2
CFB014611,C073,2025-08-19,5,5,4,5,4,5
CFB014612,C075,2025-08-19,3,4,3,3,2,4
CFB014613,C048,2025-08-20,5,4,4,5,4,4
CFB014614,C007,2025-08-20,3,3,4,3,3,3
CFB014615,C043,2025-08-20,3,3,4,2,3,4
CFB014616,C034,2025-08-20,4,3,5,3,2,3
CFB014617,C045,2025-08-20,5,4,4,5,2,4
CFB014618,C077,2025-08-20,4,2,4,4,2,5
CFB014619,C018,2025-08-20,5,4,4,4,2,3
CFB014620,C065,2025-08-20,4,4,4,4,2,5
CFB014621,C021,2025-08-20,3,5,5,2,1,4
CFB014622,C070,2025-08-20,5,5,5,5,4,4
CFB014623,C039,2025-08-20,3,4,3,5,5,4
CFB014624,C020,2025-08-20,5,5,5,3,2,3
CFB014625,C017,2025-08-21,5,5,4,4,4,5
CFB014626,C035,2025-08-21,5,3,4,4,3,4
CFB014627,C036,2025-08-21,3,3,5,5,5,5
CFB014628,C035,2025-08-21,4,2,4,4,2,4
CFB014629,C043,2025-08-21,4,4,4,5,5,5
CFB014630,C008,2025-08-21,5,3,5,5,3,4
CFB014631,C066,2025-08-21,3,3,4,3,5,2
CFB014632,C086,2025-08-21,4,3,4,5,4,4
CFB014633,C051,2025-08-21,5,4,5,3,3,5
CFB014634,C063,2025-08-22,5,3,5,5,4,3
CFB014635,C073,2025-08-22,5,4,5,5,3,4
CFB014636,C010,2025-08-22,4,2,2,4,2,3
CFB014637,C078,2025-08-22,5,1,3,3,3,3
CFB014638,C065,2025-08-22,3,4,4,5,4,3
CFB014639,C004,2025-08-22,3,4,4,3,4,4
CFB014640,C054,2025-08-22,4,3,5,5,3,5
CFB014641,C008,2025-08-22,3,3,4,4,5,4
CFB014642,C030,2025-08-23,3,3,5,3,4,3
CFB014643,C024,2025-08-23,4,3,4,4,2,5
CFB014644,C044,2025-08-23,5,4,5,5,3,4
CFB014645,C035,2025-08-23,4,4,4,5,2,5
CFB014646,C073,2025-08-23,4,4,5,4,4,4
CFB014647,C081,2025-08-24,5,4,4,4,2,5
CFB014648,C034,2025-08-24,5,4,5,5,2,5
CFB014649,C021,2025-08-24,4,4,4,4,3,4
CFB014650,C065,2025-08-24,5,5,4,5,2,2
CFB014651,C062,2025-08-24,4,3,4,5,3,4
CFB014652,C069,2025-08-24,4,3,4,4,2,4
CFB014653,C032,2025-08-24,5,5,5,5,5,4
CFB014654,C043,2025-08-24,4,3,3,4,3,3
CFB014655,C089,2025-08-24,4,4,5,5,3,5
CFB014656,C031,2025-08-25,5,4,4,4,2,5
CFB014657,C089,2025-08-25,5,3,4,3,3,3
CFB014658,C013,2025-08-25,5,4,5,3,3,3
CFB014659,C087,2025-08-25,5,5,4,4,5,4
CFB014660,C054,2025-08-25,4,4,5,5,3,5
CFB014661,C075,2025-08-25,3,4,4,4,2,3
CFB014662,C032,2025-08-25,3,4,5,5,4,4
CFB014663,C018,2025-08-25,4,4,4,5,4,3
CFB014664,C074,2025-08-25,3,4,4,4,2,4
CFB014665,C070,2025-08-25,4,5,4,4,2,4
CFB014666,C038,2025-08-25,4,4,4,4,4,5
CFB014667,C069,2025-08-25,4,5,3,5,3,4
CFB014668,C077,2025-08-25,3,3,4,4,3,4
CFB014669,C010,2025-08-25,4,4,3,4,3,3
CFB014670,C047,2025-08-25,4,4,4,5,5,3
CFB014671,C075,2025-08-26,4,3,4,2,3,4
CFB014672,C037,2025-08-26,5,4,4,5,4,5
CFB014673,C085,2025-08-26,4,4,5,5,2,4
CFB014674,C068,2025-08-26,5,5,5,4,2,4
CFB014675,C074,2025-08-26,4,5,4,3,4,5
CFB014676,C018,2025-08-27,4,3,2,4,3,4
CFB014677,C040,2025-08-27,4,4,5,3,2,4
CFB014678,C043,2025-08-27,4,4,5,4,2,3
CFB014679,C061,2025-08-27,5,4,4,4,3,4
CFB014680,C084,2025-08-27,3,3,5,4,3,3
CFB014681,C021,2025-08-27,3,4,3,5,4,5
CFB014682,C035,2025-08-27,5,2,3,5,5,3
CFB014683,C035,2025-08-27,3,4,3,2,2,4
CFB014684,C059,2025-08-27,5,4,5,4,3,4
CFB014685,C039,2025-08-27,2,4,2,3,5,4
CFB014686,C030,2025-08-28,4,3,2,3,5,3
CFB014687,C013,2025-08-28,4,4,3,4,2,3
CFB014688,C054,2025-08-28,5,4,4,3,4,5
CFB014689,C036,2025-08-28,5,4,4,4,3,2
CFB014690,C027,2025-08-28,2,4,5,5,3,2
CFB014691,C065,2025-08-28,3,4,3,4,2,3
CFB014692,C027,2025-08-28,5,4,3,4,3,4
CFB014693,C046,2025-08-29,5,3,5,4,5,4
CFB014694,C059,2025-08-29,4,5,3,3,3,3
CFB014695,C077,2025-08-29,3,5,4,4,2,4
CFB014696,C032,2025-08-29,4,4,4,4,4,5
CFB014697,C036,2025-08-29,4,3,1,3,3,4
CFB014698,C080,2025-08-29,4,5,5,4,4,4
CFB014699,C079,2025-08-29,4,3,5,4,2,5
CFB014700,C038,2025-08-30,4,4,4,3,3,2
CFB014701,C069,2025-08-30,4,3,4,3,2,5
CFB014702,C077,2025-08-30,3,3,4,4,3,4
CFB014703,C081,2025-08-30,5,5,5,5,3,5
CFB014704,C060,2025-08-30,4,3,5,4,3,5
CFB014705,C018,2025-08-30,3,4,4,4,4,4
CFB014706,C067,2025-08-30,3,4,4,5,3,4
CFB014707,C040,2025-08-30,3,4,2,4,2,3
CFB014708,C018,2025-08-30,4,5,4,3,3,3
CFB014709,C002,2025-08-30,3,5,5,5,5,4
CFB014710,C089,2025-08-31,4,4,4,2,3,5
CFB014711,C051,2025-08-31,5,4,3,4,5,1
CFB014712,C016,2025-08-31,4,5,3,2,4,5
CFB014713,C016,2025-08-31,5,4,5,5,3,5
CFB014714,C088,2025-08-31,3,2,4,4,2,5
CFB014715,C077,2025-08-31,4,5,4,4,4,5
CFB014716,C037,2025-08-31,3,4,4,4,4,4
CFB014717,C016,2025-08-31,4,2,4,4,3,4
CFB014718,C077,2025-08-31,3,4,4,5,3,4
CFB014719,C047,2025-09-01,5,4,5,5,5,5
CFB014720,C038,2025-09-01,3,3,5,5,3,5
CFB014721,C054,2025-09-01,3,2,3,4,2,4
CFB014722,C036,2025-09-01,4,3,4,4,4,4
CFB014723,C034,2025-09-01,5,4,5,4,2,4
CFB014724,C061,2025-09-01,4,3,5,3,4,4
CFB014725,C087,2025-09-01,5,4,4,4,3,5
CFB014726,C018,2025-09-01,4,4,5,4,4,5
CFB014727,C013,2025-09-02,5,2,4,4,4,5
CFB014728,C030,2025-09-02,3,3,4,3,5,4
CFB014729,C036,2025-09-02,2,5,4,4,2,4
CFB014730,C080,2025-09-02,4,5,4,4,5,4
CFB014731,C086,2025-09-02,5,3,4,4,2,3
CFB014732,C085,2025-09-02,4,4,5,3,4,5
CFB014733,C048,2025-09-02,3,4,4,4,2,5
CFB014734,C007,2025-09-03,3,3,3,3,2,3
CFB014735,C008,2025-09-03,4,4,5,4,4,4
CFB014736,C061,2025-09-03,3,4,4,4,3,3
CFB014737,C065,2025-09-03,4,3,3,5,3,5
CFB014738,C088,2025-09-03,5,4,3,3,2,4
CFB014739,C048,2025-09-03,4,4,4,4,5,4
CFB014740,C089,2025-09-03,5,4,5,5,4,5
CFB014741,C073,2025-09-03,4,3,4,4,2,3
CFB014742,C078,2025-09-03,4,4,5,4,2,4
CFB014743,C086,2025-09-04,3,3,2,3,3,2
CFB014744,C030,2025-09-04,4,4,5,4,4,5
CFB014745,C027,2025-09-04,4,4,5,4,4,3
CFB014746,C089,2025-09-04,4,4,5,4,3,4
CFB014747,C054,2025-09-04,5,5,5,4,3,4
CFB014748,C045,2025-09-04,4,5,4,4,4,5
CFB014749,C075,2025-09-04,4,5,4,5,2,5
CFB014750,C043,2025-09-04,4,5,4,4,4,3
CFB014751,C008,2025-09-04,4,5,4,5,3,4
CFB014752,C074,2025-09-05,3,5,3,5,5,4
CFB014753,C079,2025-09-05,3,3,4,5,4,5
CFB014754,C051,2025-09-05,4,3,5,2,2,4
CFB014755,C077,2025-09-05,4,4,4,4,2,3
CFB014756,C079,2025-09-05,4,5,5,4,5,4
CFB014757,C087,2025-09-05,4,4,3,5,3,3
CFB014758,C039,2025-09-05,5,5,4,4,5,5
CFB014759,C069,2025-09-05,4,4,4,4,2,4
CFB014760,C077,2025-09-05,5,4,5,4,3,5
CFB014761,C075,2025-09-05,5,5,4,3,5,5
CFB014762,C084,2025-09-06,3,2,3,4,3,4
CFB014763,C086,2025-09-06,4,2,3,5,3,5
CFB014764,C047,2025-09-06,5,3,5,5,1,4
CFB014765,C085,2025-09-06,4,3,3,5,2,3
CFB014766,C027,2025-09-06,4,4,5,4,3,5
CFB014767,C020,2025-09-06,5,3,4,4,3,3
CFB014768,C056,2025-09-06,4,5,4,5,3,5
CFB014769,C025,2025-09-06,5,4,5,5,4,3
CFB014770,C010,2025-09-06,4,3,3,3,3,5
CFB014771,C088,2025-09-06,2,3,2,2,3,3
CFB014772,C061,2025-09-07,5,5,5,5,3,3
CFB014773,C065,2025-09-07,5,5,4,5,3,5
CFB014774,C039,2025-09-07,3,5,4,5,2,4
CFB014775,C006,2025-09-07,4,4,4,3,2,5
CFB014776,C067,2025-09-07,5,4,4,3,2,3
CFB014777,C040,2025-09-07,5,3,4,5,3,5
CFB014778,C066,2025-09-07,2,3,5,2,4,3
CFB014779,C043,2025-09-07,3,3,2,3,3,4
CFB014780,C037,2025-09-07,4,2,3,4,3,4
CFB014781,C073,2025-09-08,5,3,4,4,3,2
CFB014782,C069,2025-09-08,4,4,5,4,1,4
CFB014783,C075,2025-09-08,5,4,5,5,4,4
CFB014784,C081,2025-09-08,5,3,3,5,2,3
CFB014785,C047,2025-09-08,5,5,4,4,1,5
CFB014786,C002,2025-09-08,3,2,5,5,2,3
CFB014787,C013,2025-09-08,5,4,4,5,2,5
CFB014788,C074,2025-09-08,4,5,4,4,2,4
CFB014789,C089,2025-09-08,3,4,4,4,2,4
CFB014790,C081,2025-09-09,4,5,4,4,2,4
CFB014791,C088,2025-09-09,5,4,4,5,4,4
CFB014792,C068,2025-09-09,3,3,3,3,3,5
CFB014793,C060,2025-09-09,4,3,3,3,4,4
CFB014794,C061,2025-09-09,4,3,3,3,3,4
CFB014795,C027,2025-09-09,5,5,5,4,4,5
CFB014796,C051,2025-09-09,2,2,4,3,2,4
CFB014797,C062,2025-09-09,4,4,4,4,3,3
CFB014798,C086,2025-09-10,5,5,4,4,4,5
CFB014799,C065,2025-09-10,3,4,4,4,2,5
CFB014800,C061,2025-09-10,5,5,3,4,4,3
CFB014801,C048,2025-09-10,4,4,3,4,3,5
CFB014802,C018,2025-09-10,5,5,4,4,3,5
CFB014803,C006,2025-09-10,2,4,3,3,4,5
CFB014804,C026,2025-09-10,3,4,5,3,3,4
CFB014805,C038,2025-09-11,5,4,3,5,3,4
CFB014806,C046,2025-09-11,4,3,3,5,4,4
CFB014807,C004,2025-09-11,4,5,5,4,5,5
CFB014808,C084,2025-09-11,4,5,4,5,3,4
CFB014809,C056,2025-09-11,2,2,2,4,3,5
CFB014810,C016,2025-09-11,4,4,5,5,2,3
CFB014811,C059,2025-09-11,5,4,5,4,4,4
CFB014812,C031,2025-09-11,5,3,5,2,2,4
CFB014813,C002,2025-09-11,3,2,5,3,2,4
CFB014814,C075,2025-09-11,3,5,4,5,5,5
CFB014815,C084,2025-09-11,1,2,4,3,3,3
CFB014816,C040,2025-09-11,5,4,5,5,3,4
CFB014817,C036,2025-09-12,4,3,3,4,2,3
CFB014818,C060,2025-09-12,5,3,4,4,3,5
CFB014819,C004,2025-09-12,4,4,3,3,4,3
CFB014820,C066,2025-09-12,5,1,4,3,2,5
CFB014821,C043,2025-09-12,5,4,5,4,4,4
CFB014822,C031,2025-09-12,4,2,3,3,3,4
CFB014823,C089,2025-09-12,5,4,5,4,3,4
CFB014824,C010,2025-09-12,4,5,4,4,2,4
CFB014825,C080,2025-09-12,4,4,4,3,4,4
CFB014826,C047,2025-09-13,3,4,5,3,3,4
CFB014827,C034,2025-09-13,4,2,3,2,4,4
CFB014828,C070,2025-09-13,4,4,3,5,3,4
CFB014829,C043,2025-09-13,3,3,4,3,2,4
CFB014830,C035,2025-09-13,4,3,3,4,4,5
CFB014831,C088,2025-09-13,5,5,4,3,3,3
CFB014832,C062,2025-09-13,2,3,3,5,4,4
CFB014833,C032,2025-09-13,4,4,4,5,3,4
CFB014834,C032,2025-09-14,3,3,4,4,4,3
CFB014835,C040,2025-09-14,3,3,4,5,4,4
CFB014836,C020,2025-09-14,4,3,3,4,4,3
CFB014837,C054,2025-09-14,5,4,5,5,4,5
CFB014838,C063,2025-09-14,3,3,5,3,2,4
CFB014839,C006,2025-09-15,3,5,4,4,3,3
CFB014840,C075,2025-09-15,4,4,3,4,3,4
CFB014841,C066,2025-09-15,5,4,4,4,3,4
CFB014842,C034,2025-09-16,4,4,5,5,3,5
CFB014843,C060,2025-09-16,2,3,4,3,3,3
CFB014844,C054,2025-09-16,5,4,5,4,4,4
CFB014845,C036,2025-09-16,3,4,4,5,4,2
CFB014846,C059,2025-09-16,5,5,5,3,4,3
CFB014847,C002,2025-09-16,3,4,2,5,3,4
CFB014848,C061,2025-09-17,5,3,4,3,3,4
CFB014849,C085,2025-09-17,5,3,3,2,3,5
CFB014850,C054,2025-09-17,3,2,5,4,4,4
CFB014851,C086,2025-09-17,5,4,4,4,2,5
CFB014852,C047,2025-09-17,5,4,5,5,4,4
CFB014853,C085,2025-09-17,3,4,5,5,2,3
CFB014854,C074,2025-09-17,4,5,4,5,2,4
CFB014855,C080,2025-09-17,5,4,5,4,3,4
CFB014856,C026,2025-09-17,4,3,3,4,3,5
CFB014857,C021,2025-09-17,5,5,4,4,5,5
CFB014858,C068,2025-09-17,5,4,2,3,3,4
CFB014859,C047,2025-09-17,5,3,4,4,5,5
CFB014860,C004,2025-09-17,4,4,3,5,3,5
CFB014861,C027,2025-09-17,5,5,4,2,5,5
CFB014862,C051,2025-09-17,5,5,5,4,3,5
CFB014863,C039,2025-09-18,4,4,5,5,4,5
CFB014864,C021,2025-09-18,4,3,3,3,3,3
CFB014865,C085,2025-09-18,4,3,5,4,3,4
CFB014866,C062,2025-09-18,2,4,5,4,3,2
CFB014867,C021,2025-09-18,4,4,4,2,4,4
CFB014868,C026,2025-09-18,4,4,4,4,4,3
CFB014869,C080,2025-09-18,3,5,4,4,4,4
CFB014870,C060,2025-09-18,5,5,5,4,3,5
CFB014871,C018,2025-09-18,5,3,5,4,3,5
CFB014872,C047,2025-09-18,2,3,5,4,2,3
CFB014873,C027,2025-09-18,5,3,5,3,5,5
CFB014874,C031,2025-09-19,4,3,4,4,2,4
CFB014875,C040,2025-09-19,3,5,5,4,5,5
CFB014876,C061,2025-09-19,4,4,3,5,4,5
CFB014877,C085,2025-09-19,5,3,5,5,3,4
CFB014878,C010,2025-09-19,5,5,3,5,4,5
CFB014879,C088,2025-09-19,4,4,4,3,3,3
CFB014880,C070,2025-09-19,5,5,4,5,1,5
CFB014881,C060,2025-09-19,5,4,4,4,3,5
CFB014882,C061,2025-09-20,5,2,4,4,4,3
CFB014883,C030,2025-09-20,5,4,3,4,2,4
CFB014884,C043,2025-09-20,4,4,3,4,2,5
CFB014885,C065,2025-09-20,4,5,3,4,5,5
CFB014886,C066,2025-09-20,4,5,4,5,3,5
CFB014887,C062,2025-09-20,4,5,5,5,5,5
CFB014888,C004,2025-09-20,4,4,3,3,1,5
CFB014889,C044,2025-09-20,3,2,3,4,2,4
CFB014890,C089,2025-09-20,4,4,5,4,3,5
CFB014891,C017,2025-09-20,4,3,3,3,5,5
CFB014892,C051,2025-09-20,3,4,5,5,3,3
CFB014893,C080,2025-09-21,2,4,3,3,3,3
CFB014894,C031,2025-09-21,5,4,5,3,4,2
CFB014895,C065,2025-09-21,5,4,4,3,2,5
CFB014896,C013,2025-09-21,5,5,5,3,4,5
CFB014897,C078,2025-09-21,3,3,2,4,4,4
CFB014898,C056,2025-09-21,3,4,3,3,1,4
CFB014899,C078,2025-09-21,5,4,4,4,4,3
CFB014900,C037,2025-09-21,4,3,2,5,3,5
CFB014901,C065,2025-09-21,5,4,3,4,2,4
CFB014902,C030,2025-09-21,4,4,5,3,4,3
CFB014903,C010,2025-09-21,4,2,3,4,3,5
CFB014904,C036,2025-09-22,4,4,4,4,2,4
CFB014905,C059,2025-09-22,5,3,4,4,4,3
CFB014906,C069,2025-09-22,4,3,2,3,3,4
CFB014907,C013,2025-09-22,4,4,2,4,4,4
CFB014908,C032,2025-09-22,4,3,5,5,3,3
CFB014909,C035,2025-09-22,4,4,5,5,2,5
CFB014910,C088,2025-09-22,4,4,2,3,1,3
CFB014911,C046,2025-09-22,3,3,5,5,3,4
CFB014912,C063,2025-09-22,5,4,4,5,4,4
CFB014913,C073,2025-09-22,4,2,4,5,4,5
CFB014914,C073,2025-09-23,4,3,4,4,3,2
CFB014915,C021,2025-09-23,3,2,4,4,3,4
CFB014916,C035,2025-09-23,3,3,3,2,1,5
CFB014917,C024,2025-09-23,4,5,4,4,3,5
CFB014918,C055,2025-09-23,4,3,5,5,3,5
CFB014919,C046,2025-09-23,4,3,3,5,4,4
CFB014920,C027,2025-09-23,4,4,3,4,2,3
CFB014921,C084,2025-09-23,3,2,4,2,1,3
CFB014922,C030,2025-09-23,3,3,3,4,3,4
CFB014923,C063,2025-09-24,4,3,3,5,4,4
CFB014924,C081,2025-09-24,5,3,4,5,4,5
CFB014925,C065,2025-09-24,5,5,5,4,3,5
CFB014926,C079,2025-09-24,5,4,3,4,4,5
CFB014927,C061,2025-09-24,5,5,4,4,5,4
CFB014928,C008,2025-09-24,3,3,5,5,4,4
CFB014929,C034,2025-09-24,5,4,3,5,3,5
CFB014930,C062,2025-09-24,4,4,4,4,4,5
CFB014931,C059,2025-09-24,4,5,5,4,4,5
CFB014932,C002,2025-09-24,3,4,4,5,4,5
CFB014933,C067,2025-09-24,5,3,3,3,1,4
CFB014934,C069,2025-09-24,4,3,3,4,2,2
CFB014935,C086,2025-09-25,5,4,5,5,4,5
CFB014936,C024,2025-09-25,4,4,3,3,3,4
CFB014937,C032,2025-09-25,3,3,3,5,2,3
CFB014938,C018,2025-09-25,3,4,2,5,4,4
CFB014939,C002,2025-09-25,3,4,4,3,3,4
CFB014940,C056,2025-09-25,5,5,4,5,5,4
CFB014941,C044,2025-09-25,4,3,4,3,4,4
CFB014942,C036,2025-09-25,4,3,3,3,3,4
CFB014943,C068,2025-09-25,5,4,4,4,4,4
CFB014944,C079,2025-09-25,5,5,4,4,4,4
CFB014945,C035,2025-09-25,3,3,4,3,4,3
CFB014946,C008,2025-09-25,3,4,5,2,2,4
CFB014947,C075,2025-09-25,5,5,5,5,2,5
CFB014948,C084,2025-09-26,5,5,3,5,4,4
CFB014949,C061,2025-09-26,5,4,3,5,3,5
CFB014950,C008,2025-09-26,5,5,4,5,4,3
CFB014951,C089,2025-09-26,2,4,3,4,3,3
CFB014952,C070,2025-09-26,5,4,4,5,4,4
CFB014953,C016,2025-09-26,5,3,4,4,1,3
CFB014954,C086,2025-09-26,5,4,4,2,3,4
CFB014955,C067,2025-09-26,5,5,4,3,4,5
CFB014956,C038,2025-09-26,4,4,2,3,1,4
CFB014957,C034,2025-09-26,5,4,4,3,4,4
CFB014958,C027,2025-09-27,3,4,3,3,1,4
CFB014959,C074,2025-09-27,4,5,5,5,4,5
CFB014960,C030,2025-09-27,4,4,5,5,4,4
CFB014961,C051,2025-09-27,4,4,3,4,4,4
CFB014962,C085,2025-09-27,5,5,5,4,3,4
CFB014963,C044,2025-09-27,2,4,4,3,2,4
CFB014964,C061,2025-09-27,5,4,4,4,3,5
CFB014965,C027,2025-09-27,4,5,5,4,3,4
CFB014966,C034,2025-09-28,4,4,2,2,3,4
CFB014967,C035,2025-09-28,5,3,4,4,2,4
CFB014968,C026,2025-09-28,5,3,3,2,3,4
CFB014969,C080,2025-09-28,5,3,4,4,5,4
CFB014970,C007,2025-09-28,4,4,3,4,3,2
CFB014971,C086,2025-09-29,4,5,5,4,3,5
CFB014972,C030,2025-09-29,5,5,4,5,4,5
CFB014973,C039,2025-09-29,5,5,5,5,4,4
CFB014974,C078,2025-09-29,5,4,5,3,3,3
CFB014975,C032,2025-09-29,5,5,4,5,1,5
CFB014976,C087,2025-09-29,4,4,5,4,5,4
CFB014977,C004,2025-09-29,5,4,5,4,3,5
CFB014978,C074,2025-09-29,5,4,4,3,4,4
CFB014979,C027,2025-09-29,4,3,5,5,3,4
CFB014980,C030,2025-09-29,5,4,4,4,3,4
CFB014981,C035,2025-09-29,4,5,4,5,1,4
CFB014982,C086,2025-09-29,5,5,4,4,3,4
CFB014983,C051,2025-09-29,5,3,5,4,3,5
CFB014984,C054,2025-09-29,4,4,5,4,4,4
CFB014985,C081,2025-09-29,3,3,5,2,3,3
CFB014986,C084,2025-09-29,4,5,4,5,3,3
CFB014987,C051,2025-09-29,4,3,4,4,3,5
CFB014988,C008,2025-09-29,4,3,4,2,2,3
CFB014989,C074,2025-09-29,4,5,5,5,3,4
CFB014990,C084,2025-09-29,4,3,2,5,3,3
CFB014991,C073,2025-09-29,4,5,5,5,1,4
CFB014992,C074,2025-09-29,3,4,3,4,2,5
CFB014993,C004,2025-09-30,4,3,4,4,3,4
CFB014994,C067,2025-09-30,4,4,4,5,4,3
CFB014995,C030,2025-09-30,5,5,2,5,5,5
CFB014996,C025,2025-09-30,4,5,3,4,2,4
CFB014997,C030,2025-10-01,5,5,5,5,2,4
CFB014998,C085,2025-10-01,5,4,4,4,4,5
CFB014999,C073,2025-10-01,5,3,4,4,3,4
CFB015000,C010,2025-10-01,3,5,3,3,1,5
CFB015001,C084,2025-10-01,5,4,4,3,3,5
CFB015002,C089,2025-10-01,4,3,4,3,2,4
CFB015003,C070,2025-10-02,3,3,4,4,2,4
CFB015004,C032,2025-10-02,4,5,4,5,4,3
CFB015005,C062,2025-10-02,5,4,4,5,3,3
CFB015006,C080,2025-10-02,3,4,4,5,3,5
CFB015007,C025,2025-10-02,5,4,4,5,4,4
CFB015008,C067,2025-10-02,5,5,4,4,2,4
CFB015009,C067,2025-10-02,4,4,3,4,2,4
CFB015010,C031,2025-10-02,4,5,5,5,3,5
CFB015011,C074,2025-10-02,4,2,3,4,3,4
CFB015012,C088,2025-10-02,4,3,4,5,5,5
CFB015013,C039,2025-10-02,4,5,4,5,3,4
CFB015014,C023,2025-10-02,3,5,3,5,5,5
CFB015015,C018,2025-10-03,5,5,5,5,3,5
CFB015016,C073,2025-10-03,3,4,3,3,4,4
CFB015017,C063,2025-10-03,3,4,5,4,4,5
CFB015018,C013,2025-10-03,3,4,4,4,2,4
CFB015019,C088,2025-10-03,3,3,4,5,3,4
CFB015020,C078,2025-10-03,3,4,5,4,3,5
CFB015021,C037,2025-10-03,4,4,4,4,3,2
CFB015022,C036,2025-10-03,4,4,4,5,3,4
CFB015023,C054,2025-10-03,3,4,5,2,3,5
CFB015024,C088,2025-10-03,5,4,4,4,4,4
CFB015025,C046,2025-10-03,5,4,4,2,3,5
CFB015026,C026,2025-10-03,3,4,4,3,3,5
CFB015027,C059,2025-10-03,3,3,3,3,3,5
CFB015028,C078,2025-10-03,4,3,5,4,3,4
CFB015029,C061,2025-10-04,4,3,5,4,4,5
CFB015030,C089,2025-10-04,4,5,4,3,5,4
CFB015031,C045,2025-10-04,4,4,3,4,4,5
CFB015032,C010,2025-10-04,3,3,4,5,3,3
CFB015033,C007,2025-10-04,5,5,5,5,3,5
CFB015034,C085,2025-10-04,5,5,4,4,5,3
CFB015035,C035,2025-10-04,3,3,3,4,5,4
CFB015036,C030,2025-10-04,5,4,5,5,5,4
CFB015037,C032,2025-10-05,5,5,4,5,1,4
CFB015038,C027,2025-10-05,3,3,5,3,2,4
CFB015039,C030,2025-10-05,4,4,4,4,2,4
CFB015040,C066,2025-10-05,4,4,4,3,1,4
CFB015041,C027,2025-10-05,4,5,4,4,5,5
CFB015042,C089,2025-10-05,4,4,3,4,3,2
CFB015043,C074,2025-10-05,3,4,4,2,3,3
CFB015044,C069,2025-10-05,5,5,3,4,4,5
CFB015045,C070,2025-10-05,5,4,4,5,5,5
CFB015046,C079,2025-10-05,2,4,4,3,4,4
CFB015047,C089,2025-10-05,5,2,3,4,4,4
CFB015048,C021,2025-10-05,5,4,5,5,2,5
CFB015049,C020,2025-10-06,5,4,3,5,3,5
CFB015050,C067,2025-10-06,3,4,2,3,3,4
CFB015051,C007,2025-10-06,4,4,3,3,2,5
CFB015052,C081,2025-10-06,5,5,5,4,3,3
CFB015053,C007,2025-10-06,5,5,5,5,3,4
CFB015054,C061,2025-10-06,3,4,2,4,1,5
CFB015055,C060,2025-10-06,5,4,3,2,4,5
CFB015056,C020,2025-10-06,3,5,3,4,3,5
CFB015057,C027,2025-10-06,4,5,5,4,4,5
CFB015058,C075,2025-10-07,4,5,3,5,2,4
CFB015059,C031,2025-10-07,4,2,4,4,4,2
CFB015060,C048,2025-10-07,5,3,3,3,2,5
CFB015061,C087,2025-10-07,3,4,4,3,2,5
CFB015062,C025,2025-10-07,5,5,4,5,2,4
CFB015063,C034,2025-10-07,4,5,3,2,1,4
CFB015064,C032,2025-10-07,3,3,5,5,3,4
CFB015065,C040,2025-10-07,5,4,5,5,4,4
CFB015066,C085,2025-10-07,3,4,4,3,3,2
CFB015067,C036,2025-10-07,4,4,5,5,5,5
CFB015068,C059,2025-10-08,5,3,4,3,3,4
CFB015069,C073,2025-10-08,5,3,3,4,3,4
CFB015070,C062,2025-10-08,4,4,4,4,4,5
CFB015071,C070,2025-10-08,4,2,3,4,3,3
CFB015072,C070,2025-10-08,4,3,4,3,4,4
CFB015073,C062,2025-10-08,3,3,3,4,2,5
CFB015074,C006,2025-10-08,5,5,4,4,2,5
CFB015075,C046,2025-10-08,5,3,4,3,4,5
CFB015076,C080,2025-10-09,4,4,4,3,4,4
CFB015077,C032,2025-10-09,4,5,5,5,4,4
CFB015078,C046,2025-10-09,4,1,4,4,3,4
CFB015079,C032,2025-10-09,5,4,4,5,3,4
CFB015080,C045,2025-10-09,5,3,3,5,4,4
CFB015081,C084,2025-10-09,5,5,4,4,3,4
CFB015082,C047,2025-10-09,2,5,5,5,2,5
CFB015083,C069,2025-10-09,5,5,3,5,3,4
CFB015084,C004,2025-10-09,2,4,5,5,2,3
CFB015085,C070,2025-10-09,5,5,3,4,3,4
CFB015086,C027,2025-10-09,5,4,4,4,3,4
CFB015087,C074,2025-10-10,5,3,3,4,3,5
CFB015088,C084,2025-10-10,4,3,5,4,3,5
CFB015089,C085,2025-10-10,5,2,2,3,4,4
CFB015090,C023,2025-10-10,4,3,4,3,4,4
CFB015091,C008,2025-10-10,3,3,4,3,3,5
CFB015092,C066,2025-10-10,5,5,3,5,4,4
CFB015093,C066,2025-10-10,4,4,5,4,2,5
CFB015094,C038,2025-10-10,3,4,4,3,3,3
CFB015095,C045,2025-10-10,5,3,4,4,4,5
CFB015096,C025,2025-10-10,3,3,4,3,3,5
CFB015097,C068,2025-10-10,4,4,4,3,3,1
CFB015098,C020,2025-10-10,5,4,5,4,3,5
CFB015099,C044,2025-10-11,3,3,4,4,2,5
CFB015100,C088,2025-10-11,5,4,4,5,4,4
CFB015101,C051,2025-10-11,5,4,4,5,4,5
CFB015102,C088,2025-10-11,4,3,4,5,3,4
CFB015103,C020,2025-10-11,4,5,5,4,4,4
CFB015104,C073,2025-10-11,5,2,1,5,2,3
CFB015105,C069,2025-10-11,5,4,3,3,2,4
CFB015106,C017,2025-10-11,3,3,3,4,3,4
CFB015107,C089,2025-10-11,5,4,5,3,2,4
CFB015108,C062,2025-10-11,4,4,4,5,2,3
CFB015109,C070,2025-10-12,5,4,5,4,2,5
CFB015110,C046,2025-10-12,4,3,3,4,5,4
CFB015111,C062,2025-10-12,5,4,5,5,5,4
CFB015112,C006,2025-10-12,5,4,3,4,2,3
CFB015113,C004,2025-10-12,4,5,5,5,5,4
CFB015114,C069,2025-10-12,5,3,5,4,3,5
CFB015115,C080,2025-10-12,4,5,4,3,3,5
CFB015116,C054,2025-10-13,4,3,3,3,4,3
CFB015117,C010,2025-10-13,4,4,4,4,2,4
CFB015118,C046,2025-10-13,5,4,4,4,2,5
CFB015119,C081,2025-10-13,2,3,3,4,2,4
CFB015120,C035,2025-10-13,3,5,4,4,4,4
CFB015121,C002,2025-10-13,5,3,5,5,3,4
CFB015122,C027,2025-10-13,3,5,3,4,2,4
CFB015123,C038,2025-10-13,5,5,4,4,4,5
CFB015124,C088,2025-10-13,2,3,4,4,4,4
CFB015125,C008,2025-10-13,3,3,3,3,3,3
CFB015126,C088,2025-10-14,5,5,4,4,3,4
CFB015127,C030,2025-10-14,5,4,3,5,3,4
CFB015128,C007,2025-10-14,4,5,2,5,3,5
CFB015129,C056,2025-10-14,5,4,5,5,4,3
CFB015130,C036,2025-10-14,3,5,3,5,3,4
CFB015131,C046,2025-10-14,4,3,3,4,1,3
CFB015132,C074,2025-10-14,3,5,3,5,3,4
CFB015133,C056,2025-10-14,3,3,4,4,4,5
CFB015134,C077,2025-10-14,4,3,3,3,3,5
CFB015135,C032,2025-10-15,3,1,5,3,3,3
CFB015136,C061,2025-10-15,5,4,4,3,3,3
CFB015137,C070,2025-10-15,5,5,4,4,4,4
CFB015138,C018,2025-10-15,4,4,5,4,3,4
CFB015139,C065,2025-10-15,3,3,5,5,2,5
CFB015140,C074,2025-10-15,5,4,5,5,4,5
CFB015141,C087,2025-10-15,4,4,5,4,4,4
CFB015142,C048,2025-10-15,4,2,4,4,4,5
CFB015143,C061,2025-10-15,5,5,4,4,4,4
CFB015144,C031,2025-10-15,4,4,3,2,4,5
CFB015145,C080,2025-10-16,4,4,5,5,4,3
CFB015146,C068,2025-10-16,3,4,4,4,3,4
CFB015147,C027,2025-10-16,4,2,3,5,4,4
CFB015148,C054,2025-10-16,4,3,4,4,4,4
CFB015149,C035,2025-10-16,3,4,3,4,2,4
CFB015150,C015,2025-10-16,4,5,5,4,4,3
CFB015151,C035,2025-10-16,5,3,5,3,4,3
CFB015152,C062,2025-10-16,4,3,4,5,5,4
CFB015153,C010,2025-10-16,3,3,3,4,2,3
CFB015154,C079,2025-10-16,4,5,4,4,4,3
CFB015155,C026,2025-10-16,4,3,4,4,4,4
CFB015156,C027,2025-10-16,5,5,4,5,3,5
CFB015157,C089,2025-10-17,3,5,3,5,2,5
CFB015158,C047,2025-10-17,4,4,3,5,5,4
CFB015159,C078,2025-10-17,5,4,4,5,4,4
CFB015160,C089,2025-10-17,3,4,4,4,5,4
CFB015161,C010,2025-10-17,5,3,4,4,5,3
CFB015162,C074,2025-10-17,4,3,3,3,4,2
CFB015163,C070,2025-10-17,4,4,4,5,4,5
CFB015164,C060,2025-10-17,4,5,5,4,3,4
CFB015165,C056,2025-10-17,4,5,3,5,4,4
CFB015166,C061,2025-10-17,5,5,5,5,4,5
CFB015167,C078,2025-10-18,4,4,5,4,2,4
CFB015168,C060,2025-10-18,4,3,4,5,3,5
CFB015169,C070,2025-10-18,5,3,5,4,4,5
CFB015170,C027,2025-10-18,5,2,4,3,4,3
CFB015171,C040,2025-10-18,5,3,2,3,2,3
CFB015172,C026,2025-10-18,5,5,5,4,1,4
CFB015173,C025,2025-10-18,4,4,4,3,3,4
CFB015174,C054,2025-10-18,4,5,4,5,2,5
CFB015175,C044,2025-10-18,2,4,3,4,2,4
CFB015176,C059,2025-10-18,5,5,5,5,1,3
CFB015177,C018,2025-10-19,5,5,4,5,4,5
CFB015178,C086,2025-10-19,5,4,5,5,3,5
CFB015179,C077,2025-10-19,3,5,5,5,3,4
CFB015180,C073,2025-10-19,3,2,4,4,4,5
CFB015181,C067,2025-10-19,4,4,5,4,3,5
CFB015182,C086,2025-10-19,5,3,5,4,2,4
CFB015183,C015,2025-10-19,3,5,5,5,2,3
CFB015184,C079,2025-10-19,5,4,4,4,3,4
CFB015185,C046,2025-10-19,4,4,4,5,5,3
CFB015186,C075,2025-10-20,5,3,4,5,2,4
CFB015187,C074,2025-10-20,5,5,5,5,5,5
CFB015188,C035,2025-10-20,4,2,4,5,2,4
CFB015189,C020,2025-10-20,4,5,4,4,2,3
CFB015190,C061,2025-10-20,4,3,1,3,3,5
CFB015191,C021,2025-10-20,4,4,5,3,3,4
CFB015192,C060,2025-10-20,5,3,4,5,4,4
CFB015193,C079,2025-10-20,2,5,4,5,4,5
CFB015194,C030,2025-10-20,4,4,2,4,2,5
CFB015195,C086,2025-10-20,4,3,3,4,4,5
CFB015196,C027,2025-10-20,2,4,4,3,2,5
CFB015197,C035,2025-10-20,3,4,4,3,2,4
CFB015198,C043,2025-10-21,4,3,4,4,2,3
CFB015199,C087,2025-10-21,5,4,5,4,4,4
CFB015200,C065,2025-10-21,5,5,5,3,3,4
CFB015201,C025,2025-10-21,4,3,4,4,2,5
CFB015202,C039,2025-10-21,5,5,5,5,4,4
CFB015203,C068,2025-10-21,5,3,4,5,5,5
CFB015204,C018,2025-10-21,4,2,4,2,3,3
CFB015205,C043,2025-10-21,4,4,5,4,3,4
CFB015206,C015,2025-10-21,4,3,4,5,3,4
CFB015207,C007,2025-10-21,5,3,3,4,5,4
CFB015208,C061,2025-10-21,4,4,5,5,3,5
CFB015209,C051,2025-10-21,4,4,5,3,1,4
CFB015210,C077,2025-10-21,2,2,5,4,3,4
CFB015211,C010,2025-10-22,5,5,5,5,4,5
CFB015212,C045,2025-10-22,4,3,4,4,3,3
CFB015213,C044,2025-10-22,5,4,4,5,2,3
CFB015214,C089,2025-10-22,5,5,4,4,4,4
CFB015215,C075,2025-10-22,5,4,5,5,3,3
CFB015216,C087,2025-10-22,4,3,3,4,4,5
CFB015217,C055,2025-10-22,4,5,4,3,4,5
CFB015218,C073,2025-10-22,5,5,5,5,4,5
CFB015219,C068,2025-10-22,5,5,4,5,3,5
CFB015220,C035,2025-10-22,5,3,4,4,4,3
CFB015221,C032,2025-10-22,4,4,3,3,1,3
CFB015222,C075,2025-10-23,4,4,4,5,3,4
CFB015223,C073,2025-10-23,4,5,4,5,3,5
CFB015224,C059,2025-10-23,4,4,3,5,2,4
CFB015225,C056,2025-10-23,4,4,3,4,1,4
CFB015226,C046,2025-10-23,5,4,4,3,3,5
CFB015227,C063,2025-10-23,4,4,4,5,2,5
CFB015228,C040,2025-10-23,3,4,4,2,2,4
CFB015229,C010,2025-10-23,4,3,5,4,4,3
CFB015230,C044,2025-10-23,4,5,4,5,3,4
CFB015231,C078,2025-10-23,2,4,2,3,3,4
CFB015232,C066,2025-10-23,4,3,5,4,2,4
CFB015233,C043,2025-10-24,5,4,5,4,1,5
CFB015234,C010,2025-10-24,5,4,4,3,5,3
CFB015235,C046,2025-10-24,3,5,3,4,3,3
CFB015236,C006,2025-10-24,5,4,5,5,5,5
CFB015237,C013,2025-10-24,5,3,5,5,3,4
CFB015238,C002,2025-10-24,4,5,4,5,3,5
CFB015239,C036,2025-10-24,5,4,3,3,3,4
CFB015240,C087,2025-10-24,3,4,3,3,3,4
CFB015241,C038,2025-10-24,3,3,2,3,3,2
CFB015242,C010,2025-10-24,4,4,3,2,4,4
CFB015243,C037,2025-10-24,5,3,5,4,2,5
CFB015244,C018,2025-10-25,4,4,4,4,4,5
CFB015245,C081,2025-10-25,5,2,3,5,5,4
CFB015246,C044,2025-10-25,4,4,5,4,3,4
CFB015247,C079,2025-10-25,3,4,4,3,3,2
CFB015248,C043,2025-10-25,4,4,4,4,3,5
CFB015249,C077,2025-10-25,4,4,3,5,4,5
CFB015250,C081,2025-10-25,4,3,5,5,4,4
CFB015251,C077,2025-10-25,5,4,3,4,1,4
CFB015252,C066,2025-10-26,5,5,5,5,3,5
CFB015253,C037,2025-10-26,5,5,4,4,4,3
CFB015254,C067,2025-10-26,5,3,5,4,3,4
CFB015255,C051,2025-10-26,5,5,4,5,4,4
CFB015256,C037,2025-10-26,3,3,4,4,3,5
CFB015257,C040,2025-10-26,4,5,5,5,3,5
CFB015258,C023,2025-10-26,3,5,5,4,4,5
CFB015259,C085,2025-10-26,4,3,3,4,4,3
CFB015260,C046,2025-10-26,5,2,4,3,4,3
CFB015261,C023,2025-10-26,4,3,3,5,2,4
CFB015262,C081,2025-10-27,5,4,4,4,4,4
CFB015263,C006,2025-10-27,5,5,3,5,5,4
CFB015264,C051,2025-10-27,3,4,4,5,4,3
CFB015265,C062,2025-10-27,4,5,3,3,3,4
CFB015266,C056,2025-10-27,5,5,4,4,2,2
CFB015267,C059,2025-10-27,4,3,4,4,4,4
CFB015268,C021,2025-10-27,4,4,3,3,3,4
CFB015269,C030,2025-10-27,3,4,4,3,4,5
CFB015270,C047,2025-10-27,4,2,5,4,3,3
CFB015271,C047,2025-10-27,3,4,3,4,2,3
CFB015272,C043,2025-10-27,4,5,3,4,2,3
CFB015273,C039,2025-10-28,4,3,4,2,5,5
CFB015274,C030,2025-10-28,4,4,5,4,4,4
CFB015275,C044,2025-10-28,4,5,4,4,5,4
CFB015276,C032,2025-10-28,5,3,4,4,3,4
CFB015277,C015,2025-10-28,5,3,5,4,2,4
CFB015278,C069,2025-10-28,5,4,5,4,4,5
CFB015279,C051,2025-10-28,4,4,5,5,3,4
CFB015280,C069,2025-10-28,3,4,4,3,3,4
CFB015281,C045,2025-10-28,4,3,4,4,3,4
CFB015282,C085,2025-10-28,4,5,4,3,2,3
CFB015283,C077,2025-10-29,5,5,5,5,5,5
CFB015284,C039,2025-10-29,3,3,3,4,3,5
CFB015285,C034,2025-10-29,2,3,4,3,3,4
CFB015286,C051,2025-10-29,5,4,3,4,2,5
CFB015287,C074,2025-10-29,3,2,3,4,2,4
CFB015288,C073,2025-10-29,5,4,5,5,4,3
CFB015289,C030,2025-10-29,4,4,5,5,2,3
CFB015290,C051,2025-10-29,5,4,3,4,1,5
CFB015291,C037,2025-10-30,4,5,5,5,3,4
CFB015292,C063,2025-10-30,5,3,4,4,2,3
CFB015293,C054,2025-10-30,5,4,4,5,2,5
CFB015294,C087,2025-10-30,3,4,4,5,3,5
CFB015295,C069,2025-10-30,4,4,5,5,4,4
CFB015296,C088,2025-10-31,4,4,5,4,2,5
CFB015297,C027,2025-10-31,4,4,4,4,1,5
CFB015298,C048,2025-10-31,2,4,4,4,3,3
CFB015299,C089,2025-10-31,3,5,2,3,2,2
CFB015300,C043,2025-10-31,4,3,5,4,3,3
CFB015301,C024,2025-10-31,4,3,4,4,4,3
CFB015302,C026,2025-10-31,3,3,4,4,4,3
CFB015303,C078,2025-10-31,5,4,5,5,3,4
CFB015304,C032,2025-11-01,3,3,2,1,5,2
CFB015305,C031,2025-11-01,3,4,5,4,3,5
CFB015306,C065,2025-11-01,5,5,4,5,2,5
CFB015307,C013,2025-11-01,5,5,5,5,2,4
CFB015308,C016,2025-11-01,3,5,5,3,3,5
CFB015309,C068,2025-11-01,4,4,3,3,3,5
CFB015310,C032,2025-11-01,5,3,5,5,4,5
CFB015311,C027,2025-11-01,3,4,4,3,3,3
CFB015312,C038,2025-11-01,4,5,4,5,3,4
CFB015313,C045,2025-11-01,5,5,4,5,2,3
CFB015314,C026,2025-11-01,4,2,5,4,4,4
CFB015315,C026,2025-11-01,5,4,4,2,4,4
CFB015316,C027,2025-11-01,5,5,5,4,4,2
CFB015317,C069,2025-11-01,4,4,3,4,3,2
CFB015318,C078,2025-11-01,5,3,4,5,3,3
CFB015319,C077,2025-11-02,3,4,3,3,2,3
CFB015320,C039,2025-11-02,4,2,4,3,4,3
CFB015321,C085,2025-11-02,5,4,5,5,3,5
CFB015322,C031,2025-11-02,4,5,4,4,2,4
CFB015323,C031,2025-11-02,4,4,3,2,2,2
CFB015324,C078,2025-11-02,5,5,4,5,2,4
CFB015325,C043,2025-11-02,3,5,5,2,3,3
CFB015326,C080,2025-11-03,3,2,4,3,3,3
CFB015327,C055,2025-11-03,5,5,5,4,1,5
CFB015328,C002,2025-11-03,3,4,4,5,1,3
CFB015329,C061,2025-11-03,3,5,4,5,3,3
CFB015330,C035,2025-11-03,5,3,4,3,3,5
CFB015331,C039,2025-11-03,3,4,5,4,2,5
CFB015332,C065,2025-11-03,3,5,3,3,2,5
CFB015333,C006,2025-11-03,4,4,4,3,3,4
CFB015334,C030,2025-11-04,3,2,3,4,4,4
CFB015335,C013,2025-11-04,4,5,4,4,2,5
CFB015336,C061,2025-11-04,5,4,5,3,2,4
CFB015337,C027,2025-11-04,4,2,2,5,3,4
CFB015338,C026,2025-11-04,4,4,4,4,4,5
CFB015339,C051,2025-11-04,4,4,5,2,4,4
CFB015340,C055,2025-11-04,4,5,3,5,3,4
CFB015341,C025,2025-11-04,4,5,2,3,4,3
CFB015342,C040,2025-11-04,5,5,5,4,4,4
CFB015343,C002,2025-11-05,5,3,4,3,4,4
CFB015344,C084,2025-11-05,4,3,4,4,2,5
CFB015345,C054,2025-11-05,3,3,3,4,4,4
CFB015346,C013,2025-11-05,5,4,5,4,3,4
CFB015347,C013,2025-11-05,5,5,4,4,2,5
CFB015348,C030,2025-11-05,3,4,3,3,3,4
CFB015349,C039,2025-11-05,4,4,4,5,2,3
CFB015350,C030,2025-11-05,5,3,4,3,4,4
CFB015351,C038,2025-11-05,4,5,2,3,2,3
CFB015352,C027,2025-11-06,4,2,4,1,3,3
CFB015353,C059,2025-11-06,4,5,5,3,3,5
CFB015354,C044,2025-11-06,4,3,4,4,2,3
CFB015355,C040,2025-11-07,3,4,5,5,3,4
CFB015356,C034,2025-11-07,4,5,5,5,3,3
CFB015357,C074,2025-11-07,4,4,3,3,3,5
CFB015358,C017,2025-11-07,5,5,4,5,3,3
CFB015359,C069,2025-11-07,5,5,5,3,4,4
CFB015360,C088,2025-11-07,3,3,5,2,2,4
CFB015361,C062,2025-11-07,3,3,5,5,1,4
CFB015362,C070,2025-11-07,3,3,2,4,1,3
CFB015363,C086,2025-11-07,4,5,4,5,4,4
CFB015364,C013,2025-11-07,4,5,3,3,3,5
CFB015365,C017,2025-11-07,4,3,5,3,3,5
CFB015366,C031,2025-11-08,4,5,5,2,4,4
CFB015367,C037,2025-11-08,5,5,4,2,3,3
CFB015368,C089,2025-11-08,4,5,4,4,4,4
CFB015369,C078,2025-11-08,5,4,5,5,5,4
CFB015370,C004,2025-11-08,4,4,3,3,1,4
CFB015371,C006,2025-11-08,5,3,5,5,2,4
CFB015372,C088,2025-11-08,3,5,5,4,4,5
CFB015373,C048,2025-11-08,3,4,4,4,3,4
CFB015374,C043,2025-11-08,5,5,5,5,3,5
CFB015375,C013,2025-11-09,5,4,5,4,4,5
CFB015376,C074,2025-11-09,4,5,5,5,5,5
CFB015377,C079,2025-11-09,4,4,2,3,1,3
CFB015378,C037,2025-11-09,4,3,4,3,3,2
CFB015379,C036,2025-11-09,4,5,4,4,3,3
CFB015380,C059,2025-11-09,4,5,4,4,5,4
CFB015381,C008,2025-11-09,5,3,2,4,2,3
CFB015382,C081,2025-11-09,4,5,5,4,2,3
CFB015383,C046,2025-11-09,4,3,4,5,5,4
CFB015384,C088,2025-11-09,5,3,5,3,3,5
CFB015385,C007,2025-11-10,3,3,5,5,3,4
CFB015386,C021,2025-11-10,5,4,5,5,5,4
CFB015387,C006,2025-11-10,3,5,2,5,2,5
CFB015388,C073,2025-11-10,4,4,4,5,2,3
CFB015389,C017,2025-11-10,3,3,4,5,3,2
CFB015390,C078,2025-11-10,5,4,4,2,2,4
CFB015391,C066,2025-11-10,5,5,4,5,1,5
CFB015392,C026,2025-11-10,4,3,5,5,5,5
CFB015393,C081,2025-11-10,5,4,4,4,4,5
CFB015394,C027,2025-11-10,5,5,2,4,4,5
CFB015395,C086,2025-11-10,4,3,4,5,3,5
CFB015396,C026,2025-11-10,4,5,5,5,1,3
CFB015397,C062,2025-11-10,4,4,3,3,3,4
CFB015398,C069,2025-11-10,4,3,4,5,3,4
CFB015399,C037,2025-11-10,4,4,5,5,1,5
CFB015400,C056,2025-11-10,3,4,5,3,4,5
CFB015401,C037,2025-11-10,4,2,4,3,3,4
CFB015402,C080,2025-11-10,4,5,4,4,3,4
CFB015403,C031,2025-11-10,4,5,5,5,3,5
CFB015404,C037,2025-11-10,5,4,4,5,3,4
CFB015405,C073,2025-11-10,4,4,5,4,3,5
CFB015406,C006,2025-11-10,5,3,5,4,3,4
CFB015407,C013,2025-11-10,3,3,3,2,4,3
CFB015408,C038,2025-11-10,5,5,4,5,3,5
CFB015409,C086,2025-11-10,4,4,3,4,5,5
CFB015410,C070,2025-11-10,4,3,5,4,4,4
CFB015411,C060,2025-11-10,2,2,2,4,4,3
CFB015412,C059,2025-11-10,4,3,5,4,3,3
CFB015413,C075,2025-11-10,4,3,4,5,3,4
CFB015414,C059,2025-11-10,4,3,4,4,4,4
CFB015415,C084,2025-11-10,3,4,4,4,3,4
CFB015416,C007,2025-11-10,5,4,5,4,3,4
CFB015417,C035,2025-11-10,4,5,5,5,4,5
CFB015418,C063,2025-11-10,5,5,3,4,2,5
CFB015419,C045,2025-11-10,5,4,4,3,4,4
CFB015420,C006,2025-11-10,3,4,5,5,3,5
CFB015421,C089,2025-11-10,4,3,2,5,3,4
CFB015422,C026,2025-11-10,3,5,5,4,5,4
CFB015423,C060,2025-11-10,4,4,4,4,1,3
CFB015424,C070,2025-11-10,4,5,3,4,5,3
CFB015425,C006,2025-11-10,5,5,3,4,4,4
CFB015426,C027,2025-11-10,5,4,3,5,2,4
CFB015427,C080,2025-11-10,4,3,4,4,5,5
CFB015428,C087,2025-11-10,5,3,3,4,2,5
CFB015429,C069,2025-11-10,4,5,5,3,4,5
CFB015430,C035,2025-11-10,3,4,5,3,1,5
CFB015431,C078,2025-11-11,5,4,4,4,4,4
CFB015432,C002,2025-11-11,4,3,3,3,3,4
CFB015433,C054,2025-11-11,5,5,4,4,2,5
CFB015434,C030,2025-11-11,4,5,4,3,3,3
CFB015435,C084,2025-11-11,5,5,3,5,3,3
CFB015436,C074,2025-11-11,5,4,4,2,5,4
CFB015437,C030,2025-11-11,5,4,4,3,3,3
CFB015438,C040,2025-11-11,4,3,4,5,4,5
CFB015439,C031,2025-11-11,5,4,5,4,1,5
CFB015440,C079,2025-11-11,5,3,2,3,2,3
CFB015441,C085,2025-11-11,3,3,4,4,4,3
CFB015442,C070,2025-11-11,4,4,3,5,2,5
CFB015443,C059,2025-11-11,4,3,5,5,3,5
CFB015444,C038,2025-11-11,4,4,5,3,3,3
CFB015445,C084,2025-11-11,4,4,4,4,2,5
CFB015446,C061,2025-11-11,5,3,5,5,2,5
CFB015447,C069,2025-11-11,3,2,3,3,3,4
CFB015448,C031,2025-11-11,4,4,5,5,4,4
CFB015449,C073,2025-11-11,4,3,3,3,3,3
CFB015450,C046,2025-11-11,4,4,4,3,4,5
CFB015451,C081,2025-11-11,5,3,5,4,3,5
CFB015452,C035,2025-11-11,3,4,3,3,2,5
CFB015453,C061,2025-11-11,5,4,4,3,2,3
CFB015454,C043,2025-11-11,5,5,4,5,3,3
CFB015455,C044,2025-11-11,1,4,4,4,3,4
CFB015456,C051,2025-11-11,3,2,3,4,4,4
CFB015457,C069,2025-11-11,3,5,2,3,4,2
CFB015458,C020,2025-11-11,2,4,3,4,3,4
CFB015459,C035,2025-11-11,5,5,4,4,4,4
CFB015460,C013,2025-11-11,5,5,5,5,5,5
CFB015461,C073,2025-11-11,4,4,3,4,3,3
CFB015462,C021,2025-11-11,5,3,5,5,3,4
CFB015463,C056,2025-11-12,3,4,2,4,3,4
CFB015464,C047,2025-11-12,5,3,3,3,2,3
CFB015465,C036,2025-11-12,4,5,3,4,5,4
CFB015466,C023,2025-11-12,5,4,4,5,3,4
CFB015467,C078,2025-11-12,5,4,3,4,3,4
CFB015468,C065,2025-11-12,5,4,3,4,4,4
CFB015469,C059,2025-11-12,4,5,3,4,4,5
CFB015470,C015,2025-11-12,4,3,3,4,4,3
CFB015471,C044,2025-11-12,5,3,3,5,4,2
CFB015472,C030,2025-11-12,4,3,5,4,5,5
CFB015473,C038,2025-11-12,4,3,1,2,3,4
CFB015474,C085,2025-11-12,5,2,4,4,3,2
CFB015475,C060,2025-11-12,4,5,5,5,3,4
CFB015476,C046,2025-11-12,4,3,4,4,2,4
CFB015477,C044,2025-11-12,4,3,3,2,4,4
CFB015478,C063,2025-11-12,3,3,5,4,2,4
CFB015479,C036,2025-11-12,3,3,4,5,3,4
CFB015480,C036,2025-11-12,5,4,3,4,2,2
CFB015481,C081,2025-11-12,4,5,5,3,3,4
CFB015482,C046,2025-11-12,3,4,3,4,1,3
CFB015483,C089,2025-11-12,4,4,5,4,2,3
CFB015484,C045,2025-11-12,5,5,4,4,2,5
CFB015485,C031,2025-11-12,4,4,5,4,3,5
CFB015486,C074,2025-11-12,4,4,4,5,3,5
CFB015487,C066,2025-11-12,4,5,4,5,3,2
CFB015488,C027,2025-11-12,4,5,3,4,2,5
CFB015489,C038,2025-11-12,4,5,5,5,2,4
CFB015490,C039,2025-11-12,4,4,4,4,3,4
CFB015491,C062,2025-11-12,5,3,4,4,2,3
CFB015492,C088,2025-11-12,4,4,4,4,3,4
CFB015493,C037,2025-11-12,3,4,3,2,2,4
CFB015494,C068,2025-11-12,4,3,4,4,1,2
CFB015495,C013,2025-11-12,4,5,5,5,4,5
CFB015496,C054,2025-11-12,4,3,5,5,4,5
CFB015497,C066,2025-11-12,4,3,2,4,3,3
CFB015498,C047,2025-11-12,4,3,3,5,3,4
CFB015499,C086,2025-11-12,4,3,3,5,1,4
CFB015500,C054,2025-11-12,4,3,3,5,4,3
CFB015501,C086,2025-11-12,4,5,4,4,2,4
CFB015502,C089,2025-11-12,2,4,2,3,3,4
CFB015503,C074,2025-11-12,4,3,4,5,2,4
CFB015504,C038,2025-11-13,4,4,5,5,2,5
CFB015505,C032,2025-11-13,4,4,5,3,2,3
CFB015506,C013,2025-11-13,4,4,5,4,3,4
CFB015507,C065,2025-11-13,4,2,4,4,3,2
CFB015508,C025,2025-11-13,4,5,2,5,3,4
CFB015509,C067,2025-11-13,3,3,3,3,2,5
CFB015510,C030,2025-11-13,3,3,2,4,4,3
CFB015511,C030,2025-11-13,2,2,4,5,3,5
CFB015512,C024,2025-11-13,3,4,4,2,4,3
CFB015513,C089,2025-11-13,4,2,4,3,1,3
CFB015514,C013,2025-11-13,5,5,5,5,1,4
CFB015515,C060,2025-11-13,4,5,4,5,3,4
CFB015516,C017,2025-11-13,5,4,3,4,1,5
CFB015517,C038,2025-11-13,3,4,3,5,4,3
CFB015518,C078,2025-11-13,3,5,4,4,4,3
CFB015519,C063,2025-11-13,3,4,5,5,3,5
CFB015520,C086,2025-11-13,3,3,3,3,3,4
CFB015521,C056,2025-11-13,5,5,5,5,4,4
CFB015522,C056,2025-11-13,5,4,4,4,3,4
CFB015523,C054,2025-11-13,5,5,3,5,5,3
CFB015524,C024,2025-11-13,5,4,5,5,4,5
CFB015525,C006,2025-11-13,3,3,4,3,3,3
CFB015526,C065,2025-11-13,4,4,3,4,4,4
CFB015527,C046,2025-11-13,3,4,3,4,2,4
CFB015528,C062,2025-11-13,3,4,3,4,3,4
CFB015529,C059,2025-11-13,3,3,3,4,5,3
CFB015530,C002,2025-11-13,5,3,4,4,3,4
CFB015531,C077,2025-11-13,4,4,3,4,3,5
CFB015532,C080,2025-11-13,2,4,3,4,3,4
CFB015533,C075,2025-11-13,4,3,2,2,4,4
CFB015534,C056,2025-11-13,2,3,4,2,5,4
CFB015535,C027,2025-11-13,5,5,3,4,2,3
CFB015536,C070,2025-11-13,4,5,4,4,2,5
CFB015537,C069,2025-11-14,3,2,2,2,3,4
CFB015538,C040,2025-11-14,5,3,4,4,3,4
CFB015539,C077,2025-11-14,5,3,4,4,5,3
CFB015540,C047,2025-11-14,3,3,5,3,4,4
CFB015541,C044,2025-11-14,3,4,4,4,4,3
CFB015542,C075,2025-11-14,5,4,5,5,3,4
CFB015543,C039,2025-11-14,4,2,4,4,2,5
CFB015544,C084,2025-11-14,4,4,3,5,4,4
CFB015545,C068,2025-11-14,4,3,4,4,2,5
CFB015546,C059,2025-11-14,4,5,3,3,3,3
CFB015547,C016,2025-11-14,4,5,4,4,4,4
CFB015548,C010,2025-11-14,4,4,4,4,2,5
CFB015549,C074,2025-11-14,4,3,3,3,4,4
CFB015550,C056,2025-11-14,2,2,3,3,4,4
CFB015551,C038,2025-11-14,3,4,5,5,4,4
CFB015552,C078,2025-11-14,5,4,5,4,2,5
CFB015553,C045,2025-11-14,3,4,5,3,3,4
CFB015554,C088,2025-11-14,4,5,4,5,5,5
CFB015555,C070,2025-11-14,4,3,5,3,3,5
CFB015556,C073,2025-11-14,4,3,4,5,5,4
CFB015557,C006,2025-11-14,5,3,3,4,4,4
CFB015558,C031,2025-11-14,2,3,2,5,2,5
CFB015559,C027,2025-11-14,3,4,2,3,4,3
CFB015560,C051,2025-11-14,5,4,5,4,2,4
CFB015561,C065,2025-11-14,5,4,4,5,4,4
CFB015562,C027,2025-11-14,4,5,4,4,5,4
CFB015563,C074,2025-11-14,4,2,2,4,4,3
CFB015564,C016,2025-11-14,5,4,3,2,3,2
CFB015565,C008,2025-11-14,5,4,5,5,3,5
CFB015566,C025,2025-11-14,4,5,3,4,3,3
CFB015567,C045,2025-11-14,5,4,4,4,3,4
CFB015568,C066,2025-11-14,2,4,4,5,4,4
CFB015569,C023,2025-11-14,4,4,3,5,3,3
CFB015570,C025,2025-11-14,5,3,4,4,4,3
CFB015571,C034,2025-11-14,3,2,3,5,2,4
CFB015572,C007,2025-11-14,3,2,3,3,3,4
CFB015573,C081,2025-11-14,5,5,3,4,2,4
CFB015574,C030,2025-11-14,4,4,5,3,2,5
CFB015575,C081,2025-11-14,4,4,4,5,3,2
CFB015576,C027,2025-11-14,5,5,4,5,3,5
CFB015577,C031,2025-11-15,3,3,4,4,4,5
CFB015578,C035,2025-11-15,3,4,1,3,3,3
CFB015579,C040,2025-11-15,5,4,3,4,3,5
CFB015580,C059,2025-11-15,5,5,3,5,3,4
CFB015581,C048,2025-11-15,5,5,5,5,5,5
CFB015582,C017,2025-11-15,5,3,4,3,4,3
CFB015583,C020,2025-11-15,3,4,3,5,3,5
CFB015584,C075,2025-11-15,4,5,5,3,3,3
CFB015585,C031,2025-11-15,3,4,5,2,2,5
CFB015586,C068,2025-11-15,5,4,5,4,3,5
CFB015587,C080,2025-11-15,3,3,4,3,2,3
CFB015588,C062,2025-11-15,5,5,4,4,3,5
CFB015589,C060,2025-11-15,5,3,5,3,1,5
CFB015590,C077,2025-11-15,4,2,4,2,3,5
CFB015591,C077,2025-11-15,3,4,4,4,3,3
CFB015592,C035,2025-11-15,3,5,3,4,4,5
CFB015593,C081,2025-11-15,5,3,5,5,4,5
CFB015594,C013,2025-11-15,4,3,2,3,1,5
CFB015595,C078,2025-11-15,5,3,5,4,3,4
CFB015596,C081,2025-11-15,5,5,5,4,4,4
CFB015597,C021,2025-11-15,4,3,4,4,4,4
CFB015598,C061,2025-11-15,5,5,5,4,2,5
CFB015599,C015,2025-11-15,4,5,4,4,3,5
CFB015600,C038,2025-11-15,4,5,4,3,3,4
CFB015601,C004,2025-11-15,5,5,4,5,3,5
CFB015602,C039,2025-11-15,4,3,3,5,3,4
CFB015603,C013,2025-11-15,5,4,4,5,3,4
CFB015604,C060,2025-11-15,3,4,3,3,4,4
CFB015605,C034,2025-11-15,4,5,5,4,4,4
CFB015606,C067,2025-11-15,4,5,5,5,5,4
CFB015607,C048,2025-11-15,4,4,4,4,3,4
CFB015608,C079,2025-11-16,4,3,3,3,3,4
CFB015609,C036,2025-11-16,5,3,5,5,5,5
CFB015610,C087,2025-11-16,5,5,3,3,2,2
CFB015611,C010,2025-11-16,5,3,5,4,3,4
CFB015612,C035,2025-11-16,4,5,5,4,3,5
CFB015613,C067,2025-11-16,3,4,4,3,3,4
CFB015614,C030,2025-11-16,5,2,3,5,3,4
CFB015615,C074,2025-11-16,4,4,5,5,2,5
CFB015616,C020,2025-11-16,4,4,4,4,2,3
CFB015617,C025,2025-11-16,4,3,4,4,3,4
CFB015618,C031,2025-11-16,5,4,4,5,3,4
CFB015619,C074,2025-11-16,5,5,3,5,3,4
CFB015620,C059,2025-11-16,5,4,5,3,2,4
CFB015621,C020,2025-11-16,5,4,5,4,4,4
CFB015622,C017,2025-11-16,5,4,5,5,4,5
CFB015623,C045,2025-11-16,3,5,5,4,4,5
CFB015624,C067,2025-11-16,2,3,4,5,1,3
CFB015625,C047,2025-11-16,4,3,5,5,3,3
CFB015626,C065,2025-11-16,3,3,3,2,3,3
CFB015627,C031,2025-11-16,5,3,4,3,4,4
CFB015628,C089,2025-11-16,3,3,4,4,4,2
CFB015629,C051,2025-11-16,5,4,2,5,3,3
CFB015630,C046,2025-11-16,3,4,3,5,1,5
CFB015631,C067,2025-11-16,5,2,4,2,4,4
CFB015632,C035,2025-11-16,4,3,3,3,2,3
CFB015633,C021,2025-11-16,3,3,3,4,3,4
CFB015634,C084,2025-11-16,4,4,2,4,3,2
CFB015635,C085,2025-11-16,5,5,5,5,5,4
CFB015636,C085,2025-11-16,5,4,3,5,3,3
CFB015637,C046,2025-11-16,4,5,2,4,5,4
CFB015638,C069,2025-11-16,4,5,4,3,4,5
CFB015639,C032,2025-11-16,3,4,3,4,4,4
CFB015640,C060,2025-11-16,5,5,4,5,3,3
CFB015641,C073,2025-11-16,4,3,5,4,2,4
CFB015642,C010,2025-11-16,5,1,3,3,3,3
CFB015643,C086,2025-11-16,5,4,4,2,4,4
CFB015644,C078,2025-11-16,2,4,3,4,4,4
CFB015645,C007,2025-11-16,3,3,3,5,2,4
CFB015646,C035,2025-11-16,4,3,4,3,2,3
CFB015647,C037,2025-11-16,5,3,3,4,3,3
CFB015648,C046,2025-11-16,4,4,4,3,1,4
CFB015649,C008,2025-11-16,3,4,3,3,2,3
CFB015650,C038,2025-11-17,4,2,4,4,5,4
CFB015651,C034,2025-11-17,4,5,3,4,2,4
CFB015652,C031,2025-11-17,3,5,3,2,3,5
CFB015653,C031,2025-11-17,4,5,4,5,4,4
CFB015654,C084,2025-11-17,5,5,5,5,4,5
CFB015655,C062,2025-11-17,4,3,5,5,5,5
CFB015656,C047,2025-11-17,5,4,3,5,3,5
CFB015657,C074,2025-11-17,4,4,5,4,4,4
CFB015658,C059,2025-11-17,4,5,3,5,2,3
CFB015659,C061,2025-11-17,2,2,5,3,2,4
CFB015660,C081,2025-11-17,5,3,4,4,3,5
CFB015661,C030,2025-11-17,5,3,5,3,5,4
CFB015662,C023,2025-11-17,5,5,4,4,2,5
CFB015663,C069,2025-11-17,3,1,2,3,3,3
CFB015664,C024,2025-11-17,4,5,5,4,3,4
CFB015665,C020,2025-11-17,3,4,4,4,2,4
CFB015666,C044,2025-11-17,3,4,4,5,4,4
CFB015667,C030,2025-11-17,5,5,4,5,5,5
CFB015668,C075,2025-11-17,5,4,5,5,2,5
CFB015669,C040,2025-11-17,5,4,4,5,3,5
CFB015670,C008,2025-11-17,5,4,4,5,4,5
CFB015671,C046,2025-11-17,4,4,4,5,2,4
CFB015672,C021,2025-11-17,3,3,2,4,3,3
CFB015673,C038,2025-11-17,5,4,3,5,2,2
CFB015674,C074,2025-11-17,4,3,5,3,5,4
CFB015675,C043,2025-11-17,3,4,5,5,4,4
CFB015676,C086,2025-11-17,4,5,5,5,3,5
CFB015677,C002,2025-11-17,4,5,5,5,4,5
CFB015678,C006,2025-11-17,5,4,3,4,3,4
CFB015679,C060,2025-11-17,4,4,3,3,3,4
CFB015680,C084,2025-11-17,4,3,3,4,3,4
CFB015681,C061,2025-11-17,4,3,3,3,2,2
CFB015682,C066,2025-11-17,4,4,4,5,5,3
CFB015683,C085,2025-11-17,3,4,4,4,1,5
CFB015684,C040,2025-11-17,5,4,5,4,2,5
CFB015685,C074,2025-11-17,3,4,5,3,3,3
CFB015686,C020,2025-11-17,4,2,3,3,2,2
CFB015687,C074,2025-11-17,4,3,5,4,2,5
CFB015688,C087,2025-11-17,4,4,4,4,2,2
CFB015689,C060,2025-11-17,3,3,3,5,2,3
CFB015690,C086,2025-11-17,4,3,2,5,3,3
CFB015691,C055,2025-11-17,3,4,4,2,1,3
CFB015692,C007,2025-11-17,4,3,3,3,2,4
CFB015693,C063,2025-11-17,5,4,4,5,2,4
CFB015694,C018,2025-11-17,3,4,4,4,1,1
CFB015695,C087,2025-11-17,5,3,5,5,4,3
CFB015696,C060,2025-11-17,4,4,4,5,4,4
CFB015697,C047,2025-11-17,5,5,4,5,1,4
CFB015698,C068,2025-11-17,4,3,5,4,3,4
CFB015699,C060,2025-11-17,4,4,5,4,4,4
CFB015700,C063,2025-11-18,4,3,5,4,4,3
CFB015701,C074,2025-11-18,4,3,3,4,3,3
CFB015702,C085,2025-11-18,4,3,4,4,4,5
CFB015703,C007,2025-11-18,5,4,3,4,4,4
CFB015704,C030,2025-11-18,3,1,3,3,3,3
CFB015705,C070,2025-11-18,3,3,3,2,4,4
CFB015706,C010,2025-11-18,5,3,3,4,3,4
CFB015707,C021,2025-11-18,4,4,3,5,3,5
CFB015708,C075,2025-11-18,5,5,5,4,3,3
CFB015709,C081,2025-11-18,5,3,4,3,4,5
CFB015710,C013,2025-11-18,4,2,3,5,2,5
CFB015711,C070,2025-11-18,4,2,5,3,3,5
CFB015712,C080,2025-11-18,3,5,4,3,4,4
CFB015713,C013,2025-11-18,4,3,3,4,3,2
CFB015714,C067,2025-11-18,3,3,3,5,3,2
CFB015715,C067,2025-11-18,3,5,3,3,4,3
CFB015716,C013,2025-11-18,3,4,5,3,3,4
CFB015717,C047,2025-11-18,5,4,4,4,4,3
CFB015718,C034,2025-11-18,3,4,5,5,3,4
CFB015719,C068,2025-11-18,5,5,5,4,3,3
CFB015720,C010,2025-11-18,5,4,3,5,3,4
CFB015721,C045,2025-11-18,5,4,4,4,3,5
CFB015722,C006,2025-11-18,3,4,4,3,5,4
CFB015723,C018,2025-11-18,4,5,4,4,2,4
CFB015724,C066,2025-11-18,3,3,5,4,3,5
CFB015725,C067,2025-11-18,5,5,4,5,2,4
CFB015726,C013,2025-11-18,3,5,3,4,2,1
CFB015727,C002,2025-11-18,4,4,3,3,3,5
CFB015728,C081,2025-11-18,3,5,2,2,5,5
CFB015729,C046,2025-11-18,4,2,5,5,2,5
CFB015730,C023,2025-11-18,5,4,5,5,4,4
CFB015731,C002,2025-11-18,5,3,3,3,4,3
CFB015732,C073,2025-11-18,4,4,5,5,3,5
CFB015733,C017,2025-11-18,5,3,4,4,4,4
CFB015734,C065,2025-11-18,4,4,4,5,3,5
CFB015735,C063,2025-11-18,3,4,5,4,5,4
CFB015736,C085,2025-11-18,4,3,5,3,2,5
CFB015737,C069,2025-11-18,3,5,4,3,4,4
CFB015738,C043,2025-11-18,4,2,4,3,5,4
CFB015739,C074,2025-11-18,3,4,3,4,3,3
CFB015740,C007,2025-11-19,3,4,4,5,4,5
CFB015741,C073,2025-11-19,4,3,5,4,1,3
CFB015742,C073,2025-11-19,4,2,3,3,3,2
CFB015743,C016,2025-11-19,4,5,5,5,3,3
CFB015744,C063,2025-11-19,4,1,3,5,2,2
CFB015745,C081,2025-11-19,3,5,4,5,4,3
CFB015746,C056,2025-11-19,3,3,3,3,1,5
CFB015747,C051,2025-11-19,5,3,4,4,1,4
CFB015748,C073,2025-11-19,4,2,3,4,3,5
CFB015749,C045,2025-11-19,4,5,5,4,2,5
CFB015750,C070,2025-11-19,3,3,2,3,3,3
CFB015751,C086,2025-11-19,5,4,5,3,2,5
CFB015752,C016,2025-11-19,5,4,3,3,3,5
CFB015753,C017,2025-11-19,4,5,4,4,3,4
CFB015754,C037,2025-11-19,5,4,5,4,3,4
CFB015755,C060,2025-11-19,4,5,4,4,1,3
CFB015756,C084,2025-11-19,5,4,4,5,4,4
CFB015757,C063,2025-11-19,5,3,4,3,4,5
CFB015758,C089,2025-11-19,3,3,5,4,3,4
CFB015759,C046,2025-11-19,2,3,2,3,3,3
CFB015760,C089,2025-11-19,5,3,4,3,3,5
CFB015761,C018,2025-11-19,5,4,4,4,5,5
CFB015762,C062,2025-11-19,4,5,4,3,5,5
CFB015763,C046,2025-11-19,4,3,5,5,5,4
CFB015764,C078,2025-11-19,4,3,4,3,2,5
CFB015765,C066,2025-11-19,5,3,4,3,3,3
CFB015766,C063,2025-11-19,5,4,3,5,3,5
CFB015767,C068,2025-11-19,3,3,2,3,2,2
CFB015768,C045,2025-11-19,4,5,5,4,4,3
CFB015769,C075,2025-11-19,5,4,5,5,3,2
CFB015770,C017,2025-11-19,4,3,5,2,2,5
CFB015771,C030,2025-11-19,5,5,5,3,5,3
CFB015772,C081,2025-11-19,4,4,4,4,3,4
CFB015773,C036,2025-11-19,4,3,5,3,4,5
CFB015774,C059,2025-11-19,4,4,3,4,3,3
CFB015775,C026,2025-11-19,4,5,3,5,3,3
CFB015776,C007,2025-11-19,4,5,2,5,2,5
CFB015777,C027,2025-11-19,4,5,4,4,3,4
CFB015778,C031,2025-11-19,5,5,3,5,2,3
CFB015779,C079,2025-11-19,5,3,4,5,2,3
CFB015780,C043,2025-11-19,3,3,3,3,3,4
CFB015781,C063,2025-11-19,5,5,5,5,2,5
CFB015782,C054,2025-11-19,3,3,2,3,5,2
CFB015783,C081,2025-11-19,4,3,5,5,1,5
CFB015784,C025,2025-11-20,5,5,5,4,3,3
CFB015785,C030,2025-11-20,5,5,3,5,4,5
CFB015786,C066,2025-11-20,5,3,5,4,2,3
CFB015787,C013,2025-11-20,3,5,4,4,4,3
CFB015788,C002,2025-11-20,5,4,4,5,3,3
CFB015789,C008,2025-11-20,5,5,5,3,3,4
CFB015790,C067,2025-11-20,3,3,3,4,2,5
CFB015791,C085,2025-11-20,4,3,4,2,3,4
CFB015792,C085,2025-11-20,4,2,4,5,3,3
CFB015793,C031,2025-11-20,4,4,5,4,4,5
CFB015794,C015,2025-11-20,4,5,5,4,3,4
CFB015795,C039,2025-11-20,4,4,3,5,3,4
CFB015796,C048,2025-11-20,3,2,3,4,5,4
CFB015797,C039,2025-11-20,4,5,5,3,4,5
CFB015798,C034,2025-11-20,3,4,3,3,2,3
CFB015799,C030,2025-11-20,4,4,3,3,3,2
CFB015800,C010,2025-11-20,5,3,5,3,4,5
CFB015801,C006,2025-11-20,3,2,4,4,2,5
CFB015802,C089,2025-11-20,4,5,3,5,4,4
CFB015803,C025,2025-11-20,4,4,5,5,2,4
CFB015804,C069,2025-11-20,5,4,3,4,3,5
CFB015805,C088,2025-11-20,4,4,2,3,4,4
CFB015806,C066,2025-11-20,5,3,4,4,2,3
CFB015807,C004,2025-11-21,5,3,2,3,2,4
CFB015808,C067,2025-11-21,5,5,5,5,5,5
CFB015809,C054,2025-11-21,5,3,5,5,2,4
CFB015810,C031,2025-11-21,3,3,3,4,3,5
CFB015811,C006,2025-11-21,4,3,4,4,2,5
CFB015812,C044,2025-11-21,5,5,4,4,3,3
CFB015813,C026,2025-11-21,5,3,4,4,1,3
CFB015814,C017,2025-11-21,4,5,4,4,4,3
CFB015815,C030,2025-11-21,5,4,4,4,3,5
CFB015816,C077,2025-11-21,3,3,4,5,4,5
CFB015817,C047,2025-11-21,5,4,4,3,3,3
CFB015818,C039,2025-11-21,5,5,4,4,4,3
CFB015819,C046,2025-11-21,2,3,2,2,4,4
CFB015820,C020,2025-11-21,2,5,5,4,2,4
CFB015821,C068,2025-11-21,4,3,5,4,5,5
CFB015822,C051,2025-11-21,5,4,4,5,3,3
CFB015823,C069,2025-11-21,4,3,3,3,3,5
CFB015824,C018,2025-11-21,4,4,4,5,3,5
CFB015825,C044,2025-11-21,2,3,3,2,4,4
CFB015826,C084,2025-11-21,4,4,5,5,3,5
CFB015827,C087,2025-11-21,5,5,5,5,3,5
CFB015828,C074,2025-11-21,3,3,5,5,3,5
CFB015829,C006,2025-11-21,4,2,4,5,3,4
CFB015830,C086,2025-11-21,4,4,3,4,2,4
CFB015831,C002,2025-11-21,4,3,3,5,4,3
CFB015832,C020,2025-11-21,4,3,4,5,2,4
CFB015833,C016,2025-11-21,4,5,3,5,2,3
CFB015834,C087,2025-11-21,5,5,4,4,3,4
CFB015835,C054,2025-11-21,4,4,5,4,2,5
CFB015836,C066,2025-11-21,5,3,4,4,2,2
CFB015837,C054,2025-11-21,4,4,1,4,5,4
CFB015838,C035,2025-11-21,4,5,4,4,4,5
CFB015839,C044,2025-11-22,2,2,4,2,1,3
CFB015840,C078,2025-11-22,5,4,5,5,5,4
CFB015841,C015,2025-11-22,4,5,3,4,4,4
CFB015842,C056,2025-11-22,4,5,4,3,3,4
CFB015843,C020,2025-11-22,4,4,4,4,2,3
CFB015844,C074,2025-11-22,4,4,4,4,2,4
CFB015845,C021,2025-11-22,4,5,4,4,4,4
CFB015846,C047,2025-11-22,4,5,4,4,4,3
CFB015847,C006,2025-11-22,5,5,5,5,4,5
CFB015848,C077,2025-11-22,4,4,3,5,2,5
CFB015849,C079,2025-11-22,4,5,5,5,5,5
CFB015850,C055,2025-11-22,5,4,3,4,3,5
CFB015851,C007,2025-11-22,5,2,4,3,4,5
CFB015852,C048,2025-11-22,5,4,5,3,5,5
CFB015853,C068,2025-11-22,3,4,5,4,1,2
CFB015854,C081,2025-11-22,4,4,4,4,4,3
CFB015855,C065,2025-11-22,2,5,3,3,3,1
CFB015856,C078,2025-11-22,5,5,5,4,5,5
CFB015857,C051,2025-11-22,3,4,4,2,1,3
CFB015858,C081,2025-11-22,4,3,4,4,5,5
CFB015859,C035,2025-11-22,4,3,4,3,2,4
CFB015860,C024,2025-11-22,3,3,2,3,1,4
CFB015861,C027,2025-11-22,3,2,4,3,5,2
CFB015862,C043,2025-11-22,4,5,4,4,4,3
CFB015863,C047,2025-11-22,3,4,5,5,4,3
CFB015864,C031,2025-11-22,3,5,5,4,3,5
CFB015865,C060,2025-11-22,4,3,3,5,3,4
CFB015866,C023,2025-11-22,2,5,3,5,4,3
CFB015867,C043,2025-11-22,5,5,4,4,5,4
CFB015868,C026,2025-11-22,5,4,4,4,3,4
CFB015869,C055,2025-11-22,2,5,4,4,4,4
CFB015870,C038,2025-11-22,5,5,3,4,3,5
CFB015871,C062,2025-11-22,5,5,4,5,2,2
CFB015872,C079,2025-11-22,4,3,3,4,1,4
CFB015873,C062,2025-11-22,4,5,2,3,4,5
CFB015874,C004,2025-11-22,3,3,4,5,4,1
CFB015875,C051,2025-11-22,5,4,2,4,3,4
CFB015876,C073,2025-11-22,4,4,3,4,2,3
CFB015877,C054,2025-11-22,4,4,3,4,3,4
CFB015878,C048,2025-11-22,4,5,5,5,5,5
CFB015879,C015,2025-11-22,5,3,5,4,3,5
CFB015880,C089,2025-11-22,4,3,3,4,4,3
CFB015881,C032,2025-11-22,5,5,5,5,2,5
CFB015882,C074,2025-11-22,5,4,4,5,3,5
CFB015883,C080,2025-11-22,5,4,3,5,2,5
CFB015884,C045,2025-11-22,5,4,5,4,3,4
CFB015885,C032,2025-11-23,4,2,3,2,3,5
CFB015886,C045,2025-11-23,4,3,4,3,4,4
CFB015887,C074,2025-11-23,5,4,4,4,3,4
CFB015888,C030,2025-11-23,3,3,4,3,4,4
CFB015889,C030,2025-11-23,4,4,5,5,3,4
CFB015890,C066,2025-11-23,3,5,3,4,5,3
CFB015891,C023,2025-11-23,5,4,4,5,3,4
CFB015892,C036,2025-11-23,4,4,4,4,5,5
CFB015893,C075,2025-11-23,5,3,4,4,4,3
CFB015894,C078,2025-11-23,5,4,5,4,3,4
CFB015895,C069,2025-11-23,3,2,4,3,3,3
CFB015896,C075,2025-11-23,3,4,5,5,3,3
CFB015897,C070,2025-11-23,5,5,3,4,2,3
CFB015898,C073,2025-11-23,4,4,5,4,3,3
CFB015899,C087,2025-11-23,3,4,5,3,5,4
CFB015900,C037,2025-11-23,3,4,4,2,5,4
CFB015901,C008,2025-11-23,4,4,4,3,3,4
CFB015902,C034,2025-11-23,5,3,5,4,3,4
CFB015903,C048,2025-11-23,3,3,2,4,3,4
CFB015904,C065,2025-11-23,2,3,3,3,2,4
CFB015905,C060,2025-11-23,4,4,5,5,3,5
CFB015906,C021,2025-11-23,3,4,4,5,3,4
CFB015907,C074,2025-11-23,3,5,4,5,4,5
CFB015908,C088,2025-11-23,4,3,3,4,3,4
CFB015909,C010,2025-11-23,5,3,4,5,2,4
CFB015910,C081,2025-11-23,5,5,5,3,3,4
CFB015911,C034,2025-11-23,4,4,5,4,1,4
CFB015912,C075,2025-11-23,4,5,3,5,2,4
CFB015913,C046,2025-11-23,4,3,5,2,2,4
CFB015914,C075,2025-11-24,3,5,3,3,4,2
CFB015915,C007,2025-11-24,4,2,3,5,4,3
CFB015916,C039,2025-11-24,3,5,4,3,4,4
CFB015917,C088,2025-11-24,4,4,5,5,3,5
CFB015918,C070,2025-11-24,3,3,5,5,3,3
CFB015919,C031,2025-11-24,5,3,4,5,4,1
CFB015920,C004,2025-11-24,4,3,4,5,5,5
CFB015921,C070,2025-11-24,4,3,3,4,3,4
CFB015922,C025,2025-11-24,4,4,3,5,2,4
CFB015923,C084,2025-11-24,5,4,4,4,3,5
CFB015924,C025,2025-11-24,4,4,3,5,1,3
CFB015925,C002,2025-11-24,5,5,5,4,2,5
CFB015926,C034,2025-11-24,5,4,5,5,4,5
CFB015927,C015,2025-11-24,3,3,3,4,3,4
CFB015928,C077,2025-11-24,3,5,5,3,5,4
CFB015929,C085,2025-11-24,2,5,3,3,4,4
CFB015930,C025,2025-11-24,2,4,5,4,3,4
CFB015931,C075,2025-11-24,5,4,3,5,5,5
CFB015932,C027,2025-11-24,4,5,5,5,4,4
CFB015933,C030,2025-11-24,4,4,4,3,3,5
CFB015934,C010,2025-11-24,4,4,5,4,3,4
CFB015935,C061,2025-11-24,3,4,3,3,3,4
CFB015936,C087,2025-11-24,5,4,4,4,3,4
CFB015937,C089,2025-11-24,5,3,1,5,4,4
CFB015938,C024,2025-11-24,5,4,4,4,4,3
CFB015939,C048,2025-11-24,4,4,3,5,5,4
CFB015940,C074,2025-11-24,3,3,3,4,3,5
CFB015941,C088,2025-11-24,4,5,4,5,2,4
CFB015942,C031,2025-11-24,4,4,3,5,2,5
CFB015943,C077,2025-11-24,5,4,4,3,4,5
CFB015944,C024,2025-11-24,4,4,3,4,3,4
CFB015945,C054,2025-11-24,4,4,3,4,3,5
CFB015946,C002,2025-11-24,4,4,1,4,2,5
CFB015947,C065,2025-11-24,3,4,3,4,3,4
CFB015948,C079,2025-11-24,5,4,3,3,2,4
CFB015949,C073,2025-11-24,4,4,5,3,3,2
CFB015950,C051,2025-11-24,5,4,4,4,4,4
CFB015951,C062,2025-11-25,5,4,5,5,4,3
CFB015952,C087,2025-11-25,4,3,4,1,2,5
CFB015953,C055,2025-11-25,4,3,5,2,2,4
CFB015954,C054,2025-11-25,4,2,5,5,2,5
CFB015955,C074,2025-11-25,3,5,3,4,1,3
CFB015956,C086,2025-11-25,5,3,5,5,2,3
CFB015957,C078,2025-11-25,4,3,4,4,4,4
CFB015958,C073,2025-11-25,4,2,2,5,2,5
CFB015959,C068,2025-11-25,5,5,5,3,5,3
CFB015960,C068,2025-11-25,3,4,5,5,4,4
CFB015961,C055,2025-11-25,2,4,3,3,2,4
CFB015962,C047,2025-11-25,4,4,4,4,2,5
CFB015963,C087,2025-11-25,5,3,4,5,2,5
CFB015964,C006,2025-11-25,5,4,5,2,3,3
CFB015965,C066,2025-11-25,3,5,5,5,3,2
CFB015966,C065,2025-11-25,4,4,4,4,2,4
CFB015967,C081,2025-11-25,4,4,5,4,4,3
CFB015968,C036,2025-11-25,4,4,4,4,3,3
CFB015969,C074,2025-11-25,5,4,5,5,4,4
CFB015970,C078,2025-11-25,5,4,5,3,5,3
CFB015971,C048,2025-11-25,3,5,5,4,3,4
CFB015972,C062,2025-11-25,5,3,5,3,2,3
CFB015973,C056,2025-11-25,5,4,5,4,2,3
CFB015974,C075,2025-11-25,4,3,4,3,1,3
CFB015975,C077,2025-11-25,5,5,5,4,5,3
CFB015976,C035,2025-11-25,2,4,5,3,2,3
CFB015977,C039,2025-11-25,4,4,3,3,2,3
CFB015978,C015,2025-11-25,5,5,5,5,3,4
CFB015979,C065,2025-11-25,4,3,4,4,3,5
CFB015980,C034,2025-11-25,5,5,4,5,3,5
CFB015981,C087,2025-11-25,4,4,4,4,4,5
CFB015982,C004,2025-11-25,4,3,5,3,2,2
CFB015983,C026,2025-11-25,5,5,5,5,2,5
CFB015984,C026,2025-11-25,5,5,5,4,3,4
CFB015985,C075,2025-11-25,4,3,4,2,4,5
CFB015986,C006,2025-11-25,3,4,5,4,3,3
CFB015987,C047,2025-11-25,3,4,5,3,4,5
CFB015988,C044,2025-11-26,5,4,5,5,3,5
CFB015989,C024,2025-11-26,5,5,4,4,3,3
CFB015990,C036,2025-11-26,4,5,3,4,4,4
CFB015991,C023,2025-11-26,5,3,4,5,4,3
CFB015992,C010,2025-11-26,2,3,3,4,2,3
CFB015993,C007,2025-11-26,3,3,4,4,2,5
CFB015994,C075,2025-11-26,3,4,3,5,2,4
CFB015995,C060,2025-11-26,5,4,4,4,5,4
CFB015996,C045,2025-11-26,4,5,4,4,2,4
CFB015997,C043,2025-11-26,1,4,3,4,4,2
CFB015998,C054,2025-11-26,4,4,3,5,4,4
CFB015999,C065,2025-11-26,4,5,5,5,3,5
CFB016000,C077,2025-11-26,5,4,4,3,4,4
CFB016001,C075,2025-11-26,5,3,5,4,3,3
CFB016002,C038,2025-11-26,5,4,5,3,3,5
CFB016003,C077,2025-11-26,3,4,2,4,2,3
CFB016004,C080,2025-11-26,3,4,3,3,2,3
CFB016005,C074,2025-11-26,4,5,3,4,2,4
CFB016006,C039,2025-11-26,5,4,5,5,4,5
CFB016007,C061,2025-11-26,4,4,2,3,4,3
CFB016008,C059,2025-11-26,3,5,4,5,3,5
CFB016009,C084,2025-11-26,3,5,5,5,3,3
CFB016010,C016,2025-11-26,5,3,3,4,4,3
CFB016011,C070,2025-11-26,3,5,4,3,3,2
CFB016012,C063,2025-11-26,3,5,5,4,2,4
CFB016013,C026,2025-11-26,4,3,5,3,2,3
CFB016014,C007,2025-11-26,5,3,2,4,3,3
CFB016015,C063,2025-11-26,4,3,4,3,1,5
CFB016016,C075,2025-11-26,3,3,5,4,5,5
CFB016017,C023,2025-11-26,4,4,5,4,2,4
CFB016018,C080,2025-11-26,4,4,2,2,2,3
CFB016019,C059,2025-11-26,5,4,4,4,2,3
CFB016020,C066,2025-11-26,3,4,2,4,2,3
CFB016021,C038,2025-11-26,5,5,3,5,3,3
CFB016022,C074,2025-11-26,5,4,3,3,4,5
CFB016023,C069,2025-11-26,5,4,3,3,5,5
CFB016024,C004,2025-11-26,4,3,3,4,5,3
CFB016025,C035,2025-11-26,5,4,3,3,4,4
CFB016026,C025,2025-11-26,4,4,3,5,3,5
CFB016027,C007,2025-11-26,4,5,3,3,2,5
CFB016028,C073,2025-11-26,4,3,5,4,4,4
CFB016029,C023,2025-11-26,5,4,4,5,4,5
CFB016030,C043,2025-11-26,4,3,3,3,3,3
CFB016031,C075,2025-11-26,4,4,4,3,3,3
CFB016032,C008,2025-11-26,5,4,4,4,3,5
CFB016033,C036,2025-11-26,5,5,4,2,2,4
CFB016034,C040,2025-11-27,5,3,4,3,3,4
CFB016035,C040,2025-11-27,5,3,5,5,3,5
CFB016036,C024,2025-11-27,5,4,3,4,2,3
CFB016037,C060,2025-11-27,3,2,4,3,2,3
CFB016038,C008,2025-11-27,3,4,3,4,2,4
CFB016039,C070,2025-11-27,5,5,4,5,2,5
CFB016040,C054,2025-11-27,5,4,4,5,2,3
CFB016041,C067,2025-11-27,3,3,3,4,3,2
CFB016042,C038,2025-11-27,5,3,4,5,3,4
CFB016043,C032,2025-11-27,5,3,4,5,4,5
CFB016044,C068,2025-11-27,4,3,2,4,3,4
CFB016045,C085,2025-11-27,3,5,4,3,4,5
CFB016046,C061,2025-11-27,3,4,3,3,4,2
CFB016047,C032,2025-11-27,5,5,4,3,3,3
CFB016048,C017,2025-11-27,5,5,4,4,5,3
CFB016049,C086,2025-11-27,4,4,5,5,3,4
CFB016050,C035,2025-11-27,5,3,3,3,4,3
CFB016051,C034,2025-11-27,4,3,5,4,4,4
CFB016052,C018,2025-11-27,5,4,5,4,4,4
CFB016053,C062,2025-11-27,5,4,5,5,1,5
CFB016054,C056,2025-11-27,4,4,4,5,4,5
CFB016055,C075,2025-11-27,4,5,3,3,2,3
CFB016056,C013,2025-11-27,2,3,3,4,4,3
CFB016057,C031,2025-11-27,2,3,2,4,3,5
CFB016058,C077,2025-11-27,5,4,3,3,4,5
CFB016059,C027,2025-11-27,5,4,5,4,3,5
CFB016060,C078,2025-11-27,4,3,4,3,4,4
CFB016061,C035,2025-11-27,4,4,4,3,2,3
CFB016062,C084,2025-11-27,5,3,5,4,2,5
CFB016063,C013,2025-11-27,4,5,5,5,3,5
CFB016064,C081,2025-11-27,5,3,4,5,3,4
CFB016065,C039,2025-11-27,3,3,3,3,2,4
CFB016066,C045,2025-11-28,4,5,3,4,4,4
CFB016067,C088,2025-11-28,4,2,3,3,4,2
CFB016068,C021,2025-11-28,5,2,3,5,2,5
CFB016069,C021,2025-11-28,4,4,4,4,2,4
CFB016070,C048,2025-11-28,5,3,5,4,2,5
CFB016071,C054,2025-11-28,4,4,3,4,4,5
CFB016072,C032,2025-11-28,5,4,2,3,3,3
CFB016073,C075,2025-11-28,4,4,2,4,2,3
CFB016074,C027,2025-11-28,5,4,4,5,5,5
CFB016075,C054,2025-11-28,2,4,3,4,2,3
CFB016076,C006,2025-11-28,3,4,3,3,2,3
CFB016077,C035,2025-11-28,3,3,4,4,4,4
CFB016078,C027,2025-11-28,5,5,3,4,4,3
CFB016079,C086,2025-11-28,4,5,3,3,3,4
CFB016080,C034,2025-11-28,3,3,3,3,3,3
CFB016081,C079,2025-11-28,5,5,5,4,2,4
CFB016082,C051,2025-11-28,2,3,1,4,2,3
CFB016083,C039,2025-11-28,5,4,5,5,4,5
CFB016084,C081,2025-11-28,3,3,3,4,3,3
CFB016085,C079,2025-11-28,4,5,4,4,3,3
CFB016086,C039,2025-11-28,4,4,4,4,3,5
CFB016087,C039,2025-11-28,4,4,2,3,3,4
CFB016088,C077,2025-11-28,5,4,5,4,3,5
CFB016089,C038,2025-11-28,5,3,3,4,3,4
CFB016090,C084,2025-11-28,5,4,5,5,3,3
CFB016091,C046,2025-11-28,4,5,2,4,3,4
CFB016092,C055,2025-11-28,3,2,4,3,3,3
CFB016093,C015,2025-11-28,3,4,3,2,3,2
CFB016094,C055,2025-11-28,3,5,4,3,1,5
CFB016095,C010,2025-11-28,4,4,4,5,4,4
CFB016096,C069,2025-11-28,3,4,3,4,3,3
CFB016097,C015,2025-11-28,5,4,3,4,2,5
CFB016098,C010,2025-11-28,4,4,5,4,2,3
CFB016099,C018,2025-11-28,4,4,4,5,3,4
CFB016100,C046,2025-11-28,3,4,4,3,4,5
CFB016101,C088,2025-11-28,2,5,4,3,3,4
CFB016102,C044,2025-11-28,5,4,4,4,3,5
CFB016103,C089,2025-11-28,5,4,3,4,2,4
CFB016104,C023,2025-11-28,4,4,5,5,3,4
CFB016105,C084,2025-11-28,5,3,5,3,1,3
CFB016106,C018,2025-11-28,4,5,5,4,2,3
CFB016107,C059,2025-11-28,2,3,2,4,1,4
CFB016108,C077,2025-11-28,5,3,5,4,4,5
CFB016109,C031,2025-11-28,5,4,4,5,3,4
CFB016110,C046,2025-11-28,5,2,4,5,2,5
CFB016111,C070,2025-11-28,4,4,2,3,3,4
CFB016112,C080,2025-11-28,5,4,5,2,4,3
CFB016113,C037,2025-11-28,4,4,5,2,3,3
CFB016114,C085,2025-11-28,4,4,4,4,4,5
CFB016115,C023,2025-11-28,5,5,4,3,1,5
CFB016116,C080,2025-11-29,2,3,4,5,4,5
CFB016117,C078,2025-11-29,2,4,4,4,3,5
CFB016118,C051,2025-11-29,5,4,4,4,4,4
CFB016119,C023,2025-11-29,4,4,4,5,1,5
CFB016120,C085,2025-11-29,4,4,4,4,3,5
CFB016121,C037,2025-11-29,5,4,4,3,3,4
CFB016122,C066,2025-11-29,4,2,4,3,2,4
CFB016123,C010,2025-11-29,3,4,5,3,3,3
CFB016124,C073,2025-11-29,3,3,3,4,5,5
CFB016125,C080,2025-11-29,4,3,3,5,5,3
CFB016126,C004,2025-11-29,4,4,5,5,4,5
CFB016127,C025,2025-11-29,5,5,5,5,4,5
CFB016128,C036,2025-11-29,5,3,5,4,1,4
CFB016129,C018,2025-11-29,3,4,3,3,4,3
CFB016130,C026,2025-11-29,3,2,4,3,3,3
CFB016131,C031,2025-11-29,5,3,4,3,1,4
CFB016132,C054,2025-11-29,4,5,4,5,4,4
CFB016133,C065,2025-11-29,4,4,4,4,3,5
CFB016134,C056,2025-11-29,3,3,3,5,3,3
CFB016135,C087,2025-11-29,5,4,5,4,2,5
CFB016136,C039,2025-11-29,2,4,5,3,4,3
CFB016137,C018,2025-11-29,3,3,4,5,5,4
CFB016138,C046,2025-11-29,4,5,4,4,2,3
CFB016139,C046,2025-11-29,3,4,5,5,1,3
CFB016140,C048,2025-11-29,5,4,4,5,3,5
CFB016141,C079,2025-11-29,3,3,5,5,3,3
CFB016142,C015,2025-11-29,5,4,5,3,3,4
CFB016143,C075,2025-11-29,4,3,3,4,2,4
CFB016144,C074,2025-11-29,5,5,3,5,4,4
CFB016145,C044,2025-11-29,3,3,4,2,4,3
CFB016146,C066,2025-11-29,5,4,3,4,4,3
CFB016147,C006,2025-11-29,3,4,2,3,5,3
CFB016148,C073,2025-11-29,3,4,4,3,4,4
CFB016149,C060,2025-11-29,5,5,5,4,4,5
CFB016150,C046,2025-11-29,3,4,4,3,3,3
CFB016151,C077,2025-11-29,5,5,4,5,1,5
CFB016152,C002,2025-11-29,5,5,3,3,2,4
CFB016153,C027,2025-11-29,5,5,5,5,3,5
CFB016154,C047,2025-11-30,5,5,4,5,2,4
CFB016155,C040,2025-11-30,4,4,2,5,4,1
CFB016156,C065,2025-11-30,5,4,5,5,2,4
CFB016157,C035,2025-11-30,5,4,3,5,2,5
CFB016158,C027,2025-11-30,3,3,3,4,4,3
CFB016159,C077,2025-11-30,4,4,5,3,3,3
CFB016160,C007,2025-11-30,2,4,2,3,5,3
CFB016161,C067,2025-11-30,5,5,2,4,3,2
CFB016162,C010,2025-11-30,5,3,4,4,3,4
CFB016163,C002,2025-11-30,5,4,5,5,5,5
CFB016164,C034,2025-11-30,4,4,4,4,2,3
CFB016165,C023,2025-11-30,5,4,4,4,3,3
CFB016166,C030,2025-11-30,5,5,4,3,4,4
CFB016167,C085,2025-11-30,3,4,4,4,2,4
CFB016168,C045,2025-11-30,3,4,5,5,4,3
CFB016169,C023,2025-11-30,3,4,5,4,3,4
CFB016170,C051,2025-11-30,5,5,5,5,4,4
CFB016171,C081,2025-11-30,3,2,5,5,4,4
CFB016172,C034,2025-11-30,5,3,4,5,4,4
CFB016173,C073,2025-11-30,3,4,5,5,3,5
CFB016174,C077,2025-11-30,3,3,4,4,2,4
CFB016175,C027,2025-11-30,4,3,3,3,4,2
CFB016176,C059,2025-11-30,5,4,5,5,2,5
CFB016177,C016,2025-11-30,4,5,4,3,3,4
CFB016178,C034,2025-11-30,4,3,4,5,4,3
CFB016179,C051,2025-11-30,3,3,4,3,5,4
CFB016180,C062,2025-11-30,3,4,4,3,4,2
CFB016181,C077,2025-11-30,5,5,4,5,4,4
CFB016182,C056,2025-11-30,4,5,4,5,4,4
CFB016183,C031,2025-11-30,4,4,5,5,3,4
CFB016184,C010,2025-12-01,3,4,4,3,2,3
CFB016185,C043,2025-12-01,5,4,4,4,2,4
CFB016186,C038,2025-12-01,4,4,2,3,2,3
CFB016187,C045,2025-12-01,3,4,4,5,4,4
CFB016188,C025,2025-12-01,5,4,4,5,3,5
CFB016189,C018,2025-12-01,5,3,5,5,4,4
CFB016190,C054,2025-12-01,3,4,4,5,3,5
CFB016191,C086,2025-12-01,5,5,5,4,4,5
CFB016192,C079,2025-12-01,4,5,4,5,3,4
CFB016193,C046,2025-12-01,4,4,4,5,3,5
CFB016194,C043,2025-12-01,4,4,4,4,3,3
CFB016195,C055,2025-12-01,4,4,4,3,4,4
CFB016196,C059,2025-12-01,5,3,5,5,1,5
CFB016197,C051,2025-12-01,4,2,3,3,3,4
CFB016198,C079,2025-12-01,4,5,2,5,4,4
CFB016199,C034,2025-12-01,5,3,5,4,3,3
CFB016200,C068,2025-12-01,5,4,4,4,3,3
CFB016201,C043,2025-12-01,4,5,4,4,1,1
CFB016202,C069,2025-12-01,3,4,4,4,4,5
CFB016203,C013,2025-12-01,3,4,4,5,4,5
CFB016204,C007,2025-12-01,4,4,3,4,3,5
CFB016205,C066,2025-12-01,5,5,4,5,2,3
CFB016206,C037,2025-12-01,1,2,3,4,1,4
CFB016207,C039,2025-12-01,4,5,5,4,2,3
CFB016208,C021,2025-12-01,4,5,3,5,3,4
CFB016209,C054,2025-12-01,4,3,4,3,1,3
CFB016210,C032,2025-12-01,5,5,5,5,5,3
CFB016211,C073,2025-12-01,5,5,5,5,2,4
CFB016212,C030,2025-12-01,5,5,4,5,4,4
CFB016213,C062,2025-12-02,4,5,3,4,4,5
CFB016214,C089,2025-12-02,5,4,3,3,2,4
CFB016215,C034,2025-12-02,5,3,5,4,3,4
CFB016216,C069,2025-12-02,3,4,3,5,4,5
CFB016217,C031,2025-12-02,3,4,4,4,3,5
CFB016218,C074,2025-12-02,5,4,5,5,4,4
CFB016219,C035,2025-12-02,4,5,5,5,3,5
CFB016220,C061,2025-12-02,4,5,3,4,2,5
CFB016221,C061,2025-12-02,3,4,5,5,3,3
CFB016222,C020,2025-12-02,5,4,5,5,2,4
CFB016223,C031,2025-12-02,4,3,4,3,3,4
CFB016224,C075,2025-12-02,5,3,5,2,3,5
CFB016225,C077,2025-12-02,3,4,5,5,5,5
CFB016226,C061,2025-12-02,2,4,5,3,3,4
CFB016227,C015,2025-12-02,2,4,4,5,3,3
CFB016228,C036,2025-12-02,5,4,3,4,2,5
CFB016229,C084,2025-12-02,5,5,4,4,2,5
CFB016230,C079,2025-12-02,4,4,4,5,4,4
CFB016231,C030,2025-12-02,4,4,3,5,3,3
CFB016232,C060,2025-12-02,4,3,5,4,3,3
CFB016233,C073,2025-12-02,4,4,5,5,4,4
CFB016234,C046,2025-12-02,4,2,4,4,3,3
CFB016235,C075,2025-12-02,4,3,5,4,3,2
CFB016236,C070,2025-12-02,5,4,5,5,1,3
CFB016237,C017,2025-12-02,3,4,3,4,3,5
CFB016238,C075,2025-12-02,5,3,4,4,5,4
CFB016239,C018,2025-12-02,5,3,3,3,1,4
CFB016240,C038,2025-12-02,5,4,5,5,4,4
CFB016241,C066,2025-12-02,5,3,4,3,3,2
CFB016242,C037,2025-12-02,4,4,4,4,4,3
CFB016243,C021,2025-12-02,5,4,5,5,4,3
CFB016244,C026,2025-12-02,4,5,4,4,3,5
CFB016245,C085,2025-12-02,4,3,5,5,5,4
CFB016246,C087,2025-12-02,5,4,5,4,3,4
CFB016247,C086,2025-12-03,3,4,3,4,2,2
CFB016248,C088,2025-12-03,5,4,4,4,5,4
CFB016249,C023,2025-12-03,5,4,3,4,4,4
CFB016250,C051,2025-12-03,5,5,5,5,3,5
CFB016251,C016,2025-12-03,4,4,4,3,5,5
CFB016252,C069,2025-12-03,5,3,5,5,3,5
CFB016253,C070,2025-12-03,3,4,3,3,3,5
CFB016254,C063,2025-12-03,5,3,4,5,5,5
CFB016255,C070,2025-12-03,5,5,4,5,5,3
CFB016256,C004,2025-12-03,5,4,5,5,4,3
CFB016257,C067,2025-12-03,3,3,4,5,4,5
CFB016258,C031,2025-12-03,4,4,4,4,3,5
CFB016259,C074,2025-12-03,2,3,4,3,3,3
CFB016260,C031,2025-12-03,4,3,4,2,4,5
CFB016261,C074,2025-12-03,3,5,3,3,3,5
CFB016262,C059,2025-12-03,5,4,3,3,3,4
CFB016263,C086,2025-12-03,3,2,3,2,3,5
CFB016264,C051,2025-12-03,3,4,4,4,2,3
CFB016265,C027,2025-12-03,4,5,4,5,3,5
CFB016266,C037,2025-12-03,3,4,5,3,4,4
CFB016267,C026,2025-12-03,4,3,3,4,3,4
CFB016268,C089,2025-12-03,4,4,3,4,4,3
CFB016269,C063,2025-12-03,5,5,5,5,2,5
CFB016270,C010,2025-12-03,4,4,5,5,3,4
CFB016271,C073,2025-12-03,3,3,5,3,4,5
CFB016272,C086,2025-12-03,4,5,4,4,5,4
CFB016273,C086,2025-12-03,5,5,5,3,1,4
CFB016274,C066,2025-12-03,4,4,4,5,4,4
CFB016275,C085,2025-12-03,5,4,4,5,4,3
CFB016276,C084,2025-12-03,5,5,4,5,3,5
CFB016277,C048,2025-12-03,3,3,4,2,3,4
CFB016278,C043,2025-12-04,5,5,4,4,2,4
CFB016279,C007,2025-12-04,4,3,3,5,3,4
CFB016280,C018,2025-12-04,2,3,3,2,2,5
CFB016281,C013,2025-12-04,3,2,4,4,2,4
CFB016282,C059,2025-12-04,5,5,4,4,2,4
CFB016283,C079,2025-12-04,5,5,5,5,5,4
CFB016284,C045,2025-12-04,3,4,4,3,4,3
CFB016285,C061,2025-12-04,2,3,4,5,2,1
CFB016286,C039,2025-12-04,5,4,4,5,4,5
CFB016287,C024,2025-12-04,2,2,3,2,4,3
CFB016288,C031,2025-12-04,5,4,5,5,2,3
CFB016289,C020,2025-12-04,4,4,5,5,4,4
CFB016290,C080,2025-12-04,5,5,4,5,3,3
CFB016291,C039,2025-12-04,4,4,5,3,3,5
CFB016292,C065,2025-12-04,4,3,5,3,3,5
CFB016293,C020,2025-12-04,4,4,5,5,3,2
CFB016294,C087,2025-12-04,5,3,3,4,5,2
CFB016295,C030,2025-12-04,3,3,4,3,3,4
CFB016296,C060,2025-12-04,4,5,5,5,2,4
CFB016297,C002,2025-12-04,3,3,4,5,3,3
CFB016298,C043,2025-12-04,4,4,4,4,3,3
CFB016299,C061,2025-12-04,3,5,2,5,4,4
CFB016300,C024,2025-12-04,4,4,5,4,5,5
CFB016301,C039,2025-12-04,5,4,3,3,3,5
CFB016302,C070,2025-12-04,5,5,3,3,3,4
CFB016303,C037,2025-12-04,4,4,4,5,5,4
CFB016304,C085,2025-12-04,5,5,5,3,3,3
CFB016305,C038,2025-12-04,5,5,5,4,4,4
CFB016306,C060,2025-12-04,3,2,3,3,4,5
CFB016307,C084,2025-12-04,4,2,3,4,2,4
CFB016308,C060,2025-12-04,5,4,4,4,3,4
CFB016309,C078,2025-12-04,3,1,4,1,3,3
CFB016310,C007,2025-12-04,4,3,4,3,2,5
CFB016311,C061,2025-12-04,5,3,4,4,3,3
CFB016312,C087,2025-12-04,4,3,3,4,3,4
CFB016313,C016,2025-12-04,4,5,3,3,2,5
CFB016314,C046,2025-12-04,5,4,5,4,4,4
CFB016315,C002,2025-12-04,4,4,5,4,3,4
CFB016316,C067,2025-12-04,3,4,4,4,3,4
CFB016317,C066,2025-12-04,4,4,4,4,2,5
CFB016318,C079,2025-12-04,2,2,3,3,2,4
CFB016319,C007,2025-12-04,5,4,5,3,2,3
CFB016320,C008,2025-12-04,5,5,3,5,4,5
CFB016321,C067,2025-12-05,3,3,5,3,4,4
CFB016322,C062,2025-12-05,4,3,5,3,3,3
CFB016323,C085,2025-12-05,2,4,4,2,4,3
CFB016324,C010,2025-12-05,3,2,3,5,3,3
CFB016325,C013,2025-12-05,5,5,4,5,4,3
CFB016326,C088,2025-12-05,3,5,4,4,2,3
CFB016327,C030,2025-12-05,3,3,5,3,2,3
CFB016328,C034,2025-12-05,5,4,4,3,3,4
CFB016329,C084,2025-12-05,5,5,4,4,3,3
CFB016330,C085,2025-12-05,3,2,3,2,3,3
CFB016331,C086,2025-12-05,4,4,5,4,3,2
CFB016332,C074,2025-12-05,4,4,5,3,3,4
CFB016333,C078,2025-12-05,4,4,5,4,3,4
CFB016334,C065,2025-12-05,3,3,4,3,1,5
CFB016335,C045,2025-12-05,5,4,2,4,3,2
CFB016336,C048,2025-12-05,4,4,3,4,1,4
CFB016337,C013,2025-12-05,5,2,2,3,1,3
CFB016338,C032,2025-12-05,4,3,3,4,3,4
CFB016339,C080,2025-12-05,5,3,2,5,2,5
CFB016340,C065,2025-12-05,4,4,4,4,3,5
CFB016341,C025,2025-12-05,4,3,4,4,4,3
CFB016342,C010,2025-12-05,4,3,4,5,3,5
CFB016343,C030,2025-12-05,4,3,5,4,3,5
CFB016344,C026,2025-12-05,5,4,4,5,2,5
CFB016345,C074,2025-12-05,3,5,3,3,3,4
CFB016346,C031,2025-12-05,2,2,3,1,3,2
CFB016347,C017,2025-12-05,3,3,4,2,4,3
CFB016348,C084,2025-12-05,4,3,4,5,3,3
CFB016349,C038,2025-12-05,4,5,3,5,2,4
CFB016350,C037,2025-12-05,3,3,5,5,3,4
CFB016351,C037,2025-12-05,5,5,4,4,3,4
CFB016352,C015,2025-12-05,5,4,4,4,2,4
CFB016353,C073,2025-12-05,5,5,5,5,3,3
CFB016354,C065,2025-12-06,3,4,4,3,3,4
CFB016355,C079,2025-12-06,5,4,5,5,4,4
CFB016356,C060,2025-12-06,4,4,4,5,3,3
CFB016357,C031,2025-12-06,4,4,4,5,5,5
CFB016358,C038,2025-12-06,4,4,4,3,3,5
CFB016359,C065,2025-12-06,3,4,2,4,3,3
CFB016360,C048,2025-12-06,5,1,3,4,4,4
CFB016361,C078,2025-12-06,4,4,5,3,4,5
CFB016362,C087,2025-12-06,5,4,3,4,5,2
CFB016363,C016,2025-12-06,5,4,5,5,3,4
CFB016364,C061,2025-12-06,2,3,3,5,1,4
CFB016365,C061,2025-12-06,3,3,4,3,4,3
CFB016366,C008,2025-12-06,5,5,4,5,2,3
CFB016367,C073,2025-12-06,5,3,4,4,3,5
CFB016368,C078,2025-12-06,4,3,4,3,4,3
CFB016369,C065,2025-12-06,4,4,2,5,2,5
CFB016370,C039,2025-12-06,4,4,4,5,1,3
CFB016371,C074,2025-12-06,5,3,4,5,1,4
CFB016372,C081,2025-12-06,3,3,5,3,3,4
CFB016373,C065,2025-12-06,4,5,4,2,2,4
CFB016374,C080,2025-12-06,4,5,2,5,4,3
CFB016375,C040,2025-12-06,2,3,2,3,3,4
CFB016376,C026,2025-12-06,5,5,3,5,4,4
CFB016377,C030,2025-12-06,5,2,4,4,3,3
CFB016378,C036,2025-12-06,5,4,2,4,3,5
CFB016379,C086,2025-12-06,2,3,3,4,4,2
CFB016380,C059,2025-12-06,4,2,2,5,4,4
CFB016381,C088,2025-12-06,5,5,5,3,4,3
CFB016382,C045,2025-12-06,5,3,5,3,3,5
CFB016383,C059,2025-12-06,2,3,5,4,2,3
CFB016384,C062,2025-12-06,5,5,5,3,2,5
CFB016385,C059,2025-12-06,4,4,4,2,2,4
CFB016386,C039,2025-12-06,4,4,4,3,3,4
CFB016387,C081,2025-12-06,4,4,5,5,4,5
CFB016388,C074,2025-12-06,4,4,3,5,3,4
CFB016389,C026,2025-12-06,5,4,3,4,3,4
CFB016390,C013,2025-12-07,3,3,3,4,3,4
CFB016391,C046,2025-12-07,4,2,4,4,4,3
CFB016392,C006,2025-12-07,4,3,5,2,2,3
CFB016393,C020,2025-12-07,3,2,4,2,5,3
CFB016394,C061,2025-12-07,4,4,3,5,3,4
CFB016395,C043,2025-12-07,4,3,3,3,5,3
CFB016396,C079,2025-12-07,4,4,5,4,4,5
CFB016397,C030,2025-12-07,4,3,3,4,3,4
CFB016398,C079,2025-12-07,4,4,4,5,2,4
CFB016399,C080,2025-12-07,3,3,3,2,4,3
CFB016400,C062,2025-12-07,5,4,4,5,4,5
CFB016401,C027,2025-12-07,4,4,4,2,4,3
CFB016402,C066,2025-12-07,4,2,3,2,2,3
CFB016403,C069,2025-12-07,4,4,3,4,4,5
CFB016404,C010,2025-12-07,5,4,4,4,3,5
CFB016405,C054,2025-12-07,4,5,5,4,3,5
CFB016406,C070,2025-12-07,4,2,4,5,3,3
CFB016407,C046,2025-12-07,4,1,4,5,3,2
CFB016408,C006,2025-12-07,3,5,5,5,5,4
CFB016409,C085,2025-12-07,5,4,4,5,4,4
CFB016410,C074,2025-12-07,4,3,4,3,2,5
CFB016411,C089,2025-12-07,3,4,4,5,5,5
CFB016412,C069,2025-12-07,4,5,5,4,2,4
CFB016413,C079,2025-12-07,5,4,3,5,3,4
CFB016414,C025,2025-12-07,5,5,5,3,3,5
CFB016415,C010,2025-12-07,4,5,5,4,3,4
CFB016416,C048,2025-12-07,3,3,5,3,3,4
CFB016417,C081,2025-12-07,5,4,5,4,3,3
CFB016418,C088,2025-12-07,4,3,3,2,4,3
CFB016419,C051,2025-12-07,3,3,4,4,5,4
CFB016420,C032,2025-12-07,3,4,5,5,3,3
CFB016421,C015,2025-12-07,3,5,5,4,4,4
CFB016422,C070,2025-12-07,2,2,4,4,3,3
CFB016423,C006,2025-12-07,4,5,3,5,2,5
CFB016424,C013,2025-12-07,2,4,4,3,5,3
CFB016425,C062,2025-12-07,5,3,4,4,5,4
CFB016426,C063,2025-12-07,5,4,5,5,4,5
CFB016427,C018,2025-12-07,5,4,5,5,4,5
CFB016428,C017,2025-12-07,4,4,4,3,2,4
CFB016429,C070,2025-12-07,5,4,5,5,3,5
CFB016430,C059,2025-12-07,4,5,4,4,4,3
CFB016431,C015,2025-12-07,3,3,5,4,2,4
CFB016432,C079,2025-12-07,2,5,4,3,2,3
CFB016433,C016,2025-12-08,2,4,3,2,2,4
CFB016434,C073,2025-12-08,3,4,4,3,3,4
CFB016435,C088,2025-12-08,4,4,4,4,3,4
CFB016436,C063,2025-12-08,4,5,4,4,2,5
CFB016437,C079,2025-12-08,4,5,5,4,3,5
CFB016438,C085,2025-12-08,3,3,2,3,4,4
CFB016439,C035,2025-12-08,4,3,4,3,2,4
CFB016440,C081,2025-12-08,5,5,2,4,2,4
CFB016441,C046,2025-12-08,5,5,5,4,2,5
CFB016442,C017,2025-12-08,5,3,4,4,1,3
CFB016443,C007,2025-12-08,4,4,5,4,4,4
CFB016444,C081,2025-12-08,4,4,2,5,4,4
CFB016445,C027,2025-12-08,4,4,5,5,3,5
CFB016446,C078,2025-12-08,4,4,4,3,2,4
CFB016447,C025,2025-12-08,3,3,3,4,4,4
CFB016448,C085,2025-12-08,5,3,4,2,3,3
CFB016449,C035,2025-12-08,4,4,4,4,4,5
CFB016450,C006,2025-12-08,4,5,5,3,2,3
CFB016451,C063,2025-12-08,5,5,5,3,3,5
CFB016452,C045,2025-12-08,3,2,4,3,3,5
CFB016453,C047,2025-12-08,5,3,4,4,4,3
CFB016454,C054,2025-12-08,4,4,3,3,4,2
CFB016455,C032,2025-12-08,5,4,3,5,2,5
CFB016456,C044,2025-12-08,4,4,3,4,4,4
CFB016457,C043,2025-12-08,5,5,4,4,3,3
CFB016458,C048,2025-12-08,2,4,4,4,5,4
CFB016459,C035,2025-12-08,4,4,4,3,3,4
CFB016460,C061,2025-12-08,3,3,2,3,2,2
CFB016461,C015,2025-12-08,4,5,5,4,4,4
CFB016462,C087,2025-12-08,5,4,4,5,3,5
CFB016463,C087,2025-12-08,4,3,4,5,3,3
CFB016464,C020,2025-12-08,5,3,4,4,3,4
CFB016465,C048,2025-12-08,4,4,5,5,4,4
CFB016466,C073,2025-12-08,4,5,5,5,1,5
CFB016467,C040,2025-12-08,5,3,4,5,3,4
CFB016468,C056,2025-12-08,5,3,4,5,2,4
CFB016469,C046,2025-12-08,4,2,3,4,4,3
CFB016470,C084,2025-12-08,5,3,4,5,2,5
CFB016471,C034,2025-12-08,4,3,5,3,2,4
CFB016472,C013,2025-12-08,4,2,5,4,5,4
CFB016473,C030,2025-12-08,4,3,4,4,3,5
CFB016474,C062,2025-12-09,3,3,1,2,2,3
CFB016475,C061,2025-12-09,4,2,3,2,4,3
CFB016476,C045,2025-12-09,4,4,5,4,5,4
CFB016477,C027,2025-12-09,4,4,5,4,3,4
CFB016478,C024,2025-12-09,3,5,3,4,5,5
CFB016479,C016,2025-12-09,5,3,4,4,3,4
CFB016480,C048,2025-12-09,3,4,4,5,3,4
CFB016481,C030,2025-12-09,2,4,3,4,3,3
CFB016482,C069,2025-12-09,4,2,4,3,2,3
CFB016483,C037,2025-12-09,4,2,3,4,4,4
CFB016484,C056,2025-12-09,4,3,5,3,4,3
CFB016485,C034,2025-12-09,4,4,3,3,2,4
CFB016486,C055,2025-12-09,4,4,3,5,3,4
CFB016487,C020,2025-12-09,4,4,4,2,2,4
CFB016488,C030,2025-12-09,5,4,5,5,4,5
CFB016489,C060,2025-12-09,4,4,5,3,4,3
CFB016490,C084,2025-12-09,3,5,4,5,2,4
CFB016491,C016,2025-12-09,3,3,4,5,2,4
CFB016492,C087,2025-12-09,4,2,3,3,3,3
CFB016493,C074,2025-12-09,5,4,3,3,3,3
CFB016494,C067,2025-12-09,3,4,4,3,4,4
CFB016495,C075,2025-12-09,4,4,4,5,2,3
CFB016496,C035,2025-12-09,3,3,4,5,3,5
CFB016497,C023,2025-12-09,4,4,3,3,3,4
CFB016498,C046,2025-12-09,3,4,3,4,2,2
CFB016499,C038,2025-12-09,2,3,4,3,2,2
CFB016500,C075,2025-12-09,4,5,4,5,4,3
CFB016501,C035,2025-12-09,4,4,4,4,4,4
CFB016502,C074,2025-12-09,5,4,5,5,2,5
CFB016503,C045,2025-12-09,5,5,5,4,5,5
CFB016504,C017,2025-12-09,4,3,4,4,2,5
CFB016505,C061,2025-12-09,4,3,4,3,4,4
CFB016506,C065,2025-12-09,4,3,2,2,4,4
CFB016507,C077,2025-12-09,4,4,3,5,4,4
CFB016508,C063,2025-12-09,2,2,4,3,3,3
CFB016509,C088,2025-12-09,3,4,5,5,5,3
CFB016510,C059,2025-12-09,3,3,4,4,3,4
CFB016511,C067,2025-12-09,5,4,4,2,2,4
CFB016512,C027,2025-12-09,4,4,4,4,3,5
CFB016513,C060,2025-12-09,3,3,4,5,2,2
CFB016514,C034,2025-12-09,2,4,4,2,2,2
CFB016515,C013,2025-12-09,4,4,5,5,4,5
CFB016516,C010,2025-12-09,5,3,4,4,3,5
CFB016517,C037,2025-12-10,3,3,4,4,2,4
CFB016518,C070,2025-12-10,3,4,2,4,2,4
CFB016519,C023,2025-12-10,5,3,5,5,2,2
CFB016520,C077,2025-12-10,3,4,3,3,3,5
CFB016521,C006,2025-12-10,4,4,4,4,4,5
CFB016522,C037,2025-12-10,4,5,5,4,2,3
CFB016523,C075,2025-12-10,5,5,5,5,3,5
CFB016524,C074,2025-12-10,3,2,3,4,2,3
CFB016525,C078,2025-12-10,4,4,4,4,2,4
CFB016526,C073,2025-12-10,3,3,5,5,3,3
CFB016527,C081,2025-12-10,3,3,5,4,3,3
CFB016528,C038,2025-12-10,4,3,3,4,2,5
CFB016529,C021,2025-12-10,5,5,4,5,2,5
CFB016530,C039,2025-12-10,4,3,3,3,4,5
CFB016531,C077,2025-12-10,5,2,4,5,3,3
CFB016532,C048,2025-12-10,5,4,4,4,5,3
CFB016533,C037,2025-12-10,4,4,3,5,3,4
CFB016534,C078,2025-12-10,5,5,5,5,4,5
CFB016535,C074,2025-12-10,4,4,3,3,3,3
CFB016536,C040,2025-12-10,4,4,5,3,3,5
CFB016537,C031,2025-12-10,4,4,3,4,1,3
CFB016538,C087,2025-12-10,4,4,5,3,4,4
CFB016539,C004,2025-12-10,5,5,3,5,3,4
CFB016540,C038,2025-12-10,4,5,4,4,4,5
CFB016541,C023,2025-12-10,4,4,4,5,3,4
CFB016542,C039,2025-12-10,5,4,3,3,2,4
CFB016543,C084,2025-12-10,3,4,4,3,4,1
CFB016544,C020,2025-12-10,5,4,5,3,4,4
CFB016545,C056,2025-12-10,4,2,4,3,2,3
CFB016546,C021,2025-12-10,5,2,3,5,5,3
CFB016547,C074,2025-12-10,5,3,4,3,3,3
CFB016548,C013,2025-12-10,4,3,5,4,4,4
CFB016549,C070,2025-12-10,3,4,4,2,3,2
CFB016550,C060,2025-12-10,4,5,5,5,3,5
CFB016551,C015,2025-12-10,4,5,4,3,3,3
CFB016552,C040,2025-12-10,5,4,4,4,4,5
CFB016553,C006,2025-12-10,4,5,3,4,4,3
CFB016554,C066,2025-12-10,5,4,2,5,5,4
CFB016555,C078,2025-12-10,4,3,3,5,4,3
CFB016556,C007,2025-12-10,3,3,5,4,2,4
CFB016557,C055,2025-12-10,4,4,4,4,2,4
CFB016558,C084,2025-12-10,4,4,4,4,1,5
CFB016559,C038,2025-12-10,5,2,3,3,2,4
CFB016560,C063,2025-12-10,3,4,3,4,3,3
CFB016561,C070,2025-12-10,4,3,3,5,5,4
CFB016562,C016,2025-12-10,5,4,5,4,4,5
CFB016563,C086,2025-12-10,4,4,5,5,3,4
CFB016564,C079,2025-12-10,5,3,5,5,3,4
CFB016565,C021,2025-12-10,3,4,3,4,3,5
CFB016566,C037,2025-12-11,4,5,4,4,3,4
CFB016567,C038,2025-12-11,3,4,3,3,2,4
CFB016568,C036,2025-12-11,3,5,4,3,2,4
CFB016569,C030,2025-12-11,3,5,3,4,4,5
CFB016570,C043,2025-12-11,4,3,4,4,4,3
CFB016571,C021,2025-12-11,4,4,3,3,3,5
CFB016572,C067,2025-12-11,5,4,3,5,5,5
CFB016573,C089,2025-12-11,5,5,4,3,1,4
CFB016574,C089,2025-12-11,3,4,4,4,3,4
CFB016575,C038,2025-12-11,4,4,5,5,2,4
CFB016576,C080,2025-12-11,5,5,4,5,3,5
CFB016577,C002,2025-12-11,4,4,4,4,1,3
CFB016578,C021,2025-12-11,4,5,3,5,2,4
CFB016579,C036,2025-12-11,5,4,4,4,3,5
CFB016580,C066,2025-12-11,3,4,4,5,3,5
CFB016581,C018,2025-12-11,5,4,3,4,3,5
CFB016582,C025,2025-12-11,5,3,4,3,4,3
CFB016583,C074,2025-12-11,5,4,5,4,3,3
CFB016584,C037,2025-12-11,5,5,3,4,3,4
CFB016585,C006,2025-12-11,5,4,5,4,3,5
CFB016586,C068,2025-12-11,5,5,4,3,2,4
CFB016587,C059,2025-12-11,3,4,4,5,2,4
CFB016588,C065,2025-12-11,4,5,5,5,3,5
CFB016589,C013,2025-12-11,3,4,3,5,5,4
CFB016590,C074,2025-12-11,3,3,5,5,2,4
CFB016591,C002,2025-12-11,5,4,4,5,4,5
CFB016592,C061,2025-12-11,3,3,4,3,3,4
CFB016593,C040,2025-12-11,4,4,2,4,2,4
CFB016594,C048,2025-12-11,3,5,5,2,3,5
CFB016595,C073,2025-12-11,4,4,3,4,5,3
CFB016596,C062,2025-12-11,4,2,4,4,3,3
CFB016597,C031,2025-12-11,5,3,3,4,3,4
CFB016598,C063,2025-12-11,3,3,4,3,1,4
CFB016599,C016,2025-12-11,4,3,2,4,3,3
CFB016600,C004,2025-12-11,3,3,4,4,4,3
CFB016601,C038,2025-12-11,5,4,4,4,5,4
CFB016602,C059,2025-12-11,5,4,3,3,3,5
CFB016603,C075,2025-12-11,4,2,5,3,3,3
CFB016604,C079,2025-12-11,5,3,4,4,2,4
CFB016605,C020,2025-12-11,4,4,5,5,3,4
CFB016606,C085,2025-12-11,4,5,4,5,3,5
CFB016607,C065,2025-12-11,3,2,5,3,4,4
CFB016608,C060,2025-12-11,5,5,3,4,4,5
CFB016609,C077,2025-12-11,5,5,4,5,3,4
CFB016610,C088,2025-12-11,4,3,5,5,4,3
CFB016611,C054,2025-12-11,3,5,5,5,3,2
CFB016612,C086,2025-12-11,5,2,4,5,3,4
CFB016613,C075,2025-12-12,3,5,3,4,4,4
CFB016614,C066,2025-12-12,5,3,4,3,4,4
CFB016615,C070,2025-12-12,4,4,5,5,3,5
CFB016616,C079,2025-12-12,3,3,2,3,2,3
CFB016617,C037,2025-12-12,3,5,3,5,4,3
CFB016618,C030,2025-12-12,4,5,5,3,3,3
CFB016619,C070,2025-12-12,4,3,2,3,3,2
CFB016620,C089,2025-12-12,3,4,4,1,3,4
CFB016621,C046,2025-12-12,5,4,5,5,4,3
CFB016622,C067,2025-12-12,4,4,3,5,2,4
CFB016623,C044,2025-12-12,4,4,3,4,3,5
CFB016624,C078,2025-12-12,4,5,5,5,2,5
CFB016625,C074,2025-12-12,3,3,2,3,3,2
CFB016626,C073,2025-12-12,4,3,5,5,2,5
CFB016627,C034,2025-12-12,4,2,4,5,2,4
CFB016628,C059,2025-12-12,4,3,3,3,3,5
CFB016629,C068,2025-12-12,3,5,3,3,3,4
CFB016630,C037,2025-12-12,2,5,5,3,3,4
CFB016631,C044,2025-12-12,4,3,5,5,3,2
CFB016632,C088,2025-12-12,3,3,4,3,2,5
CFB016633,C054,2025-12-12,5,4,5,5,3,5
CFB016634,C086,2025-12-12,3,4,4,5,4,4
CFB016635,C088,2025-12-12,1,2,2,1,3,3
CFB016636,C018,2025-12-12,4,3,4,3,2,4
CFB016637,C089,2025-12-12,3,4,4,4,2,3
CFB016638,C027,2025-12-12,4,3,3,5,3,5
CFB016639,C079,2025-12-12,5,4,5,5,4,4
CFB016640,C070,2025-12-12,5,4,5,4,3,4
CFB016641,C062,2025-12-12,3,4,4,4,4,4
CFB016642,C002,2025-12-12,4,5,3,4,2,5
CFB016643,C007,2025-12-12,4,5,3,5,3,5
CFB016644,C075,2025-12-12,5,4,3,5,2,5
CFB016645,C039,2025-12-12,2,2,4,5,3,3
CFB016646,C040,2025-12-13,4,4,4,4,5,2
CFB016647,C089,2025-12-13,4,3,4,3,3,4
CFB016648,C027,2025-12-13,5,5,5,5,4,4
CFB016649,C051,2025-12-13,2,4,4,4,5,5
CFB016650,C088,2025-12-13,5,5,3,5,5,5
CFB016651,C035,2025-12-13,4,4,5,3,4,3
CFB016652,C077,2025-12-13,4,2,5,3,3,3
CFB016653,C016,2025-12-13,5,5,3,4,3,4
CFB016654,C077,2025-12-13,4,5,3,4,2,4
CFB016655,C088,2025-12-13,3,4,4,5,4,3
CFB016656,C018,2025-12-13,4,3,3,4,2,2
CFB016657,C023,2025-12-13,4,5,4,3,4,5
CFB016658,C059,2025-12-13,4,5,4,3,5,5
CFB016659,C031,2025-12-13,4,4,4,4,5,5
CFB016660,C015,2025-12-13,4,3,2,2,2,4
CFB016661,C066,2025-12-13,2,3,3,5,4,5
CFB016662,C037,2025-12-13,2,4,4,3,3,4
CFB016663,C086,2025-12-13,5,5,5,5,4,4
CFB016664,C087,2025-12-13,4,3,2,3,2,3
CFB016665,C017,2025-12-13,4,3,2,2,3,3
CFB016666,C069,2025-12-13,5,3,4,5,4,5
CFB016667,C013,2025-12-13,3,3,5,4,2,5
CFB016668,C065,2025-12-13,4,5,4,4,4,5
CFB016669,C088,2025-12-13,5,4,5,5,3,5
CFB016670,C062,2025-12-13,5,4,3,5,3,5
CFB016671,C089,2025-12-13,2,4,2,3,2,4
CFB016672,C069,2025-12-13,5,4,5,5,4,3
CFB016673,C085,2025-12-13,2,4,3,3,4,5
CFB016674,C024,2025-12-13,5,4,3,3,3,2
CFB016675,C070,2025-12-13,4,4,3,4,3,3
CFB016676,C086,2025-12-13,4,5,4,5,3,4
CFB016677,C015,2025-12-13,4,5,4,4,3,4
CFB016678,C065,2025-12-13,3,4,5,4,1,4
CFB016679,C020,2025-12-13,3,3,2,4,3,5
CFB016680,C034,2025-12-13,4,4,5,5,3,4
CFB016681,C004,2025-12-13,5,4,4,3,3,3
CFB016682,C027,2025-12-13,5,4,4,5,2,4
CFB016683,C074,2025-12-13,4,4,3,3,3,5
CFB016684,C077,2025-12-13,4,5,4,4,2,4
CFB016685,C080,2025-12-13,5,4,3,3,2,5
CFB016686,C010,2025-12-14,5,3,4,5,3,5
CFB016687,C085,2025-12-14,5,2,3,4,3,4
CFB016688,C070,2025-12-14,4,5,4,2,3,4
CFB016689,C060,2025-12-14,5,4,4,4,5,4
CFB016690,C024,2025-12-14,5,5,5,5,3,5
CFB016691,C035,2025-12-14,4,5,4,4,4,5
CFB016692,C013,2025-12-14,3,5,3,5,2,5
CFB016693,C020,2025-12-14,5,4,4,5,3,3
CFB016694,C004,2025-12-14,4,4,4,4,1,4
CFB016695,C063,2025-12-14,4,4,5,3,4,4
CFB016696,C088,2025-12-14,5,3,4,4,4,4
CFB016697,C027,2025-12-14,5,4,5,5,4,3
CFB016698,C087,2025-12-14,5,3,5,3,4,5
CFB016699,C061,2025-12-14,4,2,4,4,3,4
CFB016700,C045,2025-12-14,5,5,3,3,4,3
CFB016701,C088,2025-12-14,5,3,5,5,4,3
CFB016702,C070,2025-12-14,4,4,3,2,1,3
CFB016703,C039,2025-12-14,3,3,4,3,3,3
CFB016704,C062,2025-12-14,4,5,3,3,3,4
CFB016705,C059,2025-12-14,4,5,4,3,3,4
CFB016706,C084,2025-12-14,5,3,4,5,4,5
CFB016707,C034,2025-12-14,4,4,4,3,2,3
CFB016708,C002,2025-12-14,5,5,4,5,4,3
CFB016709,C047,2025-12-14,4,4,5,5,3,5
CFB016710,C027,2025-12-14,3,2,4,4,5,5
CFB016711,C089,2025-12-14,4,5,4,5,1,5
CFB016712,C088,2025-12-14,4,3,3,4,4,4
CFB016713,C032,2025-12-14,3,2,4,4,5,4
CFB016714,C030,2025-12-14,4,4,3,5,3,3
CFB016715,C067,2025-12-14,5,2,5,3,2,4
CFB016716,C075,2025-12-14,5,5,4,4,4,4
CFB016717,C031,2025-12-14,4,4,5,3,3,3
CFB016718,C086,2025-12-14,5,4,4,3,1,4
CFB016719,C013,2025-12-14,5,4,5,5,3,4
CFB016720,C043,2025-12-14,4,2,2,2,2,2
CFB016721,C067,2025-12-15,4,3,5,3,2,4
CFB016722,C004,2025-12-15,2,2,3,2,2,2
CFB016723,C062,2025-12-15,5,5,5,4,2,4
CFB016724,C062,2025-12-15,3,2,4,2,4,4
CFB016725,C030,2025-12-15,5,5,4,4,4,5
CFB016726,C040,2025-12-15,4,5,3,2,3,3
CFB016727,C016,2025-12-15,4,3,4,5,4,5
CFB016728,C047,2025-12-15,4,3,5,4,5,4
CFB016729,C054,2025-12-15,4,3,3,3,5,2
CFB016730,C080,2025-12-15,2,4,2,4,4,3
CFB016731,C032,2025-12-15,4,4,5,3,2,4
CFB016732,C038,2025-12-15,3,2,5,4,3,2
CFB016733,C038,2025-12-15,4,4,5,4,2,4
CFB016734,C044,2025-12-15,4,4,4,4,3,3
CFB016735,C048,2025-12-15,5,4,4,5,3,5
CFB016736,C056,2025-12-15,4,3,5,5,4,3
CFB016737,C068,2025-12-15,3,4,5,3,1,5
CFB016738,C055,2025-12-15,4,3,3,4,4,4
CFB016739,C061,2025-12-15,3,3,4,4,2,4
CFB016740,C070,2025-12-15,4,3,4,4,4,4
CFB016741,C031,2025-12-15,5,3,5,2,3,4
CFB016742,C035,2025-12-15,5,4,4,4,5,5
CFB016743,C021,2025-12-15,3,3,3,3,3,3
CFB016744,C047,2025-12-15,3,3,4,4,4,3
CFB016745,C070,2025-12-15,4,4,3,4,4,5
CFB016746,C077,2025-12-15,4,5,4,3,1,5
CFB016747,C040,2025-12-15,3,5,4,4,4,4
CFB016748,C025,2025-12-15,4,4,4,4,5,4
CFB016749,C085,2025-12-15,3,3,4,4,4,5
CFB016750,C054,2025-12-15,3,2,3,5,3,4
CFB016751,C051,2025-12-15,4,4,3,3,3,5
CFB016752,C045,2025-12-15,4,4,3,3,4,3
CFB016753,C059,2025-12-15,5,5,5,3,3,3
CFB016754,C087,2025-12-15,4,3,3,3,1,4
CFB016755,C048,2025-12-15,5,4,4,4,2,5
CFB016756,C021,2025-12-16,4,4,4,5,4,4
CFB016757,C086,2025-12-16,2,3,3,2,4,3
CFB016758,C080,2025-12-16,3,5,4,4,2,5
CFB016759,C046,2025-12-16,4,3,4,3,3,4
CFB016760,C035,2025-12-16,4,4,4,4,1,4
CFB016761,C075,2025-12-16,4,4,4,3,4,5
CFB016762,C030,2025-12-16,5,4,3,5,3,4
CFB016763,C069,2025-12-16,4,3,4,2,1,4
CFB016764,C047,2025-12-16,4,2,2,4,3,2
CFB016765,C004,2025-12-16,3,2,3,4,2,3
CFB016766,C085,2025-12-16,4,4,4,2,4,3
CFB016767,C036,2025-12-16,4,5,5,5,5,4
CFB016768,C013,2025-12-16,5,4,5,5,2,5
CFB016769,C088,2025-12-16,4,5,4,3,5,3
CFB016770,C085,2025-12-16,2,4,2,2,3,4
CFB016771,C015,2025-12-16,4,5,5,5,3,5
CFB016772,C024,2025-12-16,3,4,4,3,3,5
CFB016773,C086,2025-12-16,5,3,4,5,4,5
CFB016774,C017,2025-12-16,3,2,4,1,4,5
CFB016775,C077,2025-12-16,3,4,4,4,4,2
CFB016776,C066,2025-12-16,3,3,4,3,3,3
CFB016777,C025,2025-12-16,4,3,4,4,2,4
CFB016778,C032,2025-12-16,5,2,4,4,3,3
CFB016779,C046,2025-12-16,4,4,3,5,1,5
CFB016780,C086,2025-12-16,4,4,3,4,3,2
CFB016781,C073,2025-12-16,4,3,4,3,4,5
CFB016782,C069,2025-12-16,3,3,5,5,3,5
CFB016783,C074,2025-12-16,5,5,5,5,4,5
CFB016784,C002,2025-12-16,3,4,4,4,2,4
CFB016785,C044,2025-12-16,5,5,5,5,4,4
CFB016786,C087,2025-12-16,5,4,5,4,2,4
CFB016787,C045,2025-12-16,5,4,3,4,2,4
CFB016788,C013,2025-12-16,5,5,4,5,2,4
CFB016789,C056,2025-12-16,4,3,3,3,2,5
CFB016790,C078,2025-12-16,5,3,2,4,2,5
CFB016791,C074,2025-12-16,5,4,4,4,2,4
CFB016792,C060,2025-12-16,3,4,3,4,2,4
CFB016793,C039,2025-12-16,5,2,4,5,3,4
CFB016794,C068,2025-12-17,4,5,5,5,4,5
CFB016795,C045,2025-12-17,3,3,3,2,4,3
CFB016796,C027,2025-12-17,4,5,3,4,2,4
CFB016797,C059,2025-12-17,5,5,5,5,5,5
CFB016798,C074,2025-12-17,5,5,3,5,3,4
CFB016799,C044,2025-12-17,5,4,5,4,2,5
CFB016800,C074,2025-12-17,3,4,4,4,3,4
CFB016801,C027,2025-12-17,3,5,4,4,4,5
CFB016802,C024,2025-12-17,3,5,3,4,3,4
CFB016803,C007,2025-12-17,5,4,4,5,5,5
CFB016804,C070,2025-12-17,5,5,4,4,3,5
CFB016805,C085,2025-12-17,4,3,3,3,2,4
CFB016806,C034,2025-12-17,5,5,3,5,3,4
CFB016807,C039,2025-12-17,5,4,4,2,2,4
CFB016808,C045,2025-12-17,5,5,3,4,1,5
CFB016809,C020,2025-12-17,5,5,5,3,3,4
CFB016810,C086,2025-12-17,3,3,4,5,4,5
CFB016811,C024,2025-12-17,3,2,4,3,3,3
CFB016812,C044,2025-12-17,5,5,4,5,3,5
CFB016813,C055,2025-12-17,4,3,4,3,4,5
CFB016814,C084,2025-12-17,1,4,3,3,3,5
CFB016815,C073,2025-12-17,4,4,3,5,2,2
CFB016816,C066,2025-12-17,4,3,3,5,3,4
CFB016817,C067,2025-12-17,5,5,3,4,5,5
CFB016818,C030,2025-12-17,2,3,4,4,4,2
CFB016819,C038,2025-12-17,4,4,4,4,3,4
CFB016820,C065,2025-12-18,5,4,4,3,4,4
CFB016821,C035,2025-12-18,5,4,4,5,3,5
CFB016822,C034,2025-12-18,5,4,5,4,2,4
CFB016823,C070,2025-12-18,3,5,5,4,3,4
CFB016824,C040,2025-12-18,3,5,3,3,4,5
CFB016825,C067,2025-12-18,4,5,3,3,3,4
CFB016826,C046,2025-12-18,5,4,4,3,4,4
CFB016827,C036,2025-12-18,4,3,5,2,3,2
CFB016828,C039,2025-12-18,4,3,5,5,4,5
CFB016829,C060,2025-12-18,3,4,5,3,4,4
CFB016830,C026,2025-12-18,5,3,4,3,4,4
CFB016831,C032,2025-12-18,3,3,4,5,2,3
CFB016832,C027,2025-12-18,3,4,2,3,3,3
CFB016833,C038,2025-12-18,5,5,4,5,3,4
CFB016834,C027,2025-12-18,4,4,4,4,3,3
CFB016835,C085,2025-12-18,5,5,4,3,4,4
CFB016836,C061,2025-12-18,4,4,3,3,4,3
CFB016837,C016,2025-12-18,3,5,3,4,2,4
CFB016838,C026,2025-12-18,4,3,4,5,4,4
CFB016839,C007,2025-12-18,4,3,4,3,4,5
CFB016840,C069,2025-12-18,5,4,4,4,1,4
CFB016841,C068,2025-12-18,4,3,2,4,2,4
CFB016842,C056,2025-12-18,4,4,3,4,2,2
CFB016843,C075,2025-12-18,4,3,5,3,3,4
CFB016844,C006,2025-12-18,3,3,4,3,4,3
CFB016845,C043,2025-12-18,4,2,3,4,4,4
CFB016846,C056,2025-12-18,3,5,3,5,5,3
CFB016847,C016,2025-12-18,5,4,4,5,5,2
CFB016848,C013,2025-12-18,3,5,3,3,2,5
CFB016849,C020,2025-12-18,5,3,5,5,3,3
CFB016850,C036,2025-12-18,5,4,4,5,3,5
CFB016851,C085,2025-12-18,2,3,3,2,5,5
CFB016852,C061,2025-12-18,5,4,5,3,3,4
CFB016853,C024,2025-12-18,5,2,4,4,3,3
CFB016854,C040,2025-12-18,3,4,4,4,3,3
CFB016855,C086,2025-12-19,4,4,3,4,1,4
CFB016856,C039,2025-12-19,4,3,2,4,2,3
CFB016857,C025,2025-12-19,3,3,4,2,3,3
CFB016858,C069,2025-12-19,5,5,5,3,2,4
CFB016859,C065,2025-12-19,3,4,5,3,3,5
CFB016860,C007,2025-12-19,4,4,4,5,5,4
CFB016861,C018,2025-12-19,5,4,4,5,5,4
CFB016862,C088,2025-12-19,5,4,4,4,4,5
CFB016863,C020,2025-12-19,5,3,5,4,5,5
CFB016864,C034,2025-12-19,3,4,3,4,4,3
CFB016865,C045,2025-12-19,4,3,5,5,4,4
CFB016866,C061,2025-12-19,3,4,4,3,3,4
CFB016867,C084,2025-12-19,4,3,5,5,4,4
CFB016868,C043,2025-12-19,4,4,5,5,5,4
CFB016869,C044,2025-12-19,3,4,4,3,4,1
CFB016870,C047,2025-12-19,5,4,4,5,4,5
CFB016871,C079,2025-12-19,4,3,3,3,4,4
CFB016872,C040,2025-12-19,5,4,4,4,2,5
CFB016873,C077,2025-12-19,3,2,3,4,3,2
CFB016874,C030,2025-12-19,4,3,4,4,1,5
CFB016875,C089,2025-12-19,4,2,3,4,2,5
CFB016876,C045,2025-12-19,4,5,4,5,1,4
CFB016877,C027,2025-12-19,2,3,4,3,3,4
CFB016878,C070,2025-12-19,2,3,3,2,4,5
CFB016879,C066,2025-12-19,4,4,5,5,2,4
CFB016880,C087,2025-12-19,4,4,2,5,1,4
CFB016881,C047,2025-12-19,2,1,4,2,1,5
CFB016882,C070,2025-12-19,5,3,4,4,5,4
CFB016883,C056,2025-12-19,4,3,3,4,4,4
CFB016884,C030,2025-12-19,3,3,2,2,1,3
CFB016885,C084,2025-12-19,4,4,4,4,2,5
CFB016886,C061,2025-12-20,4,4,5,4,4,4
CFB016887,C051,2025-12-20,4,4,4,2,3,5
CFB016888,C046,2025-12-20,5,5,3,4,4,3
CFB016889,C020,2025-12-20,4,3,3,5,4,3
CFB016890,C060,2025-12-20,2,2,5,5,4,3
CFB016891,C054,2025-12-20,3,2,2,1,3,5
CFB016892,C020,2025-12-20,5,5,3,5,3,3
CFB016893,C085,2025-12-20,3,5,5,5,5,3
CFB016894,C084,2025-12-20,4,5,4,4,4,5
CFB016895,C068,2025-12-20,5,4,5,5,3,5
CFB016896,C061,2025-12-20,4,3,3,2,3,4
CFB016897,C074,2025-12-20,3,4,4,5,4,4
CFB016898,C065,2025-12-20,5,4,4,5,1,4
CFB016899,C087,2025-12-20,5,4,4,4,4,3
CFB016900,C085,2025-12-21,4,4,4,5,1,4
CFB016901,C069,2025-12-21,4,2,4,3,4,3
CFB016902,C061,2025-12-21,2,4,2,5,3,4
CFB016903,C056,2025-12-21,3,4,3,4,2,4
CFB016904,C062,2025-12-21,3,4,4,3,1,3
CFB016905,C077,2025-12-21,5,5,4,5,5,5
CFB016906,C020,2025-12-21,5,2,5,4,2,4
CFB016907,C016,2025-12-21,4,4,3,5,3,5
CFB016908,C085,2025-12-21,5,2,4,4,5,4
CFB016909,C086,2025-12-22,5,3,3,3,3,3
CFB016910,C077,2025-12-22,4,4,4,4,2,4
CFB016911,C074,2025-12-22,5,5,3,4,4,4
CFB016912,C080,2025-12-22,5,3,4,4,4,4
CFB016913,C074,2025-12-22,5,4,4,4,4,5
CFB016914,C010,2025-12-22,5,2,5,3,1,3
CFB016915,C018,2025-12-22,5,3,5,3,4,3
CFB016916,C038,2025-12-22,5,3,3,3,3,3
CFB016917,C016,2025-12-22,3,4,3,4,4,5
CFB016918,C089,2025-12-22,4,3,3,3,3,5
CFB016919,C035,2025-12-23,4,4,5,3,4,4
CFB016920,C047,2025-12-23,5,5,5,4,4,5
CFB016921,C036,2025-12-23,5,5,5,3,3,5
CFB016922,C089,2025-12-23,4,4,5,3,3,4
CFB016923,C075,2025-12-24,5,4,3,4,5,3
CFB016924,C062,2025-12-24,5,3,5,4,2,4
CFB016925,C055,2025-12-24,5,4,4,3,3,3
CFB016926,C013,2025-12-24,4,4,5,3,3,5
CFB016927,C077,2025-12-24,4,4,3,3,4,4
CFB016928,C027,2025-12-24,5,4,4,5,4,5
CFB016929,C034,2025-12-24,5,4,3,4,2,3
CFB016930,C037,2025-12-25,3,4,3,5,3,3
CFB016931,C069,2025-12-25,4,2,3,3,1,3
CFB016932,C074,2025-12-25,2,2,2,2,4,2
CFB016933,C044,2025-12-25,3,4,5,3,3,3
CFB016934,C037,2025-12-25,4,3,3,4,5,4
CFB016935,C060,2025-12-25,4,3,3,4,4,3
CFB016936,C075,2025-12-26,4,5,5,5,4,4
CFB016937,C065,2025-12-26,5,4,5,5,2,5
CFB016938,C039,2025-12-26,4,4,4,3,4,4
CFB016939,C074,2025-12-26,4,4,5,2,3,5
CFB016940,C067,2025-12-26,3,5,4,4,4,3
CFB016941,C030,2025-12-26,3,2,5,3,3,5
CFB016942,C078,2025-12-26,5,4,4,4,5,4
CFB016943,C032,2025-12-26,5,4,4,5,4,5
CFB016944,C006,2025-12-27,5,2,4,2,4,4
CFB016945,C066,2025-12-27,3,2,3,5,4,3
CFB016946,C047,2025-12-27,1,4,4,2,2,3
CFB016947,C037,2025-12-27,4,3,4,2,3,3
CFB016948,C055,2025-12-27,4,3,5,4,3,3
CFB016949,C080,2025-12-27,4,3,4,3,4,4
CFB016950,C038,2025-12-28,4,4,3,3,4,4
CFB016951,C035,2025-12-28,5,5,5,3,4,3
CFB016952,C059,2025-12-28,4,3,4,4,2,4
CFB016953,C018,2025-12-28,4,4,3,3,2,3
CFB016954,C037,2025-12-29,5,4,4,4,3,3
CFB016955,C025,2025-12-29,3,3,4,5,2,5
CFB016956,C066,2025-12-29,3,5,4,5,3,4
CFB016957,C073,2025-12-29,4,3,3,3,4,4
CFB016958,C031,2025-12-29,5,4,4,4,2,5
CFB016959,C010,2025-12-29,4,4,3,3,3,4
CFB016960,C068,2025-12-29,4,5,5,4,3,4
CFB016961,C032,2025-12-29,5,5,5,5,5,3
CFB016962,C048,2025-12-29,5,4,5,4,4,5
CFB016963,C027,2025-12-29,4,3,1,5,2,5
CFB016964,C087,2025-12-29,4,3,5,5,2,5
CFB016965,C021,2025-12-29,4,3,4,4,5,4
CFB016966,C027,2025-12-29,4,4,5,5,1,4
CFB016967,C081,2025-12-30,4,3,4,5,3,5
CFB016968,C016,2025-12-30,5,5,4,4,4,5
CFB016969,C070,2025-12-30,3,4,4,3,2,5
CFB016970,C079,2025-12-30,5,5,4,5,5,4
CFB016971,C021,2025-12-30,5,4,2,3,3,4
CFB016972,C016,2025-12-30,4,4,2,3,4,2
CFB016973,C075,2025-12-30,3,2,4,5,4,4
CFB016974,C059,2025-12-30,4,3,5,4,2,2
CFB016975,C025,2025-12-31,1,3,2,4,1,2
CFB016976,C023,2025-12-31,4,5,5,4,3,5
CFB016977,C047,2025-12-31,3,5,5,5,2,5
CFB016978,C084,2025-12-31,5,4,4,5,5,4
CFB016979,C066,2025-12-31,4,5,5,5,3,4
CFB016980,C068,2025-12-31,5,3,5,3,2,3
CFB016981,C035,2025-12-31,4,4,3,5,2,5
CFB016982,C039,2025-12-31,3,5,3,4,2,4
CFB016983,C067,2025-12-31,5,4,4,5,2,5
CFB016984,C074,2025-12-31,4,4,4,4,4,4
CFB016985,C044,2025-12-31,5,5,4,4,4,5
CFB016986,C007,2025-12-31,4,3,5,5,4,4
CFB016987,C045,2025-12-31,5,4,5,5,4,5
CFB016988,C086,2025-12-31,2,2,4,3,1,2
CFB016989,C046,2026-04-05,4,4,4,4,4,5
CFB016990,C036,2026-04-05,3,5,4,3,3,4
CFB016991,C018,2026-04-05,5,4,4,5,4,3
CFB016992,C087,2026-04-05,3,5,4,5,3,3
CFB016993,C008,2026-04-05,4,3,4,4,4,3
CFB016994,C010,2026-04-05,5,5,5,5,2,4
CFB016995,C023,2026-04-05,4,1,5,4,5,4
CFB016996,C043,2026-04-05,3,4,2,3,4,4
CFB016997,C004,2026-04-05,5,5,5,5,3,4
CFB016998,C060,2026-04-05,4,4,3,4,5,5
CFB016999,C043,2026-04-05,3,5,4,4,3,4
CFB017000,C062,2026-04-05,4,3,3,5,4,3
CFB017001,C034,2026-04-05,4,3,4,3,2,4
CFB017002,C039,2026-04-05,3,3,3,3,4,3
CFB017003,C006,2026-04-05,5,4,5,5,2,5
CFB017004,C080,2026-04-05,5,2,4,4,2,5
CFB017005,C017,2026-04-05,5,5,5,4,3,4
CFB017006,C069,2026-04-05,4,4,3,5,4,4
CFB017007,C065,2026-04-05,5,4,4,3,3,4
CFB017008,C079,2026-04-05,4,5,5,4,3,4
CFB017009,C061,2026-04-05,4,4,4,5,2,5
CFB017010,C026,2026-04-05,5,4,5,4,4,4
CFB017011,C089,2026-04-05,5,2,5,3,2,5
CFB017012,C027,2026-04-05,4,3,3,5,3,4
CFB017013,C010,2026-04-05,5,5,4,4,3,5
CFB017014,C030,2026-04-06,2,4,4,4,4,2
CFB017015,C069,2026-04-06,3,2,4,2,4,4
CFB017016,C066,2026-04-06,4,4,4,4,4,4
CFB017017,C085,2026-04-06,3,3,3,4,5,3
CFB017018,C010,2026-04-06,4,4,5,2,2,5
CFB017019,C007,2026-04-06,5,3,3,5,3,5
CFB017020,C038,2026-04-06,4,4,3,3,3,5
CFB017021,C069,2026-04-06,5,4,5,3,4,4
CFB017022,C060,2026-04-06,4,4,5,5,3,5
CFB017023,C013,2026-04-06,4,5,5,4,5,5
CFB017024,C073,2026-04-06,4,4,4,4,4,3
CFB017025,C081,2026-04-06,5,5,5,4,4,5
CFB017026,C077,2026-04-06,3,2,4,3,4,4
CFB017027,C075,2026-04-06,5,5,4,5,3,3
CFB017028,C070,2026-04-06,4,4,4,5,5,4
CFB017029,C021,2026-04-06,4,4,4,2,3,5
CFB017030,C079,2026-04-06,4,3,4,3,3,3
CFB017031,C047,2026-04-06,5,5,5,5,3,5
CFB017032,C075,2026-04-06,5,1,5,5,3,2
CFB017033,C010,2026-04-06,5,3,3,4,5,3
CFB017034,C087,2026-04-06,5,5,5,5,5,4
CFB017035,C068,2026-04-06,4,4,5,5,2,5
CFB017036,C002,2026-04-06,5,3,5,5,4,4
CFB017037,C047,2026-04-06,4,4,4,5,5,5
CFB017038,C045,2026-04-06,4,4,3,3,2,5
CFB017039,C044,2026-04-07,4,3,5,4,4,4
CFB017040,C045,2026-04-07,4,4,3,5,3,5
CFB017041,C077,2026-04-07,4,4,3,5,4,5
CFB017042,C081,2026-04-07,5,4,4,5,3,4
CFB017043,C079,2026-04-07,5,3,5,4,3,4
CFB017044,C089,2026-04-07,5,4,4,4,5,4
CFB017045,C088,2026-04-07,5,3,4,4,4,5
CFB017046,C085,2026-04-07,4,5,4,3,3,4
CFB017047,C065,2026-04-07,4,4,4,4,3,3
CFB017048,C078,2026-04-07,4,4,3,5,4,4
CFB017049,C078,2026-04-07,4,5,3,4,3,4
CFB017050,C081,2026-04-07,3,5,5,5,4,5
CFB017051,C048,2026-04-07,4,5,4,2,2,4
CFB017052,C077,2026-04-07,5,5,4,3,4,5
CFB017053,C038,2026-04-07,1,3,4,3,3,3
CFB017054,C088,2026-04-07,5,5,4,5,4,5
CFB017055,C039,2026-04-07,3,5,5,5,3,4
CFB017056,C055,2026-04-07,3,3,4,4,4,3
CFB017057,C031,2026-04-07,5,5,4,5,5,5
CFB017058,C074,2026-04-07,4,3,4,4,3,2
CFB017059,C010,2026-04-08,4,4,5,3,2,4
CFB017060,C007,2026-04-08,5,2,4,3,5,3
CFB017061,C017,2026-04-08,4,5,4,4,1,4
CFB017062,C004,2026-04-08,4,5,3,4,2,5
CFB017063,C061,2026-04-08,4,4,5,4,4,4
CFB017064,C020,2026-04-08,5,4,3,4,5,4
CFB017065,C006,2026-04-08,5,4,4,4,4,4
CFB017066,C051,2026-04-08,5,4,5,5,4,5
CFB017067,C046,2026-04-08,5,4,5,5,4,3
CFB017068,C088,2026-04-08,4,5,3,4,3,2
CFB017069,C002,2026-04-08,5,5,3,5,3,4
CFB017070,C035,2026-04-08,5,4,4,5,4,4
CFB017071,C051,2026-04-08,5,5,4,5,4,4
CFB017072,C018,2026-04-08,4,3,4,4,3,3
CFB017073,C006,2026-04-08,4,3,4,4,5,3
CFB017074,C045,2026-04-08,5,4,4,5,3,5
CFB017075,C045,2026-04-08,4,4,3,4,2,4
CFB017076,C065,2026-04-08,5,4,4,4,5,5
CFB017077,C017,2026-04-09,5,4,4,5,5,4
CFB017078,C061,2026-04-09,5,4,5,4,3,4
CFB017079,C010,2026-04-09,4,2,3,5,3,4
CFB017080,C054,2026-04-09,2,4,4,3,5,5
CFB017081,C027,2026-04-09,5,4,4,3,2,3
CFB017082,C031,2026-04-09,2,3,3,4,4,5
CFB017083,C061,2026-04-09,3,1,2,4,3,3
CFB017084,C044,2026-04-09,5,2,3,3,2,4
CFB017085,C021,2026-04-09,4,4,3,5,3,4
CFB017086,C045,2026-04-09,4,5,4,5,4,5
CFB017087,C073,2026-04-09,3,3,4,4,5,3
CFB017088,C054,2026-04-09,4,4,4,5,5,5
CFB017089,C021,2026-04-09,4,4,4,5,3,4
CFB017090,C063,2026-04-09,4,4,4,5,2,5
CFB017091,C016,2026-04-09,3,4,2,5,3,5
CFB017092,C039,2026-04-09,5,4,2,4,4,5
CFB017093,C086,2026-04-09,5,5,2,3,3,5
CFB017094,C074,2026-04-09,4,4,5,5,3,5
CFB017095,C065,2026-04-09,4,2,3,2,5,4
CFB017096,C080,2026-04-09,4,3,5,5,4,4
CFB017097,C024,2026-04-10,4,3,5,3,2,3
CFB017098,C089,2026-04-10,5,5,3,4,4,4
CFB017099,C020,2026-04-10,3,4,3,3,1,4
CFB017100,C035,2026-04-10,5,5,4,5,4,5
CFB017101,C067,2026-04-10,3,4,3,4,2,5
CFB017102,C087,2026-04-10,5,5,5,5,4,4
CFB017103,C051,2026-04-10,5,4,4,5,4,5
CFB017104,C013,2026-04-10,5,5,5,5,2,5
CFB017105,C031,2026-04-10,3,3,4,4,5,5
CFB017106,C034,2026-04-10,5,5,4,4,4,5
CFB017107,C086,2026-04-10,4,4,4,3,3,5
CFB017108,C044,2026-04-10,1,2,5,5,3,2
CFB017109,C027,2026-04-10,3,4,5,4,4,4
CFB017110,C023,2026-04-10,5,5,3,3,2,3
CFB017111,C065,2026-04-10,5,5,5,5,5,5
CFB017112,C070,2026-04-10,4,3,3,3,3,3
CFB017113,C051,2026-04-10,5,4,4,3,2,5
CFB017114,C074,2026-04-10,5,5,5,4,4,5
CFB017115,C032,2026-04-10,5,4,3,5,4,5
CFB017116,C027,2026-04-10,3,3,4,5,2,4
CFB017117,C074,2026-04-11,3,4,3,5,2,5
CFB017118,C018,2026-04-11,4,4,5,4,2,3
CFB017119,C018,2026-04-11,3,5,5,4,4,4
CFB017120,C088,2026-04-11,5,4,5,4,2,5
CFB017121,C085,2026-04-11,3,4,3,4,2,4
CFB017122,C080,2026-04-11,5,5,5,3,3,5
CFB017123,C039,2026-04-11,4,5,4,3,4,4
CFB017124,C007,2026-04-11,4,4,4,5,3,5
CFB017125,C073,2026-04-11,5,5,5,4,4,4
CFB017126,C040,2026-04-11,2,3,4,2,5,5
CFB017127,C037,2026-04-11,2,3,4,2,4,5
CFB017128,C039,2026-04-11,3,5,4,3,4,3
CFB017129,C035,2026-04-11,4,5,4,4,3,4
CFB017130,C087,2026-04-11,3,3,3,5,3,4
CFB017131,C013,2026-04-11,5,2,5,5,3,3
CFB017132,C061,2026-04-11,3,4,4,3,4,3
CFB017133,C075,2026-04-11,2,2,4,5,4,3
CFB017134,C078,2026-04-11,4,2,4,2,3,5
CFB017135,C086,2026-04-11,4,3,3,4,3,3
CFB017136,C026,2026-04-11,4,4,2,3,3,4
CFB017137,C087,2026-04-11,5,5,5,5,2,4
CFB017138,C013,2026-04-11,5,4,5,4,5,2
CFB017139,C043,2026-04-11,4,3,4,3,2,1
CFB017140,C070,2026-04-11,3,3,5,3,2,3
CFB017141,C034,2026-04-12,5,4,4,4,3,4
CFB017142,C013,2026-04-12,4,3,5,4,3,4
CFB017143,C056,2026-04-12,5,5,5,4,2,4
CFB017144,C031,2026-04-12,5,4,4,5,2,5
CFB017145,C034,2026-04-12,5,5,4,5,4,4
CFB017146,C061,2026-04-12,5,3,4,3,3,4
CFB017147,C032,2026-04-12,4,3,4,4,3,4
CFB017148,C081,2026-04-12,5,3,4,4,2,3
CFB017149,C055,2026-04-12,5,5,5,3,4,5
CFB017150,C066,2026-04-12,4,4,3,4,4,5
CFB017151,C030,2026-04-12,5,4,5,5,2,3
CFB017152,C085,2026-04-12,4,4,4,5,3,4
CFB017153,C066,2026-04-12,5,5,5,4,3,3
CFB017154,C051,2026-04-12,5,5,5,5,3,4
CFB017155,C047,2026-04-12,4,5,5,4,4,4
CFB017156,C061,2026-04-12,3,3,2,3,1,3
CFB017157,C037,2026-04-12,5,3,4,4,5,3
CFB017158,C073,2026-04-12,4,4,4,5,2,5
CFB017159,C085,2026-04-12,3,4,4,2,5,4
CFB017160,C079,2026-04-13,4,5,4,3,3,5
CFB017161,C030,2026-04-13,5,5,5,4,4,5
CFB017162,C008,2026-04-13,4,3,3,5,5,4
CFB017163,C039,2026-04-13,5,5,5,3,4,3
CFB017164,C038,2026-04-13,5,4,4,4,3,2
CFB017165,C074,2026-04-13,4,5,5,4,4,4
CFB017166,C007,2026-04-13,4,4,5,4,4,5
CFB017167,C020,2026-04-13,2,4,5,2,3,4
CFB017168,C030,2026-04-13,4,4,5,5,3,3
CFB017169,C065,2026-04-13,4,5,5,5,3,5
CFB017170,C074,2026-04-13,5,5,5,4,4,3
CFB017171,C079,2026-04-13,5,5,5,5,2,4
CFB017172,C074,2026-04-13,5,3,4,4,4,5
CFB017173,C065,2026-04-13,3,4,3,5,4,4
CFB017174,C017,2026-04-13,5,3,4,3,4,4
CFB017175,C016,2026-04-13,4,4,5,5,3,3
CFB017176,C067,2026-04-13,4,3,5,5,3,4
CFB017177,C074,2026-04-13,4,4,4,4,4,4
CFB017178,C075,2026-04-13,4,5,5,4,4,5
CFB017179,C020,2026-04-14,4,3,3,2,3,2
CFB017180,C018,2026-04-14,4,5,5,3,1,4
CFB017181,C007,2026-04-14,5,5,5,5,2,5
CFB017182,C054,2026-04-14,5,4,5,5,4,3
CFB017183,C055,2026-04-14,3,4,2,4,3,2
CFB017184,C067,2026-04-14,4,2,5,3,3,5
CFB017185,C045,2026-04-14,3,3,3,4,3,4
CFB017186,C055,2026-04-14,5,5,5,4,5,4
CFB017187,C048,2026-04-14,5,5,5,5,4,5
CFB017188,C032,2026-04-14,5,4,5,5,5,3
CFB017189,C080,2026-04-14,5,3,4,4,4,4
CFB017190,C069,2026-04-14,4,4,4,4,4,4
CFB017191,C020,2026-04-14,2,3,1,3,3,3
CFB017192,C051,2026-04-14,4,3,2,3,4,3
CFB017193,C018,2026-04-14,5,5,5,5,4,5
CFB017194,C027,2026-04-14,5,5,3,4,4,5
CFB017195,C075,2026-04-14,3,4,4,3,1,3
CFB017196,C040,2026-04-14,5,4,5,5,4,4
CFB017197,C069,2026-04-14,5,3,4,4,1,4
CFB017198,C037,2026-04-14,4,3,4,2,2,5
CFB017199,C010,2026-04-14,5,5,5,4,3,4
CFB017200,C075,2026-04-14,5,3,4,3,4,4
CFB017201,C004,2026-04-14,4,5,4,5,4,5
CFB017202,C040,2026-04-14,2,3,2,4,4,3
CFB017203,C039,2026-04-14,4,4,5,4,1,4
CFB017204,C078,2026-04-14,5,5,5,4,3,5
CFB017205,C062,2026-04-14,5,5,4,5,5,5
CFB017206,C037,2026-04-15,2,3,4,3,3,5
CFB017207,C030,2026-04-15,5,4,3,4,2,4
CFB017208,C002,2026-04-15,5,5,5,5,3,5
CFB017209,C018,2026-04-15,5,4,4,3,3,2
CFB017210,C074,2026-04-15,5,4,4,5,3,5
CFB017211,C044,2026-04-15,3,3,4,3,4,2
CFB017212,C065,2026-04-15,5,3,4,4,2,3
CFB017213,C084,2026-04-15,3,4,5,3,5,4
CFB017214,C066,2026-04-15,4,5,3,4,5,5
CFB017215,C021,2026-04-15,5,2,3,5,4,4
CFB017216,C002,2026-04-15,4,3,4,4,3,5
CFB017217,C027,2026-04-15,5,5,5,5,3,5
CFB017218,C047,2026-04-15,4,4,5,3,2,4
CFB017219,C046,2026-04-15,4,4,5,5,4,4
CFB017220,C002,2026-04-15,5,4,5,3,3,5
CFB017221,C046,2026-04-15,5,5,5,4,5,5
CFB017222,C051,2026-04-15,5,5,1,3,4,5
CFB017223,C063,2026-04-16,4,5,3,4,2,4
CFB017224,C007,2026-04-16,5,5,5,4,2,4
CFB017225,C039,2026-04-16,3,5,5,5,4,5
CFB017226,C025,2026-04-16,4,4,4,2,3,3
CFB017227,C047,2026-04-16,3,3,5,4,3,5
CFB017228,C002,2026-04-16,2,4,4,4,2,5
CFB017229,C065,2026-04-16,4,5,2,3,3,4
CFB017230,C048,2026-04-16,4,5,2,3,3,5
CFB017231,C051,2026-04-16,5,4,5,5,5,5
CFB017232,C065,2026-04-16,5,5,5,3,4,5
CFB017233,C070,2026-04-16,5,5,4,5,4,5
CFB017234,C074,2026-04-16,4,2,4,4,4,5
CFB017235,C087,2026-04-16,5,3,4,4,4,2
CFB017236,C021,2026-04-16,5,5,5,5,2,5
CFB017237,C031,2026-04-16,5,4,5,5,3,4
CFB017238,C079,2026-04-16,4,5,4,5,4,4
CFB017239,C086,2026-04-16,4,4,3,4,4,4
CFB017240,C089,2026-04-16,5,3,4,4,4,5
CFB017241,C016,2026-04-16,5,5,5,4,5,5
CFB017242,C078,2026-04-16,5,4,4,4,3,4
CFB017243,C045,2026-04-16,4,3,3,4,2,4
CFB017244,C077,2026-04-16,5,3,5,5,5,5
CFB017245,C002,2026-04-16,5,5,5,5,3,3
CFB017246,C085,2026-04-16,5,4,4,4,3,5
CFB017247,C015,2026-04-16,4,4,4,5,4,4
CFB017248,C032,2026-04-16,4,3,5,5,3,5
CFB017249,C081,2026-04-16,4,4,5,5,4,5
CFB017250,C067,2026-04-16,3,4,4,3,3,4
CFB017251,C061,2026-04-16,3,4,5,5,3,4
CFB017252,C066,2026-04-17,4,4,3,5,3,3
CFB017253,C035,2026-04-17,4,5,3,5,3,4
CFB017254,C032,2026-04-17,5,4,5,5,4,3
CFB017255,C002,2026-04-17,3,3,5,4,1,5
CFB017256,C002,2026-04-17,4,3,5,4,2,4
CFB017257,C080,2026-04-17,5,4,4,4,4,5
CFB017258,C013,2026-04-17,5,3,4,4,3,4
CFB017259,C084,2026-04-17,4,5,4,5,2,5
CFB017260,C054,2026-04-17,3,5,4,5,2,2
CFB017261,C032,2026-04-17,5,4,5,4,3,5
CFB017262,C023,2026-04-17,3,3,3,4,4,3
CFB017263,C002,2026-04-17,5,3,4,4,3,5
CFB017264,C002,2026-04-17,5,5,5,5,5,5
CFB017265,C016,2026-04-17,5,5,4,4,4,3
CFB017266,C062,2026-04-17,3,4,3,3,4,4
CFB017267,C046,2026-04-17,5,4,5,4,3,5
CFB017268,C046,2026-04-17,4,3,4,4,3,3
CFB017269,C059,2026-04-17,4,3,5,5,3,4
CFB017270,C007,2026-04-17,4,5,4,4,4,3
CFB017271,C070,2026-04-17,5,3,3,4,2,3
CFB017272,C013,2026-04-17,4,4,4,3,5,5
CFB017273,C087,2026-04-17,5,4,4,5,2,3
CFB017274,C061,2026-04-17,5,3,2,4,2,5
CFB017275,C089,2026-04-17,3,3,4,5,2,4
CFB017276,C066,2026-04-18,5,4,5,5,5,4
CFB017277,C027,2026-04-18,4,3,4,5,1,4
CFB017278,C018,2026-04-18,5,4,3,5,4,4
CFB017279,C002,2026-04-18,5,3,2,4,3,3
CFB017280,C062,2026-04-18,2,3,4,4,4,4
CFB017281,C031,2026-04-18,4,3,3,3,3,3
CFB017282,C046,2026-04-18,5,4,3,3,4,3
CFB017283,C044,2026-04-18,5,3,5,4,3,3
CFB017284,C043,2026-04-18,4,3,3,5,4,3
CFB017285,C044,2026-04-18,3,3,5,5,5,5
CFB017286,C030,2026-04-18,3,3,4,5,2,5
CFB017287,C089,2026-04-18,3,3,5,5,2,5
CFB017288,C035,2026-04-18,3,4,5,4,2,5
CFB017289,C040,2026-04-18,4,4,4,4,4,5
CFB017290,C084,2026-04-18,4,4,4,4,2,4
CFB017291,C066,2026-04-18,5,3,5,4,3,4
CFB017292,C002,2026-04-18,4,3,2,3,3,5
CFB017293,C084,2026-04-18,3,4,4,4,4,3
CFB017294,C085,2026-04-18,4,4,4,4,3,4
CFB017295,C062,2026-04-18,5,4,4,3,3,3
CFB017296,C054,2026-04-18,4,4,4,4,2,3
CFB017297,C004,2026-04-18,4,4,5,4,1,4
CFB017298,C088,2026-04-18,5,2,3,5,4,4
CFB017299,C004,2026-04-19,3,5,3,4,3,5
CFB017300,C039,2026-04-19,4,5,5,3,3,5
CFB017301,C070,2026-04-19,5,3,5,4,4,5
CFB017302,C056,2026-04-19,3,4,4,4,3,5
CFB017303,C016,2026-04-19,5,3,3,5,3,4
CFB017304,C013,2026-04-19,4,3,5,4,3,4
CFB017305,C075,2026-04-19,4,2,5,4,4,4
CFB017306,C027,2026-04-19,3,4,3,4,1,3
CFB017307,C087,2026-04-19,4,4,5,5,3,5
CFB017308,C027,2026-04-19,3,3,4,3,2,3
CFB017309,C075,2026-04-19,5,4,5,4,2,4
CFB017310,C007,2026-04-19,3,3,3,4,2,4
CFB017311,C018,2026-04-19,4,5,4,4,2,2
CFB017312,C066,2026-04-19,5,5,3,5,4,4
CFB017313,C070,2026-04-19,5,2,3,3,2,4
CFB017314,C067,2026-04-19,3,2,4,2,3,3
CFB017315,C013,2026-04-19,4,3,4,4,4,5
CFB017316,C066,2026-04-19,5,2,4,5,4,3
CFB017317,C068,2026-04-19,4,4,4,5,4,4
CFB017318,C059,2026-04-19,5,3,3,5,3,3
CFB017319,C040,2026-04-19,5,5,4,5,3,5
CFB017320,C013,2026-04-19,5,4,3,5,2,3
CFB017321,C075,2026-04-19,4,5,5,4,5,5
CFB017322,C075,2026-04-20,4,3,5,4,1,3
CFB017323,C078,2026-04-20,4,4,3,4,3,4
CFB017324,C021,2026-04-20,4,5,3,5,3,5
CFB017325,C074,2026-04-20,5,3,5,4,4,4
CFB017326,C040,2026-04-20,5,5,5,5,3,5
CFB017327,C025,2026-04-20,3,3,5,3,3,3
CFB017328,C068,2026-04-20,4,4,5,4,2,4
CFB017329,C088,2026-04-20,5,4,4,3,4,3
CFB017330,C039,2026-04-20,4,5,4,4,2,3
CFB017331,C075,2026-04-20,4,3,3,3,4,4
CFB017332,C078,2026-04-20,5,5,5,5,5,5
CFB017333,C084,2026-04-20,4,4,5,5,4,4
CFB017334,C027,2026-04-20,4,3,3,4,4,3
CFB017335,C085,2026-04-20,5,5,5,5,4,5
CFB017336,C002,2026-04-20,3,5,5,5,3,4
CFB017337,C079,2026-04-20,3,2,3,5,3,5
CFB017338,C045,2026-04-20,4,5,4,4,4,4
CFB017339,C056,2026-04-20,5,4,3,4,4,3
CFB017340,C080,2026-04-20,5,4,4,5,4,5
CFB017341,C010,2026-04-20,3,4,3,4,3,4
CFB017342,C065,2026-04-20,4,3,5,4,3,4
CFB017343,C038,2026-04-21,5,2,4,4,4,4
CFB017344,C065,2026-04-21,3,4,4,5,2,4
CFB017345,C078,2026-04-21,4,4,4,4,3,4
CFB017346,C026,2026-04-21,4,4,3,4,4,4
CFB017347,C081,2026-04-21,3,3,2,4,4,4
CFB017348,C020,2026-04-21,5,3,4,4,4,5
CFB017349,C065,2026-04-21,3,3,4,4,4,4
CFB017350,C054,2026-04-21,5,5,5,4,3,5
CFB017351,C048,2026-04-21,5,3,5,3,3,5
CFB017352,C044,2026-04-21,4,5,5,4,3,4
CFB017353,C004,2026-04-21,5,4,4,5,2,4
CFB017354,C040,2026-04-21,5,5,3,5,4,4
CFB017355,C069,2026-04-21,3,5,4,3,2,5
CFB017356,C010,2026-04-21,4,3,3,5,2,5
CFB017357,C054,2026-04-21,4,3,5,3,3,5
CFB017358,C061,2026-04-21,5,4,5,4,2,4
CFB017359,C073,2026-04-21,4,3,3,5,3,3
CFB017360,C078,2026-04-21,3,3,4,3,4,4
CFB017361,C073,2026-04-21,4,4,5,4,4,4
CFB017362,C080,2026-04-21,3,4,3,3,4,5
CFB017363,C067,2026-04-21,3,5,4,4,3,4
CFB017364,C077,2026-04-21,4,4,5,3,5,2
CFB017365,C035,2026-04-21,4,3,4,4,3,5
CFB017366,C079,2026-04-21,4,2,3,4,3,4
CFB017367,C034,2026-04-21,4,5,5,4,5,3
CFB017368,C021,2026-04-21,3,5,5,4,4,4
CFB017369,C080,2026-04-21,3,3,4,4,3,3
CFB017370,C055,2026-04-21,5,5,4,5,5,5
CFB017371,C045,2026-04-21,5,4,4,5,4,3
CFB017372,C073,2026-04-21,3,4,4,4,3,5
CFB017373,C081,2026-04-22,5,4,4,5,2,5
CFB017374,C030,2026-04-22,3,5,4,5,2,4
CFB017375,C027,2026-04-22,4,3,4,5,4,5
CFB017376,C021,2026-04-22,5,4,3,4,3,5
CFB017377,C040,2026-04-22,3,3,4,4,2,3
CFB017378,C069,2026-04-22,3,3,4,5,3,4
CFB017379,C040,2026-04-22,5,4,4,4,2,5
CFB017380,C025,2026-04-22,4,4,4,4,3,4
CFB017381,C081,2026-04-22,3,3,4,5,4,4
CFB017382,C043,2026-04-22,4,2,4,3,2,5
CFB017383,C040,2026-04-22,4,3,4,3,3,5
CFB017384,C061,2026-04-22,4,4,4,5,3,4
CFB017385,C069,2026-04-22,5,5,4,4,3,5
CFB017386,C067,2026-04-22,5,4,5,4,3,5
CFB017387,C036,2026-04-22,3,3,3,4,4,2
CFB017388,C044,2026-04-22,4,3,5,5,2,4
CFB017389,C027,2026-04-22,4,4,5,4,4,5
CFB017390,C060,2026-04-23,5,4,5,3,4,5
CFB017391,C062,2026-04-23,5,3,3,4,4,5
CFB017392,C031,2026-04-23,3,4,5,5,4,5
CFB017393,C073,2026-04-23,4,3,5,4,4,4
CFB017394,C077,2026-04-23,5,4,4,5,5,5
CFB017395,C067,2026-04-23,4,4,5,5,3,5
CFB017396,C023,2026-04-23,5,4,2,3,5,4
CFB017397,C066,2026-04-23,4,3,5,4,3,5
CFB017398,C051,2026-04-23,4,4,5,4,3,4
CFB017399,C035,2026-04-23,4,3,4,5,2,4
CFB017400,C077,2026-04-23,5,3,4,4,5,3
CFB017401,C045,2026-04-23,5,4,3,5,4,5
CFB017402,C007,2026-04-23,4,4,5,5,3,4
CFB017403,C067,2026-04-23,4,2,2,4,3,4
CFB017404,C015,2026-04-23,4,4,4,2,1,5
CFB017405,C079,2026-04-23,3,4,4,2,3,5
CFB017406,C018,2026-04-23,5,4,4,4,3,4
CFB017407,C078,2026-04-23,5,4,3,5,4,5
CFB017408,C021,2026-04-23,3,3,4,4,3,3
CFB017409,C063,2026-04-23,3,5,4,5,3,4
CFB017410,C078,2026-04-23,2,5,3,5,1,3
CFB017411,C063,2026-04-23,4,5,4,3,3,3
CFB017412,C018,2026-04-23,5,5,4,5,4,4
CFB017413,C089,2026-04-24,5,3,2,5,3,5
CFB017414,C088,2026-04-24,3,4,4,4,3,3
CFB017415,C032,2026-04-24,4,5,5,5,4,3
CFB017416,C025,2026-04-24,5,4,5,4,4,5
CFB017417,C060,2026-04-24,4,4,5,4,5,4
CFB017418,C066,2026-04-24,4,5,5,3,3,4
CFB017419,C073,2026-04-24,4,4,3,4,5,5
CFB017420,C030,2026-04-24,5,5,5,5,3,5
CFB017421,C045,2026-04-24,5,3,4,5,4,5
CFB017422,C036,2026-04-24,4,5,3,4,3,4
CFB017423,C007,2026-04-24,5,4,4,4,4,4
CFB017424,C061,2026-04-24,3,2,3,4,3,3
CFB017425,C059,2026-04-24,5,4,5,4,3,5
CFB017426,C081,2026-04-24,4,3,3,4,3,2
CFB017427,C002,2026-04-24,5,3,4,5,5,5
CFB017428,C073,2026-04-24,5,3,4,1,3,5
CFB017429,C089,2026-04-24,4,4,5,4,3,5
CFB017430,C078,2026-04-24,3,3,4,4,3,3
CFB017431,C036,2026-04-24,5,2,4,4,1,3
CFB017432,C025,2026-04-25,5,4,3,4,3,5
CFB017433,C034,2026-04-25,5,4,5,3,5,5
CFB017434,C002,2026-04-25,4,3,4,4,5,4
CFB017435,C074,2026-04-25,4,4,4,4,3,5
CFB017436,C020,2026-04-25,3,3,4,3,2,3
CFB017437,C004,2026-04-25,4,4,2,4,4,4
CFB017438,C030,2026-04-25,5,3,3,5,4,5
CFB017439,C065,2026-04-25,5,5,3,5,3,4
CFB017440,C068,2026-04-25,3,4,4,3,2,3
CFB017441,C018,2026-04-25,5,2,3,5,3,5
CFB017442,C040,2026-04-25,4,5,3,4,3,5
CFB017443,C081,2026-04-25,4,3,3,4,1,3
CFB017444,C047,2026-04-25,4,4,5,4,2,4
CFB017445,C080,2026-04-25,4,3,4,3,3,4
CFB017446,C040,2026-04-25,3,3,5,5,2,4
CFB017447,C070,2026-04-25,5,5,4,5,5,5
CFB017448,C034,2026-04-25,4,4,4,3,4,5
CFB017449,C066,2026-04-25,4,4,4,5,4,4
CFB017450,C086,2026-04-25,5,3,5,5,3,4
CFB017451,C066,2026-04-25,5,4,3,4,3,5
CFB017452,C037,2026-04-25,5,4,4,5,4,5
CFB017453,C002,2026-04-25,4,5,5,5,2,4
CFB017454,C025,2026-04-25,4,4,3,5,4,3
CFB017455,C085,2026-04-25,4,5,4,5,3,5
CFB017456,C013,2026-04-26,5,3,4,5,4,4
CFB017457,C024,2026-04-26,5,5,5,5,4,5
CFB017458,C031,2026-04-26,5,5,5,4,1,4
CFB017459,C073,2026-04-26,4,5,4,4,2,4
CFB017460,C075,2026-04-26,4,3,5,5,3,4
CFB017461,C048,2026-04-26,3,4,4,4,3,3
CFB017462,C021,2026-04-26,4,4,4,4,2,4
CFB017463,C063,2026-04-26,5,5,5,4,3,5
CFB017464,C037,2026-04-26,5,3,4,5,4,5
CFB017465,C089,2026-04-26,3,3,4,4,2,3
CFB017466,C010,2026-04-26,5,4,3,5,3,4
CFB017467,C059,2026-04-26,5,5,4,4,2,5
CFB017468,C078,2026-04-26,4,4,4,4,4,5
CFB017469,C061,2026-04-26,4,5,5,4,3,5
CFB017470,C055,2026-04-26,4,5,2,3,5,4
CFB017471,C021,2026-04-26,5,5,5,4,5,4
CFB017472,C032,2026-04-26,5,4,4,5,3,5
CFB017473,C077,2026-04-27,5,5,4,5,5,5
CFB017474,C059,2026-04-27,3,4,4,5,5,5
CFB017475,C089,2026-04-27,4,5,4,4,3,4
CFB017476,C065,2026-04-27,4,4,4,5,2,5
CFB017477,C023,2026-04-27,4,4,5,4,3,4
CFB017478,C036,2026-04-27,5,5,5,4,1,5
CFB017479,C088,2026-04-27,5,3,5,5,5,5
CFB017480,C067,2026-04-27,4,4,3,4,2,4
CFB017481,C056,2026-04-27,3,3,3,4,3,4
CFB017482,C061,2026-04-27,3,3,3,3,2,3
CFB017483,C056,2026-04-27,5,4,5,5,4,5
CFB017484,C027,2026-04-27,4,3,4,3,2,5
CFB017485,C066,2026-04-27,5,5,5,5,3,4
CFB017486,C068,2026-04-27,4,4,4,3,3,4
CFB017487,C079,2026-04-27,4,3,5,4,3,5
CFB017488,C007,2026-04-27,3,3,4,5,3,5
CFB017489,C061,2026-04-27,2,2,3,4,3,4
CFB017490,C037,2026-04-27,5,3,4,3,3,3
CFB017491,C079,2026-04-27,3,4,5,4,2,4
CFB017492,C040,2026-04-28,4,4,3,4,4,5
CFB017493,C030,2026-04-28,4,5,5,4,4,3
CFB017494,C034,2026-04-28,5,1,4,5,3,4
CFB017495,C015,2026-04-28,3,4,5,4,3,4
CFB017496,C021,2026-04-28,5,3,3,5,4,5
CFB017497,C023,2026-04-28,3,5,5,3,4,5
CFB017498,C013,2026-04-28,3,3,4,5,4,5
CFB017499,C060,2026-04-28,3,3,4,4,4,3
CFB017500,C030,2026-04-28,5,5,4,5,3,3
CFB017501,C059,2026-04-28,5,4,4,5,3,5
CFB017502,C065,2026-04-28,4,5,3,5,3,5
CFB017503,C066,2026-04-28,3,3,2,2,3,4
CFB017504,C043,2026-04-28,5,4,3,4,5,4
CFB017505,C035,2026-04-28,4,4,5,4,3,5
CFB017506,C073,2026-04-28,4,4,4,4,2,5
CFB017507,C035,2026-04-28,5,4,4,3,3,2
CFB017508,C063,2026-04-28,4,2,5,4,3,3
CFB017509,C068,2026-04-28,4,5,4,4,5,4
CFB017510,C038,2026-04-28,5,2,3,5,3,3
CFB017511,C031,2026-04-28,4,4,5,3,2,4
CFB017512,C077,2026-04-28,4,3,3,4,2,4
CFB017513,C087,2026-04-28,4,4,4,2,3,4
CFB017514,C044,2026-04-28,3,3,4,4,3,1
CFB017515,C023,2026-04-28,5,5,4,5,3,5
CFB017516,C075,2026-04-28,5,3,5,5,3,5
CFB017517,C018,2026-04-29,5,3,4,4,4,3
CFB017518,C015,2026-04-29,5,5,5,5,4,5
CFB017519,C026,2026-04-29,4,5,4,2,4,5
CFB017520,C061,2026-04-29,5,5,4,5,4,5
CFB017521,C008,2026-04-29,4,2,4,4,4,5
CFB017522,C044,2026-04-29,3,2,5,4,3,5
CFB017523,C010,2026-04-29,5,5,5,4,4,5
CFB017524,C078,2026-04-29,5,5,4,4,3,5
CFB017525,C039,2026-04-29,4,4,2,5,4,4
CFB017526,C040,2026-04-29,3,3,4,5,3,4
CFB017527,C087,2026-04-29,4,3,4,2,3,4
CFB017528,C034,2026-04-29,4,4,4,4,3,5
CFB017529,C073,2026-04-29,5,5,5,3,3,3
CFB017530,C023,2026-04-29,4,4,4,3,4,3
CFB017531,C043,2026-04-29,3,4,2,3,2,2
CFB017532,C032,2026-04-29,5,5,4,5,3,4
CFB017533,C086,2026-04-30,4,4,4,4,3,4
CFB017534,C048,2026-04-30,4,4,3,4,3,4
CFB017535,C069,2026-04-30,4,3,4,5,3,5
CFB017536,C036,2026-04-30,5,3,5,2,4,4
CFB017537,C059,2026-04-30,4,4,5,5,2,5
CFB017538,C046,2026-04-30,5,4,4,4,2,3
CFB017539,C073,2026-04-30,5,4,5,5,2,4
CFB017540,C032,2026-04-30,3,3,5,3,4,4
CFB017541,C006,2026-04-30,4,4,4,4,4,5
CFB017542,C060,2026-04-30,4,4,5,5,3,5
CFB017543,C024,2026-04-30,5,3,5,5,4,3
CFB017544,C075,2026-04-30,5,5,3,3,2,4
CFB017545,C066,2026-05-01,4,3,5,5,3,4
CFB017546,C043,2026-05-01,5,4,4,3,3,5
CFB017547,C065,2026-05-01,5,4,5,4,3,4
CFB017548,C044,2026-05-01,5,5,5,5,4,5
CFB017549,C034,2026-05-01,3,3,4,3,3,4
CFB017550,C008,2026-05-01,5,4,5,4,2,2
CFB017551,C030,2026-05-01,5,5,4,2,4,4
CFB017552,C067,2026-05-01,4,4,2,3,5,3
CFB017553,C085,2026-05-01,5,5,5,3,4,5
CFB017554,C089,2026-05-01,4,5,5,3,3,3
CFB017555,C013,2026-05-01,5,4,4,5,5,5
CFB017556,C043,2026-05-01,5,5,5,5,3,3
CFB017557,C062,2026-05-01,5,4,4,5,5,5
CFB017558,C056,2026-05-01,3,1,3,5,4,3
CFB017559,C051,2026-05-01,5,5,4,5,2,4
CFB017560,C025,2026-05-02,5,5,3,5,2,5
CFB017561,C070,2026-05-02,4,4,4,4,3,4
CFB017562,C013,2026-05-02,4,4,4,5,1,4
CFB017563,C020,2026-05-02,5,5,5,5,5,4
CFB017564,C036,2026-05-02,4,4,5,5,2,5
CFB017565,C031,2026-05-02,5,3,4,4,2,3
CFB017566,C021,2026-05-02,5,5,4,2,3,4
CFB017567,C089,2026-05-02,5,4,5,4,3,4
CFB017568,C013,2026-05-02,3,5,3,5,2,4
CFB017569,C085,2026-05-02,4,5,5,5,3,3
CFB017570,C039,2026-05-02,3,3,4,4,3,4
CFB017571,C002,2026-05-02,4,4,5,5,3,3
CFB017572,C006,2026-05-02,4,4,3,5,4,4
CFB017573,C039,2026-05-02,4,4,4,4,3,4
CFB017574,C040,2026-05-02,5,3,4,4,3,4
CFB017575,C086,2026-05-02,4,5,5,4,3,5
CFB017576,C036,2026-05-02,4,3,4,4,3,4
CFB017577,C035,2026-05-02,4,5,4,5,3,3
CFB017578,C044,2026-05-02,2,4,4,4,1,3
CFB017579,C081,2026-05-03,4,4,5,5,3,5
CFB017580,C066,2026-05-03,4,4,3,4,5,5
CFB017581,C075,2026-05-03,4,5,3,4,4,2
CFB017582,C080,2026-05-03,5,3,2,3,1,2
CFB017583,C086,2026-05-03,3,5,5,4,3,4
CFB017584,C017,2026-05-03,5,3,4,2,2,4
CFB017585,C084,2026-05-03,4,4,4,5,2,4
CFB017586,C020,2026-05-03,5,4,5,5,4,5
CFB017587,C006,2026-05-03,5,5,3,3,4,4
CFB017588,C065,2026-05-03,3,5,5,5,2,4
CFB017589,C036,2026-05-03,4,4,3,3,4,5
CFB017590,C021,2026-05-03,5,4,4,5,4,3
CFB017591,C032,2026-05-03,3,5,3,3,2,4
CFB017592,C045,2026-05-03,5,2,3,5,4,4
CFB017593,C039,2026-05-03,4,5,4,5,1,3
CFB017594,C061,2026-05-03,5,4,5,5,3,4
CFB017595,C018,2026-05-03,4,3,3,4,4,4
CFB017596,C017,2026-05-03,3,3,4,4,3,4
CFB017597,C045,2026-05-03,4,3,5,4,2,3
CFB017598,C089,2026-05-03,5,4,5,5,4,5
CFB017599,C086,2026-05-03,3,4,5,3,2,5
CFB017600,C018,2026-05-03,3,4,3,5,2,4
CFB017601,C066,2026-05-03,5,3,4,4,3,4
CFB017602,C030,2026-05-04,5,4,3,4,3,5
CFB017603,C054,2026-05-04,2,4,4,5,5,3
CFB017604,C051,2026-05-04,4,3,4,5,4,5
CFB017605,C032,2026-05-04,3,5,3,3,5,4
CFB017606,C034,2026-05-04,3,3,5,5,4,4
CFB017607,C017,2026-05-04,5,5,4,4,3,5
CFB017608,C060,2026-05-04,4,3,4,4,3,3
CFB017609,C080,2026-05-04,4,3,5,3,3,4
CFB017610,C021,2026-05-04,4,5,3,4,4,4
CFB017611,C036,2026-05-04,5,2,4,5,2,3
CFB017612,C039,2026-05-04,4,5,5,5,3,5
CFB017613,C047,2026-05-04,2,3,2,3,4,2
CFB017614,C085,2026-05-04,5,3,4,4,3,5
CFB017615,C067,2026-05-04,4,5,4,4,4,5
CFB017616,C069,2026-05-04,5,4,5,5,2,4
CFB017617,C077,2026-05-04,4,2,3,4,3,4
CFB017618,C016,2026-05-04,5,4,4,4,2,4
CFB017619,C031,2026-05-04,4,2,3,3,4,3
CFB017620,C078,2026-05-04,5,5,4,5,3,4
CFB017621,C059,2026-05-04,5,5,3,3,3,3
CFB017622,C035,2026-05-04,5,4,4,4,3,4
CFB017623,C065,2026-05-04,3,3,4,5,2,5
CFB017624,C025,2026-05-05,4,3,5,4,3,4
CFB017625,C002,2026-05-05,5,5,4,5,3,3
CFB017626,C063,2026-05-05,5,5,5,5,3,4
CFB017627,C088,2026-05-05,5,4,4,5,5,5
CFB017628,C063,2026-05-05,4,4,4,3,5,2
CFB017629,C024,2026-05-05,1,4,3,4,3,3
CFB017630,C085,2026-05-05,5,5,5,5,2,4
CFB017631,C032,2026-05-05,5,3,5,4,5,3
CFB017632,C037,2026-05-05,4,5,4,5,4,4
CFB017633,C068,2026-05-05,5,5,5,5,3,4
CFB017634,C063,2026-05-05,4,3,3,5,4,4
CFB017635,C077,2026-05-05,5,4,5,5,2,3
CFB017636,C073,2026-05-05,4,5,5,5,3,4
CFB017637,C027,2026-05-05,3,4,2,4,2,3
CFB017638,C016,2026-05-05,5,3,4,4,3,5
CFB017639,C007,2026-05-05,4,4,5,5,3,5
CFB017640,C056,2026-05-05,5,5,4,3,3,3
CFB017641,C079,2026-05-05,3,4,5,5,2,4
CFB017642,C055,2026-05-05,4,4,3,4,4,4
CFB017643,C035,2026-05-05,5,5,5,4,5,5
CFB017644,C074,2026-05-05,5,3,5,3,3,4
CFB017645,C031,2026-05-05,5,3,3,2,3,4
CFB017646,C039,2026-05-05,4,2,4,4,3,3
CFB017647,C020,2026-05-06,3,3,4,4,4,4
CFB017648,C004,2026-05-06,5,5,4,4,3,5
CFB017649,C035,2026-05-06,5,5,4,5,3,3
CFB017650,C015,2026-05-06,3,3,5,5,3,5
CFB017651,C077,2026-05-06,2,4,4,5,3,3
CFB017652,C061,2026-05-06,5,3,5,5,4,3
CFB017653,C010,2026-05-06,4,5,5,5,3,4
CFB017654,C062,2026-05-06,4,4,4,4,4,4
CFB017655,C006,2026-05-06,4,5,4,4,3,4
CFB017656,C048,2026-05-06,4,4,5,3,2,3
CFB017657,C048,2026-05-06,5,3,5,3,3,4
CFB017658,C027,2026-05-06,5,5,5,5,3,5
CFB017659,C089,2026-05-06,4,4,3,4,2,3
CFB017660,C034,2026-05-06,4,4,2,4,5,5
CFB017661,C073,2026-05-06,5,5,5,3,2,4
CFB017662,C045,2026-05-06,4,4,5,5,3,4
CFB017663,C044,2026-05-06,3,5,4,4,3,5
CFB017664,C037,2026-05-06,4,4,4,4,1,5
CFB017665,C034,2026-05-06,4,5,4,3,4,4
CFB017666,C059,2026-05-06,4,5,4,5,4,3
CFB017667,C021,2026-05-06,5,5,3,5,3,3
CFB017668,C035,2026-05-07,5,5,5,5,3,3
CFB017669,C063,2026-05-07,5,4,5,5,3,5
CFB017670,C074,2026-05-07,3,3,3,2,2,4
CFB017671,C023,2026-05-07,5,4,5,4,2,4
CFB017672,C023,2026-05-07,3,4,5,5,5,5
CFB017673,C060,2026-05-07,4,2,4,5,3,4
CFB017674,C061,2026-05-07,3,3,4,3,2,5
CFB017675,C045,2026-05-07,4,4,5,3,3,3
CFB017676,C021,2026-05-07,4,5,3,4,2,4
CFB017677,C021,2026-05-07,5,4,4,4,3,4
CFB017678,C010,2026-05-07,3,3,3,3,4,5
CFB017679,C080,2026-05-07,3,4,3,5,3,5
CFB017680,C069,2026-05-07,4,3,3,5,1,4
CFB017681,C088,2026-05-07,5,5,4,5,3,5
CFB017682,C010,2026-05-07,4,4,5,5,5,4
CFB017683,C021,2026-05-07,4,5,4,5,4,3
CFB017684,C051,2026-05-07,5,5,4,5,3,4
CFB017685,C030,2026-05-07,4,3,4,4,4,5
CFB017686,C084,2026-05-07,4,4,4,5,3,5
CFB017687,C055,2026-05-07,3,4,5,5,3,5
CFB017688,C032,2026-05-08,5,3,4,4,3,3
CFB017689,C055,2026-05-08,2,3,5,3,4,4
CFB017690,C037,2026-05-08,4,3,4,4,3,4
CFB017691,C069,2026-05-08,5,5,5,3,3,5
CFB017692,C002,2026-05-08,4,5,5,5,3,5
CFB017693,C085,2026-05-08,3,5,4,4,2,4
CFB017694,C077,2026-05-08,4,3,4,5,5,4
CFB017695,C088,2026-05-08,4,3,4,4,2,4
CFB017696,C087,2026-05-08,3,5,3,5,1,4
CFB017697,C036,2026-05-08,4,3,4,4,3,3
CFB017698,C027,2026-05-08,4,2,4,4,4,3
CFB017699,C073,2026-05-08,4,4,4,4,2,4
CFB017700,C089,2026-05-08,4,3,4,4,2,5
CFB017701,C051,2026-05-08,3,5,2,2,4,4
CFB017702,C087,2026-05-08,5,5,4,5,3,5
CFB017703,C079,2026-05-08,4,2,2,4,4,5
CFB017704,C045,2026-05-08,5,5,4,5,5,5
CFB017705,C020,2026-05-08,5,3,4,4,4,5
CFB017706,C023,2026-05-08,5,2,3,3,3,3
CFB017707,C078,2026-05-08,5,3,4,4,3,4
CFB017708,C027,2026-05-08,5,4,3,3,3,5
CFB017709,C068,2026-05-08,3,5,4,4,3,5
CFB017710,C018,2026-05-08,5,3,5,4,3,5
CFB017711,C066,2026-05-09,5,5,5,5,2,3
CFB017712,C048,2026-05-09,3,3,4,2,3,4
CFB017713,C081,2026-05-09,5,4,4,5,3,5
CFB017714,C021,2026-05-09,4,4,3,3,3,4
CFB017715,C066,2026-05-09,5,5,5,5,3,4
CFB017716,C027,2026-05-09,5,4,4,5,3,5
CFB017717,C085,2026-05-09,3,5,4,3,3,4
CFB017718,C054,2026-05-09,5,5,5,5,4,4
CFB017719,C026,2026-05-09,5,5,5,5,2,5
CFB017720,C063,2026-05-09,3,5,5,4,3,4
CFB017721,C032,2026-05-09,5,4,5,3,4,5
CFB017722,C044,2026-05-09,5,5,5,4,5,5
CFB017723,C004,2026-05-09,4,5,5,4,4,4
CFB017724,C065,2026-05-09,5,4,5,5,4,5
CFB017725,C013,2026-05-09,4,5,3,3,2,3
CFB017726,C080,2026-05-09,4,3,5,2,4,4
CFB017727,C079,2026-05-09,5,5,5,3,3,5
CFB017728,C089,2026-05-10,5,4,5,4,4,4
CFB017729,C030,2026-05-10,5,4,4,5,3,5
CFB017730,C030,2026-05-10,5,4,4,3,4,5
CFB017731,C073,2026-05-10,5,5,5,5,3,3
CFB017732,C087,2026-05-10,5,4,4,4,4,5
CFB017733,C055,2026-05-10,3,3,2,4,4,2
CFB017734,C048,2026-05-10,2,4,4,5,4,4
CFB017735,C086,2026-05-10,4,5,4,4,3,3
CFB017736,C038,2026-05-10,5,5,3,3,4,5
CFB017737,C018,2026-05-10,5,4,5,5,5,5
CFB017738,C079,2026-05-10,4,5,4,4,4,4
CFB017739,C048,2026-05-10,4,3,4,3,4,4
CFB017740,C070,2026-05-10,5,5,3,3,2,5
CFB017741,C065,2026-05-10,5,4,5,5,3,5
CFB017742,C081,2026-05-10,4,5,4,3,4,3
CFB017743,C073,2026-05-10,5,4,5,4,2,3
CFB017744,C062,2026-05-10,4,4,5,4,3,5
CFB017745,C037,2026-05-10,2,3,2,4,2,2
CFB017746,C032,2026-05-10,4,3,3,4,3,3
CFB017747,C070,2026-05-10,4,4,5,3,4,5
CFB017748,C070,2026-05-10,4,3,4,5,3,4
CFB017749,C061,2026-05-10,4,3,4,4,3,2
CFB017750,C004,2026-05-10,4,5,4,3,3,5
CFB017751,C051,2026-05-11,3,4,4,4,4,5
CFB017752,C060,2026-05-11,4,3,4,5,3,4
CFB017753,C017,2026-05-11,4,4,5,5,4,4
CFB017754,C060,2026-05-11,4,5,3,3,2,3
CFB017755,C026,2026-05-11,5,5,5,4,4,3
CFB017756,C084,2026-05-11,3,4,4,4,4,2
CFB017757,C024,2026-05-11,5,5,4,5,4,5
CFB017758,C066,2026-05-11,5,4,4,4,5,5
CFB017759,C067,2026-05-11,5,4,4,3,3,4
CFB017760,C039,2026-05-11,4,4,4,5,4,4
CFB017761,C066,2026-05-11,4,2,4,4,3,4
CFB017762,C089,2026-05-11,5,4,5,5,4,4
CFB017763,C044,2026-05-11,4,3,5,4,3,5
CFB017764,C080,2026-05-11,4,4,4,5,3,5
CFB017765,C073,2026-05-11,4,5,2,3,4,5
CFB017766,C036,2026-05-11,5,4,5,4,4,3
CFB017767,C017,2026-05-11,5,4,5,5,2,2
CFB017768,C040,2026-05-11,4,4,5,5,2,5
CFB017769,C073,2026-05-11,4,4,5,3,4,3
CFB017770,C065,2026-05-11,3,4,4,4,2,4
CFB017771,C081,2026-05-11,5,5,4,4,3,4
CFB017772,C013,2026-05-11,5,5,2,4,2,2
CFB017773,C024,2026-05-11,5,4,4,5,3,4
CFB017774,C074,2026-05-11,4,4,5,4,3,3
CFB017775,C006,2026-05-11,5,2,5,4,2,4
CFB017776,C065,2026-05-11,5,3,4,4,3,4
CFB017777,C066,2026-05-11,5,4,4,5,4,5
CFB017778,C030,2026-05-12,4,5,4,4,4,3
CFB017779,C044,2026-05-12,4,3,5,4,2,3
CFB017780,C030,2026-05-12,5,4,4,5,4,5
CFB017781,C047,2026-05-12,4,2,3,3,3,2
CFB017782,C078,2026-05-12,4,5,4,4,4,4
CFB017783,C066,2026-05-12,3,4,3,4,1,5
CFB017784,C081,2026-05-12,5,4,4,5,3,5
CFB017785,C080,2026-05-12,5,3,4,5,4,3
CFB017786,C062,2026-05-12,3,2,3,3,2,4
CFB017787,C026,2026-05-12,4,5,4,4,4,3
CFB017788,C081,2026-05-12,3,4,4,5,3,5
CFB017789,C037,2026-05-12,5,4,4,4,4,5
CFB017790,C035,2026-05-12,2,5,4,5,4,5
CFB017791,C023,2026-05-12,5,5,5,4,2,4
CFB017792,C081,2026-05-12,4,4,5,5,2,5
CFB017793,C066,2026-05-12,4,3,1,5,4,5
CFB017794,C037,2026-05-12,3,2,5,4,4,5
CFB017795,C010,2026-05-12,5,5,4,4,4,4
CFB017796,C077,2026-05-12,3,4,5,4,3,5
CFB017797,C074,2026-05-12,5,5,4,1,2,3
CFB017798,C074,2026-05-13,4,3,4,3,3,5
CFB017799,C040,2026-05-13,2,4,4,5,4,1
CFB017800,C061,2026-05-13,5,4,3,4,3,5
CFB017801,C074,2026-05-13,5,4,3,3,3,5
CFB017802,C013,2026-05-13,3,4,3,4,3,3
CFB017803,C070,2026-05-13,5,5,4,4,2,4
CFB017804,C075,2026-05-13,5,5,5,3,4,4
CFB017805,C026,2026-05-13,3,4,4,5,4,5
CFB017806,C002,2026-05-13,5,4,5,5,1,5
CFB017807,C015,2026-05-13,4,3,5,5,3,4
CFB017808,C088,2026-05-13,2,2,3,4,2,3
CFB017809,C087,2026-05-13,5,5,4,5,3,5
CFB017810,C088,2026-05-13,4,5,3,5,4,4
CFB017811,C036,2026-05-13,2,2,3,4,4,5
CFB017812,C086,2026-05-13,5,3,5,5,3,5
CFB017813,C002,2026-05-13,5,4,4,4,2,4
CFB017814,C067,2026-05-13,5,5,4,4,3,5
CFB017815,C037,2026-05-14,5,4,4,5,2,4
CFB017816,C032,2026-05-14,5,4,4,5,5,3
CFB017817,C031,2026-05-14,4,3,5,5,4,4
CFB017818,C078,2026-05-14,5,4,5,5,4,4
CFB017819,C088,2026-05-14,5,4,5,4,5,4
CFB017820,C039,2026-05-14,3,3,4,3,2,5
CFB017821,C081,2026-05-14,5,5,4,4,5,4
CFB017822,C088,2026-05-14,4,4,4,4,4,2
CFB017823,C035,2026-05-14,4,4,4,5,2,5
CFB017824,C080,2026-05-14,5,4,5,4,2,5
CFB017825,C010,2026-05-14,5,5,5,5,3,4
CFB017826,C054,2026-05-14,3,4,4,5,3,4
CFB017827,C046,2026-05-14,5,5,4,4,2,5
CFB017828,C007,2026-05-14,2,3,3,4,3,4
CFB017829,C048,2026-05-14,5,5,5,5,4,3
CFB017830,C031,2026-05-14,5,3,4,5,3,5
CFB017831,C054,2026-05-14,3,3,5,5,3,4
CFB017832,C074,2026-05-15,5,2,3,3,2,4
CFB017833,C068,2026-05-15,5,4,5,3,2,5
CFB017834,C038,2026-05-15,4,3,4,2,3,1
CFB017835,C032,2026-05-15,5,4,4,4,4,4
CFB017836,C036,2026-05-15,4,5,4,5,3,4
CFB017837,C074,2026-05-15,5,4,5,5,3,5
CFB017838,C059,2026-05-15,4,3,5,4,2,4
CFB017839,C040,2026-05-15,5,4,4,4,4,5
CFB017840,C067,2026-05-15,5,5,4,4,4,4
CFB017841,C085,2026-05-15,3,3,3,4,5,3
CFB017842,C015,2026-05-15,4,3,4,5,4,5
CFB017843,C068,2026-05-15,5,4,3,5,3,4
CFB017844,C063,2026-05-15,3,4,4,3,3,5
CFB017845,C074,2026-05-15,4,2,4,4,2,3
CFB017846,C021,2026-05-15,3,3,4,4,4,3
CFB017847,C070,2026-05-15,4,4,4,4,1,3
CFB017848,C008,2026-05-15,5,5,5,5,3,5
CFB017849,C023,2026-05-15,5,4,3,5,3,4
CFB017850,C013,2026-05-15,5,4,3,5,5,3
CFB017851,C007,2026-05-15,5,4,2,5,3,4
CFB017852,C036,2026-05-15,4,5,4,4,3,4
CFB017853,C040,2026-05-15,4,3,3,4,4,5
CFB017854,C088,2026-05-15,5,4,4,5,4,5
CFB017855,C073,2026-05-15,4,4,3,4,3,2
CFB017856,C056,2026-05-15,4,3,5,3,3,3
CFB017857,C021,2026-05-15,4,4,3,4,3,5
CFB017858,C085,2026-05-15,4,4,5,5,3,3
CFB017859,C080,2026-05-16,3,5,2,4,2,4
CFB017860,C037,2026-05-16,3,4,4,3,4,3
CFB017861,C063,2026-05-16,5,4,2,5,4,3
CFB017862,C026,2026-05-16,4,3,5,3,2,4
CFB017863,C015,2026-05-16,4,5,3,4,2,3
CFB017864,C006,2026-05-16,4,4,5,5,3,4
CFB017865,C054,2026-05-16,4,4,4,4,4,3
CFB017866,C075,2026-05-16,3,5,4,4,4,3
CFB017867,C010,2026-05-16,5,4,5,4,4,3
CFB017868,C074,2026-05-16,5,4,5,4,3,4
CFB017869,C048,2026-05-16,5,5,4,4,4,5
CFB017870,C074,2026-05-16,4,4,4,3,3,3
CFB017871,C066,2026-05-16,4,4,5,5,4,5
CFB017872,C039,2026-05-16,4,4,4,4,3,4
CFB017873,C026,2026-05-16,4,2,4,3,3,5
CFB017874,C024,2026-05-16,5,5,4,4,3,3
CFB017875,C044,2026-05-16,4,5,2,4,3,5
CFB017876,C086,2026-05-16,4,2,5,4,3,5
CFB017877,C068,2026-05-16,5,3,4,4,2,4
CFB017878,C075,2026-05-16,4,5,5,5,3,4
CFB017879,C036,2026-05-16,5,3,4,4,3,5
CFB017880,C068,2026-05-16,4,4,3,5,3,4
CFB017881,C087,2026-05-16,4,5,5,5,4,5
CFB017882,C038,2026-05-16,5,5,4,2,3,3
CFB017883,C017,2026-05-17,5,4,4,5,5,5
CFB017884,C031,2026-05-17,4,3,4,5,1,4
CFB017885,C051,2026-05-17,5,4,3,4,2,5
CFB017886,C074,2026-05-17,4,3,4,4,2,3
CFB017887,C032,2026-05-17,5,3,5,5,1,4
CFB017888,C051,2026-05-17,4,3,3,3,3,4
CFB017889,C085,2026-05-17,4,4,4,5,3,5
CFB017890,C073,2026-05-17,4,3,4,5,4,4
CFB017891,C037,2026-05-17,4,4,3,3,1,3
CFB017892,C032,2026-05-17,4,4,3,4,4,3
CFB017893,C088,2026-05-17,4,3,3,3,4,3
CFB017894,C077,2026-05-17,4,5,5,4,4,5
CFB017895,C066,2026-05-17,4,5,5,4,3,4
CFB017896,C059,2026-05-17,5,3,5,5,2,2
CFB017897,C056,2026-05-17,5,3,5,2,4,4
CFB017898,C060,2026-05-17,4,5,5,4,5,3
CFB017899,C036,2026-05-17,5,5,5,5,3,5
CFB017900,C006,2026-05-17,5,5,5,4,3,5
CFB017901,C027,2026-05-17,4,4,3,4,4,4
CFB017902,C051,2026-05-17,4,3,4,5,3,3
CFB017903,C048,2026-05-17,5,4,5,5,4,5
CFB017904,C067,2026-05-17,5,4,4,4,2,4
CFB017905,C070,2026-05-17,5,3,4,4,4,5
CFB017906,C038,2026-05-17,4,5,5,4,3,4
CFB017907,C040,2026-05-17,4,5,3,4,5,5
CFB017908,C045,2026-05-17,4,4,4,5,4,3
CFB017909,C020,2026-05-17,4,5,4,5,4,5
CFB017910,C002,2026-05-17,3,5,5,5,3,5
CFB017911,C034,2026-05-17,5,4,5,4,3,4
CFB017912,C081,2026-05-17,5,5,4,5,2,5
CFB017913,C039,2026-05-17,3,3,3,3,1,3
CFB017914,C088,2026-05-17,5,4,4,4,4,5
CFB017915,C036,2026-05-18,4,2,4,3,2,4
CFB017916,C038,2026-05-18,5,3,4,4,3,5
CFB017917,C007,2026-05-18,4,4,5,3,2,4
CFB017918,C018,2026-05-18,4,4,5,5,2,5
CFB017919,C018,2026-05-18,4,3,4,5,5,4
CFB017920,C026,2026-05-18,5,5,4,4,4,3
CFB017921,C068,2026-05-18,3,3,4,5,3,2
CFB017922,C037,2026-05-18,3,5,5,4,2,2
CFB017923,C075,2026-05-18,4,3,3,5,4,3
CFB017924,C006,2026-05-18,4,5,3,4,4,4
CFB017925,C008,2026-05-18,5,3,3,3,3,4
CFB017926,C030,2026-05-18,4,5,5,4,5,5
CFB017927,C087,2026-05-18,4,4,5,4,2,4
CFB017928,C075,2026-05-18,3,4,3,4,3,4
CFB017929,C074,2026-05-18,5,5,4,5,4,5
CFB017930,C068,2026-05-18,5,4,3,4,2,3
CFB017931,C073,2026-05-18,5,3,5,5,3,5
CFB017932,C026,2026-05-18,3,3,4,4,2,2
CFB017933,C030,2026-05-18,3,3,4,4,4,5
CFB017934,C013,2026-05-18,4,5,4,5,3,5
CFB017935,C047,2026-05-18,5,3,5,5,3,4
CFB017936,C051,2026-05-18,4,2,4,5,5,4
CFB017937,C059,2026-05-18,3,5,3,4,4,3
CFB017938,C006,2026-05-18,3,4,4,3,4,4
CFB017939,C075,2026-05-18,4,4,5,5,3,4
CFB017940,C032,2026-05-18,3,3,3,3,2,4
CFB017941,C074,2026-05-18,5,5,5,5,4,2
CFB017942,C075,2026-05-19,4,5,4,4,2,5
CFB017943,C063,2026-05-19,5,4,4,4,4,4
CFB017944,C060,2026-05-19,4,3,2,5,1,5
CFB017945,C018,2026-05-19,5,5,5,4,4,5
CFB017946,C024,2026-05-19,4,3,4,5,2,4
CFB017947,C030,2026-05-19,3,2,3,3,3,5
CFB017948,C068,2026-05-19,3,3,4,4,3,3
CFB017949,C077,2026-05-19,3,4,5,5,2,3
CFB017950,C048,2026-05-19,4,2,4,3,3,3
CFB017951,C065,2026-05-19,4,4,4,4,3,4
CFB017952,C045,2026-05-19,5,5,4,4,3,5
CFB017953,C016,2026-05-19,4,3,4,4,2,4
CFB017954,C007,2026-05-19,4,3,4,2,4,5
